{
  "resourceType": "Bundle",
  "id": "DGTUYBJWS5GJT5JK",
  "type": "searchset",
  "total": 5,
  "entry": [
    {
      "fullUrl": "http://num-fhirserver.distan.medicsh.de:8080/fhir/Patient/PID-009500bf99caab7974e3102548c61284eed4e0eb53cbc7a9168d99ff",
      "resource": {
        "resourceType": "Patient",
        "id": "PID-009500bf99caab7974e3102548c61284eed4e0eb53cbc7a9168d99ff",
        "meta": {
          "versionId": "206152713",
          "lastUpdated": "2025-03-18T12:07:41.730Z",
          "profile": [
            "https://www.medizininformatik-initiative.de/fhir/core/modul-person/StructureDefinition/PatientPseudonymisiert|2025.0.1"
          ]
        },
        "identifier": [
          {
            "use": "usual",
            "type": {
              "coding": [
                {
                  "system": "http://terminology.hl7.org/CodeSystem/v3-ObservationValue",
                  "code": "PSEUDED"
                }
              ]
            },
            "system": "https://www.medizininformatik-initiative.de/fhir/sid/pseudonym",
            "value": "009500bf99caab7974e3102548c61284eed4e0eb53cbc7a9168d99ff"
          }
        ],
        "birthDate": "1970-09",
        "deceasedBoolean": true
      },
      "search": {
        "mode": "match"
      }
    },
    {
      "fullUrl": "http://num-fhirserver.distan.medicsh.de:8080/fhir/Encounter/PV-240024aa7f2adb7e429dd1062a6dbe5660214888b4f5381c4174c0f9",
      "resource": {
        "resourceType": "Encounter",
        "id": "PV-240024aa7f2adb7e429dd1062a6dbe5660214888b4f5381c4174c0f9",
        "meta": {
          "versionId": "206151556",
          "lastUpdated": "2025-03-18T12:07:39.221Z",
          "source": "http://medic.uksh.de/source/orbis/legacy",
          "profile": [
            "https://www.medizininformatik-initiative.de/fhir/core/modul-fall/StructureDefinition/KontaktGesundheitseinrichtung|2025.0.0"
          ]
        },
        "identifier": [
          {
            "use": "official",
            "type": {
              "coding": [
                {
                  "system": "http://terminology.hl7.org/CodeSystem/v2-0203",
                  "code": "VN"
                }
              ]
            },
            "system": "http://medic.uksh.de/fhir/Encounter",
            "value": "240024aa7f2adb7e429dd1062a6dbe5660214888b4f5381c4174c0f9"
          }
        ],
        "status": "finished",
        "class": {
          "system": "http://terminology.hl7.org/CodeSystem/v3-ActCode",
          "code": "AMB"
        },
        "type": [
          {
            "coding": [
              {
                "system": "http://fhir.de/CodeSystem/Kontaktebene",
                "code": "einrichtungskontakt"
              }
            ]
          }
        ],
        "subject": {
          "reference": "Patient/PID-009500bf99caab7974e3102548c61284eed4e0eb53cbc7a9168d99ff"
        },
        "period": {
          "start": "2014-03-11T14:08:00+01:00",
          "end": "2014-03-31T23:59:59+02:00"
        },
        "hospitalization": {
          "admitSource": {
            "coding": [
              {
                "system": "http://fhir.de/CodeSystem/dgkev/Aufnahmeanlass",
                "code": "E"
              }
            ]
          }
        }
      },
      "search": {
        "mode": "match"
      }
    },
    {
      "fullUrl": "http://num-fhirserver.distan.medicsh.de:8080/fhir/Encounter/PV-b7163ad7c60c03d831d3bb53a87f57f294226f5be85c4c8019d50434",
      "resource": {
        "resourceType": "Encounter",
        "id": "PV-b7163ad7c60c03d831d3bb53a87f57f294226f5be85c4c8019d50434",
        "meta": {
          "versionId": "206151718",
          "lastUpdated": "2025-03-18T12:07:39.414Z",
          "source": "http://medic.uksh.de/source/orbis/legacy",
          "profile": [
            "https://www.medizininformatik-initiative.de/fhir/core/modul-fall/StructureDefinition/KontaktGesundheitseinrichtung|2025.0.0"
          ]
        },
        "identifier": [
          {
            "use": "official",
            "type": {
              "coding": [
                {
                  "system": "http://terminology.hl7.org/CodeSystem/v2-0203",
                  "code": "VN"
                }
              ]
            },
            "system": "http://medic.uksh.de/fhir/Encounter",
            "value": "b7163ad7c60c03d831d3bb53a87f57f294226f5be85c4c8019d50434"
          }
        ],
        "status": "finished",
        "class": {
          "system": "http://terminology.hl7.org/CodeSystem/v3-ActCode",
          "code": "AMB"
        },
        "type": [
          {
            "coding": [
              {
                "system": "http://fhir.de/CodeSystem/Kontaktebene",
                "code": "einrichtungskontakt"
              }
            ]
          }
        ],
        "subject": {
          "reference": "Patient/PID-009500bf99caab7974e3102548c61284eed4e0eb53cbc7a9168d99ff"
        },
        "period": {
          "start": "2014-06-12T09:42:00+02:00",
          "end": "2014-06-30T23:59:59+02:00"
        },
        "hospitalization": {
          "admitSource": {
            "coding": [
              {
                "system": "http://fhir.de/CodeSystem/dgkev/Aufnahmeanlass",
                "code": "E"
              }
            ]
          }
        }
      },
      "search": {
        "mode": "match"
      }
    },
    {
      "fullUrl": "http://num-fhirserver.distan.medicsh.de:8080/fhir/Observation/VIT-0860a60d92e3d6b0bca9b162dc64392bd0a2bbed2bd463cb4233419c",
      "resource": {
        "resourceType": "Observation",
        "id": "VIT-0860a60d92e3d6b0bca9b162dc64392bd0a2bbed2bd463cb4233419c",
        "meta": {
          "versionId": "206151732",
          "lastUpdated": "2025-03-18T12:07:39.427Z",
          "profile": [
            "https://www.medizininformatik-initiative.de/fhir/core/modul-person/StructureDefinition/Vitalstatus|2025.0.1"
          ]
        },
        "status": "final",
        "category": [
          {
            "coding": [
              {
                "system": "http://terminology.hl7.org/CodeSystem/observation-category",
                "code": "survey"
              }
            ]
          }
        ],
        "code": {
          "coding": [
            {
              "system": "http://loinc.org",
              "code": "67162-8"
            }
          ]
        },
        "subject": {
          "reference": "Patient/PID-009500bf99caab7974e3102548c61284eed4e0eb53cbc7a9168d99ff"
        },
        "effectiveDateTime": "2014-06-12T09:42:00+02:00",
        "valueCodeableConcept": {
          "coding": [
            {
              "system": "https://www.medizininformatik-initiative.de/fhir/core/modul-person/CodeSystem/Vitalstatus",
              "code": "L"
            }
          ]
        }
      },
      "search": {
        "mode": "match"
      }
    },
    {
      "fullUrl": "http://num-fhirserver.distan.medicsh.de:8080/fhir/Observation/VIT-cd62e9f3780eccba3d11b56dcc21ea16b69742419745bc19c5af37dc",
      "resource": {
        "resourceType": "Observation",
        "id": "VIT-cd62e9f3780eccba3d11b56dcc21ea16b69742419745bc19c5af37dc",
        "meta": {
          "versionId": "206151570",
          "lastUpdated": "2025-03-18T12:07:39.234Z",
          "profile": [
            "https://www.medizininformatik-initiative.de/fhir/core/modul-person/StructureDefinition/Vitalstatus|2025.0.1"
          ]
        },
        "status": "final",
        "category": [
          {
            "coding": [
              {
                "system": "http://terminology.hl7.org/CodeSystem/observation-category",
                "code": "survey"
              }
            ]
          }
        ],
        "code": {
          "coding": [
            {
              "system": "http://loinc.org",
              "code": "67162-8"
            }
          ]
        },
        "subject": {
          "reference": "Patient/PID-009500bf99caab7974e3102548c61284eed4e0eb53cbc7a9168d99ff"
        },
        "effectiveDateTime": "2014-03-11T14:08:00+01:00",
        "valueCodeableConcept": {
          "coding": [
            {
              "system": "https://www.medizininformatik-initiative.de/fhir/core/modul-person/CodeSystem/Vitalstatus",
              "code": "L"
            }
          ]
        }
      },
      "search": {
        "mode": "match"
      }
    }
  ]
}
