{
  "resourceType": "Bundle",
  "id": "DGTUX6QS6NSC3Q3I",
  "type": "searchset",
  "total": 8,
  "entry": [
    {
      "fullUrl": "http://num-fhirserver.distan.medicsh.de:8080/fhir/Patient/PID-013b68fc80dc51ce452717eb1647c91c9f26c8008755988e6baa0045",
      "resource": {
        "resourceType": "Patient",
        "id": "PID-013b68fc80dc51ce452717eb1647c91c9f26c8008755988e6baa0045",
        "meta": {
          "versionId": "245345469",
          "lastUpdated": "2025-03-22T05:06:13.075Z",
          "profile": [
            "https://www.medizininformatik-initiative.de/fhir/core/modul-person/StructureDefinition/PatientPseudonymisiert|2025.0.1"
          ]
        },
        "identifier": [
          {
            "use": "usual",
            "type": {
              "coding": [
                {
                  "system": "http://terminology.hl7.org/CodeSystem/v3-ObservationValue",
                  "code": "PSEUDED"
                }
              ]
            },
            "system": "https://www.medizininformatik-initiative.de/fhir/sid/pseudonym",
            "value": "013b68fc80dc51ce452717eb1647c91c9f26c8008755988e6baa0045"
          }
        ],
        "gender": "female",
        "birthDate": "2000-12",
        "deceasedBoolean": true
      },
      "search": {
        "mode": "match"
      }
    },
    {
      "fullUrl": "http://num-fhirserver.distan.medicsh.de:8080/fhir/Encounter/PV-70cdf2f6c928ea83fbaf4d9c61668063703705e5bf27004e34ed41a9",
      "resource": {
        "resourceType": "Encounter",
        "id": "PV-70cdf2f6c928ea83fbaf4d9c61668063703705e5bf27004e34ed41a9",
        "meta": {
          "versionId": "351075320",
          "lastUpdated": "2025-07-05T03:27:26.199Z",
          "source": "http://medic.uksh.de/source/orbis/adt",
          "profile": [
            "https://www.medizininformatik-initiative.de/fhir/core/modul-fall/StructureDefinition/KontaktGesundheitseinrichtung|2025.0.0"
          ]
        },
        "identifier": [
          {
            "use": "official",
            "type": {
              "coding": [
                {
                  "system": "http://terminology.hl7.org/CodeSystem/v2-0203",
                  "code": "VN"
                }
              ]
            },
            "system": "http://medic.uksh.de/fhir/Encounter",
            "value": "70cdf2f6c928ea83fbaf4d9c61668063703705e5bf27004e34ed41a9"
          }
        ],
        "status": "in-progress",
        "class": {
          "system": "http://terminology.hl7.org/CodeSystem/v3-ActCode",
          "code": "AMB"
        },
        "type": [
          {
            "coding": [
              {
                "system": "http://fhir.de/CodeSystem/Kontaktebene",
                "code": "einrichtungskontakt"
              }
            ]
          }
        ],
        "subject": {
          "reference": "Patient/PID-013b68fc80dc51ce452717eb1647c91c9f26c8008755988e6baa0045"
        },
        "period": {
          "start": "2025-07-04T12:58:00+02:00",
          "end": "2025-09-30T23:59:59+02:00"
        }
      },
      "search": {
        "mode": "match"
      }
    },
    {
      "fullUrl": "http://num-fhirserver.distan.medicsh.de:8080/fhir/Encounter/PV-7a9007613b99982a649dda4c0a72299603829c80825bc678377048ee",
      "resource": {
        "resourceType": "Encounter",
        "id": "PV-7a9007613b99982a649dda4c0a72299603829c80825bc678377048ee",
        "meta": {
          "versionId": "245345475",
          "lastUpdated": "2025-03-22T05:06:13.175Z",
          "source": "http://medic.uksh.de/source/orbis/adt",
          "profile": [
            "https://www.medizininformatik-initiative.de/fhir/core/modul-fall/StructureDefinition/KontaktGesundheitseinrichtung|2025.0.0"
          ]
        },
        "identifier": [
          {
            "use": "official",
            "type": {
              "coding": [
                {
                  "system": "http://terminology.hl7.org/CodeSystem/v2-0203",
                  "code": "VN"
                }
              ]
            },
            "system": "http://medic.uksh.de/fhir/Encounter",
            "value": "7a9007613b99982a649dda4c0a72299603829c80825bc678377048ee"
          }
        ],
        "status": "finished",
        "class": {
          "system": "http://terminology.hl7.org/CodeSystem/v3-ActCode",
          "code": "AMB"
        },
        "type": [
          {
            "coding": [
              {
                "system": "http://fhir.de/CodeSystem/Kontaktebene",
                "code": "einrichtungskontakt"
              }
            ]
          }
        ],
        "subject": {
          "reference": "Patient/PID-013b68fc80dc51ce452717eb1647c91c9f26c8008755988e6baa0045"
        },
        "period": {
          "start": "2024-12-04T08:43:00+01:00",
          "end": "2024-12-31T23:59:59+01:00"
        }
      },
      "search": {
        "mode": "match"
      }
    },
    {
      "fullUrl": "http://num-fhirserver.distan.medicsh.de:8080/fhir/Encounter/PV-e85bcfd6577a3345e720f37fbe7dc4aa1abbb32f268a2f2156da269d",
      "resource": {
        "resourceType": "Encounter",
        "id": "PV-e85bcfd6577a3345e720f37fbe7dc4aa1abbb32f268a2f2156da269d",
        "meta": {
          "versionId": "351075171",
          "lastUpdated": "2025-07-05T03:27:21.734Z",
          "source": "http://medic.uksh.de/source/orbis/adt",
          "profile": [
            "https://www.medizininformatik-initiative.de/fhir/core/modul-fall/StructureDefinition/KontaktGesundheitseinrichtung|2025.0.0"
          ]
        },
        "identifier": [
          {
            "use": "official",
            "type": {
              "coding": [
                {
                  "system": "http://terminology.hl7.org/CodeSystem/v2-0203",
                  "code": "VN"
                }
              ]
            },
            "system": "http://medic.uksh.de/fhir/Encounter",
            "value": "e85bcfd6577a3345e720f37fbe7dc4aa1abbb32f268a2f2156da269d"
          }
        ],
        "status": "in-progress",
        "class": {
          "system": "http://terminology.hl7.org/CodeSystem/v3-ActCode",
          "code": "AMB"
        },
        "type": [
          {
            "coding": [
              {
                "system": "http://fhir.de/CodeSystem/Kontaktebene",
                "code": "einrichtungskontakt"
              }
            ]
          }
        ],
        "subject": {
          "reference": "Patient/PID-013b68fc80dc51ce452717eb1647c91c9f26c8008755988e6baa0045"
        },
        "period": {
          "start": "2025-07-04T12:43:00+02:00",
          "end": "2025-09-30T23:59:59+02:00"
        }
      },
      "search": {
        "mode": "match"
      }
    },
    {
      "fullUrl": "http://num-fhirserver.distan.medicsh.de:8080/fhir/Observation/VIT-47580c791b8fb7a8a75701f8f33a97a1b1555d9d69fa02d8b17e9153",
      "resource": {
        "resourceType": "Observation",
        "id": "VIT-47580c791b8fb7a8a75701f8f33a97a1b1555d9d69fa02d8b17e9153",
        "meta": {
          "versionId": "351075323",
          "lastUpdated": "2025-07-05T03:27:26.218Z",
          "profile": [
            "https://www.medizininformatik-initiative.de/fhir/core/modul-person/StructureDefinition/Vitalstatus|2025.0.1"
          ]
        },
        "status": "final",
        "category": [
          {
            "coding": [
              {
                "system": "http://terminology.hl7.org/CodeSystem/observation-category",
                "code": "survey"
              }
            ]
          }
        ],
        "code": {
          "coding": [
            {
              "system": "http://loinc.org",
              "code": "67162-8"
            }
          ]
        },
        "subject": {
          "reference": "Patient/PID-013b68fc80dc51ce452717eb1647c91c9f26c8008755988e6baa0045"
        },
        "effectiveDateTime": "2025-07-04T12:58:00+02:00",
        "valueCodeableConcept": {
          "coding": [
            {
              "system": "https://www.medizininformatik-initiative.de/fhir/core/modul-person/CodeSystem/Vitalstatus",
              "code": "L"
            }
          ]
        }
      },
      "search": {
        "mode": "match"
      }
    },
    {
      "fullUrl": "http://num-fhirserver.distan.medicsh.de:8080/fhir/Observation/VIT-bb287c347489989436f35a5df3099d1dd00d5d295f6f879bfbff65f6",
      "resource": {
        "resourceType": "Observation",
        "id": "VIT-bb287c347489989436f35a5df3099d1dd00d5d295f6f879bfbff65f6",
        "meta": {
          "versionId": "245345477",
          "lastUpdated": "2025-03-22T05:06:13.216Z",
          "profile": [
            "https://www.medizininformatik-initiative.de/fhir/core/modul-person/StructureDefinition/Vitalstatus|2025.0.1"
          ]
        },
        "status": "final",
        "category": [
          {
            "coding": [
              {
                "system": "http://terminology.hl7.org/CodeSystem/observation-category",
                "code": "survey"
              }
            ]
          }
        ],
        "code": {
          "coding": [
            {
              "system": "http://loinc.org",
              "code": "67162-8"
            }
          ]
        },
        "subject": {
          "reference": "Patient/PID-013b68fc80dc51ce452717eb1647c91c9f26c8008755988e6baa0045"
        },
        "effectiveDateTime": "2024-12-31T23:59:59+01:00",
        "valueCodeableConcept": {
          "coding": [
            {
              "system": "https://www.medizininformatik-initiative.de/fhir/core/modul-person/CodeSystem/Vitalstatus",
              "code": "L"
            }
          ]
        }
      },
      "search": {
        "mode": "match"
      }
    },
    {
      "fullUrl": "http://num-fhirserver.distan.medicsh.de:8080/fhir/Observation/VIT-c6e886484c046e0de47c52f91a4f4de8e8c1c7e40d782939d33a5ee0",
      "resource": {
        "resourceType": "Observation",
        "id": "VIT-c6e886484c046e0de47c52f91a4f4de8e8c1c7e40d782939d33a5ee0",
        "meta": {
          "versionId": "351075172",
          "lastUpdated": "2025-07-05T03:27:21.749Z",
          "profile": [
            "https://www.medizininformatik-initiative.de/fhir/core/modul-person/StructureDefinition/Vitalstatus|2025.0.1"
          ]
        },
        "status": "final",
        "category": [
          {
            "coding": [
              {
                "system": "http://terminology.hl7.org/CodeSystem/observation-category",
                "code": "survey"
              }
            ]
          }
        ],
        "code": {
          "coding": [
            {
              "system": "http://loinc.org",
              "code": "67162-8"
            }
          ]
        },
        "subject": {
          "reference": "Patient/PID-013b68fc80dc51ce452717eb1647c91c9f26c8008755988e6baa0045"
        },
        "effectiveDateTime": "2025-07-04T12:43:00+02:00",
        "valueCodeableConcept": {
          "coding": [
            {
              "system": "https://www.medizininformatik-initiative.de/fhir/core/modul-person/CodeSystem/Vitalstatus",
              "code": "L"
            }
          ]
        }
      },
      "search": {
        "mode": "match"
      }
    },
    {
      "fullUrl": "http://num-fhirserver.distan.medicsh.de:8080/fhir/Observation/VIT-f8f9fc81a5466b4ff70c19ef74ae1ab17c5e25f1ee572cd595add6f5",
      "resource": {
        "resourceType": "Observation",
        "id": "VIT-f8f9fc81a5466b4ff70c19ef74ae1ab17c5e25f1ee572cd595add6f5",
        "meta": {
          "versionId": "245345476",
          "lastUpdated": "2025-03-22T05:06:13.195Z",
          "profile": [
            "https://www.medizininformatik-initiative.de/fhir/core/modul-person/StructureDefinition/Vitalstatus|2025.0.1"
          ]
        },
        "status": "final",
        "category": [
          {
            "coding": [
              {
                "system": "http://terminology.hl7.org/CodeSystem/observation-category",
                "code": "survey"
              }
            ]
          }
        ],
        "code": {
          "coding": [
            {
              "system": "http://loinc.org",
              "code": "67162-8"
            }
          ]
        },
        "subject": {
          "reference": "Patient/PID-013b68fc80dc51ce452717eb1647c91c9f26c8008755988e6baa0045"
        },
        "effectiveDateTime": "2024-12-04T08:43:00+01:00",
        "valueCodeableConcept": {
          "coding": [
            {
              "system": "https://www.medizininformatik-initiative.de/fhir/core/modul-person/CodeSystem/Vitalstatus",
              "code": "L"
            }
          ]
        }
      },
      "search": {
        "mode": "match"
      }
    }
  ]
}
