{
  "resourceType": "Bundle",
  "id": "DGTUX57NBU4T374J",
  "type": "searchset",
  "total": 7,
  "entry": [
    {
      "fullUrl": "http://num-fhirserver.distan.medicsh.de:8080/fhir/Patient/PID-01e4447266f83a116d768ea3f2582e903b83c7ea3a485e76fa2ff7e5",
      "resource": {
        "resourceType": "Patient",
        "id": "PID-01e4447266f83a116d768ea3f2582e903b83c7ea3a485e76fa2ff7e5",
        "meta": {
          "versionId": "235684745",
          "lastUpdated": "2025-03-19T14:38:44.376Z",
          "profile": [
            "https://www.medizininformatik-initiative.de/fhir/core/modul-person/StructureDefinition/PatientPseudonymisiert|2025.0.1"
          ]
        },
        "identifier": [
          {
            "use": "usual",
            "type": {
              "coding": [
                {
                  "system": "http://terminology.hl7.org/CodeSystem/v3-ObservationValue",
                  "code": "PSEUDED"
                }
              ]
            },
            "system": "https://www.medizininformatik-initiative.de/fhir/sid/pseudonym",
            "value": "01e4447266f83a116d768ea3f2582e903b83c7ea3a485e76fa2ff7e5"
          }
        ],
        "gender": "female",
        "birthDate": "1990-12",
        "deceasedBoolean": true,
        "address": [
          {
            "type": "both",
            "postalCode": "391",
            "country": "DE"
          }
        ]
      },
      "search": {
        "mode": "match"
      }
    },
    {
      "fullUrl": "http://num-fhirserver.distan.medicsh.de:8080/fhir/Encounter/PV-AK-6ef660fcf49b1bf7d16b3c9367f62710fe39e1b09c3b266b866f3755",
      "resource": {
        "resourceType": "Encounter",
        "id": "PV-AK-6ef660fcf49b1bf7d16b3c9367f62710fe39e1b09c3b266b866f3755",
        "meta": {
          "versionId": "234976258",
          "lastUpdated": "2025-03-19T14:10:11.476Z",
          "source": "http://medic.uksh.de/source/orbis/adt",
          "profile": [
            "https://www.medizininformatik-initiative.de/fhir/core/modul-fall/StructureDefinition/KontaktGesundheitseinrichtung|2025.0.0"
          ]
        },
        "identifier": [
          {
            "use": "official",
            "type": {
              "coding": [
                {
                  "system": "http://terminology.hl7.org/CodeSystem/v2-0203",
                  "code": "VN"
                }
              ]
            },
            "system": "http://medic.uksh.de/fhir/Encounter",
            "value": "f104978eedfa3c2280edee14dfbe7814112e072ad55c6bc6b60d1299"
          },
          {
            "use": "secondary",
            "type": {
              "coding": [
                {
                  "system": "http://terminology.hl7.org/CodeSystem/v2-0203",
                  "code": "U"
                }
              ]
            },
            "system": "http://medic.uksh.de.de/fhir/Encounter/department",
            "value": "LMED1.2022-07-20T11:18:00"
          }
        ],
        "status": "finished",
        "class": {
          "system": "http://terminology.hl7.org/CodeSystem/v3-ActCode",
          "code": "IMP"
        },
        "type": [
          {
            "coding": [
              {
                "system": "http://fhir.de/CodeSystem/Kontaktebene",
                "code": "abteilungskontakt"
              }
            ]
          }
        ],
        "subject": {
          "reference": "Patient/PID-01e4447266f83a116d768ea3f2582e903b83c7ea3a485e76fa2ff7e5"
        },
        "period": {
          "start": "2022-07-20T11:18:00+02:00",
          "end": "2022-07-20T21:50:00+02:00"
        },
        "location": [
          {
            "location": {
              "reference": "Location/LMED1-LINAS1"
            },
            "status": "completed",
            "physicalType": {
              "coding": [
                {
                  "system": "http://terminology.hl7.org/CodeSystem/location-physical-type",
                  "code": "wa"
                }
              ]
            },
            "period": {
              "start": "2022-07-20T11:18:00+02:00",
              "end": "2022-07-20T21:50:00+02:00"
            }
          }
        ],
        "partOf": {
          "reference": "Encounter/PV-f104978eedfa3c2280edee14dfbe7814112e072ad55c6bc6b60d1299"
        }
      },
      "search": {
        "mode": "match"
      }
    },
    {
      "fullUrl": "http://num-fhirserver.distan.medicsh.de:8080/fhir/Location/LMED1-LINAS1",
      "resource": {
        "resourceType": "Location",
        "id": "LMED1-LINAS1",
        "meta": {
          "versionId": "37575472",
          "lastUpdated": "2025-03-11T15:53:54.399Z"
        },
        "name": "Interdisziplinäre Notaufnahme Lübeck",
        "type": [
          {
            "coding": [
              {
                "system": "http://terminology.hl7.org/CodeSystem/v3-RoleCode",
                "code": "HOSP"
              }
            ]
          }
        ],
        "physicalType": {
          "coding": [
            {
              "system": "http://terminology.hl7.org/CodeSystem/location-physical-type",
              "code": "wa",
              "display": "Ward"
            }
          ]
        },
        "partOf": {
          "reference": "Location/LMED1"
        }
      },
      "search": {
        "mode": "match"
      }
    },
    {
      "fullUrl": "http://num-fhirserver.distan.medicsh.de:8080/fhir/Encounter/PV-VK-4e2f02c9a84e8482fc4137a4d3f372ff60d8aef2a3821f785956ee06",
      "resource": {
        "resourceType": "Encounter",
        "id": "PV-VK-4e2f02c9a84e8482fc4137a4d3f372ff60d8aef2a3821f785956ee06",
        "meta": {
          "versionId": "234976255",
          "lastUpdated": "2025-03-19T14:10:11.464Z",
          "source": "http://medic.uksh.de/source/orbis/adt",
          "profile": [
            "https://www.medizininformatik-initiative.de/fhir/core/modul-fall/StructureDefinition/KontaktGesundheitseinrichtung|2025.0.0"
          ]
        },
        "identifier": [
          {
            "use": "official",
            "type": {
              "coding": [
                {
                  "system": "http://terminology.hl7.org/CodeSystem/v2-0203",
                  "code": "VN"
                }
              ]
            },
            "system": "http://medic.uksh.de/fhir/Encounter",
            "value": "f104978eedfa3c2280edee14dfbe7814112e072ad55c6bc6b60d1299"
          },
          {
            "use": "secondary",
            "type": {
              "coding": [
                {
                  "system": "http://terminology.hl7.org/CodeSystem/v2-0203",
                  "code": "U"
                }
              ]
            },
            "system": "http://medic.uksh.de.de/fhir/Encounter/department",
            "value": "LMED1.LINAS1.2022-07-20T11:18:00"
          }
        ],
        "status": "finished",
        "class": {
          "system": "http://terminology.hl7.org/CodeSystem/v3-ActCode",
          "code": "IMP"
        },
        "type": [
          {
            "coding": [
              {
                "system": "http://fhir.de/CodeSystem/Kontaktebene",
                "code": "versorgungsstellenkontakt"
              }
            ]
          }
        ],
        "subject": {
          "reference": "Patient/PID-01e4447266f83a116d768ea3f2582e903b83c7ea3a485e76fa2ff7e5"
        },
        "period": {
          "start": "2022-07-20T11:18:00+02:00",
          "end": "2022-07-20T21:50:00+02:00"
        },
        "location": [
          {
            "location": {
              "reference": "Location/LMED1-LINAS1"
            },
            "status": "completed",
            "physicalType": {
              "coding": [
                {
                  "system": "http://terminology.hl7.org/CodeSystem/location-physical-type",
                  "code": "wa"
                }
              ]
            },
            "period": {
              "start": "2022-07-20T11:18:00+02:00",
              "end": "2022-07-20T21:50:00+02:00"
            }
          }
        ],
        "partOf": {
          "reference": "Encounter/PV-AK-6ef660fcf49b1bf7d16b3c9367f62710fe39e1b09c3b266b866f3755"
        }
      },
      "search": {
        "mode": "match"
      }
    },
    {
      "fullUrl": "http://num-fhirserver.distan.medicsh.de:8080/fhir/Encounter/PV-f104978eedfa3c2280edee14dfbe7814112e072ad55c6bc6b60d1299",
      "resource": {
        "resourceType": "Encounter",
        "id": "PV-f104978eedfa3c2280edee14dfbe7814112e072ad55c6bc6b60d1299",
        "meta": {
          "versionId": "234976231",
          "lastUpdated": "2025-03-19T14:10:11.430Z",
          "source": "http://medic.uksh.de/source/orbis/adt",
          "profile": [
            "https://www.medizininformatik-initiative.de/fhir/core/modul-fall/StructureDefinition/KontaktGesundheitseinrichtung|2025.0.0"
          ]
        },
        "identifier": [
          {
            "use": "official",
            "type": {
              "coding": [
                {
                  "system": "http://terminology.hl7.org/CodeSystem/v2-0203",
                  "code": "VN"
                }
              ]
            },
            "system": "http://medic.uksh.de/fhir/Encounter",
            "value": "f104978eedfa3c2280edee14dfbe7814112e072ad55c6bc6b60d1299"
          }
        ],
        "status": "finished",
        "class": {
          "system": "http://terminology.hl7.org/CodeSystem/v3-ActCode",
          "code": "IMP"
        },
        "type": [
          {
            "coding": [
              {
                "system": "http://fhir.de/CodeSystem/Kontaktebene",
                "code": "einrichtungskontakt"
              }
            ]
          }
        ],
        "subject": {
          "reference": "Patient/PID-01e4447266f83a116d768ea3f2582e903b83c7ea3a485e76fa2ff7e5"
        },
        "period": {
          "start": "2022-07-20T11:18:00+02:00",
          "end": "2022-07-20T21:50:00+02:00"
        }
      },
      "search": {
        "mode": "match"
      }
    },
    {
      "fullUrl": "http://num-fhirserver.distan.medicsh.de:8080/fhir/Observation/VIT-2556c8ca3d56a1f55252a39d9d47b9eda0a543777a51b608dd5fac01",
      "resource": {
        "resourceType": "Observation",
        "id": "VIT-2556c8ca3d56a1f55252a39d9d47b9eda0a543777a51b608dd5fac01",
        "meta": {
          "versionId": "234976244",
          "lastUpdated": "2025-03-19T14:10:11.452Z",
          "profile": [
            "https://www.medizininformatik-initiative.de/fhir/core/modul-person/StructureDefinition/Vitalstatus|2025.0.1"
          ]
        },
        "status": "final",
        "category": [
          {
            "coding": [
              {
                "system": "http://terminology.hl7.org/CodeSystem/observation-category",
                "code": "survey"
              }
            ]
          }
        ],
        "code": {
          "coding": [
            {
              "system": "http://loinc.org",
              "code": "67162-8"
            }
          ]
        },
        "subject": {
          "reference": "Patient/PID-01e4447266f83a116d768ea3f2582e903b83c7ea3a485e76fa2ff7e5"
        },
        "effectiveDateTime": "2022-07-20T21:50:00+02:00",
        "valueCodeableConcept": {
          "coding": [
            {
              "system": "https://www.medizininformatik-initiative.de/fhir/core/modul-person/CodeSystem/Vitalstatus",
              "code": "L"
            }
          ]
        }
      },
      "search": {
        "mode": "match"
      }
    },
    {
      "fullUrl": "http://num-fhirserver.distan.medicsh.de:8080/fhir/Observation/VIT-5bca3168323f70b448e8bcb83cf0ae129c68a9977107782a73d131c1",
      "resource": {
        "resourceType": "Observation",
        "id": "VIT-5bca3168323f70b448e8bcb83cf0ae129c68a9977107782a73d131c1",
        "meta": {
          "versionId": "234975980",
          "lastUpdated": "2025-03-19T14:10:10.989Z",
          "profile": [
            "https://www.medizininformatik-initiative.de/fhir/core/modul-person/StructureDefinition/Vitalstatus|2025.0.1"
          ]
        },
        "status": "final",
        "category": [
          {
            "coding": [
              {
                "system": "http://terminology.hl7.org/CodeSystem/observation-category",
                "code": "survey"
              }
            ]
          }
        ],
        "code": {
          "coding": [
            {
              "system": "http://loinc.org",
              "code": "67162-8"
            }
          ]
        },
        "subject": {
          "reference": "Patient/PID-01e4447266f83a116d768ea3f2582e903b83c7ea3a485e76fa2ff7e5"
        },
        "effectiveDateTime": "2022-07-20T11:18:00+02:00",
        "valueCodeableConcept": {
          "coding": [
            {
              "system": "https://www.medizininformatik-initiative.de/fhir/core/modul-person/CodeSystem/Vitalstatus",
              "code": "L"
            }
          ]
        }
      },
      "search": {
        "mode": "match"
      }
    }
  ]
}
