{
  "resourceType": "Bundle",
  "id": "DGTUX5SRKAGT4DMC",
  "type": "searchset",
  "total": 20,
  "entry": [
    {
      "fullUrl": "http://num-fhirserver.distan.medicsh.de:8080/fhir/Patient/PID-03ae9d5fc73151ae976623b5d179a3a46b9bcf548b00d7cdaa722fda",
      "resource": {
        "resourceType": "Patient",
        "id": "PID-03ae9d5fc73151ae976623b5d179a3a46b9bcf548b00d7cdaa722fda",
        "meta": {
          "versionId": "62846484",
          "lastUpdated": "2025-03-12T18:52:07.881Z",
          "profile": [
            "https://www.medizininformatik-initiative.de/fhir/core/modul-person/StructureDefinition/PatientPseudonymisiert|2025.0.1"
          ]
        },
        "identifier": [
          {
            "use": "usual",
            "type": {
              "coding": [
                {
                  "system": "http://terminology.hl7.org/CodeSystem/v3-ObservationValue",
                  "code": "PSEUDED"
                }
              ]
            },
            "system": "https://www.medizininformatik-initiative.de/fhir/sid/pseudonym",
            "value": "03ae9d5fc73151ae976623b5d179a3a46b9bcf548b00d7cdaa722fda"
          }
        ],
        "gender": "female",
        "birthDate": "2008-12",
        "deceasedBoolean": true
      },
      "search": {
        "mode": "match"
      }
    },
    {
      "fullUrl": "http://num-fhirserver.distan.medicsh.de:8080/fhir/Encounter/PV-5323dcf172838c3366005777f3d9c380181a331d233adf5363b6fe6c",
      "resource": {
        "resourceType": "Encounter",
        "id": "PV-5323dcf172838c3366005777f3d9c380181a331d233adf5363b6fe6c",
        "meta": {
          "versionId": "233969796",
          "lastUpdated": "2025-03-19T13:37:40.961Z",
          "source": "http://medic.uksh.de/source/orbis/adt",
          "profile": [
            "https://www.medizininformatik-initiative.de/fhir/core/modul-fall/StructureDefinition/KontaktGesundheitseinrichtung|2025.0.0"
          ]
        },
        "identifier": [
          {
            "use": "official",
            "type": {
              "coding": [
                {
                  "system": "http://terminology.hl7.org/CodeSystem/v2-0203",
                  "code": "VN"
                }
              ]
            },
            "system": "http://medic.uksh.de/fhir/Encounter",
            "value": "5323dcf172838c3366005777f3d9c380181a331d233adf5363b6fe6c"
          }
        ],
        "status": "in-progress",
        "class": {
          "system": "http://terminology.hl7.org/CodeSystem/v3-ActCode",
          "code": "IMP"
        },
        "type": [
          {
            "coding": [
              {
                "system": "http://fhir.de/CodeSystem/Kontaktebene",
                "code": "einrichtungskontakt"
              }
            ]
          }
        ],
        "subject": {
          "reference": "Patient/PID-03ae9d5fc73151ae976623b5d179a3a46b9bcf548b00d7cdaa722fda"
        },
        "period": {
          "start": "2022-02-24T09:55:00+01:00"
        }
      },
      "search": {
        "mode": "match"
      }
    },
    {
      "fullUrl": "http://num-fhirserver.distan.medicsh.de:8080/fhir/Encounter/PV-58085732622e65c5db27078f5b8f9ae110350dbf1e42949b55a60187",
      "resource": {
        "resourceType": "Encounter",
        "id": "PV-58085732622e65c5db27078f5b8f9ae110350dbf1e42949b55a60187",
        "meta": {
          "versionId": "241301150",
          "lastUpdated": "2025-03-21T00:29:39.048Z",
          "source": "http://medic.uksh.de/source/orbis/adt",
          "profile": [
            "https://www.medizininformatik-initiative.de/fhir/core/modul-fall/StructureDefinition/KontaktGesundheitseinrichtung|2025.0.0"
          ]
        },
        "identifier": [
          {
            "use": "official",
            "type": {
              "coding": [
                {
                  "system": "http://terminology.hl7.org/CodeSystem/v2-0203",
                  "code": "VN"
                }
              ]
            },
            "system": "http://medic.uksh.de/fhir/Encounter",
            "value": "58085732622e65c5db27078f5b8f9ae110350dbf1e42949b55a60187"
          }
        ],
        "status": "in-progress",
        "class": {
          "system": "http://terminology.hl7.org/CodeSystem/v3-ActCode",
          "code": "IMP"
        },
        "type": [
          {
            "coding": [
              {
                "system": "http://fhir.de/CodeSystem/Kontaktebene",
                "code": "einrichtungskontakt"
              }
            ]
          }
        ],
        "subject": {
          "reference": "Patient/PID-03ae9d5fc73151ae976623b5d179a3a46b9bcf548b00d7cdaa722fda"
        },
        "period": {
          "start": "2023-10-22T14:00:00+02:00"
        }
      },
      "search": {
        "mode": "match"
      }
    },
    {
      "fullUrl": "http://num-fhirserver.distan.medicsh.de:8080/fhir/Encounter/PV-77b5a53b820748cf9dc7624e7f7586a5553e72e78b66ee24ad7b6d1e",
      "resource": {
        "resourceType": "Encounter",
        "id": "PV-77b5a53b820748cf9dc7624e7f7586a5553e72e78b66ee24ad7b6d1e",
        "meta": {
          "versionId": "62846489",
          "lastUpdated": "2025-03-12T18:52:07.896Z",
          "source": "http://medic.uksh.de/source/orbis/legacy",
          "profile": [
            "https://www.medizininformatik-initiative.de/fhir/core/modul-fall/StructureDefinition/KontaktGesundheitseinrichtung|2025.0.0"
          ]
        },
        "identifier": [
          {
            "use": "official",
            "type": {
              "coding": [
                {
                  "system": "http://terminology.hl7.org/CodeSystem/v2-0203",
                  "code": "VN"
                }
              ]
            },
            "system": "http://medic.uksh.de/fhir/Encounter",
            "value": "77b5a53b820748cf9dc7624e7f7586a5553e72e78b66ee24ad7b6d1e"
          }
        ],
        "status": "finished",
        "class": {
          "system": "http://terminology.hl7.org/CodeSystem/v3-ActCode",
          "code": "AMB"
        },
        "type": [
          {
            "coding": [
              {
                "system": "http://fhir.de/CodeSystem/Kontaktebene",
                "code": "einrichtungskontakt"
              }
            ]
          }
        ],
        "subject": {
          "reference": "Patient/PID-03ae9d5fc73151ae976623b5d179a3a46b9bcf548b00d7cdaa722fda"
        },
        "period": {
          "start": "2021-01-07T09:17:00+01:00",
          "end": "2021-03-31T23:59:59+02:00"
        }
      },
      "search": {
        "mode": "match"
      }
    },
    {
      "fullUrl": "http://num-fhirserver.distan.medicsh.de:8080/fhir/Encounter/PV-7f42ddbdd451d2caa0c6fef42161ecc76bbeb73d9d5d89a38f4aadca",
      "resource": {
        "resourceType": "Encounter",
        "id": "PV-7f42ddbdd451d2caa0c6fef42161ecc76bbeb73d9d5d89a38f4aadca",
        "meta": {
          "versionId": "241309260",
          "lastUpdated": "2025-03-21T00:32:50.487Z",
          "source": "http://medic.uksh.de/source/orbis/adt",
          "profile": [
            "https://www.medizininformatik-initiative.de/fhir/core/modul-fall/StructureDefinition/KontaktGesundheitseinrichtung|2025.0.0"
          ]
        },
        "identifier": [
          {
            "use": "official",
            "type": {
              "coding": [
                {
                  "system": "http://terminology.hl7.org/CodeSystem/v2-0203",
                  "code": "VN"
                }
              ]
            },
            "system": "http://medic.uksh.de/fhir/Encounter",
            "value": "7f42ddbdd451d2caa0c6fef42161ecc76bbeb73d9d5d89a38f4aadca"
          }
        ],
        "status": "in-progress",
        "class": {
          "system": "http://terminology.hl7.org/CodeSystem/v3-ActCode",
          "code": "IMP"
        },
        "type": [
          {
            "coding": [
              {
                "system": "http://fhir.de/CodeSystem/Kontaktebene",
                "code": "einrichtungskontakt"
              }
            ]
          }
        ],
        "subject": {
          "reference": "Patient/PID-03ae9d5fc73151ae976623b5d179a3a46b9bcf548b00d7cdaa722fda"
        },
        "period": {
          "start": "2023-10-24T14:24:00+02:00"
        }
      },
      "search": {
        "mode": "match"
      }
    },
    {
      "fullUrl": "http://num-fhirserver.distan.medicsh.de:8080/fhir/Encounter/PV-AK-082eb9073539bf9329d26ca4a22ff12f7b234b314670a44f67cfbdb4",
      "resource": {
        "resourceType": "Encounter",
        "id": "PV-AK-082eb9073539bf9329d26ca4a22ff12f7b234b314670a44f67cfbdb4",
        "meta": {
          "versionId": "233969818",
          "lastUpdated": "2025-03-19T13:37:40.999Z",
          "source": "http://medic.uksh.de/source/orbis/adt",
          "profile": [
            "https://www.medizininformatik-initiative.de/fhir/core/modul-fall/StructureDefinition/KontaktGesundheitseinrichtung|2025.0.0"
          ]
        },
        "identifier": [
          {
            "use": "official",
            "type": {
              "coding": [
                {
                  "system": "http://terminology.hl7.org/CodeSystem/v2-0203",
                  "code": "VN"
                }
              ]
            },
            "system": "http://medic.uksh.de/fhir/Encounter",
            "value": "5323dcf172838c3366005777f3d9c380181a331d233adf5363b6fe6c"
          },
          {
            "use": "secondary",
            "type": {
              "coding": [
                {
                  "system": "http://terminology.hl7.org/CodeSystem/v2-0203",
                  "code": "U"
                }
              ]
            },
            "system": "http://medic.uksh.de.de/fhir/Encounter/department",
            "value": "LGEBH.2022-02-24T09:55:00"
          }
        ],
        "status": "in-progress",
        "class": {
          "system": "http://terminology.hl7.org/CodeSystem/v3-ActCode",
          "code": "IMP"
        },
        "type": [
          {
            "coding": [
              {
                "system": "http://fhir.de/CodeSystem/Kontaktebene",
                "code": "abteilungskontakt"
              }
            ]
          }
        ],
        "subject": {
          "reference": "Patient/PID-03ae9d5fc73151ae976623b5d179a3a46b9bcf548b00d7cdaa722fda"
        },
        "period": {
          "start": "2022-02-24T09:55:00+01:00"
        },
        "location": [
          {
            "location": {
              "reference": "Location/LGEBH-LA018"
            },
            "status": "active",
            "physicalType": {
              "coding": [
                {
                  "system": "http://terminology.hl7.org/CodeSystem/location-physical-type",
                  "code": "wa"
                }
              ]
            },
            "period": {
              "start": "2022-02-24T09:55:00+01:00"
            }
          }
        ],
        "partOf": {
          "reference": "Encounter/PV-5323dcf172838c3366005777f3d9c380181a331d233adf5363b6fe6c"
        }
      },
      "search": {
        "mode": "match"
      }
    },
    {
      "fullUrl": "http://num-fhirserver.distan.medicsh.de:8080/fhir/Location/LGEBH-LA018",
      "resource": {
        "resourceType": "Location",
        "id": "LGEBH-LA018",
        "meta": {
          "versionId": "37441129",
          "lastUpdated": "2025-03-11T15:49:33.799Z"
        },
        "name": "HL - Station A.018",
        "type": [
          {
            "coding": [
              {
                "system": "http://terminology.hl7.org/CodeSystem/v3-RoleCode",
                "code": "HOSP"
              }
            ]
          }
        ],
        "physicalType": {
          "coding": [
            {
              "system": "http://terminology.hl7.org/CodeSystem/location-physical-type",
              "code": "wa",
              "display": "Ward"
            }
          ]
        },
        "partOf": {
          "reference": "Location/LGEBH"
        }
      },
      "search": {
        "mode": "match"
      }
    },
    {
      "fullUrl": "http://num-fhirserver.distan.medicsh.de:8080/fhir/Encounter/PV-AK-50da2304309b52f18ae42390fe1179473353945847e8f896930089a8",
      "resource": {
        "resourceType": "Encounter",
        "id": "PV-AK-50da2304309b52f18ae42390fe1179473353945847e8f896930089a8",
        "meta": {
          "versionId": "241301153",
          "lastUpdated": "2025-03-21T00:29:39.098Z",
          "source": "http://medic.uksh.de/source/orbis/adt",
          "profile": [
            "https://www.medizininformatik-initiative.de/fhir/core/modul-fall/StructureDefinition/KontaktGesundheitseinrichtung|2025.0.0"
          ]
        },
        "identifier": [
          {
            "use": "official",
            "type": {
              "coding": [
                {
                  "system": "http://terminology.hl7.org/CodeSystem/v2-0203",
                  "code": "VN"
                }
              ]
            },
            "system": "http://medic.uksh.de/fhir/Encounter",
            "value": "58085732622e65c5db27078f5b8f9ae110350dbf1e42949b55a60187"
          },
          {
            "use": "secondary",
            "type": {
              "coding": [
                {
                  "system": "http://terminology.hl7.org/CodeSystem/v2-0203",
                  "code": "U"
                }
              ]
            },
            "system": "http://medic.uksh.de.de/fhir/Encounter/department",
            "value": "KGEBH.2023-10-22T14:00:00"
          }
        ],
        "status": "in-progress",
        "class": {
          "system": "http://terminology.hl7.org/CodeSystem/v3-ActCode",
          "code": "IMP"
        },
        "type": [
          {
            "coding": [
              {
                "system": "http://fhir.de/CodeSystem/Kontaktebene",
                "code": "abteilungskontakt"
              }
            ]
          }
        ],
        "subject": {
          "reference": "Patient/PID-03ae9d5fc73151ae976623b5d179a3a46b9bcf548b00d7cdaa722fda"
        },
        "period": {
          "start": "2023-10-22T14:00:00+02:00"
        },
        "location": [
          {
            "location": {
              "reference": "Location/KGEBH-KC218E"
            },
            "status": "active",
            "physicalType": {
              "coding": [
                {
                  "system": "http://terminology.hl7.org/CodeSystem/location-physical-type",
                  "code": "wa"
                }
              ]
            },
            "period": {
              "start": "2023-10-22T14:00:00+02:00"
            }
          }
        ],
        "partOf": {
          "reference": "Encounter/PV-58085732622e65c5db27078f5b8f9ae110350dbf1e42949b55a60187"
        }
      },
      "search": {
        "mode": "match"
      }
    },
    {
      "fullUrl": "http://num-fhirserver.distan.medicsh.de:8080/fhir/Location/KGEBH-KC218E",
      "resource": {
        "resourceType": "Location",
        "id": "KGEBH-KC218E",
        "meta": {
          "versionId": "37299238",
          "lastUpdated": "2025-03-11T15:43:44.480Z"
        },
        "name": "KI - Station Entbindung/Kreißsaal",
        "type": [
          {
            "coding": [
              {
                "system": "http://terminology.hl7.org/CodeSystem/v3-RoleCode",
                "code": "HOSP"
              }
            ]
          }
        ],
        "physicalType": {
          "coding": [
            {
              "system": "http://terminology.hl7.org/CodeSystem/location-physical-type",
              "code": "wa",
              "display": "Ward"
            }
          ]
        },
        "partOf": {
          "reference": "Location/KGEBH"
        }
      },
      "search": {
        "mode": "match"
      }
    },
    {
      "fullUrl": "http://num-fhirserver.distan.medicsh.de:8080/fhir/Encounter/PV-AK-ef05e081dfbfcf96af77ee152265ebe15819310ae608a4385d503392",
      "resource": {
        "resourceType": "Encounter",
        "id": "PV-AK-ef05e081dfbfcf96af77ee152265ebe15819310ae608a4385d503392",
        "meta": {
          "versionId": "241309263",
          "lastUpdated": "2025-03-21T00:32:50.534Z",
          "source": "http://medic.uksh.de/source/orbis/adt",
          "profile": [
            "https://www.medizininformatik-initiative.de/fhir/core/modul-fall/StructureDefinition/KontaktGesundheitseinrichtung|2025.0.0"
          ]
        },
        "identifier": [
          {
            "use": "official",
            "type": {
              "coding": [
                {
                  "system": "http://terminology.hl7.org/CodeSystem/v2-0203",
                  "code": "VN"
                }
              ]
            },
            "system": "http://medic.uksh.de/fhir/Encounter",
            "value": "7f42ddbdd451d2caa0c6fef42161ecc76bbeb73d9d5d89a38f4aadca"
          },
          {
            "use": "secondary",
            "type": {
              "coding": [
                {
                  "system": "http://terminology.hl7.org/CodeSystem/v2-0203",
                  "code": "U"
                }
              ]
            },
            "system": "http://medic.uksh.de.de/fhir/Encounter/department",
            "value": "KGEBH.2023-10-24T14:24:00"
          }
        ],
        "status": "in-progress",
        "class": {
          "system": "http://terminology.hl7.org/CodeSystem/v3-ActCode",
          "code": "IMP"
        },
        "type": [
          {
            "coding": [
              {
                "system": "http://fhir.de/CodeSystem/Kontaktebene",
                "code": "abteilungskontakt"
              }
            ]
          }
        ],
        "subject": {
          "reference": "Patient/PID-03ae9d5fc73151ae976623b5d179a3a46b9bcf548b00d7cdaa722fda"
        },
        "period": {
          "start": "2023-10-24T14:24:00+02:00"
        },
        "location": [
          {
            "location": {
              "reference": "Location/KGEBH-KC218E"
            },
            "status": "active",
            "physicalType": {
              "coding": [
                {
                  "system": "http://terminology.hl7.org/CodeSystem/location-physical-type",
                  "code": "wa"
                }
              ]
            },
            "period": {
              "start": "2023-10-24T14:24:00+02:00"
            }
          }
        ],
        "partOf": {
          "reference": "Encounter/PV-7f42ddbdd451d2caa0c6fef42161ecc76bbeb73d9d5d89a38f4aadca"
        }
      },
      "search": {
        "mode": "match"
      }
    },
    {
      "fullUrl": "http://num-fhirserver.distan.medicsh.de:8080/fhir/Encounter/PV-VK-4794f9dcf3f2ba18616344d71aed692cfb1fdf1bbaaa954b9ea06f93",
      "resource": {
        "resourceType": "Encounter",
        "id": "PV-VK-4794f9dcf3f2ba18616344d71aed692cfb1fdf1bbaaa954b9ea06f93",
        "meta": {
          "versionId": "241301152",
          "lastUpdated": "2025-03-21T00:29:39.080Z",
          "source": "http://medic.uksh.de/source/orbis/adt",
          "profile": [
            "https://www.medizininformatik-initiative.de/fhir/core/modul-fall/StructureDefinition/KontaktGesundheitseinrichtung|2025.0.0"
          ]
        },
        "identifier": [
          {
            "use": "official",
            "type": {
              "coding": [
                {
                  "system": "http://terminology.hl7.org/CodeSystem/v2-0203",
                  "code": "VN"
                }
              ]
            },
            "system": "http://medic.uksh.de/fhir/Encounter",
            "value": "58085732622e65c5db27078f5b8f9ae110350dbf1e42949b55a60187"
          },
          {
            "use": "secondary",
            "type": {
              "coding": [
                {
                  "system": "http://terminology.hl7.org/CodeSystem/v2-0203",
                  "code": "U"
                }
              ]
            },
            "system": "http://medic.uksh.de.de/fhir/Encounter/department",
            "value": "KGEBH.KC218E.2023-10-22T14:00:00"
          }
        ],
        "status": "in-progress",
        "class": {
          "system": "http://terminology.hl7.org/CodeSystem/v3-ActCode",
          "code": "IMP"
        },
        "type": [
          {
            "coding": [
              {
                "system": "http://fhir.de/CodeSystem/Kontaktebene",
                "code": "versorgungsstellenkontakt"
              }
            ]
          }
        ],
        "subject": {
          "reference": "Patient/PID-03ae9d5fc73151ae976623b5d179a3a46b9bcf548b00d7cdaa722fda"
        },
        "period": {
          "start": "2023-10-22T14:00:00+02:00"
        },
        "location": [
          {
            "location": {
              "reference": "Location/KGEBH-KC218E"
            },
            "status": "active",
            "physicalType": {
              "coding": [
                {
                  "system": "http://terminology.hl7.org/CodeSystem/location-physical-type",
                  "code": "wa"
                }
              ]
            },
            "period": {
              "start": "2023-10-22T14:00:00+02:00"
            }
          }
        ],
        "partOf": {
          "reference": "Encounter/PV-AK-50da2304309b52f18ae42390fe1179473353945847e8f896930089a8"
        }
      },
      "search": {
        "mode": "match"
      }
    },
    {
      "fullUrl": "http://num-fhirserver.distan.medicsh.de:8080/fhir/Encounter/PV-VK-4a8f071abf7ec01b21cb3fe4135501b191f667c437d9950593f68289",
      "resource": {
        "resourceType": "Encounter",
        "id": "PV-VK-4a8f071abf7ec01b21cb3fe4135501b191f667c437d9950593f68289",
        "meta": {
          "versionId": "233969811",
          "lastUpdated": "2025-03-19T13:37:40.987Z",
          "source": "http://medic.uksh.de/source/orbis/adt",
          "profile": [
            "https://www.medizininformatik-initiative.de/fhir/core/modul-fall/StructureDefinition/KontaktGesundheitseinrichtung|2025.0.0"
          ]
        },
        "identifier": [
          {
            "use": "official",
            "type": {
              "coding": [
                {
                  "system": "http://terminology.hl7.org/CodeSystem/v2-0203",
                  "code": "VN"
                }
              ]
            },
            "system": "http://medic.uksh.de/fhir/Encounter",
            "value": "5323dcf172838c3366005777f3d9c380181a331d233adf5363b6fe6c"
          },
          {
            "use": "secondary",
            "type": {
              "coding": [
                {
                  "system": "http://terminology.hl7.org/CodeSystem/v2-0203",
                  "code": "U"
                }
              ]
            },
            "system": "http://medic.uksh.de.de/fhir/Encounter/department",
            "value": "LGEBH.LA018.2022-02-24T09:55:00"
          }
        ],
        "status": "in-progress",
        "class": {
          "system": "http://terminology.hl7.org/CodeSystem/v3-ActCode",
          "code": "IMP"
        },
        "type": [
          {
            "coding": [
              {
                "system": "http://fhir.de/CodeSystem/Kontaktebene",
                "code": "versorgungsstellenkontakt"
              }
            ]
          }
        ],
        "subject": {
          "reference": "Patient/PID-03ae9d5fc73151ae976623b5d179a3a46b9bcf548b00d7cdaa722fda"
        },
        "period": {
          "start": "2022-02-24T09:55:00+01:00"
        },
        "location": [
          {
            "location": {
              "reference": "Location/LGEBH-LA018"
            },
            "status": "active",
            "physicalType": {
              "coding": [
                {
                  "system": "http://terminology.hl7.org/CodeSystem/location-physical-type",
                  "code": "wa"
                }
              ]
            },
            "period": {
              "start": "2022-02-24T09:55:00+01:00"
            }
          }
        ],
        "partOf": {
          "reference": "Encounter/PV-AK-082eb9073539bf9329d26ca4a22ff12f7b234b314670a44f67cfbdb4"
        }
      },
      "search": {
        "mode": "match"
      }
    },
    {
      "fullUrl": "http://num-fhirserver.distan.medicsh.de:8080/fhir/Encounter/PV-VK-ed892928e9fe387e8f2f7e57664c1f2c350d2e21c26d6733f2a1441d",
      "resource": {
        "resourceType": "Encounter",
        "id": "PV-VK-ed892928e9fe387e8f2f7e57664c1f2c350d2e21c26d6733f2a1441d",
        "meta": {
          "versionId": "241309262",
          "lastUpdated": "2025-03-21T00:32:50.518Z",
          "source": "http://medic.uksh.de/source/orbis/adt",
          "profile": [
            "https://www.medizininformatik-initiative.de/fhir/core/modul-fall/StructureDefinition/KontaktGesundheitseinrichtung|2025.0.0"
          ]
        },
        "identifier": [
          {
            "use": "official",
            "type": {
              "coding": [
                {
                  "system": "http://terminology.hl7.org/CodeSystem/v2-0203",
                  "code": "VN"
                }
              ]
            },
            "system": "http://medic.uksh.de/fhir/Encounter",
            "value": "7f42ddbdd451d2caa0c6fef42161ecc76bbeb73d9d5d89a38f4aadca"
          },
          {
            "use": "secondary",
            "type": {
              "coding": [
                {
                  "system": "http://terminology.hl7.org/CodeSystem/v2-0203",
                  "code": "U"
                }
              ]
            },
            "system": "http://medic.uksh.de.de/fhir/Encounter/department",
            "value": "KGEBH.KC218E.2023-10-24T14:24:00"
          }
        ],
        "status": "in-progress",
        "class": {
          "system": "http://terminology.hl7.org/CodeSystem/v3-ActCode",
          "code": "IMP"
        },
        "type": [
          {
            "coding": [
              {
                "system": "http://fhir.de/CodeSystem/Kontaktebene",
                "code": "versorgungsstellenkontakt"
              }
            ]
          }
        ],
        "subject": {
          "reference": "Patient/PID-03ae9d5fc73151ae976623b5d179a3a46b9bcf548b00d7cdaa722fda"
        },
        "period": {
          "start": "2023-10-24T14:24:00+02:00"
        },
        "location": [
          {
            "location": {
              "reference": "Location/KGEBH-KC218E"
            },
            "status": "active",
            "physicalType": {
              "coding": [
                {
                  "system": "http://terminology.hl7.org/CodeSystem/location-physical-type",
                  "code": "wa"
                }
              ]
            },
            "period": {
              "start": "2023-10-24T14:24:00+02:00"
            }
          }
        ],
        "partOf": {
          "reference": "Encounter/PV-AK-ef05e081dfbfcf96af77ee152265ebe15819310ae608a4385d503392"
        }
      },
      "search": {
        "mode": "match"
      }
    },
    {
      "fullUrl": "http://num-fhirserver.distan.medicsh.de:8080/fhir/Encounter/PV-eb9335a526955092209128ea0ab7427e6bcbf1f566013faf448a6579",
      "resource": {
        "resourceType": "Encounter",
        "id": "PV-eb9335a526955092209128ea0ab7427e6bcbf1f566013faf448a6579",
        "meta": {
          "versionId": "233972630",
          "lastUpdated": "2025-03-19T13:37:46.456Z",
          "source": "http://medic.uksh.de/source/orbis/adt",
          "profile": [
            "https://www.medizininformatik-initiative.de/fhir/core/modul-fall/StructureDefinition/KontaktGesundheitseinrichtung|2025.0.0"
          ]
        },
        "identifier": [
          {
            "use": "official",
            "type": {
              "coding": [
                {
                  "system": "http://terminology.hl7.org/CodeSystem/v2-0203",
                  "code": "VN"
                }
              ]
            },
            "system": "http://medic.uksh.de/fhir/Encounter",
            "value": "eb9335a526955092209128ea0ab7427e6bcbf1f566013faf448a6579"
          }
        ],
        "status": "finished",
        "class": {
          "system": "http://terminology.hl7.org/CodeSystem/v3-ActCode",
          "code": "AMB"
        },
        "type": [
          {
            "coding": [
              {
                "system": "http://fhir.de/CodeSystem/Kontaktebene",
                "code": "einrichtungskontakt"
              }
            ]
          }
        ],
        "subject": {
          "reference": "Patient/PID-03ae9d5fc73151ae976623b5d179a3a46b9bcf548b00d7cdaa722fda"
        },
        "period": {
          "start": "2022-02-24T09:52:00+01:00",
          "end": "2022-03-31T23:59:59+02:00"
        }
      },
      "search": {
        "mode": "match"
      }
    },
    {
      "fullUrl": "http://num-fhirserver.distan.medicsh.de:8080/fhir/Observation/VIT-58dc2bd448ca0f8286a95ce95170aa1e5297f9d49cfa8948710b0bae",
      "resource": {
        "resourceType": "Observation",
        "id": "VIT-58dc2bd448ca0f8286a95ce95170aa1e5297f9d49cfa8948710b0bae",
        "meta": {
          "versionId": "241301151",
          "lastUpdated": "2025-03-21T00:29:39.064Z",
          "profile": [
            "https://www.medizininformatik-initiative.de/fhir/core/modul-person/StructureDefinition/Vitalstatus|2025.0.1"
          ]
        },
        "status": "final",
        "category": [
          {
            "coding": [
              {
                "system": "http://terminology.hl7.org/CodeSystem/observation-category",
                "code": "survey"
              }
            ]
          }
        ],
        "code": {
          "coding": [
            {
              "system": "http://loinc.org",
              "code": "67162-8"
            }
          ]
        },
        "subject": {
          "reference": "Patient/PID-03ae9d5fc73151ae976623b5d179a3a46b9bcf548b00d7cdaa722fda"
        },
        "effectiveDateTime": "2023-10-22T14:00:00+02:00",
        "valueCodeableConcept": {
          "coding": [
            {
              "system": "https://www.medizininformatik-initiative.de/fhir/core/modul-person/CodeSystem/Vitalstatus",
              "code": "L"
            }
          ]
        }
      },
      "search": {
        "mode": "match"
      }
    },
    {
      "fullUrl": "http://num-fhirserver.distan.medicsh.de:8080/fhir/Observation/VIT-594ce610d936932b627386b29d197abbcb260a72e04d9d9ecfe47fe3",
      "resource": {
        "resourceType": "Observation",
        "id": "VIT-594ce610d936932b627386b29d197abbcb260a72e04d9d9ecfe47fe3",
        "meta": {
          "versionId": "233972640",
          "lastUpdated": "2025-03-19T13:37:46.467Z",
          "profile": [
            "https://www.medizininformatik-initiative.de/fhir/core/modul-person/StructureDefinition/Vitalstatus|2025.0.1"
          ]
        },
        "status": "final",
        "category": [
          {
            "coding": [
              {
                "system": "http://terminology.hl7.org/CodeSystem/observation-category",
                "code": "survey"
              }
            ]
          }
        ],
        "code": {
          "coding": [
            {
              "system": "http://loinc.org",
              "code": "67162-8"
            }
          ]
        },
        "subject": {
          "reference": "Patient/PID-03ae9d5fc73151ae976623b5d179a3a46b9bcf548b00d7cdaa722fda"
        },
        "effectiveDateTime": "2022-02-24T09:52:00+01:00",
        "valueCodeableConcept": {
          "coding": [
            {
              "system": "https://www.medizininformatik-initiative.de/fhir/core/modul-person/CodeSystem/Vitalstatus",
              "code": "L"
            }
          ]
        }
      },
      "search": {
        "mode": "match"
      }
    },
    {
      "fullUrl": "http://num-fhirserver.distan.medicsh.de:8080/fhir/Observation/VIT-5ca7ef2bf88a5fa4ca032b48e7d03c9aa8dd58f0288165640f5df474",
      "resource": {
        "resourceType": "Observation",
        "id": "VIT-5ca7ef2bf88a5fa4ca032b48e7d03c9aa8dd58f0288165640f5df474",
        "meta": {
          "versionId": "62846498",
          "lastUpdated": "2025-03-12T18:52:07.928Z",
          "profile": [
            "https://www.medizininformatik-initiative.de/fhir/core/modul-person/StructureDefinition/Vitalstatus|2025.0.1"
          ]
        },
        "status": "final",
        "category": [
          {
            "coding": [
              {
                "system": "http://terminology.hl7.org/CodeSystem/observation-category",
                "code": "survey"
              }
            ]
          }
        ],
        "code": {
          "coding": [
            {
              "system": "http://loinc.org",
              "code": "67162-8"
            }
          ]
        },
        "subject": {
          "reference": "Patient/PID-03ae9d5fc73151ae976623b5d179a3a46b9bcf548b00d7cdaa722fda"
        },
        "effectiveDateTime": "2021-01-07T09:17:00+01:00",
        "valueCodeableConcept": {
          "coding": [
            {
              "system": "https://www.medizininformatik-initiative.de/fhir/core/modul-person/CodeSystem/Vitalstatus",
              "code": "L"
            }
          ]
        }
      },
      "search": {
        "mode": "match"
      }
    },
    {
      "fullUrl": "http://num-fhirserver.distan.medicsh.de:8080/fhir/Observation/VIT-a0027f651bd5936db4e9749ee47730466c0892a640ae416ef58a802b",
      "resource": {
        "resourceType": "Observation",
        "id": "VIT-a0027f651bd5936db4e9749ee47730466c0892a640ae416ef58a802b",
        "meta": {
          "versionId": "233969803",
          "lastUpdated": "2025-03-19T13:37:40.974Z",
          "profile": [
            "https://www.medizininformatik-initiative.de/fhir/core/modul-person/StructureDefinition/Vitalstatus|2025.0.1"
          ]
        },
        "status": "final",
        "category": [
          {
            "coding": [
              {
                "system": "http://terminology.hl7.org/CodeSystem/observation-category",
                "code": "survey"
              }
            ]
          }
        ],
        "code": {
          "coding": [
            {
              "system": "http://loinc.org",
              "code": "67162-8"
            }
          ]
        },
        "subject": {
          "reference": "Patient/PID-03ae9d5fc73151ae976623b5d179a3a46b9bcf548b00d7cdaa722fda"
        },
        "effectiveDateTime": "2022-02-24T09:55:00+01:00",
        "valueCodeableConcept": {
          "coding": [
            {
              "system": "https://www.medizininformatik-initiative.de/fhir/core/modul-person/CodeSystem/Vitalstatus",
              "code": "L"
            }
          ]
        }
      },
      "search": {
        "mode": "match"
      }
    },
    {
      "fullUrl": "http://num-fhirserver.distan.medicsh.de:8080/fhir/Observation/VIT-c5438bdb4a72522fb6685fc212e2a04bfffff9e3a57d923e5f1111fa",
      "resource": {
        "resourceType": "Observation",
        "id": "VIT-c5438bdb4a72522fb6685fc212e2a04bfffff9e3a57d923e5f1111fa",
        "meta": {
          "versionId": "233972645",
          "lastUpdated": "2025-03-19T13:37:46.487Z",
          "profile": [
            "https://www.medizininformatik-initiative.de/fhir/core/modul-person/StructureDefinition/Vitalstatus|2025.0.1"
          ]
        },
        "status": "final",
        "category": [
          {
            "coding": [
              {
                "system": "http://terminology.hl7.org/CodeSystem/observation-category",
                "code": "survey"
              }
            ]
          }
        ],
        "code": {
          "coding": [
            {
              "system": "http://loinc.org",
              "code": "67162-8"
            }
          ]
        },
        "subject": {
          "reference": "Patient/PID-03ae9d5fc73151ae976623b5d179a3a46b9bcf548b00d7cdaa722fda"
        },
        "effectiveDateTime": "2022-03-31T23:59:59+02:00",
        "valueCodeableConcept": {
          "coding": [
            {
              "system": "https://www.medizininformatik-initiative.de/fhir/core/modul-person/CodeSystem/Vitalstatus",
              "code": "L"
            }
          ]
        }
      },
      "search": {
        "mode": "match"
      }
    },
    {
      "fullUrl": "http://num-fhirserver.distan.medicsh.de:8080/fhir/Observation/VIT-e1a801167661651eec4ba34df4be6ec64eaf20ac732cc008194c1cdb",
      "resource": {
        "resourceType": "Observation",
        "id": "VIT-e1a801167661651eec4ba34df4be6ec64eaf20ac732cc008194c1cdb",
        "meta": {
          "versionId": "241309261",
          "lastUpdated": "2025-03-21T00:32:50.503Z",
          "profile": [
            "https://www.medizininformatik-initiative.de/fhir/core/modul-person/StructureDefinition/Vitalstatus|2025.0.1"
          ]
        },
        "status": "final",
        "category": [
          {
            "coding": [
              {
                "system": "http://terminology.hl7.org/CodeSystem/observation-category",
                "code": "survey"
              }
            ]
          }
        ],
        "code": {
          "coding": [
            {
              "system": "http://loinc.org",
              "code": "67162-8"
            }
          ]
        },
        "subject": {
          "reference": "Patient/PID-03ae9d5fc73151ae976623b5d179a3a46b9bcf548b00d7cdaa722fda"
        },
        "effectiveDateTime": "2023-10-24T14:24:00+02:00",
        "valueCodeableConcept": {
          "coding": [
            {
              "system": "https://www.medizininformatik-initiative.de/fhir/core/modul-person/CodeSystem/Vitalstatus",
              "code": "L"
            }
          ]
        }
      },
      "search": {
        "mode": "match"
      }
    }
  ]
}
