{
  "resourceType": "Bundle",
  "id": "DGTUX6RWQKX4TCVN",
  "type": "searchset",
  "total": 3,
  "entry": [
    {
      "fullUrl": "http://num-fhirserver.distan.medicsh.de:8080/fhir/Patient/PID-03b5a9ccd75f17528e93cd9a1618a10a167bc9e7a09410799415060c",
      "resource": {
        "resourceType": "Patient",
        "id": "PID-03b5a9ccd75f17528e93cd9a1618a10a167bc9e7a09410799415060c",
        "meta": {
          "versionId": "164305609",
          "lastUpdated": "2025-03-16T08:03:12.570Z",
          "profile": [
            "https://www.medizininformatik-initiative.de/fhir/core/modul-person/StructureDefinition/PatientPseudonymisiert|2025.0.1"
          ]
        },
        "identifier": [
          {
            "use": "usual",
            "type": {
              "coding": [
                {
                  "system": "http://terminology.hl7.org/CodeSystem/v3-ObservationValue",
                  "code": "PSEUDED"
                }
              ]
            },
            "system": "https://www.medizininformatik-initiative.de/fhir/sid/pseudonym",
            "value": "03b5a9ccd75f17528e93cd9a1618a10a167bc9e7a09410799415060c"
          }
        ],
        "gender": "female",
        "birthDate": "1964-01",
        "deceasedBoolean": true
      },
      "search": {
        "mode": "match"
      }
    },
    {
      "fullUrl": "http://num-fhirserver.distan.medicsh.de:8080/fhir/Encounter/PV-b804d220d9d75d2a0f81cf3fe4b8433fac321cbcf06a4b89769bb650",
      "resource": {
        "resourceType": "Encounter",
        "id": "PV-b804d220d9d75d2a0f81cf3fe4b8433fac321cbcf06a4b89769bb650",
        "meta": {
          "versionId": "164305606",
          "lastUpdated": "2025-03-16T08:03:12.224Z",
          "source": "http://medic.uksh.de/source/orbis/legacy",
          "profile": [
            "https://www.medizininformatik-initiative.de/fhir/core/modul-fall/StructureDefinition/KontaktGesundheitseinrichtung|2025.0.0"
          ]
        },
        "identifier": [
          {
            "use": "official",
            "type": {
              "coding": [
                {
                  "system": "http://terminology.hl7.org/CodeSystem/v2-0203",
                  "code": "VN"
                }
              ]
            },
            "system": "http://medic.uksh.de/fhir/Encounter",
            "value": "b804d220d9d75d2a0f81cf3fe4b8433fac321cbcf06a4b89769bb650"
          }
        ],
        "status": "finished",
        "class": {
          "system": "http://terminology.hl7.org/CodeSystem/v3-ActCode",
          "code": "AMB"
        },
        "type": [
          {
            "coding": [
              {
                "system": "http://fhir.de/CodeSystem/Kontaktebene",
                "code": "einrichtungskontakt"
              }
            ]
          }
        ],
        "subject": {
          "reference": "Patient/PID-03b5a9ccd75f17528e93cd9a1618a10a167bc9e7a09410799415060c"
        },
        "period": {
          "start": "2018-01-12T10:56:00+01:00",
          "end": "2018-03-31T23:59:59+02:00"
        },
        "hospitalization": {
          "admitSource": {
            "coding": [
              {
                "system": "http://fhir.de/CodeSystem/dgkev/Aufnahmeanlass",
                "code": "E"
              }
            ]
          }
        }
      },
      "search": {
        "mode": "match"
      }
    },
    {
      "fullUrl": "http://num-fhirserver.distan.medicsh.de:8080/fhir/Observation/VIT-bfc9b6ac7996617b61237cace8e39c3dda5b5e2411d852ff2184b292",
      "resource": {
        "resourceType": "Observation",
        "id": "VIT-bfc9b6ac7996617b61237cace8e39c3dda5b5e2411d852ff2184b292",
        "meta": {
          "versionId": "164305608",
          "lastUpdated": "2025-03-16T08:03:12.241Z",
          "profile": [
            "https://www.medizininformatik-initiative.de/fhir/core/modul-person/StructureDefinition/Vitalstatus|2025.0.1"
          ]
        },
        "status": "final",
        "category": [
          {
            "coding": [
              {
                "system": "http://terminology.hl7.org/CodeSystem/observation-category",
                "code": "survey"
              }
            ]
          }
        ],
        "code": {
          "coding": [
            {
              "system": "http://loinc.org",
              "code": "67162-8"
            }
          ]
        },
        "subject": {
          "reference": "Patient/PID-03b5a9ccd75f17528e93cd9a1618a10a167bc9e7a09410799415060c"
        },
        "effectiveDateTime": "2018-01-12T10:56:00+01:00",
        "valueCodeableConcept": {
          "coding": [
            {
              "system": "https://www.medizininformatik-initiative.de/fhir/core/modul-person/CodeSystem/Vitalstatus",
              "code": "L"
            }
          ]
        }
      },
      "search": {
        "mode": "match"
      }
    }
  ]
}
