{
  "resourceType": "Bundle",
  "id": "DGTUX5PAGQNOGWD4",
  "type": "searchset",
  "total": 18,
  "entry": [
    {
      "fullUrl": "http://num-fhirserver.distan.medicsh.de:8080/fhir/Patient/PID-0507e0bcc3212f8c64727a6f586c9a689a733099d858855256cab915",
      "resource": {
        "resourceType": "Patient",
        "id": "PID-0507e0bcc3212f8c64727a6f586c9a689a733099d858855256cab915",
        "meta": {
          "versionId": "86178519",
          "lastUpdated": "2025-03-13T15:02:00.410Z",
          "profile": [
            "https://www.medizininformatik-initiative.de/fhir/core/modul-person/StructureDefinition/PatientPseudonymisiert|2025.0.1"
          ]
        },
        "identifier": [
          {
            "use": "usual",
            "type": {
              "coding": [
                {
                  "system": "http://terminology.hl7.org/CodeSystem/v3-ObservationValue",
                  "code": "PSEUDED"
                }
              ]
            },
            "system": "https://www.medizininformatik-initiative.de/fhir/sid/pseudonym",
            "value": "0507e0bcc3212f8c64727a6f586c9a689a733099d858855256cab915"
          }
        ],
        "birthDate": "1980-01",
        "deceasedBoolean": true
      },
      "search": {
        "mode": "match"
      }
    },
    {
      "fullUrl": "http://num-fhirserver.distan.medicsh.de:8080/fhir/Encounter/PV-15d295a5a501f70c8902568a685794872a0f2593181ab51aec6c5fc1",
      "resource": {
        "resourceType": "Encounter",
        "id": "PV-15d295a5a501f70c8902568a685794872a0f2593181ab51aec6c5fc1",
        "meta": {
          "versionId": "86178949",
          "lastUpdated": "2025-03-13T15:02:01.386Z",
          "source": "http://medic.uksh.de/source/orbis/legacy",
          "profile": [
            "https://www.medizininformatik-initiative.de/fhir/core/modul-fall/StructureDefinition/KontaktGesundheitseinrichtung|2025.0.0"
          ]
        },
        "identifier": [
          {
            "use": "official",
            "type": {
              "coding": [
                {
                  "system": "http://terminology.hl7.org/CodeSystem/v2-0203",
                  "code": "VN"
                }
              ]
            },
            "system": "http://medic.uksh.de/fhir/Encounter",
            "value": "15d295a5a501f70c8902568a685794872a0f2593181ab51aec6c5fc1"
          }
        ],
        "status": "finished",
        "class": {
          "system": "http://terminology.hl7.org/CodeSystem/v3-ActCode",
          "code": "AMB"
        },
        "type": [
          {
            "coding": [
              {
                "system": "http://fhir.de/CodeSystem/Kontaktebene",
                "code": "einrichtungskontakt"
              }
            ]
          }
        ],
        "subject": {
          "reference": "Patient/PID-0507e0bcc3212f8c64727a6f586c9a689a733099d858855256cab915"
        },
        "period": {
          "start": "2021-06-22T12:27:00+02:00",
          "end": "2021-06-30T23:59:59+02:00"
        }
      },
      "search": {
        "mode": "match"
      }
    },
    {
      "fullUrl": "http://num-fhirserver.distan.medicsh.de:8080/fhir/Encounter/PV-1cfa43bb77cc31611a8b63630ab94444af306d4ca3a4cafad5ec27d0",
      "resource": {
        "resourceType": "Encounter",
        "id": "PV-1cfa43bb77cc31611a8b63630ab94444af306d4ca3a4cafad5ec27d0",
        "meta": {
          "versionId": "86178744",
          "lastUpdated": "2025-03-13T15:02:00.932Z",
          "source": "http://medic.uksh.de/source/orbis/legacy",
          "profile": [
            "https://www.medizininformatik-initiative.de/fhir/core/modul-fall/StructureDefinition/KontaktGesundheitseinrichtung|2025.0.0"
          ]
        },
        "identifier": [
          {
            "use": "official",
            "type": {
              "coding": [
                {
                  "system": "http://terminology.hl7.org/CodeSystem/v2-0203",
                  "code": "VN"
                }
              ]
            },
            "system": "http://medic.uksh.de/fhir/Encounter",
            "value": "1cfa43bb77cc31611a8b63630ab94444af306d4ca3a4cafad5ec27d0"
          }
        ],
        "status": "finished",
        "class": {
          "system": "http://terminology.hl7.org/CodeSystem/v3-ActCode",
          "code": "AMB"
        },
        "type": [
          {
            "coding": [
              {
                "system": "http://fhir.de/CodeSystem/Kontaktebene",
                "code": "einrichtungskontakt"
              }
            ]
          }
        ],
        "subject": {
          "reference": "Patient/PID-0507e0bcc3212f8c64727a6f586c9a689a733099d858855256cab915"
        },
        "period": {
          "start": "2017-01-16T12:51:00+01:00",
          "end": "2017-03-31T23:59:59+02:00"
        },
        "hospitalization": {
          "admitSource": {
            "coding": [
              {
                "system": "http://fhir.de/CodeSystem/dgkev/Aufnahmeanlass",
                "code": "E"
              }
            ]
          }
        }
      },
      "search": {
        "mode": "match"
      }
    },
    {
      "fullUrl": "http://num-fhirserver.distan.medicsh.de:8080/fhir/Encounter/PV-34c5c84b25e762222e1b541ef55f83f484d317b1bbc14696890801f0",
      "resource": {
        "resourceType": "Encounter",
        "id": "PV-34c5c84b25e762222e1b541ef55f83f484d317b1bbc14696890801f0",
        "meta": {
          "versionId": "86178294",
          "lastUpdated": "2025-03-13T15:01:59.960Z",
          "source": "http://medic.uksh.de/source/orbis/legacy",
          "profile": [
            "https://www.medizininformatik-initiative.de/fhir/core/modul-fall/StructureDefinition/KontaktGesundheitseinrichtung|2025.0.0"
          ]
        },
        "identifier": [
          {
            "use": "official",
            "type": {
              "coding": [
                {
                  "system": "http://terminology.hl7.org/CodeSystem/v2-0203",
                  "code": "VN"
                }
              ]
            },
            "system": "http://medic.uksh.de/fhir/Encounter",
            "value": "34c5c84b25e762222e1b541ef55f83f484d317b1bbc14696890801f0"
          }
        ],
        "status": "finished",
        "class": {
          "system": "http://terminology.hl7.org/CodeSystem/v3-ActCode",
          "code": "AMB"
        },
        "type": [
          {
            "coding": [
              {
                "system": "http://fhir.de/CodeSystem/Kontaktebene",
                "code": "einrichtungskontakt"
              }
            ]
          }
        ],
        "subject": {
          "reference": "Patient/PID-0507e0bcc3212f8c64727a6f586c9a689a733099d858855256cab915"
        },
        "period": {
          "start": "2017-02-23T14:00:00+01:00",
          "end": "2017-03-31T23:59:59+02:00"
        },
        "hospitalization": {
          "admitSource": {
            "coding": [
              {
                "system": "http://fhir.de/CodeSystem/dgkev/Aufnahmeanlass",
                "code": "E"
              }
            ]
          }
        }
      },
      "search": {
        "mode": "match"
      }
    },
    {
      "fullUrl": "http://num-fhirserver.distan.medicsh.de:8080/fhir/Encounter/PV-517332ac0da34661eb38b3e792bbee3a681f656f577c4cd99b223354",
      "resource": {
        "resourceType": "Encounter",
        "id": "PV-517332ac0da34661eb38b3e792bbee3a681f656f577c4cd99b223354",
        "meta": {
          "versionId": "86178442",
          "lastUpdated": "2025-03-13T15:02:00.253Z",
          "source": "http://medic.uksh.de/source/orbis/legacy",
          "profile": [
            "https://www.medizininformatik-initiative.de/fhir/core/modul-fall/StructureDefinition/KontaktGesundheitseinrichtung|2025.0.0"
          ]
        },
        "identifier": [
          {
            "use": "official",
            "type": {
              "coding": [
                {
                  "system": "http://terminology.hl7.org/CodeSystem/v2-0203",
                  "code": "VN"
                }
              ]
            },
            "system": "http://medic.uksh.de/fhir/Encounter",
            "value": "517332ac0da34661eb38b3e792bbee3a681f656f577c4cd99b223354"
          }
        ],
        "status": "finished",
        "class": {
          "system": "http://terminology.hl7.org/CodeSystem/v3-ActCode",
          "code": "AMB"
        },
        "type": [
          {
            "coding": [
              {
                "system": "http://fhir.de/CodeSystem/Kontaktebene",
                "code": "einrichtungskontakt"
              }
            ]
          }
        ],
        "subject": {
          "reference": "Patient/PID-0507e0bcc3212f8c64727a6f586c9a689a733099d858855256cab915"
        },
        "period": {
          "start": "2017-01-16T12:56:00+01:00",
          "end": "2017-03-31T23:59:59+02:00"
        },
        "hospitalization": {
          "admitSource": {
            "coding": [
              {
                "system": "http://fhir.de/CodeSystem/dgkev/Aufnahmeanlass",
                "code": "E"
              }
            ]
          }
        }
      },
      "search": {
        "mode": "match"
      }
    },
    {
      "fullUrl": "http://num-fhirserver.distan.medicsh.de:8080/fhir/Encounter/PV-6ec0a5e0df1f0ae8ca09164fe8443a5122be41e64feec311ceab3737",
      "resource": {
        "resourceType": "Encounter",
        "id": "PV-6ec0a5e0df1f0ae8ca09164fe8443a5122be41e64feec311ceab3737",
        "meta": {
          "versionId": "86178760",
          "lastUpdated": "2025-03-13T15:02:00.971Z",
          "source": "http://medic.uksh.de/source/orbis/legacy",
          "profile": [
            "https://www.medizininformatik-initiative.de/fhir/core/modul-fall/StructureDefinition/KontaktGesundheitseinrichtung|2025.0.0"
          ]
        },
        "identifier": [
          {
            "use": "official",
            "type": {
              "coding": [
                {
                  "system": "http://terminology.hl7.org/CodeSystem/v2-0203",
                  "code": "VN"
                }
              ]
            },
            "system": "http://medic.uksh.de/fhir/Encounter",
            "value": "6ec0a5e0df1f0ae8ca09164fe8443a5122be41e64feec311ceab3737"
          }
        ],
        "status": "finished",
        "class": {
          "system": "http://terminology.hl7.org/CodeSystem/v3-ActCode",
          "code": "AMB"
        },
        "type": [
          {
            "coding": [
              {
                "system": "http://fhir.de/CodeSystem/Kontaktebene",
                "code": "einrichtungskontakt"
              }
            ]
          }
        ],
        "subject": {
          "reference": "Patient/PID-0507e0bcc3212f8c64727a6f586c9a689a733099d858855256cab915"
        },
        "period": {
          "start": "2021-06-22T12:40:00+02:00",
          "end": "2021-06-30T23:59:59+02:00"
        }
      },
      "search": {
        "mode": "match"
      }
    },
    {
      "fullUrl": "http://num-fhirserver.distan.medicsh.de:8080/fhir/Encounter/PV-ae178fb0338827f2d52e1d7e9e2c87d2c214b606ccd39183f4958e32",
      "resource": {
        "resourceType": "Encounter",
        "id": "PV-ae178fb0338827f2d52e1d7e9e2c87d2c214b606ccd39183f4958e32",
        "meta": {
          "versionId": "86178285",
          "lastUpdated": "2025-03-13T15:01:59.946Z",
          "source": "http://medic.uksh.de/source/orbis/legacy",
          "profile": [
            "https://www.medizininformatik-initiative.de/fhir/core/modul-fall/StructureDefinition/KontaktGesundheitseinrichtung|2025.0.0"
          ]
        },
        "identifier": [
          {
            "use": "official",
            "type": {
              "coding": [
                {
                  "system": "http://terminology.hl7.org/CodeSystem/v2-0203",
                  "code": "VN"
                }
              ]
            },
            "system": "http://medic.uksh.de/fhir/Encounter",
            "value": "ae178fb0338827f2d52e1d7e9e2c87d2c214b606ccd39183f4958e32"
          }
        ],
        "status": "finished",
        "class": {
          "system": "http://terminology.hl7.org/CodeSystem/v3-ActCode",
          "code": "AMB"
        },
        "type": [
          {
            "coding": [
              {
                "system": "http://fhir.de/CodeSystem/Kontaktebene",
                "code": "einrichtungskontakt"
              }
            ]
          }
        ],
        "subject": {
          "reference": "Patient/PID-0507e0bcc3212f8c64727a6f586c9a689a733099d858855256cab915"
        },
        "period": {
          "start": "2016-01-05T12:14:00+01:00",
          "end": "2016-03-31T23:59:59+02:00"
        },
        "hospitalization": {
          "admitSource": {
            "coding": [
              {
                "system": "http://fhir.de/CodeSystem/dgkev/Aufnahmeanlass",
                "code": "E"
              }
            ]
          }
        }
      },
      "search": {
        "mode": "match"
      }
    },
    {
      "fullUrl": "http://num-fhirserver.distan.medicsh.de:8080/fhir/Encounter/PV-dc05540d1706fc4336766fcfe2c0375a3561c99e379711bff1274ab3",
      "resource": {
        "resourceType": "Encounter",
        "id": "PV-dc05540d1706fc4336766fcfe2c0375a3561c99e379711bff1274ab3",
        "meta": {
          "versionId": "86178403",
          "lastUpdated": "2025-03-13T15:02:00.156Z",
          "source": "http://medic.uksh.de/source/orbis/legacy",
          "profile": [
            "https://www.medizininformatik-initiative.de/fhir/core/modul-fall/StructureDefinition/KontaktGesundheitseinrichtung|2025.0.0"
          ]
        },
        "identifier": [
          {
            "use": "official",
            "type": {
              "coding": [
                {
                  "system": "http://terminology.hl7.org/CodeSystem/v2-0203",
                  "code": "VN"
                }
              ]
            },
            "system": "http://medic.uksh.de/fhir/Encounter",
            "value": "dc05540d1706fc4336766fcfe2c0375a3561c99e379711bff1274ab3"
          }
        ],
        "status": "finished",
        "class": {
          "system": "http://terminology.hl7.org/CodeSystem/v3-ActCode",
          "code": "AMB"
        },
        "type": [
          {
            "coding": [
              {
                "system": "http://fhir.de/CodeSystem/Kontaktebene",
                "code": "einrichtungskontakt"
              }
            ]
          }
        ],
        "subject": {
          "reference": "Patient/PID-0507e0bcc3212f8c64727a6f586c9a689a733099d858855256cab915"
        },
        "period": {
          "start": "2017-02-23T12:22:00+01:00",
          "end": "2017-03-31T23:59:59+02:00"
        },
        "hospitalization": {
          "admitSource": {
            "coding": [
              {
                "system": "http://fhir.de/CodeSystem/dgkev/Aufnahmeanlass",
                "code": "E"
              }
            ]
          }
        }
      },
      "search": {
        "mode": "match"
      }
    },
    {
      "fullUrl": "http://num-fhirserver.distan.medicsh.de:8080/fhir/Encounter/PV-dd73c37f35d7bc44698a0b8aee7e5c6a05ad4b9e583cfa5a15d03aa6",
      "resource": {
        "resourceType": "Encounter",
        "id": "PV-dd73c37f35d7bc44698a0b8aee7e5c6a05ad4b9e583cfa5a15d03aa6",
        "meta": {
          "versionId": "86178321",
          "lastUpdated": "2025-03-13T15:02:00.013Z",
          "source": "http://medic.uksh.de/source/orbis/legacy",
          "profile": [
            "https://www.medizininformatik-initiative.de/fhir/core/modul-fall/StructureDefinition/KontaktGesundheitseinrichtung|2025.0.0"
          ]
        },
        "identifier": [
          {
            "use": "official",
            "type": {
              "coding": [
                {
                  "system": "http://terminology.hl7.org/CodeSystem/v2-0203",
                  "code": "VN"
                }
              ]
            },
            "system": "http://medic.uksh.de/fhir/Encounter",
            "value": "dd73c37f35d7bc44698a0b8aee7e5c6a05ad4b9e583cfa5a15d03aa6"
          }
        ],
        "status": "finished",
        "class": {
          "system": "http://terminology.hl7.org/CodeSystem/v3-ActCode",
          "code": "AMB"
        },
        "type": [
          {
            "coding": [
              {
                "system": "http://fhir.de/CodeSystem/Kontaktebene",
                "code": "einrichtungskontakt"
              }
            ]
          }
        ],
        "subject": {
          "reference": "Patient/PID-0507e0bcc3212f8c64727a6f586c9a689a733099d858855256cab915"
        },
        "period": {
          "start": "2012-01-01T00:00:00+01:00",
          "end": "2012-03-31T23:59:59+02:00"
        }
      },
      "search": {
        "mode": "match"
      }
    },
    {
      "fullUrl": "http://num-fhirserver.distan.medicsh.de:8080/fhir/Observation/VIT-1f7ed65d83a00098daa4502add8abf275dc73649a73ad4a92f9a4b18",
      "resource": {
        "resourceType": "Observation",
        "id": "VIT-1f7ed65d83a00098daa4502add8abf275dc73649a73ad4a92f9a4b18",
        "meta": {
          "versionId": "86178300",
          "lastUpdated": "2025-03-13T15:01:59.970Z",
          "profile": [
            "https://www.medizininformatik-initiative.de/fhir/core/modul-person/StructureDefinition/Vitalstatus|2025.0.1"
          ]
        },
        "status": "final",
        "category": [
          {
            "coding": [
              {
                "system": "http://terminology.hl7.org/CodeSystem/observation-category",
                "code": "survey"
              }
            ]
          }
        ],
        "code": {
          "coding": [
            {
              "system": "http://loinc.org",
              "code": "67162-8"
            }
          ]
        },
        "subject": {
          "reference": "Patient/PID-0507e0bcc3212f8c64727a6f586c9a689a733099d858855256cab915"
        },
        "effectiveDateTime": "2016-01-05T12:14:00+01:00",
        "valueCodeableConcept": {
          "coding": [
            {
              "system": "https://www.medizininformatik-initiative.de/fhir/core/modul-person/CodeSystem/Vitalstatus",
              "code": "L"
            }
          ]
        }
      },
      "search": {
        "mode": "match"
      }
    },
    {
      "fullUrl": "http://num-fhirserver.distan.medicsh.de:8080/fhir/Observation/VIT-2ab08a198b6068f65a23c8b27c8c95a31c8ffec4c7e57886e9b0c5cd",
      "resource": {
        "resourceType": "Observation",
        "id": "VIT-2ab08a198b6068f65a23c8b27c8c95a31c8ffec4c7e57886e9b0c5cd",
        "meta": {
          "versionId": "86178967",
          "lastUpdated": "2025-03-13T15:02:01.425Z",
          "profile": [
            "https://www.medizininformatik-initiative.de/fhir/core/modul-person/StructureDefinition/Vitalstatus|2025.0.1"
          ]
        },
        "status": "final",
        "category": [
          {
            "coding": [
              {
                "system": "http://terminology.hl7.org/CodeSystem/observation-category",
                "code": "survey"
              }
            ]
          }
        ],
        "code": {
          "coding": [
            {
              "system": "http://loinc.org",
              "code": "67162-8"
            }
          ]
        },
        "subject": {
          "reference": "Patient/PID-0507e0bcc3212f8c64727a6f586c9a689a733099d858855256cab915"
        },
        "effectiveDateTime": "2021-06-22T12:27:00+02:00",
        "valueCodeableConcept": {
          "coding": [
            {
              "system": "https://www.medizininformatik-initiative.de/fhir/core/modul-person/CodeSystem/Vitalstatus",
              "code": "L"
            }
          ]
        }
      },
      "search": {
        "mode": "match"
      }
    },
    {
      "fullUrl": "http://num-fhirserver.distan.medicsh.de:8080/fhir/Observation/VIT-331d11355301266df035c3ae79f75b8052cbf9ea8b7c95a9d88c3ceb",
      "resource": {
        "resourceType": "Observation",
        "id": "VIT-331d11355301266df035c3ae79f75b8052cbf9ea8b7c95a9d88c3ceb",
        "meta": {
          "versionId": "86178762",
          "lastUpdated": "2025-03-13T15:02:00.974Z",
          "profile": [
            "https://www.medizininformatik-initiative.de/fhir/core/modul-person/StructureDefinition/Vitalstatus|2025.0.1"
          ]
        },
        "status": "final",
        "category": [
          {
            "coding": [
              {
                "system": "http://terminology.hl7.org/CodeSystem/observation-category",
                "code": "survey"
              }
            ]
          }
        ],
        "code": {
          "coding": [
            {
              "system": "http://loinc.org",
              "code": "67162-8"
            }
          ]
        },
        "subject": {
          "reference": "Patient/PID-0507e0bcc3212f8c64727a6f586c9a689a733099d858855256cab915"
        },
        "effectiveDateTime": "2017-01-16T12:51:00+01:00",
        "valueCodeableConcept": {
          "coding": [
            {
              "system": "https://www.medizininformatik-initiative.de/fhir/core/modul-person/CodeSystem/Vitalstatus",
              "code": "L"
            }
          ]
        }
      },
      "search": {
        "mode": "match"
      }
    },
    {
      "fullUrl": "http://num-fhirserver.distan.medicsh.de:8080/fhir/Observation/VIT-645fab82911b41dfe548e0d011b9f06b5446b08d443f3f49bd84a0b9",
      "resource": {
        "resourceType": "Observation",
        "id": "VIT-645fab82911b41dfe548e0d011b9f06b5446b08d443f3f49bd84a0b9",
        "meta": {
          "versionId": "86178340",
          "lastUpdated": "2025-03-13T15:02:00.042Z",
          "profile": [
            "https://www.medizininformatik-initiative.de/fhir/core/modul-person/StructureDefinition/Vitalstatus|2025.0.1"
          ]
        },
        "status": "final",
        "category": [
          {
            "coding": [
              {
                "system": "http://terminology.hl7.org/CodeSystem/observation-category",
                "code": "survey"
              }
            ]
          }
        ],
        "code": {
          "coding": [
            {
              "system": "http://loinc.org",
              "code": "67162-8"
            }
          ]
        },
        "subject": {
          "reference": "Patient/PID-0507e0bcc3212f8c64727a6f586c9a689a733099d858855256cab915"
        },
        "effectiveDateTime": "2012-01-01T00:00:00+01:00",
        "valueCodeableConcept": {
          "coding": [
            {
              "system": "https://www.medizininformatik-initiative.de/fhir/core/modul-person/CodeSystem/Vitalstatus",
              "code": "L"
            }
          ]
        }
      },
      "search": {
        "mode": "match"
      }
    },
    {
      "fullUrl": "http://num-fhirserver.distan.medicsh.de:8080/fhir/Observation/VIT-9625b584f47e50041301e29bbd3fc4b6bc592a10aa4ebc9d248d3302",
      "resource": {
        "resourceType": "Observation",
        "id": "VIT-9625b584f47e50041301e29bbd3fc4b6bc592a10aa4ebc9d248d3302",
        "meta": {
          "versionId": "86178778",
          "lastUpdated": "2025-03-13T15:02:01.012Z",
          "profile": [
            "https://www.medizininformatik-initiative.de/fhir/core/modul-person/StructureDefinition/Vitalstatus|2025.0.1"
          ]
        },
        "status": "final",
        "category": [
          {
            "coding": [
              {
                "system": "http://terminology.hl7.org/CodeSystem/observation-category",
                "code": "survey"
              }
            ]
          }
        ],
        "code": {
          "coding": [
            {
              "system": "http://loinc.org",
              "code": "67162-8"
            }
          ]
        },
        "subject": {
          "reference": "Patient/PID-0507e0bcc3212f8c64727a6f586c9a689a733099d858855256cab915"
        },
        "effectiveDateTime": "2021-06-22T12:40:00+02:00",
        "valueCodeableConcept": {
          "coding": [
            {
              "system": "https://www.medizininformatik-initiative.de/fhir/core/modul-person/CodeSystem/Vitalstatus",
              "code": "L"
            }
          ]
        }
      },
      "search": {
        "mode": "match"
      }
    },
    {
      "fullUrl": "http://num-fhirserver.distan.medicsh.de:8080/fhir/Observation/VIT-afa987e5100e261fb9f99a124c80fb5493a0145a4be46885ed623b15",
      "resource": {
        "resourceType": "Observation",
        "id": "VIT-afa987e5100e261fb9f99a124c80fb5493a0145a4be46885ed623b15",
        "meta": {
          "versionId": "86178457",
          "lastUpdated": "2025-03-13T15:02:00.285Z",
          "profile": [
            "https://www.medizininformatik-initiative.de/fhir/core/modul-person/StructureDefinition/Vitalstatus|2025.0.1"
          ]
        },
        "status": "final",
        "category": [
          {
            "coding": [
              {
                "system": "http://terminology.hl7.org/CodeSystem/observation-category",
                "code": "survey"
              }
            ]
          }
        ],
        "code": {
          "coding": [
            {
              "system": "http://loinc.org",
              "code": "67162-8"
            }
          ]
        },
        "subject": {
          "reference": "Patient/PID-0507e0bcc3212f8c64727a6f586c9a689a733099d858855256cab915"
        },
        "effectiveDateTime": "2017-01-16T12:56:00+01:00",
        "valueCodeableConcept": {
          "coding": [
            {
              "system": "https://www.medizininformatik-initiative.de/fhir/core/modul-person/CodeSystem/Vitalstatus",
              "code": "L"
            }
          ]
        }
      },
      "search": {
        "mode": "match"
      }
    },
    {
      "fullUrl": "http://num-fhirserver.distan.medicsh.de:8080/fhir/Observation/VIT-d85a3741c3e5aae8b30d01cb93ef0b9bb9419cb11a418e2aac57fb30",
      "resource": {
        "resourceType": "Observation",
        "id": "VIT-d85a3741c3e5aae8b30d01cb93ef0b9bb9419cb11a418e2aac57fb30",
        "meta": {
          "versionId": "86178316",
          "lastUpdated": "2025-03-13T15:02:00.001Z",
          "profile": [
            "https://www.medizininformatik-initiative.de/fhir/core/modul-person/StructureDefinition/Vitalstatus|2025.0.1"
          ]
        },
        "status": "final",
        "category": [
          {
            "coding": [
              {
                "system": "http://terminology.hl7.org/CodeSystem/observation-category",
                "code": "survey"
              }
            ]
          }
        ],
        "code": {
          "coding": [
            {
              "system": "http://loinc.org",
              "code": "67162-8"
            }
          ]
        },
        "subject": {
          "reference": "Patient/PID-0507e0bcc3212f8c64727a6f586c9a689a733099d858855256cab915"
        },
        "effectiveDateTime": "2017-02-23T14:00:00+01:00",
        "valueCodeableConcept": {
          "coding": [
            {
              "system": "https://www.medizininformatik-initiative.de/fhir/core/modul-person/CodeSystem/Vitalstatus",
              "code": "L"
            }
          ]
        }
      },
      "search": {
        "mode": "match"
      }
    },
    {
      "fullUrl": "http://num-fhirserver.distan.medicsh.de:8080/fhir/Observation/VIT-e70db78a3ec0d1387e6ff0273be91f878a01a50df134235d675ee437",
      "resource": {
        "resourceType": "Observation",
        "id": "VIT-e70db78a3ec0d1387e6ff0273be91f878a01a50df134235d675ee437",
        "meta": {
          "versionId": "86178422",
          "lastUpdated": "2025-03-13T15:02:00.185Z",
          "profile": [
            "https://www.medizininformatik-initiative.de/fhir/core/modul-person/StructureDefinition/Vitalstatus|2025.0.1"
          ]
        },
        "status": "final",
        "category": [
          {
            "coding": [
              {
                "system": "http://terminology.hl7.org/CodeSystem/observation-category",
                "code": "survey"
              }
            ]
          }
        ],
        "code": {
          "coding": [
            {
              "system": "http://loinc.org",
              "code": "67162-8"
            }
          ]
        },
        "subject": {
          "reference": "Patient/PID-0507e0bcc3212f8c64727a6f586c9a689a733099d858855256cab915"
        },
        "effectiveDateTime": "2017-02-23T12:22:00+01:00",
        "valueCodeableConcept": {
          "coding": [
            {
              "system": "https://www.medizininformatik-initiative.de/fhir/core/modul-person/CodeSystem/Vitalstatus",
              "code": "L"
            }
          ]
        }
      },
      "search": {
        "mode": "match"
      }
    },
    {
      "fullUrl": "http://num-fhirserver.distan.medicsh.de:8080/fhir/Procedure/PR-bb06d4d5d69abeca30c9292ef1bd9e00f346e857dba688bfd033c0d0",
      "resource": {
        "resourceType": "Procedure",
        "id": "PR-bb06d4d5d69abeca30c9292ef1bd9e00f346e857dba688bfd033c0d0",
        "meta": {
          "versionId": "378208957",
          "lastUpdated": "2025-10-08T18:44:40.012Z",
          "profile": [
            "https://www.medizininformatik-initiative.de/fhir/core/modul-prozedur/StructureDefinition/Procedure|2025.0.0"
          ]
        },
        "status": "completed",
        "category": {
          "coding": [
            {
              "system": "http://snomed.info/sct",
              "code": "165197003",
              "display": "Diagnostic assessment"
            }
          ]
        },
        "code": {
          "coding": [
            {
              "system": "http://fhir.de/CodeSystem/bfarm/ops",
              "version": "2017",
              "code": "1-63a",
              "display": "Kapselendoskopie des Dünndarms"
            }
          ]
        },
        "subject": {
          "reference": "Patient/PID-0507e0bcc3212f8c64727a6f586c9a689a733099d858855256cab915"
        },
        "encounter": {
          "reference": "Encounter/PV-34c5c84b25e762222e1b541ef55f83f484d317b1bbc14696890801f0"
        },
        "performedDateTime": "2017-10-12T21:25:00+02:00"
      },
      "search": {
        "mode": "match"
      }
    }
  ]
}
