{
  "resourceType": "Bundle",
  "id": "DGTUX6UEYLFSF7P2",
  "type": "searchset",
  "total": 5,
  "entry": [
    {
      "fullUrl": "http://num-fhirserver.distan.medicsh.de:8080/fhir/Patient/PID-05979dc02bfef05f55c17d31b577c3bf057837038a3d87bca4145498",
      "resource": {
        "resourceType": "Patient",
        "id": "PID-05979dc02bfef05f55c17d31b577c3bf057837038a3d87bca4145498",
        "meta": {
          "versionId": "59898737",
          "lastUpdated": "2025-03-12T15:38:49.497Z",
          "profile": [
            "https://www.medizininformatik-initiative.de/fhir/core/modul-person/StructureDefinition/PatientPseudonymisiert|2025.0.1"
          ]
        },
        "identifier": [
          {
            "use": "usual",
            "type": {
              "coding": [
                {
                  "system": "http://terminology.hl7.org/CodeSystem/v3-ObservationValue",
                  "code": "PSEUDED"
                }
              ]
            },
            "system": "https://www.medizininformatik-initiative.de/fhir/sid/pseudonym",
            "value": "05979dc02bfef05f55c17d31b577c3bf057837038a3d87bca4145498"
          }
        ],
        "gender": "male",
        "birthDate": "1992-02",
        "deceasedBoolean": true
      },
      "search": {
        "mode": "match"
      }
    },
    {
      "fullUrl": "http://num-fhirserver.distan.medicsh.de:8080/fhir/Encounter/PV-02e4754c08b9442cd35d9ed19f8349beb44c619ee1254d7a64ea0b55",
      "resource": {
        "resourceType": "Encounter",
        "id": "PV-02e4754c08b9442cd35d9ed19f8349beb44c619ee1254d7a64ea0b55",
        "meta": {
          "versionId": "59909080",
          "lastUpdated": "2025-03-12T15:39:31.890Z",
          "source": "http://medic.uksh.de/source/orbis/legacy",
          "profile": [
            "https://www.medizininformatik-initiative.de/fhir/core/modul-fall/StructureDefinition/KontaktGesundheitseinrichtung|2025.0.0"
          ]
        },
        "identifier": [
          {
            "use": "official",
            "type": {
              "coding": [
                {
                  "system": "http://terminology.hl7.org/CodeSystem/v2-0203",
                  "code": "VN"
                }
              ]
            },
            "system": "http://medic.uksh.de/fhir/Encounter",
            "value": "02e4754c08b9442cd35d9ed19f8349beb44c619ee1254d7a64ea0b55"
          }
        ],
        "status": "finished",
        "class": {
          "system": "http://terminology.hl7.org/CodeSystem/v3-ActCode",
          "code": "AMB"
        },
        "type": [
          {
            "coding": [
              {
                "system": "http://fhir.de/CodeSystem/Kontaktebene",
                "code": "einrichtungskontakt"
              }
            ]
          }
        ],
        "subject": {
          "reference": "Patient/PID-05979dc02bfef05f55c17d31b577c3bf057837038a3d87bca4145498"
        },
        "period": {
          "start": "2018-07-10T14:04:00+02:00",
          "end": "2018-09-30T23:59:59+02:00"
        },
        "hospitalization": {
          "admitSource": {
            "coding": [
              {
                "system": "http://fhir.de/CodeSystem/dgkev/Aufnahmeanlass",
                "code": "E"
              }
            ]
          }
        }
      },
      "search": {
        "mode": "match"
      }
    },
    {
      "fullUrl": "http://num-fhirserver.distan.medicsh.de:8080/fhir/Encounter/PV-9c24df7d8ff53cb56a2619581964bae9539093663f86a9aa29ec181f",
      "resource": {
        "resourceType": "Encounter",
        "id": "PV-9c24df7d8ff53cb56a2619581964bae9539093663f86a9aa29ec181f",
        "meta": {
          "versionId": "59892108",
          "lastUpdated": "2025-03-12T15:38:21.945Z",
          "source": "http://medic.uksh.de/source/orbis/legacy",
          "profile": [
            "https://www.medizininformatik-initiative.de/fhir/core/modul-fall/StructureDefinition/KontaktGesundheitseinrichtung|2025.0.0"
          ]
        },
        "identifier": [
          {
            "use": "official",
            "type": {
              "coding": [
                {
                  "system": "http://terminology.hl7.org/CodeSystem/v2-0203",
                  "code": "VN"
                }
              ]
            },
            "system": "http://medic.uksh.de/fhir/Encounter",
            "value": "9c24df7d8ff53cb56a2619581964bae9539093663f86a9aa29ec181f"
          }
        ],
        "status": "finished",
        "class": {
          "system": "http://terminology.hl7.org/CodeSystem/v3-ActCode",
          "code": "AMB"
        },
        "type": [
          {
            "coding": [
              {
                "system": "http://fhir.de/CodeSystem/Kontaktebene",
                "code": "einrichtungskontakt"
              }
            ]
          }
        ],
        "subject": {
          "reference": "Patient/PID-05979dc02bfef05f55c17d31b577c3bf057837038a3d87bca4145498"
        },
        "period": {
          "start": "2018-07-10T14:05:00+02:00",
          "end": "2018-09-30T23:59:59+02:00"
        },
        "hospitalization": {
          "admitSource": {
            "coding": [
              {
                "system": "http://fhir.de/CodeSystem/dgkev/Aufnahmeanlass",
                "code": "E"
              }
            ]
          }
        }
      },
      "search": {
        "mode": "match"
      }
    },
    {
      "fullUrl": "http://num-fhirserver.distan.medicsh.de:8080/fhir/Observation/VIT-9ff7b0743e6fa77c8217ba233d17ebfaaaffe1990489c56710ebcdf7",
      "resource": {
        "resourceType": "Observation",
        "id": "VIT-9ff7b0743e6fa77c8217ba233d17ebfaaaffe1990489c56710ebcdf7",
        "meta": {
          "versionId": "59909096",
          "lastUpdated": "2025-03-12T15:39:31.924Z",
          "profile": [
            "https://www.medizininformatik-initiative.de/fhir/core/modul-person/StructureDefinition/Vitalstatus|2025.0.1"
          ]
        },
        "status": "final",
        "category": [
          {
            "coding": [
              {
                "system": "http://terminology.hl7.org/CodeSystem/observation-category",
                "code": "survey"
              }
            ]
          }
        ],
        "code": {
          "coding": [
            {
              "system": "http://loinc.org",
              "code": "67162-8"
            }
          ]
        },
        "subject": {
          "reference": "Patient/PID-05979dc02bfef05f55c17d31b577c3bf057837038a3d87bca4145498"
        },
        "effectiveDateTime": "2018-07-10T14:04:00+02:00",
        "valueCodeableConcept": {
          "coding": [
            {
              "system": "https://www.medizininformatik-initiative.de/fhir/core/modul-person/CodeSystem/Vitalstatus",
              "code": "L"
            }
          ]
        }
      },
      "search": {
        "mode": "match"
      }
    },
    {
      "fullUrl": "http://num-fhirserver.distan.medicsh.de:8080/fhir/Observation/VIT-e66c0dd7b73c5d856bcc1a0b8ed7b86086a96f56b08f792b2d34f36a",
      "resource": {
        "resourceType": "Observation",
        "id": "VIT-e66c0dd7b73c5d856bcc1a0b8ed7b86086a96f56b08f792b2d34f36a",
        "meta": {
          "versionId": "59892127",
          "lastUpdated": "2025-03-12T15:38:21.995Z",
          "profile": [
            "https://www.medizininformatik-initiative.de/fhir/core/modul-person/StructureDefinition/Vitalstatus|2025.0.1"
          ]
        },
        "status": "final",
        "category": [
          {
            "coding": [
              {
                "system": "http://terminology.hl7.org/CodeSystem/observation-category",
                "code": "survey"
              }
            ]
          }
        ],
        "code": {
          "coding": [
            {
              "system": "http://loinc.org",
              "code": "67162-8"
            }
          ]
        },
        "subject": {
          "reference": "Patient/PID-05979dc02bfef05f55c17d31b577c3bf057837038a3d87bca4145498"
        },
        "effectiveDateTime": "2018-07-10T14:05:00+02:00",
        "valueCodeableConcept": {
          "coding": [
            {
              "system": "https://www.medizininformatik-initiative.de/fhir/core/modul-person/CodeSystem/Vitalstatus",
              "code": "L"
            }
          ]
        }
      },
      "search": {
        "mode": "match"
      }
    }
  ]
}
