{
  "resourceType": "Bundle",
  "id": "DGTUX44ONIYF3A64",
  "type": "searchset",
  "total": 3,
  "entry": [
    {
      "fullUrl": "http://num-fhirserver.distan.medicsh.de:8080/fhir/Patient/PID-07d8b03e39336179c50cea988134d3aee9255345968aefc3ee7396af",
      "resource": {
        "resourceType": "Patient",
        "id": "PID-07d8b03e39336179c50cea988134d3aee9255345968aefc3ee7396af",
        "meta": {
          "versionId": "101427523",
          "lastUpdated": "2025-03-14T01:56:02.993Z",
          "profile": [
            "https://www.medizininformatik-initiative.de/fhir/core/modul-person/StructureDefinition/PatientPseudonymisiert|2025.0.1"
          ]
        },
        "identifier": [
          {
            "use": "usual",
            "type": {
              "coding": [
                {
                  "system": "http://terminology.hl7.org/CodeSystem/v3-ObservationValue",
                  "code": "PSEUDED"
                }
              ]
            },
            "system": "https://www.medizininformatik-initiative.de/fhir/sid/pseudonym",
            "value": "07d8b03e39336179c50cea988134d3aee9255345968aefc3ee7396af"
          }
        ],
        "gender": "male",
        "birthDate": "2006-03",
        "deceasedBoolean": true
      },
      "search": {
        "mode": "match"
      }
    },
    {
      "fullUrl": "http://num-fhirserver.distan.medicsh.de:8080/fhir/Encounter/PV-f997678ad796359e3e40ec6e70d498ac8910e9416a3f37bb3311209e",
      "resource": {
        "resourceType": "Encounter",
        "id": "PV-f997678ad796359e3e40ec6e70d498ac8910e9416a3f37bb3311209e",
        "meta": {
          "versionId": "101426907",
          "lastUpdated": "2025-03-14T01:56:01.731Z",
          "source": "http://medic.uksh.de/source/orbis/legacy",
          "profile": [
            "https://www.medizininformatik-initiative.de/fhir/core/modul-fall/StructureDefinition/KontaktGesundheitseinrichtung|2025.0.0"
          ]
        },
        "identifier": [
          {
            "use": "official",
            "type": {
              "coding": [
                {
                  "system": "http://terminology.hl7.org/CodeSystem/v2-0203",
                  "code": "VN"
                }
              ]
            },
            "system": "http://medic.uksh.de/fhir/Encounter",
            "value": "f997678ad796359e3e40ec6e70d498ac8910e9416a3f37bb3311209e"
          }
        ],
        "status": "finished",
        "class": {
          "system": "http://terminology.hl7.org/CodeSystem/v3-ActCode",
          "code": "AMB"
        },
        "type": [
          {
            "coding": [
              {
                "system": "http://fhir.de/CodeSystem/Kontaktebene",
                "code": "einrichtungskontakt"
              }
            ]
          }
        ],
        "subject": {
          "reference": "Patient/PID-07d8b03e39336179c50cea988134d3aee9255345968aefc3ee7396af"
        },
        "period": {
          "start": "2006-03-01T13:19:00+01:00",
          "end": "2006-03-31T23:59:59+02:00"
        }
      },
      "search": {
        "mode": "match"
      }
    },
    {
      "fullUrl": "http://num-fhirserver.distan.medicsh.de:8080/fhir/Observation/VIT-ce05b8b748a8c5f4e060f1aba5e6ab829151f12a9e9b230eef03ce47",
      "resource": {
        "resourceType": "Observation",
        "id": "VIT-ce05b8b748a8c5f4e060f1aba5e6ab829151f12a9e9b230eef03ce47",
        "meta": {
          "versionId": "101426923",
          "lastUpdated": "2025-03-14T01:56:01.760Z",
          "profile": [
            "https://www.medizininformatik-initiative.de/fhir/core/modul-person/StructureDefinition/Vitalstatus|2025.0.1"
          ]
        },
        "status": "final",
        "category": [
          {
            "coding": [
              {
                "system": "http://terminology.hl7.org/CodeSystem/observation-category",
                "code": "survey"
              }
            ]
          }
        ],
        "code": {
          "coding": [
            {
              "system": "http://loinc.org",
              "code": "67162-8"
            }
          ]
        },
        "subject": {
          "reference": "Patient/PID-07d8b03e39336179c50cea988134d3aee9255345968aefc3ee7396af"
        },
        "effectiveDateTime": "2006-03-01T13:19:00+01:00",
        "valueCodeableConcept": {
          "coding": [
            {
              "system": "https://www.medizininformatik-initiative.de/fhir/core/modul-person/CodeSystem/Vitalstatus",
              "code": "L"
            }
          ]
        }
      },
      "search": {
        "mode": "match"
      }
    }
  ]
}
