{
  "resourceType": "Bundle",
  "id": "DGTUX5D75FUYP4YE",
  "type": "searchset",
  "total": 3,
  "entry": [
    {
      "fullUrl": "http://num-fhirserver.distan.medicsh.de:8080/fhir/Patient/PID-088d0448b9955d0c7df69432209d519931bdefcb645fa67ea0d09ce7",
      "resource": {
        "resourceType": "Patient",
        "id": "PID-088d0448b9955d0c7df69432209d519931bdefcb645fa67ea0d09ce7",
        "meta": {
          "versionId": "99512819",
          "lastUpdated": "2025-03-14T00:33:45.653Z",
          "profile": [
            "https://www.medizininformatik-initiative.de/fhir/core/modul-person/StructureDefinition/PatientPseudonymisiert|2025.0.1"
          ]
        },
        "identifier": [
          {
            "use": "usual",
            "type": {
              "coding": [
                {
                  "system": "http://terminology.hl7.org/CodeSystem/v3-ObservationValue",
                  "code": "PSEUDED"
                }
              ]
            },
            "system": "https://www.medizininformatik-initiative.de/fhir/sid/pseudonym",
            "value": "088d0448b9955d0c7df69432209d519931bdefcb645fa67ea0d09ce7"
          }
        ],
        "gender": "male",
        "birthDate": "2007-09",
        "deceasedBoolean": true
      },
      "search": {
        "mode": "match"
      }
    },
    {
      "fullUrl": "http://num-fhirserver.distan.medicsh.de:8080/fhir/Encounter/PV-e93fa9773e6707c4b543aedf3e7516717259bd7dae2889f1887db480",
      "resource": {
        "resourceType": "Encounter",
        "id": "PV-e93fa9773e6707c4b543aedf3e7516717259bd7dae2889f1887db480",
        "meta": {
          "versionId": "99512716",
          "lastUpdated": "2025-03-14T00:33:45.324Z",
          "source": "http://medic.uksh.de/source/orbis/legacy",
          "profile": [
            "https://www.medizininformatik-initiative.de/fhir/core/modul-fall/StructureDefinition/KontaktGesundheitseinrichtung|2025.0.0"
          ]
        },
        "identifier": [
          {
            "use": "official",
            "type": {
              "coding": [
                {
                  "system": "http://terminology.hl7.org/CodeSystem/v2-0203",
                  "code": "VN"
                }
              ]
            },
            "system": "http://medic.uksh.de/fhir/Encounter",
            "value": "e93fa9773e6707c4b543aedf3e7516717259bd7dae2889f1887db480"
          }
        ],
        "status": "finished",
        "class": {
          "system": "http://terminology.hl7.org/CodeSystem/v3-ActCode",
          "code": "AMB"
        },
        "type": [
          {
            "coding": [
              {
                "system": "http://fhir.de/CodeSystem/Kontaktebene",
                "code": "einrichtungskontakt"
              }
            ]
          }
        ],
        "subject": {
          "reference": "Patient/PID-088d0448b9955d0c7df69432209d519931bdefcb645fa67ea0d09ce7"
        },
        "period": {
          "start": "2007-09-01T07:44:00+02:00",
          "end": "2007-09-30T23:59:59+02:00"
        }
      },
      "search": {
        "mode": "match"
      }
    },
    {
      "fullUrl": "http://num-fhirserver.distan.medicsh.de:8080/fhir/Observation/VIT-dff4cb246a0ff6c4826fbaf142429f31ef8c65bd23bf1ae0d7f53773",
      "resource": {
        "resourceType": "Observation",
        "id": "VIT-dff4cb246a0ff6c4826fbaf142429f31ef8c65bd23bf1ae0d7f53773",
        "meta": {
          "versionId": "99512725",
          "lastUpdated": "2025-03-14T00:33:45.347Z",
          "profile": [
            "https://www.medizininformatik-initiative.de/fhir/core/modul-person/StructureDefinition/Vitalstatus|2025.0.1"
          ]
        },
        "status": "final",
        "category": [
          {
            "coding": [
              {
                "system": "http://terminology.hl7.org/CodeSystem/observation-category",
                "code": "survey"
              }
            ]
          }
        ],
        "code": {
          "coding": [
            {
              "system": "http://loinc.org",
              "code": "67162-8"
            }
          ]
        },
        "subject": {
          "reference": "Patient/PID-088d0448b9955d0c7df69432209d519931bdefcb645fa67ea0d09ce7"
        },
        "effectiveDateTime": "2007-09-01T07:44:00+02:00",
        "valueCodeableConcept": {
          "coding": [
            {
              "system": "https://www.medizininformatik-initiative.de/fhir/core/modul-person/CodeSystem/Vitalstatus",
              "code": "L"
            }
          ]
        }
      },
      "search": {
        "mode": "match"
      }
    }
  ]
}
