{
  "resourceType": "Bundle",
  "id": "DGTUX4TIQ4WFGJ5Z",
  "type": "searchset",
  "total": 5,
  "entry": [
    {
      "fullUrl": "http://num-fhirserver.distan.medicsh.de:8080/fhir/Patient/PID-08c58f355b7379868688269a09a4bb1486916a94a287e2eacdaf50ad",
      "resource": {
        "resourceType": "Patient",
        "id": "PID-08c58f355b7379868688269a09a4bb1486916a94a287e2eacdaf50ad",
        "meta": {
          "versionId": "60657148",
          "lastUpdated": "2025-03-12T16:27:54.066Z",
          "profile": [
            "https://www.medizininformatik-initiative.de/fhir/core/modul-person/StructureDefinition/PatientPseudonymisiert|2025.0.1"
          ]
        },
        "identifier": [
          {
            "use": "usual",
            "type": {
              "coding": [
                {
                  "system": "http://terminology.hl7.org/CodeSystem/v3-ObservationValue",
                  "code": "PSEUDED"
                }
              ]
            },
            "system": "https://www.medizininformatik-initiative.de/fhir/sid/pseudonym",
            "value": "08c58f355b7379868688269a09a4bb1486916a94a287e2eacdaf50ad"
          }
        ],
        "gender": "male",
        "birthDate": "2010-01",
        "deceasedBoolean": true
      },
      "search": {
        "mode": "match"
      }
    },
    {
      "fullUrl": "http://num-fhirserver.distan.medicsh.de:8080/fhir/Encounter/PV-38d81b264f3c4f2861d716e499723052353e9f196f9374bbe839207a",
      "resource": {
        "resourceType": "Encounter",
        "id": "PV-38d81b264f3c4f2861d716e499723052353e9f196f9374bbe839207a",
        "meta": {
          "versionId": "60578978",
          "lastUpdated": "2025-03-12T16:22:55.909Z",
          "source": "http://medic.uksh.de/source/orbis/legacy",
          "profile": [
            "https://www.medizininformatik-initiative.de/fhir/core/modul-fall/StructureDefinition/KontaktGesundheitseinrichtung|2025.0.0"
          ]
        },
        "identifier": [
          {
            "use": "official",
            "type": {
              "coding": [
                {
                  "system": "http://terminology.hl7.org/CodeSystem/v2-0203",
                  "code": "VN"
                }
              ]
            },
            "system": "http://medic.uksh.de/fhir/Encounter",
            "value": "38d81b264f3c4f2861d716e499723052353e9f196f9374bbe839207a"
          }
        ],
        "status": "finished",
        "class": {
          "system": "http://terminology.hl7.org/CodeSystem/v3-ActCode",
          "code": "AMB"
        },
        "type": [
          {
            "coding": [
              {
                "system": "http://fhir.de/CodeSystem/Kontaktebene",
                "code": "einrichtungskontakt"
              }
            ]
          }
        ],
        "subject": {
          "reference": "Patient/PID-08c58f355b7379868688269a09a4bb1486916a94a287e2eacdaf50ad"
        },
        "period": {
          "start": "2019-05-27T13:45:00+02:00",
          "end": "2019-06-30T23:59:59+02:00"
        },
        "hospitalization": {
          "admitSource": {
            "coding": [
              {
                "system": "http://fhir.de/CodeSystem/dgkev/Aufnahmeanlass",
                "code": "E"
              }
            ]
          }
        }
      },
      "search": {
        "mode": "match"
      }
    },
    {
      "fullUrl": "http://num-fhirserver.distan.medicsh.de:8080/fhir/Encounter/PV-6649b138dd4381279695f4ae8ad8caa69c80a1a6376ebedd347ef402",
      "resource": {
        "resourceType": "Encounter",
        "id": "PV-6649b138dd4381279695f4ae8ad8caa69c80a1a6376ebedd347ef402",
        "meta": {
          "versionId": "60562279",
          "lastUpdated": "2025-03-12T16:21:50.281Z",
          "source": "http://medic.uksh.de/source/orbis/legacy",
          "profile": [
            "https://www.medizininformatik-initiative.de/fhir/core/modul-fall/StructureDefinition/KontaktGesundheitseinrichtung|2025.0.0"
          ]
        },
        "identifier": [
          {
            "use": "official",
            "type": {
              "coding": [
                {
                  "system": "http://terminology.hl7.org/CodeSystem/v2-0203",
                  "code": "VN"
                }
              ]
            },
            "system": "http://medic.uksh.de/fhir/Encounter",
            "value": "6649b138dd4381279695f4ae8ad8caa69c80a1a6376ebedd347ef402"
          }
        ],
        "status": "finished",
        "class": {
          "system": "http://terminology.hl7.org/CodeSystem/v3-ActCode",
          "code": "AMB"
        },
        "type": [
          {
            "coding": [
              {
                "system": "http://fhir.de/CodeSystem/Kontaktebene",
                "code": "einrichtungskontakt"
              }
            ]
          }
        ],
        "subject": {
          "reference": "Patient/PID-08c58f355b7379868688269a09a4bb1486916a94a287e2eacdaf50ad"
        },
        "period": {
          "start": "2019-05-22T13:15:00+02:00",
          "end": "2019-06-30T23:59:59+02:00"
        },
        "hospitalization": {
          "admitSource": {
            "coding": [
              {
                "system": "http://fhir.de/CodeSystem/dgkev/Aufnahmeanlass",
                "code": "E"
              }
            ]
          }
        }
      },
      "search": {
        "mode": "match"
      }
    },
    {
      "fullUrl": "http://num-fhirserver.distan.medicsh.de:8080/fhir/Observation/VIT-6bb01a75f6675298a2b23290f948681dcc8c05f066971f49194ca316",
      "resource": {
        "resourceType": "Observation",
        "id": "VIT-6bb01a75f6675298a2b23290f948681dcc8c05f066971f49194ca316",
        "meta": {
          "versionId": "60562294",
          "lastUpdated": "2025-03-12T16:21:50.313Z",
          "profile": [
            "https://www.medizininformatik-initiative.de/fhir/core/modul-person/StructureDefinition/Vitalstatus|2025.0.1"
          ]
        },
        "status": "final",
        "category": [
          {
            "coding": [
              {
                "system": "http://terminology.hl7.org/CodeSystem/observation-category",
                "code": "survey"
              }
            ]
          }
        ],
        "code": {
          "coding": [
            {
              "system": "http://loinc.org",
              "code": "67162-8"
            }
          ]
        },
        "subject": {
          "reference": "Patient/PID-08c58f355b7379868688269a09a4bb1486916a94a287e2eacdaf50ad"
        },
        "effectiveDateTime": "2019-05-22T13:15:00+02:00",
        "valueCodeableConcept": {
          "coding": [
            {
              "system": "https://www.medizininformatik-initiative.de/fhir/core/modul-person/CodeSystem/Vitalstatus",
              "code": "L"
            }
          ]
        }
      },
      "search": {
        "mode": "match"
      }
    },
    {
      "fullUrl": "http://num-fhirserver.distan.medicsh.de:8080/fhir/Observation/VIT-7f982084acdc22261ad32450a09178008a4f4054afeb83f2dbaa8235",
      "resource": {
        "resourceType": "Observation",
        "id": "VIT-7f982084acdc22261ad32450a09178008a4f4054afeb83f2dbaa8235",
        "meta": {
          "versionId": "60578998",
          "lastUpdated": "2025-03-12T16:22:55.957Z",
          "profile": [
            "https://www.medizininformatik-initiative.de/fhir/core/modul-person/StructureDefinition/Vitalstatus|2025.0.1"
          ]
        },
        "status": "final",
        "category": [
          {
            "coding": [
              {
                "system": "http://terminology.hl7.org/CodeSystem/observation-category",
                "code": "survey"
              }
            ]
          }
        ],
        "code": {
          "coding": [
            {
              "system": "http://loinc.org",
              "code": "67162-8"
            }
          ]
        },
        "subject": {
          "reference": "Patient/PID-08c58f355b7379868688269a09a4bb1486916a94a287e2eacdaf50ad"
        },
        "effectiveDateTime": "2019-05-27T13:45:00+02:00",
        "valueCodeableConcept": {
          "coding": [
            {
              "system": "https://www.medizininformatik-initiative.de/fhir/core/modul-person/CodeSystem/Vitalstatus",
              "code": "L"
            }
          ]
        }
      },
      "search": {
        "mode": "match"
      }
    }
  ]
}
