{
  "resourceType": "Bundle",
  "id": "DGTUX62MHNDO6MT7",
  "type": "searchset",
  "total": 12,
  "entry": [
    {
      "fullUrl": "http://num-fhirserver.distan.medicsh.de:8080/fhir/Patient/PID-0a24fa90d4dd3e27c46cb95dd224f07fb1ba35e47298880a867721b6",
      "resource": {
        "resourceType": "Patient",
        "id": "PID-0a24fa90d4dd3e27c46cb95dd224f07fb1ba35e47298880a867721b6",
        "meta": {
          "versionId": "135346628",
          "lastUpdated": "2025-03-15T02:13:58.359Z",
          "profile": [
            "https://www.medizininformatik-initiative.de/fhir/core/modul-person/StructureDefinition/PatientPseudonymisiert|2025.0.1"
          ]
        },
        "identifier": [
          {
            "use": "usual",
            "type": {
              "coding": [
                {
                  "system": "http://terminology.hl7.org/CodeSystem/v3-ObservationValue",
                  "code": "PSEUDED"
                }
              ]
            },
            "system": "https://www.medizininformatik-initiative.de/fhir/sid/pseudonym",
            "value": "0a24fa90d4dd3e27c46cb95dd224f07fb1ba35e47298880a867721b6"
          }
        ],
        "gender": "male",
        "birthDate": "2020-12",
        "deceasedBoolean": true
      },
      "search": {
        "mode": "match"
      }
    },
    {
      "fullUrl": "http://num-fhirserver.distan.medicsh.de:8080/fhir/Encounter/PV-1e045267380e66837177d4116ebdcf4b58623674c75fa4696355544e",
      "resource": {
        "resourceType": "Encounter",
        "id": "PV-1e045267380e66837177d4116ebdcf4b58623674c75fa4696355544e",
        "meta": {
          "versionId": "135346612",
          "lastUpdated": "2025-03-15T02:13:58.314Z",
          "source": "http://medic.uksh.de/source/orbis/legacy",
          "profile": [
            "https://www.medizininformatik-initiative.de/fhir/core/modul-fall/StructureDefinition/KontaktGesundheitseinrichtung|2025.0.0"
          ]
        },
        "identifier": [
          {
            "use": "official",
            "type": {
              "coding": [
                {
                  "system": "http://terminology.hl7.org/CodeSystem/v2-0203",
                  "code": "VN"
                }
              ]
            },
            "system": "http://medic.uksh.de/fhir/Encounter",
            "value": "1e045267380e66837177d4116ebdcf4b58623674c75fa4696355544e"
          }
        ],
        "status": "finished",
        "class": {
          "system": "http://terminology.hl7.org/CodeSystem/v3-ActCode",
          "code": "AMB"
        },
        "type": [
          {
            "coding": [
              {
                "system": "http://fhir.de/CodeSystem/Kontaktebene",
                "code": "einrichtungskontakt"
              }
            ]
          }
        ],
        "subject": {
          "reference": "Patient/PID-0a24fa90d4dd3e27c46cb95dd224f07fb1ba35e47298880a867721b6"
        },
        "period": {
          "start": "2020-12-23T11:21:00+01:00",
          "end": "2020-12-31T23:59:59+01:00"
        }
      },
      "search": {
        "mode": "match"
      }
    },
    {
      "fullUrl": "http://num-fhirserver.distan.medicsh.de:8080/fhir/Encounter/PV-5ce0a900cde6cf4e3b2175111a0cb345d2e374b947d611a7b6dc14e7",
      "resource": {
        "resourceType": "Encounter",
        "id": "PV-5ce0a900cde6cf4e3b2175111a0cb345d2e374b947d611a7b6dc14e7",
        "meta": {
          "versionId": "245681820",
          "lastUpdated": "2025-03-22T07:25:46.519Z",
          "source": "http://medic.uksh.de/source/orbis/adt",
          "profile": [
            "https://www.medizininformatik-initiative.de/fhir/core/modul-fall/StructureDefinition/KontaktGesundheitseinrichtung|2025.0.0"
          ]
        },
        "identifier": [
          {
            "use": "official",
            "type": {
              "coding": [
                {
                  "system": "http://terminology.hl7.org/CodeSystem/v2-0203",
                  "code": "VN"
                }
              ]
            },
            "system": "http://medic.uksh.de/fhir/Encounter",
            "value": "5ce0a900cde6cf4e3b2175111a0cb345d2e374b947d611a7b6dc14e7"
          }
        ],
        "status": "finished",
        "class": {
          "system": "http://terminology.hl7.org/CodeSystem/v3-ActCode",
          "code": "AMB"
        },
        "type": [
          {
            "coding": [
              {
                "system": "http://fhir.de/CodeSystem/Kontaktebene",
                "code": "einrichtungskontakt"
              }
            ]
          }
        ],
        "subject": {
          "reference": "Patient/PID-0a24fa90d4dd3e27c46cb95dd224f07fb1ba35e47298880a867721b6"
        },
        "period": {
          "start": "2024-12-12T10:10:00+01:00",
          "end": "2024-12-31T23:59:59+01:00"
        }
      },
      "search": {
        "mode": "match"
      }
    },
    {
      "fullUrl": "http://num-fhirserver.distan.medicsh.de:8080/fhir/Encounter/PV-a03277af702a6581d5118e5928adcd6be49876055e55a857766b7db7",
      "resource": {
        "resourceType": "Encounter",
        "id": "PV-a03277af702a6581d5118e5928adcd6be49876055e55a857766b7db7",
        "meta": {
          "versionId": "243180003",
          "lastUpdated": "2025-03-21T15:17:55.600Z",
          "source": "http://medic.uksh.de/source/orbis/adt",
          "profile": [
            "https://www.medizininformatik-initiative.de/fhir/core/modul-fall/StructureDefinition/KontaktGesundheitseinrichtung|2025.0.0"
          ]
        },
        "identifier": [
          {
            "use": "official",
            "type": {
              "coding": [
                {
                  "system": "http://terminology.hl7.org/CodeSystem/v2-0203",
                  "code": "VN"
                }
              ]
            },
            "system": "http://medic.uksh.de/fhir/Encounter",
            "value": "a03277af702a6581d5118e5928adcd6be49876055e55a857766b7db7"
          }
        ],
        "status": "finished",
        "class": {
          "system": "http://terminology.hl7.org/CodeSystem/v3-ActCode",
          "code": "AMB"
        },
        "type": [
          {
            "coding": [
              {
                "system": "http://fhir.de/CodeSystem/Kontaktebene",
                "code": "einrichtungskontakt"
              }
            ]
          }
        ],
        "subject": {
          "reference": "Patient/PID-0a24fa90d4dd3e27c46cb95dd224f07fb1ba35e47298880a867721b6"
        },
        "period": {
          "start": "2024-04-11T10:49:00+02:00",
          "end": "2024-06-30T23:59:59+02:00"
        }
      },
      "search": {
        "mode": "match"
      }
    },
    {
      "fullUrl": "http://num-fhirserver.distan.medicsh.de:8080/fhir/Encounter/PV-cb6d53683842b7758c2698fc829422ff0691b4740fc44681fc64693e",
      "resource": {
        "resourceType": "Encounter",
        "id": "PV-cb6d53683842b7758c2698fc829422ff0691b4740fc44681fc64693e",
        "meta": {
          "versionId": "245685514",
          "lastUpdated": "2025-03-22T07:27:36.188Z",
          "source": "http://medic.uksh.de/source/orbis/adt",
          "profile": [
            "https://www.medizininformatik-initiative.de/fhir/core/modul-fall/StructureDefinition/KontaktGesundheitseinrichtung|2025.0.0"
          ]
        },
        "identifier": [
          {
            "use": "official",
            "type": {
              "coding": [
                {
                  "system": "http://terminology.hl7.org/CodeSystem/v2-0203",
                  "code": "VN"
                }
              ]
            },
            "system": "http://medic.uksh.de/fhir/Encounter",
            "value": "cb6d53683842b7758c2698fc829422ff0691b4740fc44681fc64693e"
          }
        ],
        "status": "in-progress",
        "class": {
          "system": "http://terminology.hl7.org/CodeSystem/v3-ActCode",
          "code": "AMB"
        },
        "type": [
          {
            "coding": [
              {
                "system": "http://fhir.de/CodeSystem/Kontaktebene",
                "code": "einrichtungskontakt"
              }
            ]
          }
        ],
        "subject": {
          "reference": "Patient/PID-0a24fa90d4dd3e27c46cb95dd224f07fb1ba35e47298880a867721b6"
        },
        "period": {
          "start": "2025-01-16T12:48:00+01:00",
          "end": "2025-03-31T23:59:59+02:00"
        }
      },
      "search": {
        "mode": "match"
      }
    },
    {
      "fullUrl": "http://num-fhirserver.distan.medicsh.de:8080/fhir/Observation/VIT-11de9ab489d1b459099efd3009182f2c8c69368fba3d816ce49ef33f",
      "resource": {
        "resourceType": "Observation",
        "id": "VIT-11de9ab489d1b459099efd3009182f2c8c69368fba3d816ce49ef33f",
        "meta": {
          "versionId": "243180005",
          "lastUpdated": "2025-03-21T15:17:55.639Z",
          "profile": [
            "https://www.medizininformatik-initiative.de/fhir/core/modul-person/StructureDefinition/Vitalstatus|2025.0.1"
          ]
        },
        "status": "final",
        "category": [
          {
            "coding": [
              {
                "system": "http://terminology.hl7.org/CodeSystem/observation-category",
                "code": "survey"
              }
            ]
          }
        ],
        "code": {
          "coding": [
            {
              "system": "http://loinc.org",
              "code": "67162-8"
            }
          ]
        },
        "subject": {
          "reference": "Patient/PID-0a24fa90d4dd3e27c46cb95dd224f07fb1ba35e47298880a867721b6"
        },
        "effectiveDateTime": "2024-06-30T23:59:59+02:00",
        "valueCodeableConcept": {
          "coding": [
            {
              "system": "https://www.medizininformatik-initiative.de/fhir/core/modul-person/CodeSystem/Vitalstatus",
              "code": "L"
            }
          ]
        }
      },
      "search": {
        "mode": "match"
      }
    },
    {
      "fullUrl": "http://num-fhirserver.distan.medicsh.de:8080/fhir/Observation/VIT-2ffb88a6bc9aec8cea3efbc6da13798cdbbc22d1777f168f5835a607",
      "resource": {
        "resourceType": "Observation",
        "id": "VIT-2ffb88a6bc9aec8cea3efbc6da13798cdbbc22d1777f168f5835a607",
        "meta": {
          "versionId": "243180004",
          "lastUpdated": "2025-03-21T15:17:55.620Z",
          "profile": [
            "https://www.medizininformatik-initiative.de/fhir/core/modul-person/StructureDefinition/Vitalstatus|2025.0.1"
          ]
        },
        "status": "final",
        "category": [
          {
            "coding": [
              {
                "system": "http://terminology.hl7.org/CodeSystem/observation-category",
                "code": "survey"
              }
            ]
          }
        ],
        "code": {
          "coding": [
            {
              "system": "http://loinc.org",
              "code": "67162-8"
            }
          ]
        },
        "subject": {
          "reference": "Patient/PID-0a24fa90d4dd3e27c46cb95dd224f07fb1ba35e47298880a867721b6"
        },
        "effectiveDateTime": "2024-04-11T10:49:00+02:00",
        "valueCodeableConcept": {
          "coding": [
            {
              "system": "https://www.medizininformatik-initiative.de/fhir/core/modul-person/CodeSystem/Vitalstatus",
              "code": "L"
            }
          ]
        }
      },
      "search": {
        "mode": "match"
      }
    },
    {
      "fullUrl": "http://num-fhirserver.distan.medicsh.de:8080/fhir/Observation/VIT-313664c01c76586dd532861c13dca6b191eb53a1f7c9aeced8947c92",
      "resource": {
        "resourceType": "Observation",
        "id": "VIT-313664c01c76586dd532861c13dca6b191eb53a1f7c9aeced8947c92",
        "meta": {
          "versionId": "135346627",
          "lastUpdated": "2025-03-15T02:13:58.347Z",
          "profile": [
            "https://www.medizininformatik-initiative.de/fhir/core/modul-person/StructureDefinition/Vitalstatus|2025.0.1"
          ]
        },
        "status": "final",
        "category": [
          {
            "coding": [
              {
                "system": "http://terminology.hl7.org/CodeSystem/observation-category",
                "code": "survey"
              }
            ]
          }
        ],
        "code": {
          "coding": [
            {
              "system": "http://loinc.org",
              "code": "67162-8"
            }
          ]
        },
        "subject": {
          "reference": "Patient/PID-0a24fa90d4dd3e27c46cb95dd224f07fb1ba35e47298880a867721b6"
        },
        "effectiveDateTime": "2020-12-23T11:21:00+01:00",
        "valueCodeableConcept": {
          "coding": [
            {
              "system": "https://www.medizininformatik-initiative.de/fhir/core/modul-person/CodeSystem/Vitalstatus",
              "code": "L"
            }
          ]
        }
      },
      "search": {
        "mode": "match"
      }
    },
    {
      "fullUrl": "http://num-fhirserver.distan.medicsh.de:8080/fhir/Observation/VIT-504178c931029cc6f887ee7bfd4f4d06e4495e700020212b6a31d4a1",
      "resource": {
        "resourceType": "Observation",
        "id": "VIT-504178c931029cc6f887ee7bfd4f4d06e4495e700020212b6a31d4a1",
        "meta": {
          "versionId": "245681822",
          "lastUpdated": "2025-03-22T07:25:46.536Z",
          "profile": [
            "https://www.medizininformatik-initiative.de/fhir/core/modul-person/StructureDefinition/Vitalstatus|2025.0.1"
          ]
        },
        "status": "final",
        "category": [
          {
            "coding": [
              {
                "system": "http://terminology.hl7.org/CodeSystem/observation-category",
                "code": "survey"
              }
            ]
          }
        ],
        "code": {
          "coding": [
            {
              "system": "http://loinc.org",
              "code": "67162-8"
            }
          ]
        },
        "subject": {
          "reference": "Patient/PID-0a24fa90d4dd3e27c46cb95dd224f07fb1ba35e47298880a867721b6"
        },
        "effectiveDateTime": "2024-12-12T10:10:00+01:00",
        "valueCodeableConcept": {
          "coding": [
            {
              "system": "https://www.medizininformatik-initiative.de/fhir/core/modul-person/CodeSystem/Vitalstatus",
              "code": "L"
            }
          ]
        }
      },
      "search": {
        "mode": "match"
      }
    },
    {
      "fullUrl": "http://num-fhirserver.distan.medicsh.de:8080/fhir/Observation/VIT-911bc7fec570ed80e1956b34a24e8cc9cb8c28dd5dcbf8d887921cbc",
      "resource": {
        "resourceType": "Observation",
        "id": "VIT-911bc7fec570ed80e1956b34a24e8cc9cb8c28dd5dcbf8d887921cbc",
        "meta": {
          "versionId": "245685515",
          "lastUpdated": "2025-03-22T07:27:36.207Z",
          "profile": [
            "https://www.medizininformatik-initiative.de/fhir/core/modul-person/StructureDefinition/Vitalstatus|2025.0.1"
          ]
        },
        "status": "final",
        "category": [
          {
            "coding": [
              {
                "system": "http://terminology.hl7.org/CodeSystem/observation-category",
                "code": "survey"
              }
            ]
          }
        ],
        "code": {
          "coding": [
            {
              "system": "http://loinc.org",
              "code": "67162-8"
            }
          ]
        },
        "subject": {
          "reference": "Patient/PID-0a24fa90d4dd3e27c46cb95dd224f07fb1ba35e47298880a867721b6"
        },
        "effectiveDateTime": "2025-01-16T12:48:00+01:00",
        "valueCodeableConcept": {
          "coding": [
            {
              "system": "https://www.medizininformatik-initiative.de/fhir/core/modul-person/CodeSystem/Vitalstatus",
              "code": "L"
            }
          ]
        }
      },
      "search": {
        "mode": "match"
      }
    },
    {
      "fullUrl": "http://num-fhirserver.distan.medicsh.de:8080/fhir/Observation/VIT-a150662a7f6f570ea7cf2b1bf19806e568e5f2c53331f49047ff046a",
      "resource": {
        "resourceType": "Observation",
        "id": "VIT-a150662a7f6f570ea7cf2b1bf19806e568e5f2c53331f49047ff046a",
        "meta": {
          "versionId": "245681824",
          "lastUpdated": "2025-03-22T07:25:46.548Z",
          "profile": [
            "https://www.medizininformatik-initiative.de/fhir/core/modul-person/StructureDefinition/Vitalstatus|2025.0.1"
          ]
        },
        "status": "final",
        "category": [
          {
            "coding": [
              {
                "system": "http://terminology.hl7.org/CodeSystem/observation-category",
                "code": "survey"
              }
            ]
          }
        ],
        "code": {
          "coding": [
            {
              "system": "http://loinc.org",
              "code": "67162-8"
            }
          ]
        },
        "subject": {
          "reference": "Patient/PID-0a24fa90d4dd3e27c46cb95dd224f07fb1ba35e47298880a867721b6"
        },
        "effectiveDateTime": "2024-12-31T23:59:59+01:00",
        "valueCodeableConcept": {
          "coding": [
            {
              "system": "https://www.medizininformatik-initiative.de/fhir/core/modul-person/CodeSystem/Vitalstatus",
              "code": "L"
            }
          ]
        }
      },
      "search": {
        "mode": "match"
      }
    },
    {
      "fullUrl": "http://num-fhirserver.distan.medicsh.de:8080/fhir/Procedure/PR-61ac144fddd6abf3670f082433e4cc4487f255040a7cb12766f1e699",
      "resource": {
        "resourceType": "Procedure",
        "id": "PR-61ac144fddd6abf3670f082433e4cc4487f255040a7cb12766f1e699",
        "meta": {
          "versionId": "383167180",
          "lastUpdated": "2025-10-08T22:44:15.219Z",
          "profile": [
            "https://www.medizininformatik-initiative.de/fhir/core/modul-prozedur/StructureDefinition/Procedure|2025.0.0"
          ]
        },
        "status": "completed",
        "category": {
          "coding": [
            {
              "system": "http://snomed.info/sct",
              "code": "165197003",
              "display": "Diagnostic assessment"
            }
          ]
        },
        "code": {
          "coding": [
            {
              "system": "http://fhir.de/CodeSystem/bfarm/ops",
              "version": "2020",
              "code": "1-426.1",
              "display": "(Perkutane) Biopsie an Lymphknoten, Milz und Thymus mit Steuerung durch bildgebende Verfahren: Lymphknoten, supraklavikulär (Virchow-Drüse)"
            }
          ]
        },
        "subject": {
          "reference": "Patient/PID-0a24fa90d4dd3e27c46cb95dd224f07fb1ba35e47298880a867721b6"
        },
        "encounter": {
          "reference": "Encounter/PV-1e045267380e66837177d4116ebdcf4b58623674c75fa4696355544e"
        },
        "performedDateTime": "2023-10-24T14:09:00+02:00"
      },
      "search": {
        "mode": "match"
      }
    }
  ]
}
