{
  "resourceType": "Bundle",
  "id": "DGTUX4Z43GAXF3C4",
  "type": "searchset",
  "total": 3,
  "entry": [
    {
      "fullUrl": "http://num-fhirserver.distan.medicsh.de:8080/fhir/Patient/PID-0aff49da1188761e32dacf29fea1a0f2f5aa791eed56f519b2cedfc1",
      "resource": {
        "resourceType": "Patient",
        "id": "PID-0aff49da1188761e32dacf29fea1a0f2f5aa791eed56f519b2cedfc1",
        "meta": {
          "versionId": "73977103",
          "lastUpdated": "2025-03-13T06:05:47.416Z",
          "profile": [
            "https://www.medizininformatik-initiative.de/fhir/core/modul-person/StructureDefinition/PatientPseudonymisiert|2025.0.1"
          ]
        },
        "identifier": [
          {
            "use": "usual",
            "type": {
              "coding": [
                {
                  "system": "http://terminology.hl7.org/CodeSystem/v3-ObservationValue",
                  "code": "PSEUDED"
                }
              ]
            },
            "system": "https://www.medizininformatik-initiative.de/fhir/sid/pseudonym",
            "value": "0aff49da1188761e32dacf29fea1a0f2f5aa791eed56f519b2cedfc1"
          }
        ],
        "gender": "male",
        "birthDate": "2008-05",
        "deceasedBoolean": true
      },
      "search": {
        "mode": "match"
      }
    },
    {
      "fullUrl": "http://num-fhirserver.distan.medicsh.de:8080/fhir/Encounter/PV-558416dcfc35c490bec4028b978f6c189468a0aabd6bbd2b41337422",
      "resource": {
        "resourceType": "Encounter",
        "id": "PV-558416dcfc35c490bec4028b978f6c189468a0aabd6bbd2b41337422",
        "meta": {
          "versionId": "73977115",
          "lastUpdated": "2025-03-13T06:05:47.442Z",
          "source": "http://medic.uksh.de/source/orbis/legacy",
          "profile": [
            "https://www.medizininformatik-initiative.de/fhir/core/modul-fall/StructureDefinition/KontaktGesundheitseinrichtung|2025.0.0"
          ]
        },
        "identifier": [
          {
            "use": "official",
            "type": {
              "coding": [
                {
                  "system": "http://terminology.hl7.org/CodeSystem/v2-0203",
                  "code": "VN"
                }
              ]
            },
            "system": "http://medic.uksh.de/fhir/Encounter",
            "value": "558416dcfc35c490bec4028b978f6c189468a0aabd6bbd2b41337422"
          }
        ],
        "status": "finished",
        "class": {
          "system": "http://terminology.hl7.org/CodeSystem/v3-ActCode",
          "code": "AMB"
        },
        "type": [
          {
            "coding": [
              {
                "system": "http://fhir.de/CodeSystem/Kontaktebene",
                "code": "einrichtungskontakt"
              }
            ]
          }
        ],
        "subject": {
          "reference": "Patient/PID-0aff49da1188761e32dacf29fea1a0f2f5aa791eed56f519b2cedfc1"
        },
        "period": {
          "start": "2008-05-01T08:24:00+02:00",
          "end": "2008-06-30T23:59:59+02:00"
        },
        "hospitalization": {
          "admitSource": {
            "coding": [
              {
                "system": "http://fhir.de/CodeSystem/dgkev/Aufnahmeanlass",
                "code": "E"
              }
            ]
          }
        }
      },
      "search": {
        "mode": "match"
      }
    },
    {
      "fullUrl": "http://num-fhirserver.distan.medicsh.de:8080/fhir/Observation/VIT-dc7eeecd853ee9c2c0916c19246beed721a0326fdf4efbf6d8864482",
      "resource": {
        "resourceType": "Observation",
        "id": "VIT-dc7eeecd853ee9c2c0916c19246beed721a0326fdf4efbf6d8864482",
        "meta": {
          "versionId": "73977124",
          "lastUpdated": "2025-03-13T06:05:47.461Z",
          "profile": [
            "https://www.medizininformatik-initiative.de/fhir/core/modul-person/StructureDefinition/Vitalstatus|2025.0.1"
          ]
        },
        "status": "final",
        "category": [
          {
            "coding": [
              {
                "system": "http://terminology.hl7.org/CodeSystem/observation-category",
                "code": "survey"
              }
            ]
          }
        ],
        "code": {
          "coding": [
            {
              "system": "http://loinc.org",
              "code": "67162-8"
            }
          ]
        },
        "subject": {
          "reference": "Patient/PID-0aff49da1188761e32dacf29fea1a0f2f5aa791eed56f519b2cedfc1"
        },
        "effectiveDateTime": "2008-05-01T08:24:00+02:00",
        "valueCodeableConcept": {
          "coding": [
            {
              "system": "https://www.medizininformatik-initiative.de/fhir/core/modul-person/CodeSystem/Vitalstatus",
              "code": "L"
            }
          ]
        }
      },
      "search": {
        "mode": "match"
      }
    }
  ]
}
