{
  "resourceType": "Bundle",
  "id": "DGTUX5VSDRIFZV5O",
  "type": "searchset",
  "total": 5,
  "entry": [
    {
      "fullUrl": "http://num-fhirserver.distan.medicsh.de:8080/fhir/Patient/PID-0bb96eccdcc1875a1dbbe6b3dc7e92b40742f63360d6b358b53bae3c",
      "resource": {
        "resourceType": "Patient",
        "id": "PID-0bb96eccdcc1875a1dbbe6b3dc7e92b40742f63360d6b358b53bae3c",
        "meta": {
          "versionId": "162714384",
          "lastUpdated": "2025-03-15T22:36:48.423Z",
          "profile": [
            "https://www.medizininformatik-initiative.de/fhir/core/modul-person/StructureDefinition/PatientPseudonymisiert|2025.0.1"
          ]
        },
        "identifier": [
          {
            "use": "usual",
            "type": {
              "coding": [
                {
                  "system": "http://terminology.hl7.org/CodeSystem/v3-ObservationValue",
                  "code": "PSEUDED"
                }
              ]
            },
            "system": "https://www.medizininformatik-initiative.de/fhir/sid/pseudonym",
            "value": "0bb96eccdcc1875a1dbbe6b3dc7e92b40742f63360d6b358b53bae3c"
          }
        ],
        "birthDate": "1995-01",
        "deceasedBoolean": true
      },
      "search": {
        "mode": "match"
      }
    },
    {
      "fullUrl": "http://num-fhirserver.distan.medicsh.de:8080/fhir/Encounter/PV-4ad185341732acfc872971593ce6d035af5e7e547f2c7471d5808a27",
      "resource": {
        "resourceType": "Encounter",
        "id": "PV-4ad185341732acfc872971593ce6d035af5e7e547f2c7471d5808a27",
        "meta": {
          "versionId": "162714417",
          "lastUpdated": "2025-03-15T22:36:48.531Z",
          "source": "http://medic.uksh.de/source/orbis/legacy",
          "profile": [
            "https://www.medizininformatik-initiative.de/fhir/core/modul-fall/StructureDefinition/KontaktGesundheitseinrichtung|2025.0.0"
          ]
        },
        "identifier": [
          {
            "use": "official",
            "type": {
              "coding": [
                {
                  "system": "http://terminology.hl7.org/CodeSystem/v2-0203",
                  "code": "VN"
                }
              ]
            },
            "system": "http://medic.uksh.de/fhir/Encounter",
            "value": "4ad185341732acfc872971593ce6d035af5e7e547f2c7471d5808a27"
          }
        ],
        "status": "finished",
        "class": {
          "system": "http://terminology.hl7.org/CodeSystem/v3-ActCode",
          "code": "AMB"
        },
        "type": [
          {
            "coding": [
              {
                "system": "http://fhir.de/CodeSystem/Kontaktebene",
                "code": "einrichtungskontakt"
              }
            ]
          }
        ],
        "subject": {
          "reference": "Patient/PID-0bb96eccdcc1875a1dbbe6b3dc7e92b40742f63360d6b358b53bae3c"
        },
        "period": {
          "start": "2017-07-05T14:29:00+02:00",
          "end": "2017-09-30T23:59:59+02:00"
        }
      },
      "search": {
        "mode": "match"
      }
    },
    {
      "fullUrl": "http://num-fhirserver.distan.medicsh.de:8080/fhir/Encounter/PV-50cd1fa666e378ee0cabf2828cf4d4cc6325031abc0879f097633860",
      "resource": {
        "resourceType": "Encounter",
        "id": "PV-50cd1fa666e378ee0cabf2828cf4d4cc6325031abc0879f097633860",
        "meta": {
          "versionId": "162714549",
          "lastUpdated": "2025-03-15T22:36:48.810Z",
          "source": "http://medic.uksh.de/source/orbis/legacy",
          "profile": [
            "https://www.medizininformatik-initiative.de/fhir/core/modul-fall/StructureDefinition/KontaktGesundheitseinrichtung|2025.0.0"
          ]
        },
        "identifier": [
          {
            "use": "official",
            "type": {
              "coding": [
                {
                  "system": "http://terminology.hl7.org/CodeSystem/v2-0203",
                  "code": "VN"
                }
              ]
            },
            "system": "http://medic.uksh.de/fhir/Encounter",
            "value": "50cd1fa666e378ee0cabf2828cf4d4cc6325031abc0879f097633860"
          }
        ],
        "status": "finished",
        "class": {
          "system": "http://terminology.hl7.org/CodeSystem/v3-ActCode",
          "code": "AMB"
        },
        "type": [
          {
            "coding": [
              {
                "system": "http://fhir.de/CodeSystem/Kontaktebene",
                "code": "einrichtungskontakt"
              }
            ]
          }
        ],
        "subject": {
          "reference": "Patient/PID-0bb96eccdcc1875a1dbbe6b3dc7e92b40742f63360d6b358b53bae3c"
        },
        "period": {
          "start": "2013-09-18T09:52:00+02:00",
          "end": "2013-09-30T23:59:59+02:00"
        },
        "hospitalization": {
          "admitSource": {
            "coding": [
              {
                "system": "http://fhir.de/CodeSystem/dgkev/Aufnahmeanlass",
                "code": "E"
              }
            ]
          }
        }
      },
      "search": {
        "mode": "match"
      }
    },
    {
      "fullUrl": "http://num-fhirserver.distan.medicsh.de:8080/fhir/Observation/VIT-3e3161336aceb9db3364e87c78e670278b8da0ef06d661dbd50eeddb",
      "resource": {
        "resourceType": "Observation",
        "id": "VIT-3e3161336aceb9db3364e87c78e670278b8da0ef06d661dbd50eeddb",
        "meta": {
          "versionId": "162714425",
          "lastUpdated": "2025-03-15T22:36:48.548Z",
          "profile": [
            "https://www.medizininformatik-initiative.de/fhir/core/modul-person/StructureDefinition/Vitalstatus|2025.0.1"
          ]
        },
        "status": "final",
        "category": [
          {
            "coding": [
              {
                "system": "http://terminology.hl7.org/CodeSystem/observation-category",
                "code": "survey"
              }
            ]
          }
        ],
        "code": {
          "coding": [
            {
              "system": "http://loinc.org",
              "code": "67162-8"
            }
          ]
        },
        "subject": {
          "reference": "Patient/PID-0bb96eccdcc1875a1dbbe6b3dc7e92b40742f63360d6b358b53bae3c"
        },
        "effectiveDateTime": "2017-07-05T14:29:00+02:00",
        "valueCodeableConcept": {
          "coding": [
            {
              "system": "https://www.medizininformatik-initiative.de/fhir/core/modul-person/CodeSystem/Vitalstatus",
              "code": "L"
            }
          ]
        }
      },
      "search": {
        "mode": "match"
      }
    },
    {
      "fullUrl": "http://num-fhirserver.distan.medicsh.de:8080/fhir/Observation/VIT-cecef6245cea2bfc96bf85d2d7da7035395828ec0a16676a4d2525ad",
      "resource": {
        "resourceType": "Observation",
        "id": "VIT-cecef6245cea2bfc96bf85d2d7da7035395828ec0a16676a4d2525ad",
        "meta": {
          "versionId": "162714556",
          "lastUpdated": "2025-03-15T22:36:48.825Z",
          "profile": [
            "https://www.medizininformatik-initiative.de/fhir/core/modul-person/StructureDefinition/Vitalstatus|2025.0.1"
          ]
        },
        "status": "final",
        "category": [
          {
            "coding": [
              {
                "system": "http://terminology.hl7.org/CodeSystem/observation-category",
                "code": "survey"
              }
            ]
          }
        ],
        "code": {
          "coding": [
            {
              "system": "http://loinc.org",
              "code": "67162-8"
            }
          ]
        },
        "subject": {
          "reference": "Patient/PID-0bb96eccdcc1875a1dbbe6b3dc7e92b40742f63360d6b358b53bae3c"
        },
        "effectiveDateTime": "2013-09-18T09:52:00+02:00",
        "valueCodeableConcept": {
          "coding": [
            {
              "system": "https://www.medizininformatik-initiative.de/fhir/core/modul-person/CodeSystem/Vitalstatus",
              "code": "L"
            }
          ]
        }
      },
      "search": {
        "mode": "match"
      }
    }
  ]
}
