{
  "resourceType": "Bundle",
  "id": "DGTUX5XXJLKGWDMO",
  "type": "searchset",
  "total": 3,
  "entry": [
    {
      "fullUrl": "http://num-fhirserver.distan.medicsh.de:8080/fhir/Patient/PID-103dd018c73d2551cba0b97d597a48fd5ab86ed5bc585cb151506a55",
      "resource": {
        "resourceType": "Patient",
        "id": "PID-103dd018c73d2551cba0b97d597a48fd5ab86ed5bc585cb151506a55",
        "meta": {
          "versionId": "164889415",
          "lastUpdated": "2025-03-16T11:50:03.364Z",
          "profile": [
            "https://www.medizininformatik-initiative.de/fhir/core/modul-person/StructureDefinition/PatientPseudonymisiert|2025.0.1"
          ]
        },
        "identifier": [
          {
            "use": "usual",
            "type": {
              "coding": [
                {
                  "system": "http://terminology.hl7.org/CodeSystem/v3-ObservationValue",
                  "code": "PSEUDED"
                }
              ]
            },
            "system": "https://www.medizininformatik-initiative.de/fhir/sid/pseudonym",
            "value": "103dd018c73d2551cba0b97d597a48fd5ab86ed5bc585cb151506a55"
          }
        ],
        "gender": "female",
        "birthDate": "2012-11",
        "deceasedBoolean": true
      },
      "search": {
        "mode": "match"
      }
    },
    {
      "fullUrl": "http://num-fhirserver.distan.medicsh.de:8080/fhir/Encounter/PV-444461800fb6b5ef38b794ee96d23231da84c43ff3053b53efb50c92",
      "resource": {
        "resourceType": "Encounter",
        "id": "PV-444461800fb6b5ef38b794ee96d23231da84c43ff3053b53efb50c92",
        "meta": {
          "versionId": "164889407",
          "lastUpdated": "2025-03-16T11:50:03.168Z",
          "source": "http://medic.uksh.de/source/orbis/legacy",
          "profile": [
            "https://www.medizininformatik-initiative.de/fhir/core/modul-fall/StructureDefinition/KontaktGesundheitseinrichtung|2025.0.0"
          ]
        },
        "identifier": [
          {
            "use": "official",
            "type": {
              "coding": [
                {
                  "system": "http://terminology.hl7.org/CodeSystem/v2-0203",
                  "code": "VN"
                }
              ]
            },
            "system": "http://medic.uksh.de/fhir/Encounter",
            "value": "444461800fb6b5ef38b794ee96d23231da84c43ff3053b53efb50c92"
          }
        ],
        "status": "finished",
        "class": {
          "system": "http://terminology.hl7.org/CodeSystem/v3-ActCode",
          "code": "AMB"
        },
        "type": [
          {
            "coding": [
              {
                "system": "http://fhir.de/CodeSystem/Kontaktebene",
                "code": "einrichtungskontakt"
              }
            ]
          }
        ],
        "subject": {
          "reference": "Patient/PID-103dd018c73d2551cba0b97d597a48fd5ab86ed5bc585cb151506a55"
        },
        "period": {
          "start": "2012-11-29T13:07:00+01:00",
          "end": "2012-12-31T23:59:59+01:00"
        },
        "hospitalization": {
          "admitSource": {
            "coding": [
              {
                "system": "http://fhir.de/CodeSystem/dgkev/Aufnahmeanlass",
                "code": "E"
              }
            ]
          }
        }
      },
      "search": {
        "mode": "match"
      }
    },
    {
      "fullUrl": "http://num-fhirserver.distan.medicsh.de:8080/fhir/Observation/VIT-8afc50ce94c0f9210c7e349d9a07deea1af1eaea5e2248385bf66308",
      "resource": {
        "resourceType": "Observation",
        "id": "VIT-8afc50ce94c0f9210c7e349d9a07deea1af1eaea5e2248385bf66308",
        "meta": {
          "versionId": "164889408",
          "lastUpdated": "2025-03-16T11:50:03.186Z",
          "profile": [
            "https://www.medizininformatik-initiative.de/fhir/core/modul-person/StructureDefinition/Vitalstatus|2025.0.1"
          ]
        },
        "status": "final",
        "category": [
          {
            "coding": [
              {
                "system": "http://terminology.hl7.org/CodeSystem/observation-category",
                "code": "survey"
              }
            ]
          }
        ],
        "code": {
          "coding": [
            {
              "system": "http://loinc.org",
              "code": "67162-8"
            }
          ]
        },
        "subject": {
          "reference": "Patient/PID-103dd018c73d2551cba0b97d597a48fd5ab86ed5bc585cb151506a55"
        },
        "effectiveDateTime": "2012-11-29T13:07:00+01:00",
        "valueCodeableConcept": {
          "coding": [
            {
              "system": "https://www.medizininformatik-initiative.de/fhir/core/modul-person/CodeSystem/Vitalstatus",
              "code": "L"
            }
          ]
        }
      },
      "search": {
        "mode": "match"
      }
    }
  ]
}
