{
  "resourceType": "Bundle",
  "id": "DGTUX54QWOIIBQQ6",
  "type": "searchset",
  "total": 4,
  "entry": [
    {
      "fullUrl": "http://num-fhirserver.distan.medicsh.de:8080/fhir/Patient/PID-1229b35528f2e27b8f60d15411c09592f019b1fd5674eeb4498e490c",
      "resource": {
        "resourceType": "Patient",
        "id": "PID-1229b35528f2e27b8f60d15411c09592f019b1fd5674eeb4498e490c",
        "meta": {
          "versionId": "235684312",
          "lastUpdated": "2025-03-19T14:38:40.754Z",
          "profile": [
            "https://www.medizininformatik-initiative.de/fhir/core/modul-person/StructureDefinition/PatientPseudonymisiert|2025.0.1"
          ]
        },
        "identifier": [
          {
            "use": "usual",
            "type": {
              "coding": [
                {
                  "system": "http://terminology.hl7.org/CodeSystem/v3-ObservationValue",
                  "code": "PSEUDED"
                }
              ]
            },
            "system": "https://www.medizininformatik-initiative.de/fhir/sid/pseudonym",
            "value": "1229b35528f2e27b8f60d15411c09592f019b1fd5674eeb4498e490c"
          }
        ],
        "birthDate": "1986-12",
        "deceasedBoolean": true,
        "address": [
          {
            "type": "both",
            "postalCode": "391",
            "country": "DE"
          }
        ]
      },
      "search": {
        "mode": "match"
      }
    },
    {
      "fullUrl": "http://num-fhirserver.distan.medicsh.de:8080/fhir/Encounter/PV-91d0a646597b0b8e735d2e3474e44fca4f25ef013e459e10b8cbb206",
      "resource": {
        "resourceType": "Encounter",
        "id": "PV-91d0a646597b0b8e735d2e3474e44fca4f25ef013e459e10b8cbb206",
        "meta": {
          "versionId": "234962534",
          "lastUpdated": "2025-03-19T14:09:47.384Z",
          "source": "http://medic.uksh.de/source/orbis/adt",
          "profile": [
            "https://www.medizininformatik-initiative.de/fhir/core/modul-fall/StructureDefinition/KontaktGesundheitseinrichtung|2025.0.0"
          ]
        },
        "identifier": [
          {
            "use": "official",
            "type": {
              "coding": [
                {
                  "system": "http://terminology.hl7.org/CodeSystem/v2-0203",
                  "code": "VN"
                }
              ]
            },
            "system": "http://medic.uksh.de/fhir/Encounter",
            "value": "91d0a646597b0b8e735d2e3474e44fca4f25ef013e459e10b8cbb206"
          }
        ],
        "status": "finished",
        "class": {
          "system": "http://terminology.hl7.org/CodeSystem/v3-ActCode",
          "code": "AMB"
        },
        "type": [
          {
            "coding": [
              {
                "system": "http://fhir.de/CodeSystem/Kontaktebene",
                "code": "einrichtungskontakt"
              }
            ]
          }
        ],
        "subject": {
          "reference": "Patient/PID-1229b35528f2e27b8f60d15411c09592f019b1fd5674eeb4498e490c"
        },
        "period": {
          "start": "2022-07-20T09:14:00+02:00",
          "end": "2022-09-30T23:59:59+02:00"
        }
      },
      "search": {
        "mode": "match"
      }
    },
    {
      "fullUrl": "http://num-fhirserver.distan.medicsh.de:8080/fhir/Observation/VIT-299e536254ab63be217b379b720bab394de4bc1f71b280119b0934bb",
      "resource": {
        "resourceType": "Observation",
        "id": "VIT-299e536254ab63be217b379b720bab394de4bc1f71b280119b0934bb",
        "meta": {
          "versionId": "234962549",
          "lastUpdated": "2025-03-19T14:09:47.414Z",
          "profile": [
            "https://www.medizininformatik-initiative.de/fhir/core/modul-person/StructureDefinition/Vitalstatus|2025.0.1"
          ]
        },
        "status": "final",
        "category": [
          {
            "coding": [
              {
                "system": "http://terminology.hl7.org/CodeSystem/observation-category",
                "code": "survey"
              }
            ]
          }
        ],
        "code": {
          "coding": [
            {
              "system": "http://loinc.org",
              "code": "67162-8"
            }
          ]
        },
        "subject": {
          "reference": "Patient/PID-1229b35528f2e27b8f60d15411c09592f019b1fd5674eeb4498e490c"
        },
        "effectiveDateTime": "2022-09-30T23:59:59+02:00",
        "valueCodeableConcept": {
          "coding": [
            {
              "system": "https://www.medizininformatik-initiative.de/fhir/core/modul-person/CodeSystem/Vitalstatus",
              "code": "L"
            }
          ]
        }
      },
      "search": {
        "mode": "match"
      }
    },
    {
      "fullUrl": "http://num-fhirserver.distan.medicsh.de:8080/fhir/Observation/VIT-510c6e18f2760051a3cce09183e91967bc34ce2913253ceec1bc539f",
      "resource": {
        "resourceType": "Observation",
        "id": "VIT-510c6e18f2760051a3cce09183e91967bc34ce2913253ceec1bc539f",
        "meta": {
          "versionId": "234962539",
          "lastUpdated": "2025-03-19T14:09:47.400Z",
          "profile": [
            "https://www.medizininformatik-initiative.de/fhir/core/modul-person/StructureDefinition/Vitalstatus|2025.0.1"
          ]
        },
        "status": "final",
        "category": [
          {
            "coding": [
              {
                "system": "http://terminology.hl7.org/CodeSystem/observation-category",
                "code": "survey"
              }
            ]
          }
        ],
        "code": {
          "coding": [
            {
              "system": "http://loinc.org",
              "code": "67162-8"
            }
          ]
        },
        "subject": {
          "reference": "Patient/PID-1229b35528f2e27b8f60d15411c09592f019b1fd5674eeb4498e490c"
        },
        "effectiveDateTime": "2022-07-20T09:14:00+02:00",
        "valueCodeableConcept": {
          "coding": [
            {
              "system": "https://www.medizininformatik-initiative.de/fhir/core/modul-person/CodeSystem/Vitalstatus",
              "code": "L"
            }
          ]
        }
      },
      "search": {
        "mode": "match"
      }
    }
  ]
}
