{
  "resourceType": "Bundle",
  "id": "DGTUYB77NB4HZFE3",
  "type": "searchset",
  "total": 8,
  "entry": [
    {
      "fullUrl": "http://num-fhirserver.distan.medicsh.de:8080/fhir/Patient/PID-1552c80b2053ea0a39fda0cddc859f9193cd3f7ffaec0214bc9dcc57",
      "resource": {
        "resourceType": "Patient",
        "id": "PID-1552c80b2053ea0a39fda0cddc859f9193cd3f7ffaec0214bc9dcc57",
        "meta": {
          "versionId": "244377765",
          "lastUpdated": "2025-03-21T23:08:26.079Z",
          "profile": [
            "https://www.medizininformatik-initiative.de/fhir/core/modul-person/StructureDefinition/PatientPseudonymisiert|2025.0.1"
          ]
        },
        "identifier": [
          {
            "use": "usual",
            "type": {
              "coding": [
                {
                  "system": "http://terminology.hl7.org/CodeSystem/v3-ObservationValue",
                  "code": "PSEUDED"
                }
              ]
            },
            "system": "https://www.medizininformatik-initiative.de/fhir/sid/pseudonym",
            "value": "1552c80b2053ea0a39fda0cddc859f9193cd3f7ffaec0214bc9dcc57"
          }
        ],
        "gender": "female",
        "birthDate": "1988-06",
        "deceasedBoolean": true
      },
      "search": {
        "mode": "match"
      }
    },
    {
      "fullUrl": "http://num-fhirserver.distan.medicsh.de:8080/fhir/Encounter/PV-01013b26970fd55b72386ebabf1113762e6668abddbffbc6b5a4e917",
      "resource": {
        "resourceType": "Encounter",
        "id": "PV-01013b26970fd55b72386ebabf1113762e6668abddbffbc6b5a4e917",
        "meta": {
          "versionId": "244377841",
          "lastUpdated": "2025-03-21T23:08:27.423Z",
          "source": "http://medic.uksh.de/source/orbis/adt",
          "profile": [
            "https://www.medizininformatik-initiative.de/fhir/core/modul-fall/StructureDefinition/KontaktGesundheitseinrichtung|2025.0.0"
          ]
        },
        "identifier": [
          {
            "use": "official",
            "type": {
              "coding": [
                {
                  "system": "http://terminology.hl7.org/CodeSystem/v2-0203",
                  "code": "VN"
                }
              ]
            },
            "system": "http://medic.uksh.de/fhir/Encounter",
            "value": "01013b26970fd55b72386ebabf1113762e6668abddbffbc6b5a4e917"
          }
        ],
        "status": "finished",
        "class": {
          "system": "http://terminology.hl7.org/CodeSystem/v3-ActCode",
          "code": "IMP"
        },
        "type": [
          {
            "coding": [
              {
                "system": "http://fhir.de/CodeSystem/Kontaktebene",
                "code": "einrichtungskontakt"
              }
            ]
          }
        ],
        "subject": {
          "reference": "Patient/PID-1552c80b2053ea0a39fda0cddc859f9193cd3f7ffaec0214bc9dcc57"
        },
        "period": {
          "start": "2024-08-20T12:47:00+02:00",
          "end": "2024-08-20T12:52:00+02:00"
        }
      },
      "search": {
        "mode": "match"
      }
    },
    {
      "fullUrl": "http://num-fhirserver.distan.medicsh.de:8080/fhir/Encounter/PV-8386b64bce71f887d06a0d421e594330a3f47ae762466b04db5b778a",
      "resource": {
        "resourceType": "Encounter",
        "id": "PV-8386b64bce71f887d06a0d421e594330a3f47ae762466b04db5b778a",
        "meta": {
          "versionId": "245787501",
          "lastUpdated": "2025-03-22T08:26:35.933Z",
          "source": "http://medic.uksh.de/source/orbis/adt",
          "profile": [
            "https://www.medizininformatik-initiative.de/fhir/core/modul-fall/StructureDefinition/KontaktGesundheitseinrichtung|2025.0.0"
          ]
        },
        "identifier": [
          {
            "use": "official",
            "type": {
              "coding": [
                {
                  "system": "http://terminology.hl7.org/CodeSystem/v2-0203",
                  "code": "VN"
                }
              ]
            },
            "system": "http://medic.uksh.de/fhir/Encounter",
            "value": "8386b64bce71f887d06a0d421e594330a3f47ae762466b04db5b778a"
          }
        ],
        "status": "in-progress",
        "class": {
          "system": "http://terminology.hl7.org/CodeSystem/v3-ActCode",
          "code": "AMB"
        },
        "type": [
          {
            "coding": [
              {
                "system": "http://fhir.de/CodeSystem/Kontaktebene",
                "code": "einrichtungskontakt"
              }
            ]
          }
        ],
        "subject": {
          "reference": "Patient/PID-1552c80b2053ea0a39fda0cddc859f9193cd3f7ffaec0214bc9dcc57"
        },
        "period": {
          "start": "2025-01-28T13:39:00+01:00",
          "end": "2025-03-31T23:59:59+02:00"
        }
      },
      "search": {
        "mode": "match"
      }
    },
    {
      "fullUrl": "http://num-fhirserver.distan.medicsh.de:8080/fhir/Encounter/PV-AK-e78d4e55f41b6066bcb9525ffd01d781af0160890439caf5b3dd6cf4",
      "resource": {
        "resourceType": "Encounter",
        "id": "PV-AK-e78d4e55f41b6066bcb9525ffd01d781af0160890439caf5b3dd6cf4",
        "meta": {
          "versionId": "244377846",
          "lastUpdated": "2025-03-21T23:08:27.509Z",
          "source": "http://medic.uksh.de/source/orbis/adt",
          "profile": [
            "https://www.medizininformatik-initiative.de/fhir/core/modul-fall/StructureDefinition/KontaktGesundheitseinrichtung|2025.0.0"
          ]
        },
        "identifier": [
          {
            "use": "official",
            "type": {
              "coding": [
                {
                  "system": "http://terminology.hl7.org/CodeSystem/v2-0203",
                  "code": "VN"
                }
              ]
            },
            "system": "http://medic.uksh.de/fhir/Encounter",
            "value": "01013b26970fd55b72386ebabf1113762e6668abddbffbc6b5a4e917"
          },
          {
            "use": "secondary",
            "type": {
              "coding": [
                {
                  "system": "http://terminology.hl7.org/CodeSystem/v2-0203",
                  "code": "U"
                }
              ]
            },
            "system": "http://medic.uksh.de.de/fhir/Encounter/department",
            "value": "ITSG.2024-08-20T12:47:00"
          }
        ],
        "status": "finished",
        "class": {
          "system": "http://terminology.hl7.org/CodeSystem/v3-ActCode",
          "code": "IMP"
        },
        "type": [
          {
            "coding": [
              {
                "system": "http://fhir.de/CodeSystem/Kontaktebene",
                "code": "abteilungskontakt"
              }
            ]
          }
        ],
        "subject": {
          "reference": "Patient/PID-1552c80b2053ea0a39fda0cddc859f9193cd3f7ffaec0214bc9dcc57"
        },
        "period": {
          "start": "2024-08-20T12:47:00+02:00",
          "end": "2024-08-20T12:52:00+02:00"
        },
        "location": [
          {
            "location": {
              "reference": "Location/ITSG-ITSGSTAT2"
            },
            "status": "completed",
            "physicalType": {
              "coding": [
                {
                  "system": "http://terminology.hl7.org/CodeSystem/location-physical-type",
                  "code": "wa"
                }
              ]
            },
            "period": {
              "start": "2024-08-20T12:47:00+02:00",
              "end": "2024-08-20T12:52:00+02:00"
            }
          }
        ],
        "partOf": {
          "reference": "Encounter/PV-01013b26970fd55b72386ebabf1113762e6668abddbffbc6b5a4e917"
        }
      },
      "search": {
        "mode": "match"
      }
    },
    {
      "fullUrl": "http://num-fhirserver.distan.medicsh.de:8080/fhir/Encounter/PV-VK-f121d0bfd5746ceb077a7c034a56c956faa2593d10196839a858da66",
      "resource": {
        "resourceType": "Encounter",
        "id": "PV-VK-f121d0bfd5746ceb077a7c034a56c956faa2593d10196839a858da66",
        "meta": {
          "versionId": "244377844",
          "lastUpdated": "2025-03-21T23:08:27.490Z",
          "source": "http://medic.uksh.de/source/orbis/adt",
          "profile": [
            "https://www.medizininformatik-initiative.de/fhir/core/modul-fall/StructureDefinition/KontaktGesundheitseinrichtung|2025.0.0"
          ]
        },
        "identifier": [
          {
            "use": "official",
            "type": {
              "coding": [
                {
                  "system": "http://terminology.hl7.org/CodeSystem/v2-0203",
                  "code": "VN"
                }
              ]
            },
            "system": "http://medic.uksh.de/fhir/Encounter",
            "value": "01013b26970fd55b72386ebabf1113762e6668abddbffbc6b5a4e917"
          },
          {
            "use": "secondary",
            "type": {
              "coding": [
                {
                  "system": "http://terminology.hl7.org/CodeSystem/v2-0203",
                  "code": "U"
                }
              ]
            },
            "system": "http://medic.uksh.de.de/fhir/Encounter/department",
            "value": "ITSG.ITSGSTAT2.2024-08-20T12:47:00"
          }
        ],
        "status": "finished",
        "class": {
          "system": "http://terminology.hl7.org/CodeSystem/v3-ActCode",
          "code": "IMP"
        },
        "type": [
          {
            "coding": [
              {
                "system": "http://fhir.de/CodeSystem/Kontaktebene",
                "code": "versorgungsstellenkontakt"
              }
            ]
          }
        ],
        "subject": {
          "reference": "Patient/PID-1552c80b2053ea0a39fda0cddc859f9193cd3f7ffaec0214bc9dcc57"
        },
        "period": {
          "start": "2024-08-20T12:47:00+02:00",
          "end": "2024-08-20T12:52:00+02:00"
        },
        "location": [
          {
            "location": {
              "reference": "Location/ITSG-ITSGSTAT2"
            },
            "status": "completed",
            "physicalType": {
              "coding": [
                {
                  "system": "http://terminology.hl7.org/CodeSystem/location-physical-type",
                  "code": "wa"
                }
              ]
            },
            "period": {
              "start": "2024-08-20T12:47:00+02:00",
              "end": "2024-08-20T12:52:00+02:00"
            }
          }
        ],
        "partOf": {
          "reference": "Encounter/PV-AK-e78d4e55f41b6066bcb9525ffd01d781af0160890439caf5b3dd6cf4"
        }
      },
      "search": {
        "mode": "match"
      }
    },
    {
      "fullUrl": "http://num-fhirserver.distan.medicsh.de:8080/fhir/Observation/VIT-35146dadcdcad156c1493e06fc5c84bd70717d775fb316d476d7d62c",
      "resource": {
        "resourceType": "Observation",
        "id": "VIT-35146dadcdcad156c1493e06fc5c84bd70717d775fb316d476d7d62c",
        "meta": {
          "versionId": "244377843",
          "lastUpdated": "2025-03-21T23:08:27.459Z",
          "profile": [
            "https://www.medizininformatik-initiative.de/fhir/core/modul-person/StructureDefinition/Vitalstatus|2025.0.1"
          ]
        },
        "status": "final",
        "category": [
          {
            "coding": [
              {
                "system": "http://terminology.hl7.org/CodeSystem/observation-category",
                "code": "survey"
              }
            ]
          }
        ],
        "code": {
          "coding": [
            {
              "system": "http://loinc.org",
              "code": "67162-8"
            }
          ]
        },
        "subject": {
          "reference": "Patient/PID-1552c80b2053ea0a39fda0cddc859f9193cd3f7ffaec0214bc9dcc57"
        },
        "effectiveDateTime": "2024-08-20T12:52:00+02:00",
        "valueCodeableConcept": {
          "coding": [
            {
              "system": "https://www.medizininformatik-initiative.de/fhir/core/modul-person/CodeSystem/Vitalstatus",
              "code": "L"
            }
          ]
        }
      },
      "search": {
        "mode": "match"
      }
    },
    {
      "fullUrl": "http://num-fhirserver.distan.medicsh.de:8080/fhir/Observation/VIT-4398be7c8d71e2b971d038644cd29b24b8d49e00d72f573c76410e2a",
      "resource": {
        "resourceType": "Observation",
        "id": "VIT-4398be7c8d71e2b971d038644cd29b24b8d49e00d72f573c76410e2a",
        "meta": {
          "versionId": "245787502",
          "lastUpdated": "2025-03-22T08:26:35.951Z",
          "profile": [
            "https://www.medizininformatik-initiative.de/fhir/core/modul-person/StructureDefinition/Vitalstatus|2025.0.1"
          ]
        },
        "status": "final",
        "category": [
          {
            "coding": [
              {
                "system": "http://terminology.hl7.org/CodeSystem/observation-category",
                "code": "survey"
              }
            ]
          }
        ],
        "code": {
          "coding": [
            {
              "system": "http://loinc.org",
              "code": "67162-8"
            }
          ]
        },
        "subject": {
          "reference": "Patient/PID-1552c80b2053ea0a39fda0cddc859f9193cd3f7ffaec0214bc9dcc57"
        },
        "effectiveDateTime": "2025-01-28T13:39:00+01:00",
        "valueCodeableConcept": {
          "coding": [
            {
              "system": "https://www.medizininformatik-initiative.de/fhir/core/modul-person/CodeSystem/Vitalstatus",
              "code": "L"
            }
          ]
        }
      },
      "search": {
        "mode": "match"
      }
    },
    {
      "fullUrl": "http://num-fhirserver.distan.medicsh.de:8080/fhir/Observation/VIT-4d86d92fd0de71e5cbe876099a79ef6a7c9274508a1a56c0f702a5f5",
      "resource": {
        "resourceType": "Observation",
        "id": "VIT-4d86d92fd0de71e5cbe876099a79ef6a7c9274508a1a56c0f702a5f5",
        "meta": {
          "versionId": "244377769",
          "lastUpdated": "2025-03-21T23:08:26.107Z",
          "profile": [
            "https://www.medizininformatik-initiative.de/fhir/core/modul-person/StructureDefinition/Vitalstatus|2025.0.1"
          ]
        },
        "status": "final",
        "category": [
          {
            "coding": [
              {
                "system": "http://terminology.hl7.org/CodeSystem/observation-category",
                "code": "survey"
              }
            ]
          }
        ],
        "code": {
          "coding": [
            {
              "system": "http://loinc.org",
              "code": "67162-8"
            }
          ]
        },
        "subject": {
          "reference": "Patient/PID-1552c80b2053ea0a39fda0cddc859f9193cd3f7ffaec0214bc9dcc57"
        },
        "effectiveDateTime": "2024-08-20T12:47:00+02:00",
        "valueCodeableConcept": {
          "coding": [
            {
              "system": "https://www.medizininformatik-initiative.de/fhir/core/modul-person/CodeSystem/Vitalstatus",
              "code": "L"
            }
          ]
        }
      },
      "search": {
        "mode": "match"
      }
    }
  ]
}
