{
  "resourceType": "Bundle",
  "id": "DGTUX4YN6577NVSP",
  "type": "searchset",
  "total": 3,
  "entry": [
    {
      "fullUrl": "http://num-fhirserver.distan.medicsh.de:8080/fhir/Patient/PID-16d88f03ec515b49fa844a657793743d30c6d5a20802961cefe14aaa",
      "resource": {
        "resourceType": "Patient",
        "id": "PID-16d88f03ec515b49fa844a657793743d30c6d5a20802961cefe14aaa",
        "meta": {
          "versionId": "201131744",
          "lastUpdated": "2025-03-18T08:31:16.432Z",
          "profile": [
            "https://www.medizininformatik-initiative.de/fhir/core/modul-person/StructureDefinition/PatientPseudonymisiert|2025.0.1"
          ]
        },
        "identifier": [
          {
            "use": "usual",
            "type": {
              "coding": [
                {
                  "system": "http://terminology.hl7.org/CodeSystem/v3-ObservationValue",
                  "code": "PSEUDED"
                }
              ]
            },
            "system": "https://www.medizininformatik-initiative.de/fhir/sid/pseudonym",
            "value": "16d88f03ec515b49fa844a657793743d30c6d5a20802961cefe14aaa"
          }
        ],
        "birthDate": "2008-04",
        "deceasedBoolean": true
      },
      "search": {
        "mode": "match"
      }
    },
    {
      "fullUrl": "http://num-fhirserver.distan.medicsh.de:8080/fhir/Encounter/PV-f12174563459f09fe9267177feb767cb1b272ecc6b5af77a88e163c5",
      "resource": {
        "resourceType": "Encounter",
        "id": "PV-f12174563459f09fe9267177feb767cb1b272ecc6b5af77a88e163c5",
        "meta": {
          "versionId": "201131694",
          "lastUpdated": "2025-03-18T08:31:16.289Z",
          "source": "http://medic.uksh.de/source/orbis/legacy",
          "profile": [
            "https://www.medizininformatik-initiative.de/fhir/core/modul-fall/StructureDefinition/KontaktGesundheitseinrichtung|2025.0.0"
          ]
        },
        "identifier": [
          {
            "use": "official",
            "type": {
              "coding": [
                {
                  "system": "http://terminology.hl7.org/CodeSystem/v2-0203",
                  "code": "VN"
                }
              ]
            },
            "system": "http://medic.uksh.de/fhir/Encounter",
            "value": "f12174563459f09fe9267177feb767cb1b272ecc6b5af77a88e163c5"
          }
        ],
        "status": "finished",
        "class": {
          "system": "http://terminology.hl7.org/CodeSystem/v3-ActCode",
          "code": "AMB"
        },
        "type": [
          {
            "coding": [
              {
                "system": "http://fhir.de/CodeSystem/Kontaktebene",
                "code": "einrichtungskontakt"
              }
            ]
          }
        ],
        "subject": {
          "reference": "Patient/PID-16d88f03ec515b49fa844a657793743d30c6d5a20802961cefe14aaa"
        },
        "period": {
          "start": "2008-06-03T11:02:00+02:00",
          "end": "2008-06-30T23:59:59+02:00"
        },
        "hospitalization": {
          "admitSource": {
            "coding": [
              {
                "system": "http://fhir.de/CodeSystem/dgkev/Aufnahmeanlass",
                "code": "E"
              }
            ]
          }
        }
      },
      "search": {
        "mode": "match"
      }
    },
    {
      "fullUrl": "http://num-fhirserver.distan.medicsh.de:8080/fhir/Observation/VIT-bc24079f26105f3731f9342e3d0d1431f6643622a5b7a38b90b0d4aa",
      "resource": {
        "resourceType": "Observation",
        "id": "VIT-bc24079f26105f3731f9342e3d0d1431f6643622a5b7a38b90b0d4aa",
        "meta": {
          "versionId": "201131704",
          "lastUpdated": "2025-03-18T08:31:16.302Z",
          "profile": [
            "https://www.medizininformatik-initiative.de/fhir/core/modul-person/StructureDefinition/Vitalstatus|2025.0.1"
          ]
        },
        "status": "final",
        "category": [
          {
            "coding": [
              {
                "system": "http://terminology.hl7.org/CodeSystem/observation-category",
                "code": "survey"
              }
            ]
          }
        ],
        "code": {
          "coding": [
            {
              "system": "http://loinc.org",
              "code": "67162-8"
            }
          ]
        },
        "subject": {
          "reference": "Patient/PID-16d88f03ec515b49fa844a657793743d30c6d5a20802961cefe14aaa"
        },
        "effectiveDateTime": "2008-06-03T11:02:00+02:00",
        "valueCodeableConcept": {
          "coding": [
            {
              "system": "https://www.medizininformatik-initiative.de/fhir/core/modul-person/CodeSystem/Vitalstatus",
              "code": "L"
            }
          ]
        }
      },
      "search": {
        "mode": "match"
      }
    }
  ]
}
