{
  "resourceType": "Bundle",
  "id": "DGTUYAWCWJI5XNSI",
  "type": "searchset",
  "total": 3,
  "entry": [
    {
      "fullUrl": "http://num-fhirserver.distan.medicsh.de:8080/fhir/Patient/PID-1856646f92651e6c89707a0b6293dd531667ae3620a752e1cc02ff93",
      "resource": {
        "resourceType": "Patient",
        "id": "PID-1856646f92651e6c89707a0b6293dd531667ae3620a752e1cc02ff93",
        "meta": {
          "versionId": "59906194",
          "lastUpdated": "2025-03-12T15:39:19.226Z",
          "profile": [
            "https://www.medizininformatik-initiative.de/fhir/core/modul-person/StructureDefinition/PatientPseudonymisiert|2025.0.1"
          ]
        },
        "identifier": [
          {
            "use": "usual",
            "type": {
              "coding": [
                {
                  "system": "http://terminology.hl7.org/CodeSystem/v3-ObservationValue",
                  "code": "PSEUDED"
                }
              ]
            },
            "system": "https://www.medizininformatik-initiative.de/fhir/sid/pseudonym",
            "value": "1856646f92651e6c89707a0b6293dd531667ae3620a752e1cc02ff93"
          }
        ],
        "birthDate": "2017-01",
        "deceasedBoolean": true,
        "address": [
          {
            "type": "both",
            "postalCode": "241",
            "country": "DE"
          }
        ]
      },
      "search": {
        "mode": "match"
      }
    },
    {
      "fullUrl": "http://num-fhirserver.distan.medicsh.de:8080/fhir/Encounter/PV-8f09d26fb6c05bec50e8e0066fb0c46b78dd020f8d4bff8eae7e006c",
      "resource": {
        "resourceType": "Encounter",
        "id": "PV-8f09d26fb6c05bec50e8e0066fb0c46b78dd020f8d4bff8eae7e006c",
        "meta": {
          "versionId": "59909267",
          "lastUpdated": "2025-03-12T15:39:32.326Z",
          "source": "http://medic.uksh.de/source/orbis/legacy",
          "profile": [
            "https://www.medizininformatik-initiative.de/fhir/core/modul-fall/StructureDefinition/KontaktGesundheitseinrichtung|2025.0.0"
          ]
        },
        "identifier": [
          {
            "use": "official",
            "type": {
              "coding": [
                {
                  "system": "http://terminology.hl7.org/CodeSystem/v2-0203",
                  "code": "VN"
                }
              ]
            },
            "system": "http://medic.uksh.de/fhir/Encounter",
            "value": "8f09d26fb6c05bec50e8e0066fb0c46b78dd020f8d4bff8eae7e006c"
          }
        ],
        "status": "finished",
        "class": {
          "system": "http://terminology.hl7.org/CodeSystem/v3-ActCode",
          "code": "AMB"
        },
        "type": [
          {
            "coding": [
              {
                "system": "http://fhir.de/CodeSystem/Kontaktebene",
                "code": "einrichtungskontakt"
              }
            ]
          }
        ],
        "subject": {
          "reference": "Patient/PID-1856646f92651e6c89707a0b6293dd531667ae3620a752e1cc02ff93"
        },
        "period": {
          "start": "2017-01-04T12:52:00+01:00",
          "end": "2017-03-31T23:59:59+02:00"
        },
        "hospitalization": {
          "admitSource": {
            "coding": [
              {
                "system": "http://fhir.de/CodeSystem/dgkev/Aufnahmeanlass",
                "code": "E"
              }
            ]
          }
        }
      },
      "search": {
        "mode": "match"
      }
    },
    {
      "fullUrl": "http://num-fhirserver.distan.medicsh.de:8080/fhir/Observation/VIT-eaf6eb9711bcee52b341636783a0f01bd2b356d074f1f6400de90946",
      "resource": {
        "resourceType": "Observation",
        "id": "VIT-eaf6eb9711bcee52b341636783a0f01bd2b356d074f1f6400de90946",
        "meta": {
          "versionId": "59909286",
          "lastUpdated": "2025-03-12T15:39:32.365Z",
          "profile": [
            "https://www.medizininformatik-initiative.de/fhir/core/modul-person/StructureDefinition/Vitalstatus|2025.0.1"
          ]
        },
        "status": "final",
        "category": [
          {
            "coding": [
              {
                "system": "http://terminology.hl7.org/CodeSystem/observation-category",
                "code": "survey"
              }
            ]
          }
        ],
        "code": {
          "coding": [
            {
              "system": "http://loinc.org",
              "code": "67162-8"
            }
          ]
        },
        "subject": {
          "reference": "Patient/PID-1856646f92651e6c89707a0b6293dd531667ae3620a752e1cc02ff93"
        },
        "effectiveDateTime": "2017-01-04T12:52:00+01:00",
        "valueCodeableConcept": {
          "coding": [
            {
              "system": "https://www.medizininformatik-initiative.de/fhir/core/modul-person/CodeSystem/Vitalstatus",
              "code": "L"
            }
          ]
        }
      },
      "search": {
        "mode": "match"
      }
    }
  ]
}
