{
  "resourceType": "Bundle",
  "id": "DGTUX5AFAQSMC5C2",
  "type": "searchset",
  "total": 3,
  "entry": [
    {
      "fullUrl": "http://num-fhirserver.distan.medicsh.de:8080/fhir/Patient/PID-18c94c012538ebbff8d2907eb7e34bcbb6aad3da44b924905d368c8b",
      "resource": {
        "resourceType": "Patient",
        "id": "PID-18c94c012538ebbff8d2907eb7e34bcbb6aad3da44b924905d368c8b",
        "meta": {
          "versionId": "91189423",
          "lastUpdated": "2025-03-13T18:33:18.461Z",
          "profile": [
            "https://www.medizininformatik-initiative.de/fhir/core/modul-person/StructureDefinition/PatientPseudonymisiert|2025.0.1"
          ]
        },
        "identifier": [
          {
            "use": "usual",
            "type": {
              "coding": [
                {
                  "system": "http://terminology.hl7.org/CodeSystem/v3-ObservationValue",
                  "code": "PSEUDED"
                }
              ]
            },
            "system": "https://www.medizininformatik-initiative.de/fhir/sid/pseudonym",
            "value": "18c94c012538ebbff8d2907eb7e34bcbb6aad3da44b924905d368c8b"
          }
        ],
        "gender": "male",
        "birthDate": "2006-01",
        "deceasedBoolean": true
      },
      "search": {
        "mode": "match"
      }
    },
    {
      "fullUrl": "http://num-fhirserver.distan.medicsh.de:8080/fhir/Encounter/PV-28b58daed9a73f6407a73f28605e8bb6aa53b688bd070e4b2cb2c161",
      "resource": {
        "resourceType": "Encounter",
        "id": "PV-28b58daed9a73f6407a73f28605e8bb6aa53b688bd070e4b2cb2c161",
        "meta": {
          "versionId": "91189202",
          "lastUpdated": "2025-03-13T18:33:17.718Z",
          "source": "http://medic.uksh.de/source/orbis/legacy",
          "profile": [
            "https://www.medizininformatik-initiative.de/fhir/core/modul-fall/StructureDefinition/KontaktGesundheitseinrichtung|2025.0.0"
          ]
        },
        "identifier": [
          {
            "use": "official",
            "type": {
              "coding": [
                {
                  "system": "http://terminology.hl7.org/CodeSystem/v2-0203",
                  "code": "VN"
                }
              ]
            },
            "system": "http://medic.uksh.de/fhir/Encounter",
            "value": "28b58daed9a73f6407a73f28605e8bb6aa53b688bd070e4b2cb2c161"
          }
        ],
        "status": "finished",
        "class": {
          "system": "http://terminology.hl7.org/CodeSystem/v3-ActCode",
          "code": "AMB"
        },
        "type": [
          {
            "coding": [
              {
                "system": "http://fhir.de/CodeSystem/Kontaktebene",
                "code": "einrichtungskontakt"
              }
            ]
          }
        ],
        "subject": {
          "reference": "Patient/PID-18c94c012538ebbff8d2907eb7e34bcbb6aad3da44b924905d368c8b"
        },
        "period": {
          "start": "2006-01-01T13:39:00+01:00",
          "end": "2006-03-31T23:59:59+02:00"
        }
      },
      "search": {
        "mode": "match"
      }
    },
    {
      "fullUrl": "http://num-fhirserver.distan.medicsh.de:8080/fhir/Observation/VIT-adfd05e6b82a7c6dda1b38d5e0e496168c6c20b36cff59fc29db5281",
      "resource": {
        "resourceType": "Observation",
        "id": "VIT-adfd05e6b82a7c6dda1b38d5e0e496168c6c20b36cff59fc29db5281",
        "meta": {
          "versionId": "91189212",
          "lastUpdated": "2025-03-13T18:33:17.741Z",
          "profile": [
            "https://www.medizininformatik-initiative.de/fhir/core/modul-person/StructureDefinition/Vitalstatus|2025.0.1"
          ]
        },
        "status": "final",
        "category": [
          {
            "coding": [
              {
                "system": "http://terminology.hl7.org/CodeSystem/observation-category",
                "code": "survey"
              }
            ]
          }
        ],
        "code": {
          "coding": [
            {
              "system": "http://loinc.org",
              "code": "67162-8"
            }
          ]
        },
        "subject": {
          "reference": "Patient/PID-18c94c012538ebbff8d2907eb7e34bcbb6aad3da44b924905d368c8b"
        },
        "effectiveDateTime": "2006-01-01T13:39:00+01:00",
        "valueCodeableConcept": {
          "coding": [
            {
              "system": "https://www.medizininformatik-initiative.de/fhir/core/modul-person/CodeSystem/Vitalstatus",
              "code": "L"
            }
          ]
        }
      },
      "search": {
        "mode": "match"
      }
    }
  ]
}
