{
  "resourceType": "Bundle",
  "id": "DGTUYAEVAKRJYSGV",
  "type": "searchset",
  "total": 4,
  "entry": [
    {
      "fullUrl": "http://num-fhirserver.distan.medicsh.de:8080/fhir/Patient/PID-1909362df6b2f7c081a0f0761e1422f6cf77454ef2fa47eacda4319b",
      "resource": {
        "resourceType": "Patient",
        "id": "PID-1909362df6b2f7c081a0f0761e1422f6cf77454ef2fa47eacda4319b",
        "meta": {
          "versionId": "235805701",
          "lastUpdated": "2025-03-19T14:58:35.423Z",
          "profile": [
            "https://www.medizininformatik-initiative.de/fhir/core/modul-person/StructureDefinition/PatientPseudonymisiert|2025.0.1"
          ]
        },
        "identifier": [
          {
            "use": "usual",
            "type": {
              "coding": [
                {
                  "system": "http://terminology.hl7.org/CodeSystem/v3-ObservationValue",
                  "code": "PSEUDED"
                }
              ]
            },
            "system": "https://www.medizininformatik-initiative.de/fhir/sid/pseudonym",
            "value": "1909362df6b2f7c081a0f0761e1422f6cf77454ef2fa47eacda4319b"
          }
        ],
        "gender": "male",
        "birthDate": "2022-09",
        "deceasedBoolean": true,
        "address": [
          {
            "type": "both",
            "postalCode": "235",
            "country": "DE"
          }
        ]
      },
      "search": {
        "mode": "match"
      }
    },
    {
      "fullUrl": "http://num-fhirserver.distan.medicsh.de:8080/fhir/Encounter/PV-0094a94b185307b7f16fb3cba60dc9d785919fd333d0dafe3a354420",
      "resource": {
        "resourceType": "Encounter",
        "id": "PV-0094a94b185307b7f16fb3cba60dc9d785919fd333d0dafe3a354420",
        "meta": {
          "versionId": "235315364",
          "lastUpdated": "2025-03-19T14:21:06.906Z",
          "source": "http://medic.uksh.de/source/orbis/adt",
          "profile": [
            "https://www.medizininformatik-initiative.de/fhir/core/modul-fall/StructureDefinition/KontaktGesundheitseinrichtung|2025.0.0"
          ]
        },
        "identifier": [
          {
            "use": "official",
            "type": {
              "coding": [
                {
                  "system": "http://terminology.hl7.org/CodeSystem/v2-0203",
                  "code": "VN"
                }
              ]
            },
            "system": "http://medic.uksh.de/fhir/Encounter",
            "value": "0094a94b185307b7f16fb3cba60dc9d785919fd333d0dafe3a354420"
          }
        ],
        "status": "finished",
        "class": {
          "system": "http://terminology.hl7.org/CodeSystem/v3-ActCode",
          "code": "AMB"
        },
        "type": [
          {
            "coding": [
              {
                "system": "http://fhir.de/CodeSystem/Kontaktebene",
                "code": "einrichtungskontakt"
              }
            ]
          }
        ],
        "subject": {
          "reference": "Patient/PID-1909362df6b2f7c081a0f0761e1422f6cf77454ef2fa47eacda4319b"
        },
        "period": {
          "start": "2022-09-07T13:38:00+02:00",
          "end": "2022-09-30T23:59:59+02:00"
        }
      },
      "search": {
        "mode": "match"
      }
    },
    {
      "fullUrl": "http://num-fhirserver.distan.medicsh.de:8080/fhir/Observation/VIT-19e63772f468340a93e980561d615018419c55709eef9d4c688c0d07",
      "resource": {
        "resourceType": "Observation",
        "id": "VIT-19e63772f468340a93e980561d615018419c55709eef9d4c688c0d07",
        "meta": {
          "versionId": "235315378",
          "lastUpdated": "2025-03-19T14:21:06.936Z",
          "profile": [
            "https://www.medizininformatik-initiative.de/fhir/core/modul-person/StructureDefinition/Vitalstatus|2025.0.1"
          ]
        },
        "status": "final",
        "category": [
          {
            "coding": [
              {
                "system": "http://terminology.hl7.org/CodeSystem/observation-category",
                "code": "survey"
              }
            ]
          }
        ],
        "code": {
          "coding": [
            {
              "system": "http://loinc.org",
              "code": "67162-8"
            }
          ]
        },
        "subject": {
          "reference": "Patient/PID-1909362df6b2f7c081a0f0761e1422f6cf77454ef2fa47eacda4319b"
        },
        "effectiveDateTime": "2022-09-30T23:59:59+02:00",
        "valueCodeableConcept": {
          "coding": [
            {
              "system": "https://www.medizininformatik-initiative.de/fhir/core/modul-person/CodeSystem/Vitalstatus",
              "code": "L"
            }
          ]
        }
      },
      "search": {
        "mode": "match"
      }
    },
    {
      "fullUrl": "http://num-fhirserver.distan.medicsh.de:8080/fhir/Observation/VIT-dc784bd543c6266551eaa460293bdcfb54d460d7a78ec482efd77401",
      "resource": {
        "resourceType": "Observation",
        "id": "VIT-dc784bd543c6266551eaa460293bdcfb54d460d7a78ec482efd77401",
        "meta": {
          "versionId": "235315371",
          "lastUpdated": "2025-03-19T14:21:06.922Z",
          "profile": [
            "https://www.medizininformatik-initiative.de/fhir/core/modul-person/StructureDefinition/Vitalstatus|2025.0.1"
          ]
        },
        "status": "final",
        "category": [
          {
            "coding": [
              {
                "system": "http://terminology.hl7.org/CodeSystem/observation-category",
                "code": "survey"
              }
            ]
          }
        ],
        "code": {
          "coding": [
            {
              "system": "http://loinc.org",
              "code": "67162-8"
            }
          ]
        },
        "subject": {
          "reference": "Patient/PID-1909362df6b2f7c081a0f0761e1422f6cf77454ef2fa47eacda4319b"
        },
        "effectiveDateTime": "2022-09-07T13:38:00+02:00",
        "valueCodeableConcept": {
          "coding": [
            {
              "system": "https://www.medizininformatik-initiative.de/fhir/core/modul-person/CodeSystem/Vitalstatus",
              "code": "L"
            }
          ]
        }
      },
      "search": {
        "mode": "match"
      }
    }
  ]
}
