{
  "resourceType": "Bundle",
  "id": "DGTUX632T7CRMWID",
  "type": "searchset",
  "total": 35,
  "entry": [
    {
      "fullUrl": "http://num-fhirserver.distan.medicsh.de:8080/fhir/Patient/PID-19e07415e4e88b6ee36b15048c587b3e85feb5fce47e2ea39c962d9c",
      "resource": {
        "resourceType": "Patient",
        "id": "PID-19e07415e4e88b6ee36b15048c587b3e85feb5fce47e2ea39c962d9c",
        "meta": {
          "versionId": "187878611",
          "lastUpdated": "2025-03-17T22:59:46.250Z",
          "profile": [
            "https://www.medizininformatik-initiative.de/fhir/core/modul-person/StructureDefinition/PatientPseudonymisiert|2025.0.1"
          ]
        },
        "identifier": [
          {
            "use": "usual",
            "type": {
              "coding": [
                {
                  "system": "http://terminology.hl7.org/CodeSystem/v3-ObservationValue",
                  "code": "PSEUDED"
                }
              ]
            },
            "system": "https://www.medizininformatik-initiative.de/fhir/sid/pseudonym",
            "value": "19e07415e4e88b6ee36b15048c587b3e85feb5fce47e2ea39c962d9c"
          }
        ],
        "gender": "female",
        "birthDate": "2020-12",
        "deceasedBoolean": true,
        "address": [
          {
            "type": "both",
            "postalCode": "235",
            "country": "DE"
          }
        ]
      },
      "search": {
        "mode": "match"
      }
    },
    {
      "fullUrl": "http://num-fhirserver.distan.medicsh.de:8080/fhir/Condition/CON-0213f2291c82be6bd34ebecca255e2a98ad84fb85ad0477d9f672662",
      "resource": {
        "resourceType": "Condition",
        "id": "CON-0213f2291c82be6bd34ebecca255e2a98ad84fb85ad0477d9f672662",
        "meta": {
          "versionId": "3581431",
          "lastUpdated": "2025-03-10T17:40:25.896Z",
          "profile": [
            "https://www.medizininformatik-initiative.de/fhir/core/modul-diagnose/StructureDefinition/Diagnose|2025.0.0"
          ]
        },
        "code": {
          "coding": [
            {
              "system": "http://fhir.de/CodeSystem/bfarm/icd-10-gm",
              "version": "2022",
              "code": "H90.5"
            }
          ]
        },
        "subject": {
          "reference": "Patient/PID-19e07415e4e88b6ee36b15048c587b3e85feb5fce47e2ea39c962d9c"
        },
        "encounter": {
          "reference": "Encounter/PV-23c39496798e50c9aa57019e5ef3b2ced66a8fdbb646459c9d75d32b"
        },
        "recordedDate": "2022-10-17T11:49:00+02:00"
      },
      "search": {
        "mode": "match"
      }
    },
    {
      "fullUrl": "http://num-fhirserver.distan.medicsh.de:8080/fhir/Condition/CON-26e82b11be86ea7fe4e4dd6f19cea67ee232e48aa393f63d59803a53",
      "resource": {
        "resourceType": "Condition",
        "id": "CON-26e82b11be86ea7fe4e4dd6f19cea67ee232e48aa393f63d59803a53",
        "meta": {
          "versionId": "28736911",
          "lastUpdated": "2025-03-11T09:32:00.540Z",
          "profile": [
            "https://www.medizininformatik-initiative.de/fhir/core/modul-diagnose/StructureDefinition/Diagnose|2025.0.0"
          ]
        },
        "code": {
          "coding": [
            {
              "system": "http://fhir.de/CodeSystem/bfarm/icd-10-gm",
              "version": "2024",
              "code": "F84.9"
            }
          ]
        },
        "subject": {
          "reference": "Patient/PID-19e07415e4e88b6ee36b15048c587b3e85feb5fce47e2ea39c962d9c"
        },
        "encounter": {
          "reference": "Encounter/PV-ccaafdf3df27f0af700b630481755d7d8af2d042ade514f6cd2b5cb1"
        },
        "recordedDate": "2024-10-14T09:12:00+02:00"
      },
      "search": {
        "mode": "match"
      }
    },
    {
      "fullUrl": "http://num-fhirserver.distan.medicsh.de:8080/fhir/Condition/CON-39d6be77e719781e4d58f38d8e23a1fff3db7a296f19aaf2ffe56aca",
      "resource": {
        "resourceType": "Condition",
        "id": "CON-39d6be77e719781e4d58f38d8e23a1fff3db7a296f19aaf2ffe56aca",
        "meta": {
          "versionId": "3582529",
          "lastUpdated": "2025-03-10T17:40:27.963Z",
          "profile": [
            "https://www.medizininformatik-initiative.de/fhir/core/modul-diagnose/StructureDefinition/Diagnose|2025.0.0"
          ]
        },
        "code": {
          "coding": [
            {
              "system": "http://fhir.de/CodeSystem/bfarm/icd-10-gm",
              "version": "2022",
              "code": "J35.2"
            }
          ]
        },
        "subject": {
          "reference": "Patient/PID-19e07415e4e88b6ee36b15048c587b3e85feb5fce47e2ea39c962d9c"
        },
        "encounter": {
          "reference": "Encounter/PV-23c39496798e50c9aa57019e5ef3b2ced66a8fdbb646459c9d75d32b"
        },
        "recordedDate": "2022-10-17T11:49:00+02:00"
      },
      "search": {
        "mode": "match"
      }
    },
    {
      "fullUrl": "http://num-fhirserver.distan.medicsh.de:8080/fhir/Condition/CON-665d4f294150a5593cd8acbc7723c43e09f0115e89081ce91803d463",
      "resource": {
        "resourceType": "Condition",
        "id": "CON-665d4f294150a5593cd8acbc7723c43e09f0115e89081ce91803d463",
        "meta": {
          "versionId": "323521649",
          "lastUpdated": "2025-04-22T02:19:23.170Z",
          "profile": [
            "https://www.medizininformatik-initiative.de/fhir/core/modul-diagnose/StructureDefinition/Diagnose|2025.0.0"
          ]
        },
        "code": {
          "coding": [
            {
              "system": "http://fhir.de/CodeSystem/bfarm/icd-10-gm",
              "version": "2025",
              "code": "S01.0"
            }
          ]
        },
        "subject": {
          "reference": "Patient/PID-19e07415e4e88b6ee36b15048c587b3e85feb5fce47e2ea39c962d9c"
        },
        "encounter": {
          "reference": "Encounter/PV-ecfcdaf7e085bec75dddbaa053149bbfd8a1159b3a38dbd6d1dc2829"
        },
        "recordedDate": "2025-04-20T23:40:00+02:00"
      },
      "search": {
        "mode": "match"
      }
    },
    {
      "fullUrl": "http://num-fhirserver.distan.medicsh.de:8080/fhir/Condition/CON-806dfcbb6e5031745ea8aca59b808717e99efde5bb1c4e50beafd16e",
      "resource": {
        "resourceType": "Condition",
        "id": "CON-806dfcbb6e5031745ea8aca59b808717e99efde5bb1c4e50beafd16e",
        "meta": {
          "versionId": "3591247",
          "lastUpdated": "2025-03-10T17:40:43.528Z",
          "profile": [
            "https://www.medizininformatik-initiative.de/fhir/core/modul-diagnose/StructureDefinition/Diagnose|2025.0.0"
          ]
        },
        "code": {
          "coding": [
            {
              "system": "http://fhir.de/CodeSystem/bfarm/icd-10-gm",
              "version": "2022",
              "code": "H90.3"
            }
          ]
        },
        "subject": {
          "reference": "Patient/PID-19e07415e4e88b6ee36b15048c587b3e85feb5fce47e2ea39c962d9c"
        },
        "encounter": {
          "reference": "Encounter/PV-23c39496798e50c9aa57019e5ef3b2ced66a8fdbb646459c9d75d32b"
        },
        "recordedDate": "2022-10-17T11:49:00+02:00"
      },
      "search": {
        "mode": "match"
      }
    },
    {
      "fullUrl": "http://num-fhirserver.distan.medicsh.de:8080/fhir/Condition/CON-960048baadcc92803cbefef196608f54de4439d36887b05480c90edc",
      "resource": {
        "resourceType": "Condition",
        "id": "CON-960048baadcc92803cbefef196608f54de4439d36887b05480c90edc",
        "meta": {
          "versionId": "26216442",
          "lastUpdated": "2025-03-11T08:04:54.943Z",
          "profile": [
            "https://www.medizininformatik-initiative.de/fhir/core/modul-diagnose/StructureDefinition/Diagnose|2025.0.0"
          ]
        },
        "code": {
          "coding": [
            {
              "system": "http://fhir.de/CodeSystem/bfarm/icd-10-gm",
              "version": "2024",
              "code": "F80.1"
            }
          ]
        },
        "subject": {
          "reference": "Patient/PID-19e07415e4e88b6ee36b15048c587b3e85feb5fce47e2ea39c962d9c"
        },
        "encounter": {
          "reference": "Encounter/PV-3722291ef480fcfa6b37c12ffb52e6d32939c7aae9cdfa3bd08ef100"
        },
        "recordedDate": "2024-09-03T08:56:00+02:00"
      },
      "search": {
        "mode": "match"
      }
    },
    {
      "fullUrl": "http://num-fhirserver.distan.medicsh.de:8080/fhir/Condition/CON-a126deb92e52b3d7748fded8b0cfbd25b74f39f063c5cab0d3882cd3",
      "resource": {
        "resourceType": "Condition",
        "id": "CON-a126deb92e52b3d7748fded8b0cfbd25b74f39f063c5cab0d3882cd3",
        "meta": {
          "versionId": "3581080",
          "lastUpdated": "2025-03-10T17:40:25.119Z",
          "profile": [
            "https://www.medizininformatik-initiative.de/fhir/core/modul-diagnose/StructureDefinition/Diagnose|2025.0.0"
          ]
        },
        "code": {
          "coding": [
            {
              "system": "http://fhir.de/CodeSystem/bfarm/icd-10-gm",
              "version": "2022",
              "code": "H90.2"
            }
          ]
        },
        "subject": {
          "reference": "Patient/PID-19e07415e4e88b6ee36b15048c587b3e85feb5fce47e2ea39c962d9c"
        },
        "encounter": {
          "reference": "Encounter/PV-23c39496798e50c9aa57019e5ef3b2ced66a8fdbb646459c9d75d32b"
        },
        "recordedDate": "2022-10-17T11:49:00+02:00"
      },
      "search": {
        "mode": "match"
      }
    },
    {
      "fullUrl": "http://num-fhirserver.distan.medicsh.de:8080/fhir/Condition/CON-f85b04253c37f404b9f429ab195b7095ac0a6cd3dbaf3af07d6dab09",
      "resource": {
        "resourceType": "Condition",
        "id": "CON-f85b04253c37f404b9f429ab195b7095ac0a6cd3dbaf3af07d6dab09",
        "meta": {
          "versionId": "324716511",
          "lastUpdated": "2025-04-30T02:04:18.280Z",
          "profile": [
            "https://www.medizininformatik-initiative.de/fhir/core/modul-diagnose/StructureDefinition/Diagnose|2025.0.0"
          ]
        },
        "code": {
          "coding": [
            {
              "system": "http://fhir.de/CodeSystem/bfarm/icd-10-gm",
              "version": "2025",
              "code": "S06.0"
            }
          ]
        },
        "subject": {
          "reference": "Patient/PID-19e07415e4e88b6ee36b15048c587b3e85feb5fce47e2ea39c962d9c"
        },
        "encounter": {
          "reference": "Encounter/PV-ecfcdaf7e085bec75dddbaa053149bbfd8a1159b3a38dbd6d1dc2829"
        },
        "recordedDate": "2025-04-20T23:40:00+02:00"
      },
      "search": {
        "mode": "match"
      }
    },
    {
      "fullUrl": "http://num-fhirserver.distan.medicsh.de:8080/fhir/Encounter/PV-23c39496798e50c9aa57019e5ef3b2ced66a8fdbb646459c9d75d32b",
      "resource": {
        "resourceType": "Encounter",
        "id": "PV-23c39496798e50c9aa57019e5ef3b2ced66a8fdbb646459c9d75d32b",
        "meta": {
          "versionId": "235539095",
          "lastUpdated": "2025-03-19T14:28:06.036Z",
          "source": "http://medic.uksh.de/source/orbis/adt",
          "profile": [
            "https://www.medizininformatik-initiative.de/fhir/core/modul-fall/StructureDefinition/KontaktGesundheitseinrichtung|2025.0.0"
          ]
        },
        "identifier": [
          {
            "use": "official",
            "type": {
              "coding": [
                {
                  "system": "http://terminology.hl7.org/CodeSystem/v2-0203",
                  "code": "VN"
                }
              ]
            },
            "system": "http://medic.uksh.de/fhir/Encounter",
            "value": "23c39496798e50c9aa57019e5ef3b2ced66a8fdbb646459c9d75d32b"
          }
        ],
        "status": "finished",
        "class": {
          "system": "http://terminology.hl7.org/CodeSystem/v3-ActCode",
          "code": "AMB"
        },
        "type": [
          {
            "coding": [
              {
                "system": "http://fhir.de/CodeSystem/Kontaktebene",
                "code": "einrichtungskontakt"
              }
            ]
          }
        ],
        "subject": {
          "reference": "Patient/PID-19e07415e4e88b6ee36b15048c587b3e85feb5fce47e2ea39c962d9c"
        },
        "period": {
          "start": "2022-10-17T11:49:00+02:00",
          "end": "2022-12-31T23:59:59+01:00"
        }
      },
      "search": {
        "mode": "match"
      }
    },
    {
      "fullUrl": "http://num-fhirserver.distan.medicsh.de:8080/fhir/Encounter/PV-3722291ef480fcfa6b37c12ffb52e6d32939c7aae9cdfa3bd08ef100",
      "resource": {
        "resourceType": "Encounter",
        "id": "PV-3722291ef480fcfa6b37c12ffb52e6d32939c7aae9cdfa3bd08ef100",
        "meta": {
          "versionId": "244486748",
          "lastUpdated": "2025-03-21T23:50:33.613Z",
          "source": "http://medic.uksh.de/source/orbis/adt",
          "profile": [
            "https://www.medizininformatik-initiative.de/fhir/core/modul-fall/StructureDefinition/KontaktGesundheitseinrichtung|2025.0.0"
          ]
        },
        "identifier": [
          {
            "use": "official",
            "type": {
              "coding": [
                {
                  "system": "http://terminology.hl7.org/CodeSystem/v2-0203",
                  "code": "VN"
                }
              ]
            },
            "system": "http://medic.uksh.de/fhir/Encounter",
            "value": "3722291ef480fcfa6b37c12ffb52e6d32939c7aae9cdfa3bd08ef100"
          }
        ],
        "status": "finished",
        "class": {
          "system": "http://terminology.hl7.org/CodeSystem/v3-ActCode",
          "code": "AMB"
        },
        "type": [
          {
            "coding": [
              {
                "system": "http://fhir.de/CodeSystem/Kontaktebene",
                "code": "einrichtungskontakt"
              }
            ]
          }
        ],
        "subject": {
          "reference": "Patient/PID-19e07415e4e88b6ee36b15048c587b3e85feb5fce47e2ea39c962d9c"
        },
        "period": {
          "start": "2024-09-03T08:55:00+02:00",
          "end": "2024-09-30T23:59:59+02:00"
        }
      },
      "search": {
        "mode": "match"
      }
    },
    {
      "fullUrl": "http://num-fhirserver.distan.medicsh.de:8080/fhir/Encounter/PV-5495ffbc8a1fb0e286e1b82aca6ae79a4c845a1349c6bdef334ee938",
      "resource": {
        "resourceType": "Encounter",
        "id": "PV-5495ffbc8a1fb0e286e1b82aca6ae79a4c845a1349c6bdef334ee938",
        "meta": {
          "versionId": "187878573",
          "lastUpdated": "2025-03-17T22:59:46.160Z",
          "source": "http://medic.uksh.de/source/orbis/legacy",
          "profile": [
            "https://www.medizininformatik-initiative.de/fhir/core/modul-fall/StructureDefinition/KontaktGesundheitseinrichtung|2025.0.0"
          ]
        },
        "identifier": [
          {
            "use": "official",
            "type": {
              "coding": [
                {
                  "system": "http://terminology.hl7.org/CodeSystem/v2-0203",
                  "code": "VN"
                }
              ]
            },
            "system": "http://medic.uksh.de/fhir/Encounter",
            "value": "5495ffbc8a1fb0e286e1b82aca6ae79a4c845a1349c6bdef334ee938"
          }
        ],
        "status": "finished",
        "class": {
          "system": "http://terminology.hl7.org/CodeSystem/v3-ActCode",
          "code": "IMP"
        },
        "type": [
          {
            "coding": [
              {
                "system": "http://fhir.de/CodeSystem/Kontaktebene",
                "code": "einrichtungskontakt"
              }
            ]
          }
        ],
        "subject": {
          "reference": "Patient/PID-19e07415e4e88b6ee36b15048c587b3e85feb5fce47e2ea39c962d9c"
        },
        "period": {
          "start": "2020-12-16T09:22:00+01:00",
          "end": "2020-12-18T16:57:00+01:00"
        },
        "hospitalization": {
          "admitSource": {
            "coding": [
              {
                "system": "http://fhir.de/CodeSystem/dgkev/Aufnahmeanlass",
                "code": "G"
              }
            ]
          }
        }
      },
      "search": {
        "mode": "match"
      }
    },
    {
      "fullUrl": "http://num-fhirserver.distan.medicsh.de:8080/fhir/Encounter/PV-AK-b20a25e42800de08f971cc815c75a87182621631579fec3be55238d2",
      "resource": {
        "resourceType": "Encounter",
        "id": "PV-AK-b20a25e42800de08f971cc815c75a87182621631579fec3be55238d2",
        "meta": {
          "versionId": "323488298",
          "lastUpdated": "2025-04-21T03:24:44.012Z",
          "source": "http://medic.uksh.de/source/orbis/adt",
          "profile": [
            "https://www.medizininformatik-initiative.de/fhir/core/modul-fall/StructureDefinition/KontaktGesundheitseinrichtung|2025.0.0"
          ]
        },
        "identifier": [
          {
            "use": "official",
            "type": {
              "coding": [
                {
                  "system": "http://terminology.hl7.org/CodeSystem/v2-0203",
                  "code": "VN"
                }
              ]
            },
            "system": "http://medic.uksh.de/fhir/Encounter",
            "value": "ecfcdaf7e085bec75dddbaa053149bbfd8a1159b3a38dbd6d1dc2829"
          },
          {
            "use": "secondary",
            "type": {
              "coding": [
                {
                  "system": "http://terminology.hl7.org/CodeSystem/v2-0203",
                  "code": "U"
                }
              ]
            },
            "system": "http://medic.uksh.de.de/fhir/Encounter/department",
            "value": "LKINA.2025-04-20T23:40:00"
          }
        ],
        "status": "in-progress",
        "class": {
          "system": "http://terminology.hl7.org/CodeSystem/v3-ActCode",
          "code": "IMP"
        },
        "type": [
          {
            "coding": [
              {
                "system": "http://fhir.de/CodeSystem/Kontaktebene",
                "code": "abteilungskontakt"
              }
            ]
          }
        ],
        "subject": {
          "reference": "Patient/PID-19e07415e4e88b6ee36b15048c587b3e85feb5fce47e2ea39c962d9c"
        },
        "period": {
          "start": "2025-04-20T23:40:00+02:00"
        },
        "location": [
          {
            "location": {
              "reference": "Location/LKINA-LKINAS1"
            },
            "status": "active",
            "physicalType": {
              "coding": [
                {
                  "system": "http://terminology.hl7.org/CodeSystem/location-physical-type",
                  "code": "wa"
                }
              ]
            },
            "period": {
              "start": "2025-04-20T23:40:00+02:00"
            }
          }
        ],
        "partOf": {
          "reference": "Encounter/PV-ecfcdaf7e085bec75dddbaa053149bbfd8a1159b3a38dbd6d1dc2829"
        }
      },
      "search": {
        "mode": "match"
      }
    },
    {
      "fullUrl": "http://num-fhirserver.distan.medicsh.de:8080/fhir/Location/LKINA-LKINAS1",
      "resource": {
        "resourceType": "Location",
        "id": "LKINA-LKINAS1",
        "meta": {
          "versionId": "37581322",
          "lastUpdated": "2025-03-11T15:54:04.151Z"
        },
        "name": "Notaufnahmestation Kinder INA",
        "type": [
          {
            "coding": [
              {
                "system": "http://terminology.hl7.org/CodeSystem/v3-RoleCode",
                "code": "HOSP"
              }
            ]
          }
        ],
        "physicalType": {
          "coding": [
            {
              "system": "http://terminology.hl7.org/CodeSystem/location-physical-type",
              "code": "wa",
              "display": "Ward"
            }
          ]
        },
        "partOf": {
          "reference": "Location/LKINA"
        }
      },
      "search": {
        "mode": "match"
      }
    },
    {
      "fullUrl": "http://num-fhirserver.distan.medicsh.de:8080/fhir/Encounter/PV-AK-d8cc4b27fc8a369ea6ad59a61cabc74be484d09b4e42da2e9a105c15",
      "resource": {
        "resourceType": "Encounter",
        "id": "PV-AK-d8cc4b27fc8a369ea6ad59a61cabc74be484d09b4e42da2e9a105c15",
        "meta": {
          "versionId": "187878614",
          "lastUpdated": "2025-03-17T22:59:46.252Z",
          "source": "http://medic.uksh.de/source/orbis/legacy",
          "profile": [
            "https://www.medizininformatik-initiative.de/fhir/core/modul-fall/StructureDefinition/KontaktGesundheitseinrichtung|2025.0.0"
          ]
        },
        "identifier": [
          {
            "use": "official",
            "type": {
              "coding": [
                {
                  "system": "http://terminology.hl7.org/CodeSystem/v2-0203",
                  "code": "VN"
                }
              ]
            },
            "system": "http://medic.uksh.de/fhir/Encounter",
            "value": "5495ffbc8a1fb0e286e1b82aca6ae79a4c845a1349c6bdef334ee938"
          },
          {
            "use": "secondary",
            "type": {
              "coding": [
                {
                  "system": "http://terminology.hl7.org/CodeSystem/v2-0203",
                  "code": "U"
                }
              ]
            },
            "system": "http://medic.uksh.de.de/fhir/Encounter/department",
            "value": "LGEBH.2020-12-16T09:22:00"
          }
        ],
        "status": "finished",
        "class": {
          "system": "http://terminology.hl7.org/CodeSystem/v3-ActCode",
          "code": "IMP"
        },
        "type": [
          {
            "coding": [
              {
                "system": "http://fhir.de/CodeSystem/Kontaktebene",
                "code": "abteilungskontakt"
              }
            ]
          }
        ],
        "subject": {
          "reference": "Patient/PID-19e07415e4e88b6ee36b15048c587b3e85feb5fce47e2ea39c962d9c"
        },
        "period": {
          "start": "2020-12-16T09:22:00+01:00",
          "end": "2020-12-18T16:57:00+01:00"
        },
        "location": [
          {
            "location": {
              "reference": "Location/LGEBH-LA320"
            },
            "status": "completed",
            "physicalType": {
              "coding": [
                {
                  "system": "http://terminology.hl7.org/CodeSystem/location-physical-type",
                  "code": "wa"
                }
              ]
            },
            "period": {
              "start": "2020-12-16T09:22:00+01:00",
              "end": "2020-12-18T16:57:00+01:00"
            }
          }
        ],
        "partOf": {
          "reference": "Encounter/PV-5495ffbc8a1fb0e286e1b82aca6ae79a4c845a1349c6bdef334ee938"
        }
      },
      "search": {
        "mode": "match"
      }
    },
    {
      "fullUrl": "http://num-fhirserver.distan.medicsh.de:8080/fhir/Location/LGEBH-LA320",
      "resource": {
        "resourceType": "Location",
        "id": "LGEBH-LA320",
        "meta": {
          "versionId": "37491651",
          "lastUpdated": "2025-03-11T15:51:19.781Z"
        },
        "name": "HL - Station A.320",
        "type": [
          {
            "coding": [
              {
                "system": "http://terminology.hl7.org/CodeSystem/v3-RoleCode",
                "code": "HOSP"
              }
            ]
          }
        ],
        "physicalType": {
          "coding": [
            {
              "system": "http://terminology.hl7.org/CodeSystem/location-physical-type",
              "code": "wa",
              "display": "Ward"
            }
          ]
        },
        "partOf": {
          "reference": "Location/LGEBH"
        }
      },
      "search": {
        "mode": "match"
      }
    },
    {
      "fullUrl": "http://num-fhirserver.distan.medicsh.de:8080/fhir/Encounter/PV-VK-324c3f68d738c9edadc4b96f000f6abd2b8d00d4d2ff8f0018b428a4",
      "resource": {
        "resourceType": "Encounter",
        "id": "PV-VK-324c3f68d738c9edadc4b96f000f6abd2b8d00d4d2ff8f0018b428a4",
        "meta": {
          "versionId": "187878603",
          "lastUpdated": "2025-03-17T22:59:46.229Z",
          "source": "http://medic.uksh.de/source/orbis/legacy",
          "profile": [
            "https://www.medizininformatik-initiative.de/fhir/core/modul-fall/StructureDefinition/KontaktGesundheitseinrichtung|2025.0.0"
          ]
        },
        "identifier": [
          {
            "use": "official",
            "type": {
              "coding": [
                {
                  "system": "http://terminology.hl7.org/CodeSystem/v2-0203",
                  "code": "VN"
                }
              ]
            },
            "system": "http://medic.uksh.de/fhir/Encounter",
            "value": "5495ffbc8a1fb0e286e1b82aca6ae79a4c845a1349c6bdef334ee938"
          },
          {
            "use": "secondary",
            "type": {
              "coding": [
                {
                  "system": "http://terminology.hl7.org/CodeSystem/v2-0203",
                  "code": "U"
                }
              ]
            },
            "system": "http://medic.uksh.de.de/fhir/Encounter/department",
            "value": "LGEBH.LA320.2020-12-16T09:22:00"
          }
        ],
        "status": "finished",
        "class": {
          "system": "http://terminology.hl7.org/CodeSystem/v3-ActCode",
          "code": "IMP"
        },
        "type": [
          {
            "coding": [
              {
                "system": "http://fhir.de/CodeSystem/Kontaktebene",
                "code": "versorgungsstellenkontakt"
              }
            ]
          }
        ],
        "subject": {
          "reference": "Patient/PID-19e07415e4e88b6ee36b15048c587b3e85feb5fce47e2ea39c962d9c"
        },
        "period": {
          "start": "2020-12-16T09:22:00+01:00",
          "end": "2020-12-18T16:57:00+01:00"
        },
        "location": [
          {
            "location": {
              "reference": "Location/LGEBH-LA320"
            },
            "status": "completed",
            "physicalType": {
              "coding": [
                {
                  "system": "http://terminology.hl7.org/CodeSystem/location-physical-type",
                  "code": "wa"
                }
              ]
            },
            "period": {
              "start": "2020-12-16T09:22:00+01:00",
              "end": "2020-12-18T16:57:00+01:00"
            }
          }
        ],
        "partOf": {
          "reference": "Encounter/PV-AK-d8cc4b27fc8a369ea6ad59a61cabc74be484d09b4e42da2e9a105c15"
        }
      },
      "search": {
        "mode": "match"
      }
    },
    {
      "fullUrl": "http://num-fhirserver.distan.medicsh.de:8080/fhir/Encounter/PV-VK-a3d4bc610f7721786b57798792141c4daf7dbfac1d46d705515b2de3",
      "resource": {
        "resourceType": "Encounter",
        "id": "PV-VK-a3d4bc610f7721786b57798792141c4daf7dbfac1d46d705515b2de3",
        "meta": {
          "versionId": "323488297",
          "lastUpdated": "2025-04-21T03:24:43.996Z",
          "source": "http://medic.uksh.de/source/orbis/adt",
          "profile": [
            "https://www.medizininformatik-initiative.de/fhir/core/modul-fall/StructureDefinition/KontaktGesundheitseinrichtung|2025.0.0"
          ]
        },
        "identifier": [
          {
            "use": "official",
            "type": {
              "coding": [
                {
                  "system": "http://terminology.hl7.org/CodeSystem/v2-0203",
                  "code": "VN"
                }
              ]
            },
            "system": "http://medic.uksh.de/fhir/Encounter",
            "value": "ecfcdaf7e085bec75dddbaa053149bbfd8a1159b3a38dbd6d1dc2829"
          },
          {
            "use": "secondary",
            "type": {
              "coding": [
                {
                  "system": "http://terminology.hl7.org/CodeSystem/v2-0203",
                  "code": "U"
                }
              ]
            },
            "system": "http://medic.uksh.de.de/fhir/Encounter/department",
            "value": "LKINA.LKINAS1.2025-04-20T23:40:00"
          }
        ],
        "status": "in-progress",
        "class": {
          "system": "http://terminology.hl7.org/CodeSystem/v3-ActCode",
          "code": "IMP"
        },
        "type": [
          {
            "coding": [
              {
                "system": "http://fhir.de/CodeSystem/Kontaktebene",
                "code": "versorgungsstellenkontakt"
              }
            ]
          }
        ],
        "subject": {
          "reference": "Patient/PID-19e07415e4e88b6ee36b15048c587b3e85feb5fce47e2ea39c962d9c"
        },
        "period": {
          "start": "2025-04-20T23:40:00+02:00"
        },
        "location": [
          {
            "location": {
              "reference": "Location/LKINA-LKINAS1"
            },
            "status": "active",
            "physicalType": {
              "coding": [
                {
                  "system": "http://terminology.hl7.org/CodeSystem/location-physical-type",
                  "code": "wa"
                }
              ]
            },
            "period": {
              "start": "2025-04-20T23:40:00+02:00"
            }
          }
        ],
        "partOf": {
          "reference": "Encounter/PV-AK-b20a25e42800de08f971cc815c75a87182621631579fec3be55238d2"
        }
      },
      "search": {
        "mode": "match"
      }
    },
    {
      "fullUrl": "http://num-fhirserver.distan.medicsh.de:8080/fhir/Encounter/PV-ccaafdf3df27f0af700b630481755d7d8af2d042ade514f6cd2b5cb1",
      "resource": {
        "resourceType": "Encounter",
        "id": "PV-ccaafdf3df27f0af700b630481755d7d8af2d042ade514f6cd2b5cb1",
        "meta": {
          "versionId": "244847507",
          "lastUpdated": "2025-03-22T02:08:03.497Z",
          "source": "http://medic.uksh.de/source/orbis/adt",
          "profile": [
            "https://www.medizininformatik-initiative.de/fhir/core/modul-fall/StructureDefinition/KontaktGesundheitseinrichtung|2025.0.0"
          ]
        },
        "identifier": [
          {
            "use": "official",
            "type": {
              "coding": [
                {
                  "system": "http://terminology.hl7.org/CodeSystem/v2-0203",
                  "code": "VN"
                }
              ]
            },
            "system": "http://medic.uksh.de/fhir/Encounter",
            "value": "ccaafdf3df27f0af700b630481755d7d8af2d042ade514f6cd2b5cb1"
          }
        ],
        "status": "finished",
        "class": {
          "system": "http://terminology.hl7.org/CodeSystem/v3-ActCode",
          "code": "AMB"
        },
        "type": [
          {
            "coding": [
              {
                "system": "http://fhir.de/CodeSystem/Kontaktebene",
                "code": "einrichtungskontakt"
              }
            ]
          }
        ],
        "subject": {
          "reference": "Patient/PID-19e07415e4e88b6ee36b15048c587b3e85feb5fce47e2ea39c962d9c"
        },
        "period": {
          "start": "2024-10-14T09:12:00+02:00",
          "end": "2024-12-31T23:59:59+01:00"
        }
      },
      "search": {
        "mode": "match"
      }
    },
    {
      "fullUrl": "http://num-fhirserver.distan.medicsh.de:8080/fhir/Encounter/PV-d0fb6636691e56bfdb7faae114000138a146260af387ba093d405953",
      "resource": {
        "resourceType": "Encounter",
        "id": "PV-d0fb6636691e56bfdb7faae114000138a146260af387ba093d405953",
        "meta": {
          "versionId": "235409821",
          "lastUpdated": "2025-03-19T14:24:00.353Z",
          "source": "http://medic.uksh.de/source/orbis/adt",
          "profile": [
            "https://www.medizininformatik-initiative.de/fhir/core/modul-fall/StructureDefinition/KontaktGesundheitseinrichtung|2025.0.0"
          ]
        },
        "identifier": [
          {
            "use": "official",
            "type": {
              "coding": [
                {
                  "system": "http://terminology.hl7.org/CodeSystem/v2-0203",
                  "code": "VN"
                }
              ]
            },
            "system": "http://medic.uksh.de/fhir/Encounter",
            "value": "d0fb6636691e56bfdb7faae114000138a146260af387ba093d405953"
          }
        ],
        "status": "finished",
        "class": {
          "system": "http://terminology.hl7.org/CodeSystem/v3-ActCode",
          "code": "AMB"
        },
        "type": [
          {
            "coding": [
              {
                "system": "http://fhir.de/CodeSystem/Kontaktebene",
                "code": "einrichtungskontakt"
              }
            ]
          }
        ],
        "subject": {
          "reference": "Patient/PID-19e07415e4e88b6ee36b15048c587b3e85feb5fce47e2ea39c962d9c"
        },
        "period": {
          "start": "2022-09-22T10:36:00+02:00",
          "end": "2022-09-30T23:59:59+02:00"
        }
      },
      "search": {
        "mode": "match"
      }
    },
    {
      "fullUrl": "http://num-fhirserver.distan.medicsh.de:8080/fhir/Encounter/PV-ecfcdaf7e085bec75dddbaa053149bbfd8a1159b3a38dbd6d1dc2829",
      "resource": {
        "resourceType": "Encounter",
        "id": "PV-ecfcdaf7e085bec75dddbaa053149bbfd8a1159b3a38dbd6d1dc2829",
        "meta": {
          "versionId": "323488295",
          "lastUpdated": "2025-04-21T03:24:43.960Z",
          "source": "http://medic.uksh.de/source/orbis/adt",
          "profile": [
            "https://www.medizininformatik-initiative.de/fhir/core/modul-fall/StructureDefinition/KontaktGesundheitseinrichtung|2025.0.0"
          ]
        },
        "identifier": [
          {
            "use": "official",
            "type": {
              "coding": [
                {
                  "system": "http://terminology.hl7.org/CodeSystem/v2-0203",
                  "code": "VN"
                }
              ]
            },
            "system": "http://medic.uksh.de/fhir/Encounter",
            "value": "ecfcdaf7e085bec75dddbaa053149bbfd8a1159b3a38dbd6d1dc2829"
          }
        ],
        "status": "in-progress",
        "class": {
          "system": "http://terminology.hl7.org/CodeSystem/v3-ActCode",
          "code": "IMP"
        },
        "type": [
          {
            "coding": [
              {
                "system": "http://fhir.de/CodeSystem/Kontaktebene",
                "code": "einrichtungskontakt"
              }
            ]
          }
        ],
        "subject": {
          "reference": "Patient/PID-19e07415e4e88b6ee36b15048c587b3e85feb5fce47e2ea39c962d9c"
        },
        "period": {
          "start": "2025-04-20T23:40:00+02:00"
        }
      },
      "search": {
        "mode": "match"
      }
    },
    {
      "fullUrl": "http://num-fhirserver.distan.medicsh.de:8080/fhir/Observation/VIT-049465d464f679f385fdf3e7239b33e6e6e13d6a656d3f12677eee18",
      "resource": {
        "resourceType": "Observation",
        "id": "VIT-049465d464f679f385fdf3e7239b33e6e6e13d6a656d3f12677eee18",
        "meta": {
          "versionId": "235539104",
          "lastUpdated": "2025-03-19T14:28:06.055Z",
          "profile": [
            "https://www.medizininformatik-initiative.de/fhir/core/modul-person/StructureDefinition/Vitalstatus|2025.0.1"
          ]
        },
        "status": "final",
        "category": [
          {
            "coding": [
              {
                "system": "http://terminology.hl7.org/CodeSystem/observation-category",
                "code": "survey"
              }
            ]
          }
        ],
        "code": {
          "coding": [
            {
              "system": "http://loinc.org",
              "code": "67162-8"
            }
          ]
        },
        "subject": {
          "reference": "Patient/PID-19e07415e4e88b6ee36b15048c587b3e85feb5fce47e2ea39c962d9c"
        },
        "effectiveDateTime": "2022-10-17T11:49:00+02:00",
        "valueCodeableConcept": {
          "coding": [
            {
              "system": "https://www.medizininformatik-initiative.de/fhir/core/modul-person/CodeSystem/Vitalstatus",
              "code": "L"
            }
          ]
        }
      },
      "search": {
        "mode": "match"
      }
    },
    {
      "fullUrl": "http://num-fhirserver.distan.medicsh.de:8080/fhir/Observation/VIT-808870251de0f122ec4f431cf0d891a3ca9b60b2993de0a6a8b72b33",
      "resource": {
        "resourceType": "Observation",
        "id": "VIT-808870251de0f122ec4f431cf0d891a3ca9b60b2993de0a6a8b72b33",
        "meta": {
          "versionId": "187878594",
          "lastUpdated": "2025-03-17T22:59:46.203Z",
          "profile": [
            "https://www.medizininformatik-initiative.de/fhir/core/modul-person/StructureDefinition/Vitalstatus|2025.0.1"
          ]
        },
        "status": "final",
        "category": [
          {
            "coding": [
              {
                "system": "http://terminology.hl7.org/CodeSystem/observation-category",
                "code": "survey"
              }
            ]
          }
        ],
        "code": {
          "coding": [
            {
              "system": "http://loinc.org",
              "code": "67162-8"
            }
          ]
        },
        "subject": {
          "reference": "Patient/PID-19e07415e4e88b6ee36b15048c587b3e85feb5fce47e2ea39c962d9c"
        },
        "effectiveDateTime": "2020-12-18T16:57:00+01:00",
        "valueCodeableConcept": {
          "coding": [
            {
              "system": "https://www.medizininformatik-initiative.de/fhir/core/modul-person/CodeSystem/Vitalstatus",
              "code": "L"
            }
          ]
        }
      },
      "search": {
        "mode": "match"
      }
    },
    {
      "fullUrl": "http://num-fhirserver.distan.medicsh.de:8080/fhir/Observation/VIT-86f6c781db3061b269e90c576a113f3cd62082237965cc34b44e7667",
      "resource": {
        "resourceType": "Observation",
        "id": "VIT-86f6c781db3061b269e90c576a113f3cd62082237965cc34b44e7667",
        "meta": {
          "versionId": "187878584",
          "lastUpdated": "2025-03-17T22:59:46.180Z",
          "profile": [
            "https://www.medizininformatik-initiative.de/fhir/core/modul-person/StructureDefinition/Vitalstatus|2025.0.1"
          ]
        },
        "status": "final",
        "category": [
          {
            "coding": [
              {
                "system": "http://terminology.hl7.org/CodeSystem/observation-category",
                "code": "survey"
              }
            ]
          }
        ],
        "code": {
          "coding": [
            {
              "system": "http://loinc.org",
              "code": "67162-8"
            }
          ]
        },
        "subject": {
          "reference": "Patient/PID-19e07415e4e88b6ee36b15048c587b3e85feb5fce47e2ea39c962d9c"
        },
        "effectiveDateTime": "2020-12-16T09:22:00+01:00",
        "valueCodeableConcept": {
          "coding": [
            {
              "system": "https://www.medizininformatik-initiative.de/fhir/core/modul-person/CodeSystem/Vitalstatus",
              "code": "L"
            }
          ]
        }
      },
      "search": {
        "mode": "match"
      }
    },
    {
      "fullUrl": "http://num-fhirserver.distan.medicsh.de:8080/fhir/Observation/VIT-898fd9285f67bcd45b1df1f7d5dfab148bf41b1e6f3c66e0078cbb33",
      "resource": {
        "resourceType": "Observation",
        "id": "VIT-898fd9285f67bcd45b1df1f7d5dfab148bf41b1e6f3c66e0078cbb33",
        "meta": {
          "versionId": "235409833",
          "lastUpdated": "2025-03-19T14:24:00.366Z",
          "profile": [
            "https://www.medizininformatik-initiative.de/fhir/core/modul-person/StructureDefinition/Vitalstatus|2025.0.1"
          ]
        },
        "status": "final",
        "category": [
          {
            "coding": [
              {
                "system": "http://terminology.hl7.org/CodeSystem/observation-category",
                "code": "survey"
              }
            ]
          }
        ],
        "code": {
          "coding": [
            {
              "system": "http://loinc.org",
              "code": "67162-8"
            }
          ]
        },
        "subject": {
          "reference": "Patient/PID-19e07415e4e88b6ee36b15048c587b3e85feb5fce47e2ea39c962d9c"
        },
        "effectiveDateTime": "2022-09-22T10:36:00+02:00",
        "valueCodeableConcept": {
          "coding": [
            {
              "system": "https://www.medizininformatik-initiative.de/fhir/core/modul-person/CodeSystem/Vitalstatus",
              "code": "L"
            }
          ]
        }
      },
      "search": {
        "mode": "match"
      }
    },
    {
      "fullUrl": "http://num-fhirserver.distan.medicsh.de:8080/fhir/Observation/VIT-94de8294d8fce7b467884f7fc8447cdb51e0cc8855a8ce22469f38a3",
      "resource": {
        "resourceType": "Observation",
        "id": "VIT-94de8294d8fce7b467884f7fc8447cdb51e0cc8855a8ce22469f38a3",
        "meta": {
          "versionId": "244486751",
          "lastUpdated": "2025-03-21T23:50:33.653Z",
          "profile": [
            "https://www.medizininformatik-initiative.de/fhir/core/modul-person/StructureDefinition/Vitalstatus|2025.0.1"
          ]
        },
        "status": "final",
        "category": [
          {
            "coding": [
              {
                "system": "http://terminology.hl7.org/CodeSystem/observation-category",
                "code": "survey"
              }
            ]
          }
        ],
        "code": {
          "coding": [
            {
              "system": "http://loinc.org",
              "code": "67162-8"
            }
          ]
        },
        "subject": {
          "reference": "Patient/PID-19e07415e4e88b6ee36b15048c587b3e85feb5fce47e2ea39c962d9c"
        },
        "effectiveDateTime": "2024-09-30T23:59:59+02:00",
        "valueCodeableConcept": {
          "coding": [
            {
              "system": "https://www.medizininformatik-initiative.de/fhir/core/modul-person/CodeSystem/Vitalstatus",
              "code": "L"
            }
          ]
        }
      },
      "search": {
        "mode": "match"
      }
    },
    {
      "fullUrl": "http://num-fhirserver.distan.medicsh.de:8080/fhir/Observation/VIT-9da1ada120589d28b646486cfa7b3c0cd45f9c3fbe4c6143a4073369",
      "resource": {
        "resourceType": "Observation",
        "id": "VIT-9da1ada120589d28b646486cfa7b3c0cd45f9c3fbe4c6143a4073369",
        "meta": {
          "versionId": "235409840",
          "lastUpdated": "2025-03-19T14:24:00.384Z",
          "profile": [
            "https://www.medizininformatik-initiative.de/fhir/core/modul-person/StructureDefinition/Vitalstatus|2025.0.1"
          ]
        },
        "status": "final",
        "category": [
          {
            "coding": [
              {
                "system": "http://terminology.hl7.org/CodeSystem/observation-category",
                "code": "survey"
              }
            ]
          }
        ],
        "code": {
          "coding": [
            {
              "system": "http://loinc.org",
              "code": "67162-8"
            }
          ]
        },
        "subject": {
          "reference": "Patient/PID-19e07415e4e88b6ee36b15048c587b3e85feb5fce47e2ea39c962d9c"
        },
        "effectiveDateTime": "2022-09-30T23:59:59+02:00",
        "valueCodeableConcept": {
          "coding": [
            {
              "system": "https://www.medizininformatik-initiative.de/fhir/core/modul-person/CodeSystem/Vitalstatus",
              "code": "L"
            }
          ]
        }
      },
      "search": {
        "mode": "match"
      }
    },
    {
      "fullUrl": "http://num-fhirserver.distan.medicsh.de:8080/fhir/Observation/VIT-bb0defeac06e145317feb105a214aa3c3cf11c719babf6e4580a7634",
      "resource": {
        "resourceType": "Observation",
        "id": "VIT-bb0defeac06e145317feb105a214aa3c3cf11c719babf6e4580a7634",
        "meta": {
          "versionId": "244486749",
          "lastUpdated": "2025-03-21T23:50:33.633Z",
          "profile": [
            "https://www.medizininformatik-initiative.de/fhir/core/modul-person/StructureDefinition/Vitalstatus|2025.0.1"
          ]
        },
        "status": "final",
        "category": [
          {
            "coding": [
              {
                "system": "http://terminology.hl7.org/CodeSystem/observation-category",
                "code": "survey"
              }
            ]
          }
        ],
        "code": {
          "coding": [
            {
              "system": "http://loinc.org",
              "code": "67162-8"
            }
          ]
        },
        "subject": {
          "reference": "Patient/PID-19e07415e4e88b6ee36b15048c587b3e85feb5fce47e2ea39c962d9c"
        },
        "effectiveDateTime": "2024-09-03T08:55:00+02:00",
        "valueCodeableConcept": {
          "coding": [
            {
              "system": "https://www.medizininformatik-initiative.de/fhir/core/modul-person/CodeSystem/Vitalstatus",
              "code": "L"
            }
          ]
        }
      },
      "search": {
        "mode": "match"
      }
    },
    {
      "fullUrl": "http://num-fhirserver.distan.medicsh.de:8080/fhir/Observation/VIT-c6b219f53d2abe1590088590bba60648f93ec08530632da186e4b05e",
      "resource": {
        "resourceType": "Observation",
        "id": "VIT-c6b219f53d2abe1590088590bba60648f93ec08530632da186e4b05e",
        "meta": {
          "versionId": "323488296",
          "lastUpdated": "2025-04-21T03:24:43.979Z",
          "profile": [
            "https://www.medizininformatik-initiative.de/fhir/core/modul-person/StructureDefinition/Vitalstatus|2025.0.1"
          ]
        },
        "status": "final",
        "category": [
          {
            "coding": [
              {
                "system": "http://terminology.hl7.org/CodeSystem/observation-category",
                "code": "survey"
              }
            ]
          }
        ],
        "code": {
          "coding": [
            {
              "system": "http://loinc.org",
              "code": "67162-8"
            }
          ]
        },
        "subject": {
          "reference": "Patient/PID-19e07415e4e88b6ee36b15048c587b3e85feb5fce47e2ea39c962d9c"
        },
        "effectiveDateTime": "2025-04-20T23:40:00+02:00",
        "valueCodeableConcept": {
          "coding": [
            {
              "system": "https://www.medizininformatik-initiative.de/fhir/core/modul-person/CodeSystem/Vitalstatus",
              "code": "L"
            }
          ]
        }
      },
      "search": {
        "mode": "match"
      }
    },
    {
      "fullUrl": "http://num-fhirserver.distan.medicsh.de:8080/fhir/Observation/VIT-cd1740fc6df35cc9e4a44bcb6f76f78888d3b98fd4a93e3e19c0e0d7",
      "resource": {
        "resourceType": "Observation",
        "id": "VIT-cd1740fc6df35cc9e4a44bcb6f76f78888d3b98fd4a93e3e19c0e0d7",
        "meta": {
          "versionId": "244847508",
          "lastUpdated": "2025-03-22T02:08:03.514Z",
          "profile": [
            "https://www.medizininformatik-initiative.de/fhir/core/modul-person/StructureDefinition/Vitalstatus|2025.0.1"
          ]
        },
        "status": "final",
        "category": [
          {
            "coding": [
              {
                "system": "http://terminology.hl7.org/CodeSystem/observation-category",
                "code": "survey"
              }
            ]
          }
        ],
        "code": {
          "coding": [
            {
              "system": "http://loinc.org",
              "code": "67162-8"
            }
          ]
        },
        "subject": {
          "reference": "Patient/PID-19e07415e4e88b6ee36b15048c587b3e85feb5fce47e2ea39c962d9c"
        },
        "effectiveDateTime": "2024-10-14T09:12:00+02:00",
        "valueCodeableConcept": {
          "coding": [
            {
              "system": "https://www.medizininformatik-initiative.de/fhir/core/modul-person/CodeSystem/Vitalstatus",
              "code": "L"
            }
          ]
        }
      },
      "search": {
        "mode": "match"
      }
    },
    {
      "fullUrl": "http://num-fhirserver.distan.medicsh.de:8080/fhir/Observation/VIT-d8d59dea32b271f30fc1ee44929768013189862ccd74eef1ab93d929",
      "resource": {
        "resourceType": "Observation",
        "id": "VIT-d8d59dea32b271f30fc1ee44929768013189862ccd74eef1ab93d929",
        "meta": {
          "versionId": "244847510",
          "lastUpdated": "2025-03-22T02:08:03.529Z",
          "profile": [
            "https://www.medizininformatik-initiative.de/fhir/core/modul-person/StructureDefinition/Vitalstatus|2025.0.1"
          ]
        },
        "status": "final",
        "category": [
          {
            "coding": [
              {
                "system": "http://terminology.hl7.org/CodeSystem/observation-category",
                "code": "survey"
              }
            ]
          }
        ],
        "code": {
          "coding": [
            {
              "system": "http://loinc.org",
              "code": "67162-8"
            }
          ]
        },
        "subject": {
          "reference": "Patient/PID-19e07415e4e88b6ee36b15048c587b3e85feb5fce47e2ea39c962d9c"
        },
        "effectiveDateTime": "2024-12-31T23:59:59+01:00",
        "valueCodeableConcept": {
          "coding": [
            {
              "system": "https://www.medizininformatik-initiative.de/fhir/core/modul-person/CodeSystem/Vitalstatus",
              "code": "L"
            }
          ]
        }
      },
      "search": {
        "mode": "match"
      }
    },
    {
      "fullUrl": "http://num-fhirserver.distan.medicsh.de:8080/fhir/Observation/VIT-de0df39a21d2d8036525647d15a7217c95948e9a1ef16d1634614b2d",
      "resource": {
        "resourceType": "Observation",
        "id": "VIT-de0df39a21d2d8036525647d15a7217c95948e9a1ef16d1634614b2d",
        "meta": {
          "versionId": "235539112",
          "lastUpdated": "2025-03-19T14:28:06.071Z",
          "profile": [
            "https://www.medizininformatik-initiative.de/fhir/core/modul-person/StructureDefinition/Vitalstatus|2025.0.1"
          ]
        },
        "status": "final",
        "category": [
          {
            "coding": [
              {
                "system": "http://terminology.hl7.org/CodeSystem/observation-category",
                "code": "survey"
              }
            ]
          }
        ],
        "code": {
          "coding": [
            {
              "system": "http://loinc.org",
              "code": "67162-8"
            }
          ]
        },
        "subject": {
          "reference": "Patient/PID-19e07415e4e88b6ee36b15048c587b3e85feb5fce47e2ea39c962d9c"
        },
        "effectiveDateTime": "2022-12-31T23:59:59+01:00",
        "valueCodeableConcept": {
          "coding": [
            {
              "system": "https://www.medizininformatik-initiative.de/fhir/core/modul-person/CodeSystem/Vitalstatus",
              "code": "L"
            }
          ]
        }
      },
      "search": {
        "mode": "match"
      }
    },
    {
      "fullUrl": "http://num-fhirserver.distan.medicsh.de:8080/fhir/Procedure/PR-19864844bf0c82b350133a762aa27ea410d267819eba573abc1753c5",
      "resource": {
        "resourceType": "Procedure",
        "id": "PR-19864844bf0c82b350133a762aa27ea410d267819eba573abc1753c5",
        "meta": {
          "versionId": "380646367",
          "lastUpdated": "2025-10-08T20:53:08.035Z",
          "profile": [
            "https://www.medizininformatik-initiative.de/fhir/core/modul-prozedur/StructureDefinition/Procedure|2025.0.0"
          ]
        },
        "status": "completed",
        "category": {
          "coding": [
            {
              "system": "http://snomed.info/sct",
              "code": "394841004",
              "display": "Other category"
            }
          ]
        },
        "code": {
          "coding": [
            {
              "system": "http://fhir.de/CodeSystem/bfarm/ops",
              "version": "2020",
              "code": "9-262.1",
              "display": "Postnatale Versorgung des Neugeborenen: Spezielle Versorgung (Risiko-Neugeborenes)"
            }
          ]
        },
        "subject": {
          "reference": "Patient/PID-19e07415e4e88b6ee36b15048c587b3e85feb5fce47e2ea39c962d9c"
        },
        "encounter": {
          "reference": "Encounter/PV-5495ffbc8a1fb0e286e1b82aca6ae79a4c845a1349c6bdef334ee938"
        },
        "performedDateTime": "2020-12-16T09:24:00+01:00"
      },
      "search": {
        "mode": "match"
      }
    },
    {
      "fullUrl": "http://num-fhirserver.distan.medicsh.de:8080/fhir/Procedure/PR-64b191eced995938a834642497fba7ba146666bf60ba883473db6df5",
      "resource": {
        "resourceType": "Procedure",
        "id": "PR-64b191eced995938a834642497fba7ba146666bf60ba883473db6df5",
        "meta": {
          "versionId": "383861103",
          "lastUpdated": "2025-10-08T23:13:04.147Z",
          "profile": [
            "https://www.medizininformatik-initiative.de/fhir/core/modul-prozedur/StructureDefinition/Procedure|2025.0.0"
          ]
        },
        "status": "completed",
        "category": {
          "coding": [
            {
              "system": "http://snomed.info/sct",
              "code": "165197003",
              "display": "Diagnostic assessment"
            }
          ]
        },
        "code": {
          "coding": [
            {
              "system": "http://fhir.de/CodeSystem/bfarm/ops",
              "version": "2024",
              "code": "1-207.0",
              "display": "Elektroenzephalographie [EEG]: Routine-EEG (10-20-System)"
            }
          ]
        },
        "subject": {
          "reference": "Patient/PID-19e07415e4e88b6ee36b15048c587b3e85feb5fce47e2ea39c962d9c"
        },
        "encounter": {
          "reference": "Encounter/PV-3722291ef480fcfa6b37c12ffb52e6d32939c7aae9cdfa3bd08ef100"
        },
        "performedDateTime": "2024-09-03T11:19:54+02:00"
      },
      "search": {
        "mode": "match"
      }
    },
    {
      "fullUrl": "http://num-fhirserver.distan.medicsh.de:8080/fhir/Procedure/PR-9a6eda05184ce23dcb134c5f9686ac31ba341787452d52df1cd1d76e",
      "resource": {
        "resourceType": "Procedure",
        "id": "PR-9a6eda05184ce23dcb134c5f9686ac31ba341787452d52df1cd1d76e",
        "meta": {
          "versionId": "380652002",
          "lastUpdated": "2025-10-08T20:53:19.867Z",
          "profile": [
            "https://www.medizininformatik-initiative.de/fhir/core/modul-prozedur/StructureDefinition/Procedure|2025.0.0"
          ]
        },
        "status": "completed",
        "category": {
          "coding": [
            {
              "system": "http://snomed.info/sct",
              "code": "165197003",
              "display": "Diagnostic assessment"
            }
          ]
        },
        "code": {
          "coding": [
            {
              "system": "http://fhir.de/CodeSystem/bfarm/ops",
              "version": "2020",
              "code": "1-208.8",
              "display": "Registrierung evozierter Potentiale: Otoakustische Emissionen [OAE]"
            }
          ]
        },
        "subject": {
          "reference": "Patient/PID-19e07415e4e88b6ee36b15048c587b3e85feb5fce47e2ea39c962d9c"
        },
        "encounter": {
          "reference": "Encounter/PV-5495ffbc8a1fb0e286e1b82aca6ae79a4c845a1349c6bdef334ee938"
        },
        "performedDateTime": "2020-12-18T09:33:00+01:00"
      },
      "search": {
        "mode": "match"
      }
    }
  ]
}
