{
  "resourceType": "Bundle",
  "id": "DGTUX5QJYMLA7ZDN",
  "type": "searchset",
  "total": 3,
  "entry": [
    {
      "fullUrl": "http://num-fhirserver.distan.medicsh.de:8080/fhir/Patient/PID-19eb292d9bf26fb988e46e32be992879e0df8ec21d7ba7b0bb09029f",
      "resource": {
        "resourceType": "Patient",
        "id": "PID-19eb292d9bf26fb988e46e32be992879e0df8ec21d7ba7b0bb09029f",
        "meta": {
          "versionId": "137358829",
          "lastUpdated": "2025-03-15T03:41:55.510Z",
          "profile": [
            "https://www.medizininformatik-initiative.de/fhir/core/modul-person/StructureDefinition/PatientPseudonymisiert|2025.0.1"
          ]
        },
        "identifier": [
          {
            "use": "usual",
            "type": {
              "coding": [
                {
                  "system": "http://terminology.hl7.org/CodeSystem/v3-ObservationValue",
                  "code": "PSEUDED"
                }
              ]
            },
            "system": "https://www.medizininformatik-initiative.de/fhir/sid/pseudonym",
            "value": "19eb292d9bf26fb988e46e32be992879e0df8ec21d7ba7b0bb09029f"
          }
        ],
        "gender": "male",
        "birthDate": "2000-01",
        "deceasedBoolean": true
      },
      "search": {
        "mode": "match"
      }
    },
    {
      "fullUrl": "http://num-fhirserver.distan.medicsh.de:8080/fhir/Encounter/PV-1670f5df32e9b077f4c2905c5eddc31ac9f38c55288158bcb7ead583",
      "resource": {
        "resourceType": "Encounter",
        "id": "PV-1670f5df32e9b077f4c2905c5eddc31ac9f38c55288158bcb7ead583",
        "meta": {
          "versionId": "137358792",
          "lastUpdated": "2025-03-15T03:41:55.399Z",
          "source": "http://medic.uksh.de/source/orbis/legacy",
          "profile": [
            "https://www.medizininformatik-initiative.de/fhir/core/modul-fall/StructureDefinition/KontaktGesundheitseinrichtung|2025.0.0"
          ]
        },
        "identifier": [
          {
            "use": "official",
            "type": {
              "coding": [
                {
                  "system": "http://terminology.hl7.org/CodeSystem/v2-0203",
                  "code": "VN"
                }
              ]
            },
            "system": "http://medic.uksh.de/fhir/Encounter",
            "value": "1670f5df32e9b077f4c2905c5eddc31ac9f38c55288158bcb7ead583"
          }
        ],
        "status": "finished",
        "class": {
          "system": "http://terminology.hl7.org/CodeSystem/v3-ActCode",
          "code": "AMB"
        },
        "type": [
          {
            "coding": [
              {
                "system": "http://fhir.de/CodeSystem/Kontaktebene",
                "code": "einrichtungskontakt"
              }
            ]
          }
        ],
        "subject": {
          "reference": "Patient/PID-19eb292d9bf26fb988e46e32be992879e0df8ec21d7ba7b0bb09029f"
        },
        "period": {
          "start": "2019-05-31T14:42:00+02:00",
          "end": "2019-06-30T23:59:59+02:00"
        },
        "hospitalization": {
          "admitSource": {
            "coding": [
              {
                "system": "http://fhir.de/CodeSystem/dgkev/Aufnahmeanlass",
                "code": "E"
              }
            ]
          }
        }
      },
      "search": {
        "mode": "match"
      }
    },
    {
      "fullUrl": "http://num-fhirserver.distan.medicsh.de:8080/fhir/Observation/VIT-2f25752bf432b148d85d1b90d1baa130f7797295af31a0b489ed37eb",
      "resource": {
        "resourceType": "Observation",
        "id": "VIT-2f25752bf432b148d85d1b90d1baa130f7797295af31a0b489ed37eb",
        "meta": {
          "versionId": "137358802",
          "lastUpdated": "2025-03-15T03:41:55.426Z",
          "profile": [
            "https://www.medizininformatik-initiative.de/fhir/core/modul-person/StructureDefinition/Vitalstatus|2025.0.1"
          ]
        },
        "status": "final",
        "category": [
          {
            "coding": [
              {
                "system": "http://terminology.hl7.org/CodeSystem/observation-category",
                "code": "survey"
              }
            ]
          }
        ],
        "code": {
          "coding": [
            {
              "system": "http://loinc.org",
              "code": "67162-8"
            }
          ]
        },
        "subject": {
          "reference": "Patient/PID-19eb292d9bf26fb988e46e32be992879e0df8ec21d7ba7b0bb09029f"
        },
        "effectiveDateTime": "2019-05-31T14:42:00+02:00",
        "valueCodeableConcept": {
          "coding": [
            {
              "system": "https://www.medizininformatik-initiative.de/fhir/core/modul-person/CodeSystem/Vitalstatus",
              "code": "L"
            }
          ]
        }
      },
      "search": {
        "mode": "match"
      }
    }
  ]
}
