{
  "resourceType": "Bundle",
  "id": "DGTUYA32NSFMZIRG",
  "type": "searchset",
  "total": 3,
  "entry": [
    {
      "fullUrl": "http://num-fhirserver.distan.medicsh.de:8080/fhir/Patient/PID-1abaf9b3e7bd029619a8f60f032a518b4ce275509477115dc18060ea",
      "resource": {
        "resourceType": "Patient",
        "id": "PID-1abaf9b3e7bd029619a8f60f032a518b4ce275509477115dc18060ea",
        "meta": {
          "versionId": "164909269",
          "lastUpdated": "2025-03-16T11:56:39.477Z",
          "profile": [
            "https://www.medizininformatik-initiative.de/fhir/core/modul-person/StructureDefinition/PatientPseudonymisiert|2025.0.1"
          ]
        },
        "identifier": [
          {
            "use": "usual",
            "type": {
              "coding": [
                {
                  "system": "http://terminology.hl7.org/CodeSystem/v3-ObservationValue",
                  "code": "PSEUDED"
                }
              ]
            },
            "system": "https://www.medizininformatik-initiative.de/fhir/sid/pseudonym",
            "value": "1abaf9b3e7bd029619a8f60f032a518b4ce275509477115dc18060ea"
          }
        ],
        "gender": "male",
        "birthDate": "2010-07",
        "deceasedBoolean": true
      },
      "search": {
        "mode": "match"
      }
    },
    {
      "fullUrl": "http://num-fhirserver.distan.medicsh.de:8080/fhir/Encounter/PV-90729e2cfd93eea520163f5ddc1b133ae57c1ea3ae0f6a59201785e9",
      "resource": {
        "resourceType": "Encounter",
        "id": "PV-90729e2cfd93eea520163f5ddc1b133ae57c1ea3ae0f6a59201785e9",
        "meta": {
          "versionId": "164908837",
          "lastUpdated": "2025-03-16T11:56:38.520Z",
          "source": "http://medic.uksh.de/source/orbis/legacy",
          "profile": [
            "https://www.medizininformatik-initiative.de/fhir/core/modul-fall/StructureDefinition/KontaktGesundheitseinrichtung|2025.0.0"
          ]
        },
        "identifier": [
          {
            "use": "official",
            "type": {
              "coding": [
                {
                  "system": "http://terminology.hl7.org/CodeSystem/v2-0203",
                  "code": "VN"
                }
              ]
            },
            "system": "http://medic.uksh.de/fhir/Encounter",
            "value": "90729e2cfd93eea520163f5ddc1b133ae57c1ea3ae0f6a59201785e9"
          }
        ],
        "status": "finished",
        "class": {
          "system": "http://terminology.hl7.org/CodeSystem/v3-ActCode",
          "code": "AMB"
        },
        "type": [
          {
            "coding": [
              {
                "system": "http://fhir.de/CodeSystem/Kontaktebene",
                "code": "einrichtungskontakt"
              }
            ]
          }
        ],
        "subject": {
          "reference": "Patient/PID-1abaf9b3e7bd029619a8f60f032a518b4ce275509477115dc18060ea"
        },
        "period": {
          "start": "2015-07-07T13:27:00+02:00",
          "end": "2015-09-30T23:59:59+02:00"
        },
        "hospitalization": {
          "admitSource": {
            "coding": [
              {
                "system": "http://fhir.de/CodeSystem/dgkev/Aufnahmeanlass",
                "code": "E"
              }
            ]
          }
        }
      },
      "search": {
        "mode": "match"
      }
    },
    {
      "fullUrl": "http://num-fhirserver.distan.medicsh.de:8080/fhir/Observation/VIT-691f461d0b48b234f5023b94f306cb7892c51db9d945e1a067b1ac6f",
      "resource": {
        "resourceType": "Observation",
        "id": "VIT-691f461d0b48b234f5023b94f306cb7892c51db9d945e1a067b1ac6f",
        "meta": {
          "versionId": "164908844",
          "lastUpdated": "2025-03-16T11:56:38.534Z",
          "profile": [
            "https://www.medizininformatik-initiative.de/fhir/core/modul-person/StructureDefinition/Vitalstatus|2025.0.1"
          ]
        },
        "status": "final",
        "category": [
          {
            "coding": [
              {
                "system": "http://terminology.hl7.org/CodeSystem/observation-category",
                "code": "survey"
              }
            ]
          }
        ],
        "code": {
          "coding": [
            {
              "system": "http://loinc.org",
              "code": "67162-8"
            }
          ]
        },
        "subject": {
          "reference": "Patient/PID-1abaf9b3e7bd029619a8f60f032a518b4ce275509477115dc18060ea"
        },
        "effectiveDateTime": "2015-07-07T13:27:00+02:00",
        "valueCodeableConcept": {
          "coding": [
            {
              "system": "https://www.medizininformatik-initiative.de/fhir/core/modul-person/CodeSystem/Vitalstatus",
              "code": "L"
            }
          ]
        }
      },
      "search": {
        "mode": "match"
      }
    }
  ]
}
