{
  "resourceType": "Bundle",
  "id": "DGTUX5BH5TD3GX35",
  "type": "searchset",
  "total": 3,
  "entry": [
    {
      "fullUrl": "http://num-fhirserver.distan.medicsh.de:8080/fhir/Patient/PID-1c5250931ab9078e2fa818d801dbff4c357ee3f2c5c98a84ad566fb4",
      "resource": {
        "resourceType": "Patient",
        "id": "PID-1c5250931ab9078e2fa818d801dbff4c357ee3f2c5c98a84ad566fb4",
        "meta": {
          "versionId": "164760944",
          "lastUpdated": "2025-03-16T11:04:50.807Z",
          "profile": [
            "https://www.medizininformatik-initiative.de/fhir/core/modul-person/StructureDefinition/PatientPseudonymisiert|2025.0.1"
          ]
        },
        "identifier": [
          {
            "use": "usual",
            "type": {
              "coding": [
                {
                  "system": "http://terminology.hl7.org/CodeSystem/v3-ObservationValue",
                  "code": "PSEUDED"
                }
              ]
            },
            "system": "https://www.medizininformatik-initiative.de/fhir/sid/pseudonym",
            "value": "1c5250931ab9078e2fa818d801dbff4c357ee3f2c5c98a84ad566fb4"
          }
        ],
        "gender": "male",
        "birthDate": "2007-06",
        "deceasedBoolean": true
      },
      "search": {
        "mode": "match"
      }
    },
    {
      "fullUrl": "http://num-fhirserver.distan.medicsh.de:8080/fhir/Encounter/PV-03364dd431d25db2f1ea6399343790faa23bf55d610f533b71f59fc8",
      "resource": {
        "resourceType": "Encounter",
        "id": "PV-03364dd431d25db2f1ea6399343790faa23bf55d610f533b71f59fc8",
        "meta": {
          "versionId": "164760966",
          "lastUpdated": "2025-03-16T11:04:50.987Z",
          "source": "http://medic.uksh.de/source/orbis/legacy",
          "profile": [
            "https://www.medizininformatik-initiative.de/fhir/core/modul-fall/StructureDefinition/KontaktGesundheitseinrichtung|2025.0.0"
          ]
        },
        "identifier": [
          {
            "use": "official",
            "type": {
              "coding": [
                {
                  "system": "http://terminology.hl7.org/CodeSystem/v2-0203",
                  "code": "VN"
                }
              ]
            },
            "system": "http://medic.uksh.de/fhir/Encounter",
            "value": "03364dd431d25db2f1ea6399343790faa23bf55d610f533b71f59fc8"
          }
        ],
        "status": "finished",
        "class": {
          "system": "http://terminology.hl7.org/CodeSystem/v3-ActCode",
          "code": "AMB"
        },
        "type": [
          {
            "coding": [
              {
                "system": "http://fhir.de/CodeSystem/Kontaktebene",
                "code": "einrichtungskontakt"
              }
            ]
          }
        ],
        "subject": {
          "reference": "Patient/PID-1c5250931ab9078e2fa818d801dbff4c357ee3f2c5c98a84ad566fb4"
        },
        "period": {
          "start": "2007-06-01T12:49:00+02:00",
          "end": "2007-06-30T23:59:59+02:00"
        }
      },
      "search": {
        "mode": "match"
      }
    },
    {
      "fullUrl": "http://num-fhirserver.distan.medicsh.de:8080/fhir/Observation/VIT-dc551d2e0d7e350506dc4739e437f1e19c23ffc29e92a558722bddf2",
      "resource": {
        "resourceType": "Observation",
        "id": "VIT-dc551d2e0d7e350506dc4739e437f1e19c23ffc29e92a558722bddf2",
        "meta": {
          "versionId": "164760969",
          "lastUpdated": "2025-03-16T11:04:51.009Z",
          "profile": [
            "https://www.medizininformatik-initiative.de/fhir/core/modul-person/StructureDefinition/Vitalstatus|2025.0.1"
          ]
        },
        "status": "final",
        "category": [
          {
            "coding": [
              {
                "system": "http://terminology.hl7.org/CodeSystem/observation-category",
                "code": "survey"
              }
            ]
          }
        ],
        "code": {
          "coding": [
            {
              "system": "http://loinc.org",
              "code": "67162-8"
            }
          ]
        },
        "subject": {
          "reference": "Patient/PID-1c5250931ab9078e2fa818d801dbff4c357ee3f2c5c98a84ad566fb4"
        },
        "effectiveDateTime": "2007-06-01T12:49:00+02:00",
        "valueCodeableConcept": {
          "coding": [
            {
              "system": "https://www.medizininformatik-initiative.de/fhir/core/modul-person/CodeSystem/Vitalstatus",
              "code": "L"
            }
          ]
        }
      },
      "search": {
        "mode": "match"
      }
    }
  ]
}
