{
  "resourceType": "Bundle",
  "id": "DGTUYANJ3HS3D5MS",
  "type": "searchset",
  "total": 7,
  "entry": [
    {
      "fullUrl": "http://num-fhirserver.distan.medicsh.de:8080/fhir/Patient/PID-1dfee9844e1904949fa2cf584fe5ee6d97943b64cfb30f3a83b7c659",
      "resource": {
        "resourceType": "Patient",
        "id": "PID-1dfee9844e1904949fa2cf584fe5ee6d97943b64cfb30f3a83b7c659",
        "meta": {
          "versionId": "164665360",
          "lastUpdated": "2025-03-16T10:30:47.422Z",
          "profile": [
            "https://www.medizininformatik-initiative.de/fhir/core/modul-person/StructureDefinition/PatientPseudonymisiert|2025.0.1"
          ]
        },
        "identifier": [
          {
            "use": "usual",
            "type": {
              "coding": [
                {
                  "system": "http://terminology.hl7.org/CodeSystem/v3-ObservationValue",
                  "code": "PSEUDED"
                }
              ]
            },
            "system": "https://www.medizininformatik-initiative.de/fhir/sid/pseudonym",
            "value": "1dfee9844e1904949fa2cf584fe5ee6d97943b64cfb30f3a83b7c659"
          }
        ],
        "gender": "male",
        "birthDate": "1961-10",
        "deceasedBoolean": true,
        "address": [
          {
            "type": "both",
            "postalCode": "241",
            "country": "DE"
          }
        ]
      },
      "search": {
        "mode": "match"
      }
    },
    {
      "fullUrl": "http://num-fhirserver.distan.medicsh.de:8080/fhir/Encounter/PV-71e87013f737b6a4526ae7636840f91a0090fe169c46bc937cd0ad19",
      "resource": {
        "resourceType": "Encounter",
        "id": "PV-71e87013f737b6a4526ae7636840f91a0090fe169c46bc937cd0ad19",
        "meta": {
          "versionId": "164665359",
          "lastUpdated": "2025-03-16T10:30:47.418Z",
          "source": "http://medic.uksh.de/source/orbis/legacy",
          "profile": [
            "https://www.medizininformatik-initiative.de/fhir/core/modul-fall/StructureDefinition/KontaktGesundheitseinrichtung|2025.0.0"
          ]
        },
        "identifier": [
          {
            "use": "official",
            "type": {
              "coding": [
                {
                  "system": "http://terminology.hl7.org/CodeSystem/v2-0203",
                  "code": "VN"
                }
              ]
            },
            "system": "http://medic.uksh.de/fhir/Encounter",
            "value": "71e87013f737b6a4526ae7636840f91a0090fe169c46bc937cd0ad19"
          }
        ],
        "status": "finished",
        "class": {
          "system": "http://terminology.hl7.org/CodeSystem/v3-ActCode",
          "code": "AMB"
        },
        "type": [
          {
            "coding": [
              {
                "system": "http://fhir.de/CodeSystem/Kontaktebene",
                "code": "einrichtungskontakt"
              }
            ]
          }
        ],
        "subject": {
          "reference": "Patient/PID-1dfee9844e1904949fa2cf584fe5ee6d97943b64cfb30f3a83b7c659"
        },
        "period": {
          "start": "2009-10-16T13:49:00+02:00",
          "end": "2009-12-31T23:59:59+01:00"
        },
        "hospitalization": {
          "admitSource": {
            "coding": [
              {
                "system": "http://fhir.de/CodeSystem/dgkev/Aufnahmeanlass",
                "code": "E"
              }
            ]
          }
        }
      },
      "search": {
        "mode": "match"
      }
    },
    {
      "fullUrl": "http://num-fhirserver.distan.medicsh.de:8080/fhir/Encounter/PV-a2ae82413b429df576602419051651acbde7601f21b1e1189e725c6b",
      "resource": {
        "resourceType": "Encounter",
        "id": "PV-a2ae82413b429df576602419051651acbde7601f21b1e1189e725c6b",
        "meta": {
          "versionId": "164665354",
          "lastUpdated": "2025-03-16T10:30:47.360Z",
          "source": "http://medic.uksh.de/source/orbis/legacy",
          "profile": [
            "https://www.medizininformatik-initiative.de/fhir/core/modul-fall/StructureDefinition/KontaktGesundheitseinrichtung|2025.0.0"
          ]
        },
        "identifier": [
          {
            "use": "official",
            "type": {
              "coding": [
                {
                  "system": "http://terminology.hl7.org/CodeSystem/v2-0203",
                  "code": "VN"
                }
              ]
            },
            "system": "http://medic.uksh.de/fhir/Encounter",
            "value": "a2ae82413b429df576602419051651acbde7601f21b1e1189e725c6b"
          }
        ],
        "status": "finished",
        "class": {
          "system": "http://terminology.hl7.org/CodeSystem/v3-ActCode",
          "code": "AMB"
        },
        "type": [
          {
            "coding": [
              {
                "system": "http://fhir.de/CodeSystem/Kontaktebene",
                "code": "einrichtungskontakt"
              }
            ]
          }
        ],
        "subject": {
          "reference": "Patient/PID-1dfee9844e1904949fa2cf584fe5ee6d97943b64cfb30f3a83b7c659"
        },
        "period": {
          "start": "2015-07-31T09:34:00+02:00",
          "end": "2015-09-30T23:59:59+02:00"
        },
        "hospitalization": {
          "admitSource": {
            "coding": [
              {
                "system": "http://fhir.de/CodeSystem/dgkev/Aufnahmeanlass",
                "code": "E"
              }
            ]
          }
        }
      },
      "search": {
        "mode": "match"
      }
    },
    {
      "fullUrl": "http://num-fhirserver.distan.medicsh.de:8080/fhir/Encounter/PV-cb44f4ccd2c89343f2c817ceda6c8f4b09bf834cfc4147f83317d2fd",
      "resource": {
        "resourceType": "Encounter",
        "id": "PV-cb44f4ccd2c89343f2c817ceda6c8f4b09bf834cfc4147f83317d2fd",
        "meta": {
          "versionId": "164665356",
          "lastUpdated": "2025-03-16T10:30:47.386Z",
          "source": "http://medic.uksh.de/source/orbis/legacy",
          "profile": [
            "https://www.medizininformatik-initiative.de/fhir/core/modul-fall/StructureDefinition/KontaktGesundheitseinrichtung|2025.0.0"
          ]
        },
        "identifier": [
          {
            "use": "official",
            "type": {
              "coding": [
                {
                  "system": "http://terminology.hl7.org/CodeSystem/v2-0203",
                  "code": "VN"
                }
              ]
            },
            "system": "http://medic.uksh.de/fhir/Encounter",
            "value": "cb44f4ccd2c89343f2c817ceda6c8f4b09bf834cfc4147f83317d2fd"
          }
        ],
        "status": "finished",
        "class": {
          "system": "http://terminology.hl7.org/CodeSystem/v3-ActCode",
          "code": "AMB"
        },
        "type": [
          {
            "coding": [
              {
                "system": "http://fhir.de/CodeSystem/Kontaktebene",
                "code": "einrichtungskontakt"
              }
            ]
          }
        ],
        "subject": {
          "reference": "Patient/PID-1dfee9844e1904949fa2cf584fe5ee6d97943b64cfb30f3a83b7c659"
        },
        "period": {
          "start": "2013-10-10T10:25:00+02:00",
          "end": "2013-12-31T23:59:59+01:00"
        },
        "hospitalization": {
          "admitSource": {
            "coding": [
              {
                "system": "http://fhir.de/CodeSystem/dgkev/Aufnahmeanlass",
                "code": "E"
              }
            ]
          }
        }
      },
      "search": {
        "mode": "match"
      }
    },
    {
      "fullUrl": "http://num-fhirserver.distan.medicsh.de:8080/fhir/Observation/VIT-3a873b2c48ecbeaccc9734c47d00556392bfe43c80fec6ff27c4ea9c",
      "resource": {
        "resourceType": "Observation",
        "id": "VIT-3a873b2c48ecbeaccc9734c47d00556392bfe43c80fec6ff27c4ea9c",
        "meta": {
          "versionId": "164665361",
          "lastUpdated": "2025-03-16T10:30:47.439Z",
          "profile": [
            "https://www.medizininformatik-initiative.de/fhir/core/modul-person/StructureDefinition/Vitalstatus|2025.0.1"
          ]
        },
        "status": "final",
        "category": [
          {
            "coding": [
              {
                "system": "http://terminology.hl7.org/CodeSystem/observation-category",
                "code": "survey"
              }
            ]
          }
        ],
        "code": {
          "coding": [
            {
              "system": "http://loinc.org",
              "code": "67162-8"
            }
          ]
        },
        "subject": {
          "reference": "Patient/PID-1dfee9844e1904949fa2cf584fe5ee6d97943b64cfb30f3a83b7c659"
        },
        "effectiveDateTime": "2009-10-16T13:49:00+02:00",
        "valueCodeableConcept": {
          "coding": [
            {
              "system": "https://www.medizininformatik-initiative.de/fhir/core/modul-person/CodeSystem/Vitalstatus",
              "code": "L"
            }
          ]
        }
      },
      "search": {
        "mode": "match"
      }
    },
    {
      "fullUrl": "http://num-fhirserver.distan.medicsh.de:8080/fhir/Observation/VIT-4fcf21221e83bff08e9d72509c929040a725112ade7a7e5691e72fb9",
      "resource": {
        "resourceType": "Observation",
        "id": "VIT-4fcf21221e83bff08e9d72509c929040a725112ade7a7e5691e72fb9",
        "meta": {
          "versionId": "164665355",
          "lastUpdated": "2025-03-16T10:30:47.377Z",
          "profile": [
            "https://www.medizininformatik-initiative.de/fhir/core/modul-person/StructureDefinition/Vitalstatus|2025.0.1"
          ]
        },
        "status": "final",
        "category": [
          {
            "coding": [
              {
                "system": "http://terminology.hl7.org/CodeSystem/observation-category",
                "code": "survey"
              }
            ]
          }
        ],
        "code": {
          "coding": [
            {
              "system": "http://loinc.org",
              "code": "67162-8"
            }
          ]
        },
        "subject": {
          "reference": "Patient/PID-1dfee9844e1904949fa2cf584fe5ee6d97943b64cfb30f3a83b7c659"
        },
        "effectiveDateTime": "2015-07-31T09:34:00+02:00",
        "valueCodeableConcept": {
          "coding": [
            {
              "system": "https://www.medizininformatik-initiative.de/fhir/core/modul-person/CodeSystem/Vitalstatus",
              "code": "L"
            }
          ]
        }
      },
      "search": {
        "mode": "match"
      }
    },
    {
      "fullUrl": "http://num-fhirserver.distan.medicsh.de:8080/fhir/Observation/VIT-b03e8747b88daa4bbde2d46991d919e79ea3a9d7ca18a725b004a58d",
      "resource": {
        "resourceType": "Observation",
        "id": "VIT-b03e8747b88daa4bbde2d46991d919e79ea3a9d7ca18a725b004a58d",
        "meta": {
          "versionId": "164665357",
          "lastUpdated": "2025-03-16T10:30:47.403Z",
          "profile": [
            "https://www.medizininformatik-initiative.de/fhir/core/modul-person/StructureDefinition/Vitalstatus|2025.0.1"
          ]
        },
        "status": "final",
        "category": [
          {
            "coding": [
              {
                "system": "http://terminology.hl7.org/CodeSystem/observation-category",
                "code": "survey"
              }
            ]
          }
        ],
        "code": {
          "coding": [
            {
              "system": "http://loinc.org",
              "code": "67162-8"
            }
          ]
        },
        "subject": {
          "reference": "Patient/PID-1dfee9844e1904949fa2cf584fe5ee6d97943b64cfb30f3a83b7c659"
        },
        "effectiveDateTime": "2013-10-10T10:25:00+02:00",
        "valueCodeableConcept": {
          "coding": [
            {
              "system": "https://www.medizininformatik-initiative.de/fhir/core/modul-person/CodeSystem/Vitalstatus",
              "code": "L"
            }
          ]
        }
      },
      "search": {
        "mode": "match"
      }
    }
  ]
}
