{
  "resourceType": "Bundle",
  "id": "DGTUYAMQGR37V2B6",
  "type": "searchset",
  "total": 5,
  "entry": [
    {
      "fullUrl": "http://num-fhirserver.distan.medicsh.de:8080/fhir/Patient/PID-1ecf6c838fbd52b8dbbd3c125232f15792ba69b07bdc321ac245cf01",
      "resource": {
        "resourceType": "Patient",
        "id": "PID-1ecf6c838fbd52b8dbbd3c125232f15792ba69b07bdc321ac245cf01",
        "meta": {
          "versionId": "65162982",
          "lastUpdated": "2025-03-12T21:37:47.006Z",
          "profile": [
            "https://www.medizininformatik-initiative.de/fhir/core/modul-person/StructureDefinition/PatientPseudonymisiert|2025.0.1"
          ]
        },
        "identifier": [
          {
            "use": "usual",
            "type": {
              "coding": [
                {
                  "system": "http://terminology.hl7.org/CodeSystem/v3-ObservationValue",
                  "code": "PSEUDED"
                }
              ]
            },
            "system": "https://www.medizininformatik-initiative.de/fhir/sid/pseudonym",
            "value": "1ecf6c838fbd52b8dbbd3c125232f15792ba69b07bdc321ac245cf01"
          }
        ],
        "gender": "male",
        "birthDate": "1946-02",
        "deceasedBoolean": true,
        "address": [
          {
            "type": "both",
            "postalCode": "241",
            "country": "DE"
          }
        ]
      },
      "search": {
        "mode": "match"
      }
    },
    {
      "fullUrl": "http://num-fhirserver.distan.medicsh.de:8080/fhir/Encounter/PV-171ad3f6833f5cf6a49873cfeb276c3610a98325848f390de329bdba",
      "resource": {
        "resourceType": "Encounter",
        "id": "PV-171ad3f6833f5cf6a49873cfeb276c3610a98325848f390de329bdba",
        "meta": {
          "versionId": "65162978",
          "lastUpdated": "2025-03-12T21:37:46.996Z",
          "source": "http://medic.uksh.de/source/orbis/legacy",
          "profile": [
            "https://www.medizininformatik-initiative.de/fhir/core/modul-fall/StructureDefinition/KontaktGesundheitseinrichtung|2025.0.0"
          ]
        },
        "identifier": [
          {
            "use": "official",
            "type": {
              "coding": [
                {
                  "system": "http://terminology.hl7.org/CodeSystem/v2-0203",
                  "code": "VN"
                }
              ]
            },
            "system": "http://medic.uksh.de/fhir/Encounter",
            "value": "171ad3f6833f5cf6a49873cfeb276c3610a98325848f390de329bdba"
          }
        ],
        "status": "finished",
        "class": {
          "system": "http://terminology.hl7.org/CodeSystem/v3-ActCode",
          "code": "AMB"
        },
        "type": [
          {
            "coding": [
              {
                "system": "http://fhir.de/CodeSystem/Kontaktebene",
                "code": "einrichtungskontakt"
              }
            ]
          }
        ],
        "subject": {
          "reference": "Patient/PID-1ecf6c838fbd52b8dbbd3c125232f15792ba69b07bdc321ac245cf01"
        },
        "period": {
          "start": "2010-05-27T10:41:00+02:00",
          "end": "2010-06-30T23:59:59+02:00"
        },
        "hospitalization": {
          "admitSource": {
            "coding": [
              {
                "system": "http://fhir.de/CodeSystem/dgkev/Aufnahmeanlass",
                "code": "E"
              }
            ]
          }
        }
      },
      "search": {
        "mode": "match"
      }
    },
    {
      "fullUrl": "http://num-fhirserver.distan.medicsh.de:8080/fhir/Encounter/PV-ea100311419010ab177700dd4b83c1a74a0e1546291de22e7c5fbce6",
      "resource": {
        "resourceType": "Encounter",
        "id": "PV-ea100311419010ab177700dd4b83c1a74a0e1546291de22e7c5fbce6",
        "meta": {
          "versionId": "65163305",
          "lastUpdated": "2025-03-12T21:37:47.928Z",
          "source": "http://medic.uksh.de/source/orbis/legacy",
          "profile": [
            "https://www.medizininformatik-initiative.de/fhir/core/modul-fall/StructureDefinition/KontaktGesundheitseinrichtung|2025.0.0"
          ]
        },
        "identifier": [
          {
            "use": "official",
            "type": {
              "coding": [
                {
                  "system": "http://terminology.hl7.org/CodeSystem/v2-0203",
                  "code": "VN"
                }
              ]
            },
            "system": "http://medic.uksh.de/fhir/Encounter",
            "value": "ea100311419010ab177700dd4b83c1a74a0e1546291de22e7c5fbce6"
          }
        ],
        "status": "finished",
        "class": {
          "system": "http://terminology.hl7.org/CodeSystem/v3-ActCode",
          "code": "AMB"
        },
        "type": [
          {
            "coding": [
              {
                "system": "http://fhir.de/CodeSystem/Kontaktebene",
                "code": "einrichtungskontakt"
              }
            ]
          }
        ],
        "subject": {
          "reference": "Patient/PID-1ecf6c838fbd52b8dbbd3c125232f15792ba69b07bdc321ac245cf01"
        },
        "period": {
          "start": "2010-03-02T15:29:00+01:00",
          "end": "2010-03-31T23:59:59+02:00"
        },
        "hospitalization": {
          "admitSource": {
            "coding": [
              {
                "system": "http://fhir.de/CodeSystem/dgkev/Aufnahmeanlass",
                "code": "E"
              }
            ]
          }
        }
      },
      "search": {
        "mode": "match"
      }
    },
    {
      "fullUrl": "http://num-fhirserver.distan.medicsh.de:8080/fhir/Observation/VIT-550c2ea9b4e8398d67bf158bf0772a8f43fbdd1c07fbcb33f283cdf1",
      "resource": {
        "resourceType": "Observation",
        "id": "VIT-550c2ea9b4e8398d67bf158bf0772a8f43fbdd1c07fbcb33f283cdf1",
        "meta": {
          "versionId": "65162987",
          "lastUpdated": "2025-03-12T21:37:47.021Z",
          "profile": [
            "https://www.medizininformatik-initiative.de/fhir/core/modul-person/StructureDefinition/Vitalstatus|2025.0.1"
          ]
        },
        "status": "final",
        "category": [
          {
            "coding": [
              {
                "system": "http://terminology.hl7.org/CodeSystem/observation-category",
                "code": "survey"
              }
            ]
          }
        ],
        "code": {
          "coding": [
            {
              "system": "http://loinc.org",
              "code": "67162-8"
            }
          ]
        },
        "subject": {
          "reference": "Patient/PID-1ecf6c838fbd52b8dbbd3c125232f15792ba69b07bdc321ac245cf01"
        },
        "effectiveDateTime": "2010-05-27T10:41:00+02:00",
        "valueCodeableConcept": {
          "coding": [
            {
              "system": "https://www.medizininformatik-initiative.de/fhir/core/modul-person/CodeSystem/Vitalstatus",
              "code": "L"
            }
          ]
        }
      },
      "search": {
        "mode": "match"
      }
    },
    {
      "fullUrl": "http://num-fhirserver.distan.medicsh.de:8080/fhir/Observation/VIT-e26cab68487e86823c4083d8de7e675c5bfdd10f514d452c84f79e55",
      "resource": {
        "resourceType": "Observation",
        "id": "VIT-e26cab68487e86823c4083d8de7e675c5bfdd10f514d452c84f79e55",
        "meta": {
          "versionId": "65163314",
          "lastUpdated": "2025-03-12T21:37:47.948Z",
          "profile": [
            "https://www.medizininformatik-initiative.de/fhir/core/modul-person/StructureDefinition/Vitalstatus|2025.0.1"
          ]
        },
        "status": "final",
        "category": [
          {
            "coding": [
              {
                "system": "http://terminology.hl7.org/CodeSystem/observation-category",
                "code": "survey"
              }
            ]
          }
        ],
        "code": {
          "coding": [
            {
              "system": "http://loinc.org",
              "code": "67162-8"
            }
          ]
        },
        "subject": {
          "reference": "Patient/PID-1ecf6c838fbd52b8dbbd3c125232f15792ba69b07bdc321ac245cf01"
        },
        "effectiveDateTime": "2010-03-02T15:29:00+01:00",
        "valueCodeableConcept": {
          "coding": [
            {
              "system": "https://www.medizininformatik-initiative.de/fhir/core/modul-person/CodeSystem/Vitalstatus",
              "code": "L"
            }
          ]
        }
      },
      "search": {
        "mode": "match"
      }
    }
  ]
}
