{
  "resourceType": "Bundle",
  "id": "DGTUX5FMYAV2FJGQ",
  "type": "searchset",
  "total": 3,
  "entry": [
    {
      "fullUrl": "http://num-fhirserver.distan.medicsh.de:8080/fhir/Patient/PID-1f654b25fc757b51c65b29a36894ceab40e14081b6018bfa3eb67c21",
      "resource": {
        "resourceType": "Patient",
        "id": "PID-1f654b25fc757b51c65b29a36894ceab40e14081b6018bfa3eb67c21",
        "meta": {
          "versionId": "206464716",
          "lastUpdated": "2025-03-18T12:20:33.978Z",
          "profile": [
            "https://www.medizininformatik-initiative.de/fhir/core/modul-person/StructureDefinition/PatientPseudonymisiert|2025.0.1"
          ]
        },
        "identifier": [
          {
            "use": "usual",
            "type": {
              "coding": [
                {
                  "system": "http://terminology.hl7.org/CodeSystem/v3-ObservationValue",
                  "code": "PSEUDED"
                }
              ]
            },
            "system": "https://www.medizininformatik-initiative.de/fhir/sid/pseudonym",
            "value": "1f654b25fc757b51c65b29a36894ceab40e14081b6018bfa3eb67c21"
          }
        ],
        "gender": "female",
        "birthDate": "1917-07",
        "deceasedBoolean": true
      },
      "search": {
        "mode": "match"
      }
    },
    {
      "fullUrl": "http://num-fhirserver.distan.medicsh.de:8080/fhir/Encounter/PV-34afe063c7aae1067ca0e3138c2dd75639317da2bf8eb61e99a1f8af",
      "resource": {
        "resourceType": "Encounter",
        "id": "PV-34afe063c7aae1067ca0e3138c2dd75639317da2bf8eb61e99a1f8af",
        "meta": {
          "versionId": "206464574",
          "lastUpdated": "2025-03-18T12:20:33.734Z",
          "source": "http://medic.uksh.de/source/orbis/legacy",
          "profile": [
            "https://www.medizininformatik-initiative.de/fhir/core/modul-fall/StructureDefinition/KontaktGesundheitseinrichtung|2025.0.0"
          ]
        },
        "identifier": [
          {
            "use": "official",
            "type": {
              "coding": [
                {
                  "system": "http://terminology.hl7.org/CodeSystem/v2-0203",
                  "code": "VN"
                }
              ]
            },
            "system": "http://medic.uksh.de/fhir/Encounter",
            "value": "34afe063c7aae1067ca0e3138c2dd75639317da2bf8eb61e99a1f8af"
          }
        ],
        "status": "finished",
        "class": {
          "system": "http://terminology.hl7.org/CodeSystem/v3-ActCode",
          "code": "AMB"
        },
        "type": [
          {
            "coding": [
              {
                "system": "http://fhir.de/CodeSystem/Kontaktebene",
                "code": "einrichtungskontakt"
              }
            ]
          }
        ],
        "subject": {
          "reference": "Patient/PID-1f654b25fc757b51c65b29a36894ceab40e14081b6018bfa3eb67c21"
        },
        "period": {
          "start": "2007-07-01T10:19:00+02:00",
          "end": "2007-09-30T23:59:59+02:00"
        }
      },
      "search": {
        "mode": "match"
      }
    },
    {
      "fullUrl": "http://num-fhirserver.distan.medicsh.de:8080/fhir/Observation/VIT-965a5c40dcf90f5ace2f6031deec0c36b3435a9e159ed761054dd04d",
      "resource": {
        "resourceType": "Observation",
        "id": "VIT-965a5c40dcf90f5ace2f6031deec0c36b3435a9e159ed761054dd04d",
        "meta": {
          "versionId": "206464592",
          "lastUpdated": "2025-03-18T12:20:33.761Z",
          "profile": [
            "https://www.medizininformatik-initiative.de/fhir/core/modul-person/StructureDefinition/Vitalstatus|2025.0.1"
          ]
        },
        "status": "final",
        "category": [
          {
            "coding": [
              {
                "system": "http://terminology.hl7.org/CodeSystem/observation-category",
                "code": "survey"
              }
            ]
          }
        ],
        "code": {
          "coding": [
            {
              "system": "http://loinc.org",
              "code": "67162-8"
            }
          ]
        },
        "subject": {
          "reference": "Patient/PID-1f654b25fc757b51c65b29a36894ceab40e14081b6018bfa3eb67c21"
        },
        "effectiveDateTime": "2007-07-01T10:19:00+02:00",
        "valueCodeableConcept": {
          "coding": [
            {
              "system": "https://www.medizininformatik-initiative.de/fhir/core/modul-person/CodeSystem/Vitalstatus",
              "code": "L"
            }
          ]
        }
      },
      "search": {
        "mode": "match"
      }
    }
  ]
}
