{
  "resourceType": "Bundle",
  "id": "DGTUYAS2LKE2WLJI",
  "type": "searchset",
  "total": 3,
  "entry": [
    {
      "fullUrl": "http://num-fhirserver.distan.medicsh.de:8080/fhir/Patient/PID-21c1ebb05a919d360cd14d4ca52ae925e2931a6e6c559632d1363fad",
      "resource": {
        "resourceType": "Patient",
        "id": "PID-21c1ebb05a919d360cd14d4ca52ae925e2931a6e6c559632d1363fad",
        "meta": {
          "versionId": "99627425",
          "lastUpdated": "2025-03-14T00:38:38.107Z",
          "profile": [
            "https://www.medizininformatik-initiative.de/fhir/core/modul-person/StructureDefinition/PatientPseudonymisiert|2025.0.1"
          ]
        },
        "identifier": [
          {
            "use": "usual",
            "type": {
              "coding": [
                {
                  "system": "http://terminology.hl7.org/CodeSystem/v3-ObservationValue",
                  "code": "PSEUDED"
                }
              ]
            },
            "system": "https://www.medizininformatik-initiative.de/fhir/sid/pseudonym",
            "value": "21c1ebb05a919d360cd14d4ca52ae925e2931a6e6c559632d1363fad"
          }
        ],
        "gender": "female",
        "birthDate": "1939-06",
        "deceasedBoolean": true
      },
      "search": {
        "mode": "match"
      }
    },
    {
      "fullUrl": "http://num-fhirserver.distan.medicsh.de:8080/fhir/Encounter/PV-f3c78e8dfe9bbb9bb345c5003122b18119b60e052ca8039c2dd9eb32",
      "resource": {
        "resourceType": "Encounter",
        "id": "PV-f3c78e8dfe9bbb9bb345c5003122b18119b60e052ca8039c2dd9eb32",
        "meta": {
          "versionId": "99626739",
          "lastUpdated": "2025-03-14T00:38:36.690Z",
          "source": "http://medic.uksh.de/source/orbis/legacy",
          "profile": [
            "https://www.medizininformatik-initiative.de/fhir/core/modul-fall/StructureDefinition/KontaktGesundheitseinrichtung|2025.0.0"
          ]
        },
        "identifier": [
          {
            "use": "official",
            "type": {
              "coding": [
                {
                  "system": "http://terminology.hl7.org/CodeSystem/v2-0203",
                  "code": "VN"
                }
              ]
            },
            "system": "http://medic.uksh.de/fhir/Encounter",
            "value": "f3c78e8dfe9bbb9bb345c5003122b18119b60e052ca8039c2dd9eb32"
          }
        ],
        "status": "finished",
        "class": {
          "system": "http://terminology.hl7.org/CodeSystem/v3-ActCode",
          "code": "AMB"
        },
        "type": [
          {
            "coding": [
              {
                "system": "http://fhir.de/CodeSystem/Kontaktebene",
                "code": "einrichtungskontakt"
              }
            ]
          }
        ],
        "subject": {
          "reference": "Patient/PID-21c1ebb05a919d360cd14d4ca52ae925e2931a6e6c559632d1363fad"
        },
        "period": {
          "start": "2017-09-02T15:48:00+02:00",
          "end": "2017-09-30T23:59:59+02:00"
        },
        "hospitalization": {
          "admitSource": {
            "coding": [
              {
                "system": "http://fhir.de/CodeSystem/dgkev/Aufnahmeanlass",
                "code": "E"
              }
            ]
          }
        }
      },
      "search": {
        "mode": "match"
      }
    },
    {
      "fullUrl": "http://num-fhirserver.distan.medicsh.de:8080/fhir/Observation/VIT-8806ab78965c23ae204d83e8e63fa5942949f7f7aa20a7fdc740ffeb",
      "resource": {
        "resourceType": "Observation",
        "id": "VIT-8806ab78965c23ae204d83e8e63fa5942949f7f7aa20a7fdc740ffeb",
        "meta": {
          "versionId": "99626753",
          "lastUpdated": "2025-03-14T00:38:36.716Z",
          "profile": [
            "https://www.medizininformatik-initiative.de/fhir/core/modul-person/StructureDefinition/Vitalstatus|2025.0.1"
          ]
        },
        "status": "final",
        "category": [
          {
            "coding": [
              {
                "system": "http://terminology.hl7.org/CodeSystem/observation-category",
                "code": "survey"
              }
            ]
          }
        ],
        "code": {
          "coding": [
            {
              "system": "http://loinc.org",
              "code": "67162-8"
            }
          ]
        },
        "subject": {
          "reference": "Patient/PID-21c1ebb05a919d360cd14d4ca52ae925e2931a6e6c559632d1363fad"
        },
        "effectiveDateTime": "2017-09-02T15:48:00+02:00",
        "valueCodeableConcept": {
          "coding": [
            {
              "system": "https://www.medizininformatik-initiative.de/fhir/core/modul-person/CodeSystem/Vitalstatus",
              "code": "L"
            }
          ]
        }
      },
      "search": {
        "mode": "match"
      }
    }
  ]
}
