{
  "resourceType": "Bundle",
  "id": "DGTUX5J7Q4DRLJUY",
  "type": "searchset",
  "total": 7,
  "entry": [
    {
      "fullUrl": "http://num-fhirserver.distan.medicsh.de:8080/fhir/Patient/PID-245d3d160d45fbc2a2309b0d1dec1fe1419d4784e2ae9a9d9499c261",
      "resource": {
        "resourceType": "Patient",
        "id": "PID-245d3d160d45fbc2a2309b0d1dec1fe1419d4784e2ae9a9d9499c261",
        "meta": {
          "versionId": "214940739",
          "lastUpdated": "2025-03-18T18:06:57.245Z",
          "profile": [
            "https://www.medizininformatik-initiative.de/fhir/core/modul-person/StructureDefinition/PatientPseudonymisiert|2025.0.1"
          ]
        },
        "identifier": [
          {
            "use": "usual",
            "type": {
              "coding": [
                {
                  "system": "http://terminology.hl7.org/CodeSystem/v3-ObservationValue",
                  "code": "PSEUDED"
                }
              ]
            },
            "system": "https://www.medizininformatik-initiative.de/fhir/sid/pseudonym",
            "value": "245d3d160d45fbc2a2309b0d1dec1fe1419d4784e2ae9a9d9499c261"
          }
        ],
        "gender": "male",
        "birthDate": "2009-01",
        "deceasedBoolean": true
      },
      "search": {
        "mode": "match"
      }
    },
    {
      "fullUrl": "http://num-fhirserver.distan.medicsh.de:8080/fhir/Encounter/PV-8aec4b547a078b3e9a367a45b3aea2c46814db2922ea7d1252725b21",
      "resource": {
        "resourceType": "Encounter",
        "id": "PV-8aec4b547a078b3e9a367a45b3aea2c46814db2922ea7d1252725b21",
        "meta": {
          "versionId": "214940421",
          "lastUpdated": "2025-03-18T18:06:56.651Z",
          "source": "http://medic.uksh.de/source/orbis/legacy",
          "profile": [
            "https://www.medizininformatik-initiative.de/fhir/core/modul-fall/StructureDefinition/KontaktGesundheitseinrichtung|2025.0.0"
          ]
        },
        "identifier": [
          {
            "use": "official",
            "type": {
              "coding": [
                {
                  "system": "http://terminology.hl7.org/CodeSystem/v2-0203",
                  "code": "VN"
                }
              ]
            },
            "system": "http://medic.uksh.de/fhir/Encounter",
            "value": "8aec4b547a078b3e9a367a45b3aea2c46814db2922ea7d1252725b21"
          }
        ],
        "status": "finished",
        "class": {
          "system": "http://terminology.hl7.org/CodeSystem/v3-ActCode",
          "code": "AMB"
        },
        "type": [
          {
            "coding": [
              {
                "system": "http://fhir.de/CodeSystem/Kontaktebene",
                "code": "einrichtungskontakt"
              }
            ]
          }
        ],
        "subject": {
          "reference": "Patient/PID-245d3d160d45fbc2a2309b0d1dec1fe1419d4784e2ae9a9d9499c261"
        },
        "period": {
          "start": "2009-02-01T07:39:00+01:00",
          "end": "2009-03-31T23:59:59+02:00"
        },
        "hospitalization": {
          "admitSource": {
            "coding": [
              {
                "system": "http://fhir.de/CodeSystem/dgkev/Aufnahmeanlass",
                "code": "E"
              }
            ]
          }
        }
      },
      "search": {
        "mode": "match"
      }
    },
    {
      "fullUrl": "http://num-fhirserver.distan.medicsh.de:8080/fhir/Encounter/PV-99d37337fea85540c8d6580d31a6d4eb0a8403b7ca3483435d88d69e",
      "resource": {
        "resourceType": "Encounter",
        "id": "PV-99d37337fea85540c8d6580d31a6d4eb0a8403b7ca3483435d88d69e",
        "meta": {
          "versionId": "214940547",
          "lastUpdated": "2025-03-18T18:06:56.912Z",
          "source": "http://medic.uksh.de/source/orbis/legacy",
          "profile": [
            "https://www.medizininformatik-initiative.de/fhir/core/modul-fall/StructureDefinition/KontaktGesundheitseinrichtung|2025.0.0"
          ]
        },
        "identifier": [
          {
            "use": "official",
            "type": {
              "coding": [
                {
                  "system": "http://terminology.hl7.org/CodeSystem/v2-0203",
                  "code": "VN"
                }
              ]
            },
            "system": "http://medic.uksh.de/fhir/Encounter",
            "value": "99d37337fea85540c8d6580d31a6d4eb0a8403b7ca3483435d88d69e"
          }
        ],
        "status": "finished",
        "class": {
          "system": "http://terminology.hl7.org/CodeSystem/v3-ActCode",
          "code": "AMB"
        },
        "type": [
          {
            "coding": [
              {
                "system": "http://fhir.de/CodeSystem/Kontaktebene",
                "code": "einrichtungskontakt"
              }
            ]
          }
        ],
        "subject": {
          "reference": "Patient/PID-245d3d160d45fbc2a2309b0d1dec1fe1419d4784e2ae9a9d9499c261"
        },
        "period": {
          "start": "2008-12-01T13:02:00+01:00",
          "end": "2008-12-31T23:59:59+01:00"
        },
        "hospitalization": {
          "admitSource": {
            "coding": [
              {
                "system": "http://fhir.de/CodeSystem/dgkev/Aufnahmeanlass",
                "code": "E"
              }
            ]
          }
        }
      },
      "search": {
        "mode": "match"
      }
    },
    {
      "fullUrl": "http://num-fhirserver.distan.medicsh.de:8080/fhir/Encounter/PV-e101f51b142a66777de1b5bae73fe5aa317aacaad9a70e5cb109f400",
      "resource": {
        "resourceType": "Encounter",
        "id": "PV-e101f51b142a66777de1b5bae73fe5aa317aacaad9a70e5cb109f400",
        "meta": {
          "versionId": "214940405",
          "lastUpdated": "2025-03-18T18:06:56.617Z",
          "source": "http://medic.uksh.de/source/orbis/legacy",
          "profile": [
            "https://www.medizininformatik-initiative.de/fhir/core/modul-fall/StructureDefinition/KontaktGesundheitseinrichtung|2025.0.0"
          ]
        },
        "identifier": [
          {
            "use": "official",
            "type": {
              "coding": [
                {
                  "system": "http://terminology.hl7.org/CodeSystem/v2-0203",
                  "code": "VN"
                }
              ]
            },
            "system": "http://medic.uksh.de/fhir/Encounter",
            "value": "e101f51b142a66777de1b5bae73fe5aa317aacaad9a70e5cb109f400"
          }
        ],
        "status": "finished",
        "class": {
          "system": "http://terminology.hl7.org/CodeSystem/v3-ActCode",
          "code": "AMB"
        },
        "type": [
          {
            "coding": [
              {
                "system": "http://fhir.de/CodeSystem/Kontaktebene",
                "code": "einrichtungskontakt"
              }
            ]
          }
        ],
        "subject": {
          "reference": "Patient/PID-245d3d160d45fbc2a2309b0d1dec1fe1419d4784e2ae9a9d9499c261"
        },
        "period": {
          "start": "2009-01-01T11:24:00+01:00",
          "end": "2009-03-31T23:59:59+02:00"
        },
        "hospitalization": {
          "admitSource": {
            "coding": [
              {
                "system": "http://fhir.de/CodeSystem/dgkev/Aufnahmeanlass",
                "code": "E"
              }
            ]
          }
        }
      },
      "search": {
        "mode": "match"
      }
    },
    {
      "fullUrl": "http://num-fhirserver.distan.medicsh.de:8080/fhir/Observation/VIT-55219a2179acdb0547e5df1974a0f44a57b893a793ccd35e591714cd",
      "resource": {
        "resourceType": "Observation",
        "id": "VIT-55219a2179acdb0547e5df1974a0f44a57b893a793ccd35e591714cd",
        "meta": {
          "versionId": "214940565",
          "lastUpdated": "2025-03-18T18:06:56.945Z",
          "profile": [
            "https://www.medizininformatik-initiative.de/fhir/core/modul-person/StructureDefinition/Vitalstatus|2025.0.1"
          ]
        },
        "status": "final",
        "category": [
          {
            "coding": [
              {
                "system": "http://terminology.hl7.org/CodeSystem/observation-category",
                "code": "survey"
              }
            ]
          }
        ],
        "code": {
          "coding": [
            {
              "system": "http://loinc.org",
              "code": "67162-8"
            }
          ]
        },
        "subject": {
          "reference": "Patient/PID-245d3d160d45fbc2a2309b0d1dec1fe1419d4784e2ae9a9d9499c261"
        },
        "effectiveDateTime": "2008-12-01T13:02:00+01:00",
        "valueCodeableConcept": {
          "coding": [
            {
              "system": "https://www.medizininformatik-initiative.de/fhir/core/modul-person/CodeSystem/Vitalstatus",
              "code": "L"
            }
          ]
        }
      },
      "search": {
        "mode": "match"
      }
    },
    {
      "fullUrl": "http://num-fhirserver.distan.medicsh.de:8080/fhir/Observation/VIT-db8c675364dca6f25a3467f0d2a57abf7ea2cdb2972f4e1aba55c083",
      "resource": {
        "resourceType": "Observation",
        "id": "VIT-db8c675364dca6f25a3467f0d2a57abf7ea2cdb2972f4e1aba55c083",
        "meta": {
          "versionId": "214940436",
          "lastUpdated": "2025-03-18T18:06:56.685Z",
          "profile": [
            "https://www.medizininformatik-initiative.de/fhir/core/modul-person/StructureDefinition/Vitalstatus|2025.0.1"
          ]
        },
        "status": "final",
        "category": [
          {
            "coding": [
              {
                "system": "http://terminology.hl7.org/CodeSystem/observation-category",
                "code": "survey"
              }
            ]
          }
        ],
        "code": {
          "coding": [
            {
              "system": "http://loinc.org",
              "code": "67162-8"
            }
          ]
        },
        "subject": {
          "reference": "Patient/PID-245d3d160d45fbc2a2309b0d1dec1fe1419d4784e2ae9a9d9499c261"
        },
        "effectiveDateTime": "2009-02-01T07:39:00+01:00",
        "valueCodeableConcept": {
          "coding": [
            {
              "system": "https://www.medizininformatik-initiative.de/fhir/core/modul-person/CodeSystem/Vitalstatus",
              "code": "L"
            }
          ]
        }
      },
      "search": {
        "mode": "match"
      }
    },
    {
      "fullUrl": "http://num-fhirserver.distan.medicsh.de:8080/fhir/Observation/VIT-e559ffd9921b83d8bb09fe97f338e96996de9adb993936dfd510aa9a",
      "resource": {
        "resourceType": "Observation",
        "id": "VIT-e559ffd9921b83d8bb09fe97f338e96996de9adb993936dfd510aa9a",
        "meta": {
          "versionId": "214940425",
          "lastUpdated": "2025-03-18T18:06:56.661Z",
          "profile": [
            "https://www.medizininformatik-initiative.de/fhir/core/modul-person/StructureDefinition/Vitalstatus|2025.0.1"
          ]
        },
        "status": "final",
        "category": [
          {
            "coding": [
              {
                "system": "http://terminology.hl7.org/CodeSystem/observation-category",
                "code": "survey"
              }
            ]
          }
        ],
        "code": {
          "coding": [
            {
              "system": "http://loinc.org",
              "code": "67162-8"
            }
          ]
        },
        "subject": {
          "reference": "Patient/PID-245d3d160d45fbc2a2309b0d1dec1fe1419d4784e2ae9a9d9499c261"
        },
        "effectiveDateTime": "2009-01-01T11:24:00+01:00",
        "valueCodeableConcept": {
          "coding": [
            {
              "system": "https://www.medizininformatik-initiative.de/fhir/core/modul-person/CodeSystem/Vitalstatus",
              "code": "L"
            }
          ]
        }
      },
      "search": {
        "mode": "match"
      }
    }
  ]
}
