{
  "resourceType": "Bundle",
  "id": "DGTUX52JLN2ZNJBV",
  "type": "searchset",
  "total": 3,
  "entry": [
    {
      "fullUrl": "http://num-fhirserver.distan.medicsh.de:8080/fhir/Patient/PID-25383af8515ce963a3c685eca731ee5a02423cd35fb8f5382b5c93f9",
      "resource": {
        "resourceType": "Patient",
        "id": "PID-25383af8515ce963a3c685eca731ee5a02423cd35fb8f5382b5c93f9",
        "meta": {
          "versionId": "195910449",
          "lastUpdated": "2025-03-18T04:41:32.360Z",
          "profile": [
            "https://www.medizininformatik-initiative.de/fhir/core/modul-person/StructureDefinition/PatientPseudonymisiert|2025.0.1"
          ]
        },
        "identifier": [
          {
            "use": "usual",
            "type": {
              "coding": [
                {
                  "system": "http://terminology.hl7.org/CodeSystem/v3-ObservationValue",
                  "code": "PSEUDED"
                }
              ]
            },
            "system": "https://www.medizininformatik-initiative.de/fhir/sid/pseudonym",
            "value": "25383af8515ce963a3c685eca731ee5a02423cd35fb8f5382b5c93f9"
          }
        ],
        "gender": "male",
        "birthDate": "1944-04",
        "deceasedBoolean": true,
        "address": [
          {
            "type": "both",
            "postalCode": "223",
            "country": "DE"
          }
        ]
      },
      "search": {
        "mode": "match"
      }
    },
    {
      "fullUrl": "http://num-fhirserver.distan.medicsh.de:8080/fhir/Encounter/PV-9a4db2244cebf5da6865e543daa6f0160110a3e8973ee3cc1f95a3a6",
      "resource": {
        "resourceType": "Encounter",
        "id": "PV-9a4db2244cebf5da6865e543daa6f0160110a3e8973ee3cc1f95a3a6",
        "meta": {
          "versionId": "195910438",
          "lastUpdated": "2025-03-18T04:41:32.342Z",
          "source": "http://medic.uksh.de/source/orbis/legacy",
          "profile": [
            "https://www.medizininformatik-initiative.de/fhir/core/modul-fall/StructureDefinition/KontaktGesundheitseinrichtung|2025.0.0"
          ]
        },
        "identifier": [
          {
            "use": "official",
            "type": {
              "coding": [
                {
                  "system": "http://terminology.hl7.org/CodeSystem/v2-0203",
                  "code": "VN"
                }
              ]
            },
            "system": "http://medic.uksh.de/fhir/Encounter",
            "value": "9a4db2244cebf5da6865e543daa6f0160110a3e8973ee3cc1f95a3a6"
          }
        ],
        "status": "finished",
        "class": {
          "system": "http://terminology.hl7.org/CodeSystem/v3-ActCode",
          "code": "AMB"
        },
        "type": [
          {
            "coding": [
              {
                "system": "http://fhir.de/CodeSystem/Kontaktebene",
                "code": "einrichtungskontakt"
              }
            ]
          }
        ],
        "subject": {
          "reference": "Patient/PID-25383af8515ce963a3c685eca731ee5a02423cd35fb8f5382b5c93f9"
        },
        "period": {
          "start": "2015-09-07T13:27:00+02:00",
          "end": "2015-09-30T23:59:59+02:00"
        },
        "hospitalization": {
          "admitSource": {
            "coding": [
              {
                "system": "http://fhir.de/CodeSystem/dgkev/Aufnahmeanlass",
                "code": "E"
              }
            ]
          }
        }
      },
      "search": {
        "mode": "match"
      }
    },
    {
      "fullUrl": "http://num-fhirserver.distan.medicsh.de:8080/fhir/Observation/VIT-c262e382b2505e26f5feb4ae0f6e0878358346967fe66e20abcd8478",
      "resource": {
        "resourceType": "Observation",
        "id": "VIT-c262e382b2505e26f5feb4ae0f6e0878358346967fe66e20abcd8478",
        "meta": {
          "versionId": "195910446",
          "lastUpdated": "2025-03-18T04:41:32.355Z",
          "profile": [
            "https://www.medizininformatik-initiative.de/fhir/core/modul-person/StructureDefinition/Vitalstatus|2025.0.1"
          ]
        },
        "status": "final",
        "category": [
          {
            "coding": [
              {
                "system": "http://terminology.hl7.org/CodeSystem/observation-category",
                "code": "survey"
              }
            ]
          }
        ],
        "code": {
          "coding": [
            {
              "system": "http://loinc.org",
              "code": "67162-8"
            }
          ]
        },
        "subject": {
          "reference": "Patient/PID-25383af8515ce963a3c685eca731ee5a02423cd35fb8f5382b5c93f9"
        },
        "effectiveDateTime": "2015-09-07T13:27:00+02:00",
        "valueCodeableConcept": {
          "coding": [
            {
              "system": "https://www.medizininformatik-initiative.de/fhir/core/modul-person/CodeSystem/Vitalstatus",
              "code": "L"
            }
          ]
        }
      },
      "search": {
        "mode": "match"
      }
    }
  ]
}
