{
  "resourceType": "Bundle",
  "id": "DGTUX47OR4TW6ILV",
  "type": "searchset",
  "total": 3,
  "entry": [
    {
      "fullUrl": "http://num-fhirserver.distan.medicsh.de:8080/fhir/Patient/PID-2694f5fa065b05141cd64af31b179476c64c9e17e8ff243b0b08fb5b",
      "resource": {
        "resourceType": "Patient",
        "id": "PID-2694f5fa065b05141cd64af31b179476c64c9e17e8ff243b0b08fb5b",
        "meta": {
          "versionId": "127199593",
          "lastUpdated": "2025-03-14T20:29:07.731Z",
          "profile": [
            "https://www.medizininformatik-initiative.de/fhir/core/modul-person/StructureDefinition/PatientPseudonymisiert|2025.0.1"
          ]
        },
        "identifier": [
          {
            "use": "usual",
            "type": {
              "coding": [
                {
                  "system": "http://terminology.hl7.org/CodeSystem/v3-ObservationValue",
                  "code": "PSEUDED"
                }
              ]
            },
            "system": "https://www.medizininformatik-initiative.de/fhir/sid/pseudonym",
            "value": "2694f5fa065b05141cd64af31b179476c64c9e17e8ff243b0b08fb5b"
          }
        ],
        "gender": "male",
        "birthDate": "2006-11",
        "deceasedBoolean": true
      },
      "search": {
        "mode": "match"
      }
    },
    {
      "fullUrl": "http://num-fhirserver.distan.medicsh.de:8080/fhir/Encounter/PV-5d59296a4cdbec076bb64affeb63f32988f914103775967dbea42ba0",
      "resource": {
        "resourceType": "Encounter",
        "id": "PV-5d59296a4cdbec076bb64affeb63f32988f914103775967dbea42ba0",
        "meta": {
          "versionId": "127199470",
          "lastUpdated": "2025-03-14T20:29:07.438Z",
          "source": "http://medic.uksh.de/source/orbis/legacy",
          "profile": [
            "https://www.medizininformatik-initiative.de/fhir/core/modul-fall/StructureDefinition/KontaktGesundheitseinrichtung|2025.0.0"
          ]
        },
        "identifier": [
          {
            "use": "official",
            "type": {
              "coding": [
                {
                  "system": "http://terminology.hl7.org/CodeSystem/v2-0203",
                  "code": "VN"
                }
              ]
            },
            "system": "http://medic.uksh.de/fhir/Encounter",
            "value": "5d59296a4cdbec076bb64affeb63f32988f914103775967dbea42ba0"
          }
        ],
        "status": "finished",
        "class": {
          "system": "http://terminology.hl7.org/CodeSystem/v3-ActCode",
          "code": "AMB"
        },
        "type": [
          {
            "coding": [
              {
                "system": "http://fhir.de/CodeSystem/Kontaktebene",
                "code": "einrichtungskontakt"
              }
            ]
          }
        ],
        "subject": {
          "reference": "Patient/PID-2694f5fa065b05141cd64af31b179476c64c9e17e8ff243b0b08fb5b"
        },
        "period": {
          "start": "2006-11-01T10:36:00+01:00",
          "end": "2006-12-31T23:59:59+01:00"
        }
      },
      "search": {
        "mode": "match"
      }
    },
    {
      "fullUrl": "http://num-fhirserver.distan.medicsh.de:8080/fhir/Observation/VIT-8c62e731a144bf649eeffaf616c483c1ef44c6d15a620a9c663ffb2f",
      "resource": {
        "resourceType": "Observation",
        "id": "VIT-8c62e731a144bf649eeffaf616c483c1ef44c6d15a620a9c663ffb2f",
        "meta": {
          "versionId": "127199483",
          "lastUpdated": "2025-03-14T20:29:07.477Z",
          "profile": [
            "https://www.medizininformatik-initiative.de/fhir/core/modul-person/StructureDefinition/Vitalstatus|2025.0.1"
          ]
        },
        "status": "final",
        "category": [
          {
            "coding": [
              {
                "system": "http://terminology.hl7.org/CodeSystem/observation-category",
                "code": "survey"
              }
            ]
          }
        ],
        "code": {
          "coding": [
            {
              "system": "http://loinc.org",
              "code": "67162-8"
            }
          ]
        },
        "subject": {
          "reference": "Patient/PID-2694f5fa065b05141cd64af31b179476c64c9e17e8ff243b0b08fb5b"
        },
        "effectiveDateTime": "2006-11-01T10:36:00+01:00",
        "valueCodeableConcept": {
          "coding": [
            {
              "system": "https://www.medizininformatik-initiative.de/fhir/core/modul-person/CodeSystem/Vitalstatus",
              "code": "L"
            }
          ]
        }
      },
      "search": {
        "mode": "match"
      }
    }
  ]
}
