{
  "resourceType": "Bundle",
  "id": "DGTUX4UNKBCTOE7O",
  "type": "searchset",
  "total": 4,
  "entry": [
    {
      "fullUrl": "http://num-fhirserver.distan.medicsh.de:8080/fhir/Patient/PID-275fec636bdc0c1c82e55a010fd8a20543197aac5fcc5c7104c6fe0d",
      "resource": {
        "resourceType": "Patient",
        "id": "PID-275fec636bdc0c1c82e55a010fd8a20543197aac5fcc5c7104c6fe0d",
        "meta": {
          "versionId": "235687676",
          "lastUpdated": "2025-03-19T14:39:13.159Z",
          "profile": [
            "https://www.medizininformatik-initiative.de/fhir/core/modul-person/StructureDefinition/PatientPseudonymisiert|2025.0.1"
          ]
        },
        "identifier": [
          {
            "use": "usual",
            "type": {
              "coding": [
                {
                  "system": "http://terminology.hl7.org/CodeSystem/v3-ObservationValue",
                  "code": "PSEUDED"
                }
              ]
            },
            "system": "https://www.medizininformatik-initiative.de/fhir/sid/pseudonym",
            "value": "275fec636bdc0c1c82e55a010fd8a20543197aac5fcc5c7104c6fe0d"
          }
        ],
        "gender": "female",
        "birthDate": "2001-01",
        "deceasedBoolean": true
      },
      "search": {
        "mode": "match"
      }
    },
    {
      "fullUrl": "http://num-fhirserver.distan.medicsh.de:8080/fhir/Encounter/PV-bd1f1635dbaf76a813c802d88e14f742f7b5fdcb864a71c0aa34de02",
      "resource": {
        "resourceType": "Encounter",
        "id": "PV-bd1f1635dbaf76a813c802d88e14f742f7b5fdcb864a71c0aa34de02",
        "meta": {
          "versionId": "234910038",
          "lastUpdated": "2025-03-19T14:08:08.978Z",
          "source": "http://medic.uksh.de/source/orbis/adt",
          "profile": [
            "https://www.medizininformatik-initiative.de/fhir/core/modul-fall/StructureDefinition/KontaktGesundheitseinrichtung|2025.0.0"
          ]
        },
        "identifier": [
          {
            "use": "official",
            "type": {
              "coding": [
                {
                  "system": "http://terminology.hl7.org/CodeSystem/v2-0203",
                  "code": "VN"
                }
              ]
            },
            "system": "http://medic.uksh.de/fhir/Encounter",
            "value": "bd1f1635dbaf76a813c802d88e14f742f7b5fdcb864a71c0aa34de02"
          }
        ],
        "status": "finished",
        "class": {
          "system": "http://terminology.hl7.org/CodeSystem/v3-ActCode",
          "code": "AMB"
        },
        "type": [
          {
            "coding": [
              {
                "system": "http://fhir.de/CodeSystem/Kontaktebene",
                "code": "einrichtungskontakt"
              }
            ]
          }
        ],
        "subject": {
          "reference": "Patient/PID-275fec636bdc0c1c82e55a010fd8a20543197aac5fcc5c7104c6fe0d"
        },
        "period": {
          "start": "2022-07-11T14:25:00+02:00",
          "end": "2022-09-30T23:59:59+02:00"
        }
      },
      "search": {
        "mode": "match"
      }
    },
    {
      "fullUrl": "http://num-fhirserver.distan.medicsh.de:8080/fhir/Observation/VIT-0c8ca14dea034d486519eb3cacc3144f218f8b99ed9a1405fd47df2f",
      "resource": {
        "resourceType": "Observation",
        "id": "VIT-0c8ca14dea034d486519eb3cacc3144f218f8b99ed9a1405fd47df2f",
        "meta": {
          "versionId": "234910060",
          "lastUpdated": "2025-03-19T14:08:09.029Z",
          "profile": [
            "https://www.medizininformatik-initiative.de/fhir/core/modul-person/StructureDefinition/Vitalstatus|2025.0.1"
          ]
        },
        "status": "final",
        "category": [
          {
            "coding": [
              {
                "system": "http://terminology.hl7.org/CodeSystem/observation-category",
                "code": "survey"
              }
            ]
          }
        ],
        "code": {
          "coding": [
            {
              "system": "http://loinc.org",
              "code": "67162-8"
            }
          ]
        },
        "subject": {
          "reference": "Patient/PID-275fec636bdc0c1c82e55a010fd8a20543197aac5fcc5c7104c6fe0d"
        },
        "effectiveDateTime": "2022-09-30T23:59:59+02:00",
        "valueCodeableConcept": {
          "coding": [
            {
              "system": "https://www.medizininformatik-initiative.de/fhir/core/modul-person/CodeSystem/Vitalstatus",
              "code": "L"
            }
          ]
        }
      },
      "search": {
        "mode": "match"
      }
    },
    {
      "fullUrl": "http://num-fhirserver.distan.medicsh.de:8080/fhir/Observation/VIT-a25c218b10fe6754037c898107406b4c0cf014fa4940bcc1e40cc76e",
      "resource": {
        "resourceType": "Observation",
        "id": "VIT-a25c218b10fe6754037c898107406b4c0cf014fa4940bcc1e40cc76e",
        "meta": {
          "versionId": "234910049",
          "lastUpdated": "2025-03-19T14:08:08.999Z",
          "profile": [
            "https://www.medizininformatik-initiative.de/fhir/core/modul-person/StructureDefinition/Vitalstatus|2025.0.1"
          ]
        },
        "status": "final",
        "category": [
          {
            "coding": [
              {
                "system": "http://terminology.hl7.org/CodeSystem/observation-category",
                "code": "survey"
              }
            ]
          }
        ],
        "code": {
          "coding": [
            {
              "system": "http://loinc.org",
              "code": "67162-8"
            }
          ]
        },
        "subject": {
          "reference": "Patient/PID-275fec636bdc0c1c82e55a010fd8a20543197aac5fcc5c7104c6fe0d"
        },
        "effectiveDateTime": "2022-07-11T14:25:00+02:00",
        "valueCodeableConcept": {
          "coding": [
            {
              "system": "https://www.medizininformatik-initiative.de/fhir/core/modul-person/CodeSystem/Vitalstatus",
              "code": "L"
            }
          ]
        }
      },
      "search": {
        "mode": "match"
      }
    }
  ]
}
