{
  "resourceType": "Bundle",
  "id": "DGTUYAXX2LZF3DZZ",
  "type": "searchset",
  "total": 3,
  "entry": [
    {
      "fullUrl": "http://num-fhirserver.distan.medicsh.de:8080/fhir/Patient/PID-29ef59a2cf589c8b1c12d0d4de9fea2aebbb12185282aa3fa3ed7215",
      "resource": {
        "resourceType": "Patient",
        "id": "PID-29ef59a2cf589c8b1c12d0d4de9fea2aebbb12185282aa3fa3ed7215",
        "meta": {
          "versionId": "166565976",
          "lastUpdated": "2025-03-16T21:39:16.395Z",
          "profile": [
            "https://www.medizininformatik-initiative.de/fhir/core/modul-person/StructureDefinition/PatientPseudonymisiert|2025.0.1"
          ]
        },
        "identifier": [
          {
            "use": "usual",
            "type": {
              "coding": [
                {
                  "system": "http://terminology.hl7.org/CodeSystem/v3-ObservationValue",
                  "code": "PSEUDED"
                }
              ]
            },
            "system": "https://www.medizininformatik-initiative.de/fhir/sid/pseudonym",
            "value": "29ef59a2cf589c8b1c12d0d4de9fea2aebbb12185282aa3fa3ed7215"
          }
        ],
        "gender": "female",
        "birthDate": "2014-01",
        "deceasedBoolean": true
      },
      "search": {
        "mode": "match"
      }
    },
    {
      "fullUrl": "http://num-fhirserver.distan.medicsh.de:8080/fhir/Encounter/PV-af31a8945d02d403a94e0c27e360eabc648a76bb52071d0268e53742",
      "resource": {
        "resourceType": "Encounter",
        "id": "PV-af31a8945d02d403a94e0c27e360eabc648a76bb52071d0268e53742",
        "meta": {
          "versionId": "166565969",
          "lastUpdated": "2025-03-16T21:39:16.304Z",
          "source": "http://medic.uksh.de/source/orbis/legacy",
          "profile": [
            "https://www.medizininformatik-initiative.de/fhir/core/modul-fall/StructureDefinition/KontaktGesundheitseinrichtung|2025.0.0"
          ]
        },
        "identifier": [
          {
            "use": "official",
            "type": {
              "coding": [
                {
                  "system": "http://terminology.hl7.org/CodeSystem/v2-0203",
                  "code": "VN"
                }
              ]
            },
            "system": "http://medic.uksh.de/fhir/Encounter",
            "value": "af31a8945d02d403a94e0c27e360eabc648a76bb52071d0268e53742"
          }
        ],
        "status": "finished",
        "class": {
          "system": "http://terminology.hl7.org/CodeSystem/v3-ActCode",
          "code": "AMB"
        },
        "type": [
          {
            "coding": [
              {
                "system": "http://fhir.de/CodeSystem/Kontaktebene",
                "code": "einrichtungskontakt"
              }
            ]
          }
        ],
        "subject": {
          "reference": "Patient/PID-29ef59a2cf589c8b1c12d0d4de9fea2aebbb12185282aa3fa3ed7215"
        },
        "period": {
          "start": "2015-11-20T11:32:00+01:00",
          "end": "2015-12-31T23:59:59+01:00"
        },
        "hospitalization": {
          "admitSource": {
            "coding": [
              {
                "system": "http://fhir.de/CodeSystem/dgkev/Aufnahmeanlass",
                "code": "E"
              }
            ]
          }
        }
      },
      "search": {
        "mode": "match"
      }
    },
    {
      "fullUrl": "http://num-fhirserver.distan.medicsh.de:8080/fhir/Observation/VIT-1e37f14836dd2c0bb2bdb02d7f1d2610e0e58348d348ee2fa7a8462c",
      "resource": {
        "resourceType": "Observation",
        "id": "VIT-1e37f14836dd2c0bb2bdb02d7f1d2610e0e58348d348ee2fa7a8462c",
        "meta": {
          "versionId": "166565971",
          "lastUpdated": "2025-03-16T21:39:16.322Z",
          "profile": [
            "https://www.medizininformatik-initiative.de/fhir/core/modul-person/StructureDefinition/Vitalstatus|2025.0.1"
          ]
        },
        "status": "final",
        "category": [
          {
            "coding": [
              {
                "system": "http://terminology.hl7.org/CodeSystem/observation-category",
                "code": "survey"
              }
            ]
          }
        ],
        "code": {
          "coding": [
            {
              "system": "http://loinc.org",
              "code": "67162-8"
            }
          ]
        },
        "subject": {
          "reference": "Patient/PID-29ef59a2cf589c8b1c12d0d4de9fea2aebbb12185282aa3fa3ed7215"
        },
        "effectiveDateTime": "2015-11-20T11:32:00+01:00",
        "valueCodeableConcept": {
          "coding": [
            {
              "system": "https://www.medizininformatik-initiative.de/fhir/core/modul-person/CodeSystem/Vitalstatus",
              "code": "L"
            }
          ]
        }
      },
      "search": {
        "mode": "match"
      }
    }
  ]
}
