{
  "resourceType": "Bundle",
  "id": "DGTUYAMES4XRENE2",
  "type": "searchset",
  "total": 3,
  "entry": [
    {
      "fullUrl": "http://num-fhirserver.distan.medicsh.de:8080/fhir/Patient/PID-2b4aeeb79a0b73f63edfe2776abbd1307a87b45bee5d701647e78d9e",
      "resource": {
        "resourceType": "Patient",
        "id": "PID-2b4aeeb79a0b73f63edfe2776abbd1307a87b45bee5d701647e78d9e",
        "meta": {
          "versionId": "166745588",
          "lastUpdated": "2025-03-16T22:41:48.147Z",
          "profile": [
            "https://www.medizininformatik-initiative.de/fhir/core/modul-person/StructureDefinition/PatientPseudonymisiert|2025.0.1"
          ]
        },
        "identifier": [
          {
            "use": "usual",
            "type": {
              "coding": [
                {
                  "system": "http://terminology.hl7.org/CodeSystem/v3-ObservationValue",
                  "code": "PSEUDED"
                }
              ]
            },
            "system": "https://www.medizininformatik-initiative.de/fhir/sid/pseudonym",
            "value": "2b4aeeb79a0b73f63edfe2776abbd1307a87b45bee5d701647e78d9e"
          }
        ],
        "gender": "male",
        "birthDate": "2009-09",
        "deceasedBoolean": true
      },
      "search": {
        "mode": "match"
      }
    },
    {
      "fullUrl": "http://num-fhirserver.distan.medicsh.de:8080/fhir/Encounter/PV-561b2932af58e6c64b9cd35dbeeef6c500a0cd82adb75b15247d1441",
      "resource": {
        "resourceType": "Encounter",
        "id": "PV-561b2932af58e6c64b9cd35dbeeef6c500a0cd82adb75b15247d1441",
        "meta": {
          "versionId": "166745585",
          "lastUpdated": "2025-03-16T22:41:48.029Z",
          "source": "http://medic.uksh.de/source/orbis/legacy",
          "profile": [
            "https://www.medizininformatik-initiative.de/fhir/core/modul-fall/StructureDefinition/KontaktGesundheitseinrichtung|2025.0.0"
          ]
        },
        "identifier": [
          {
            "use": "official",
            "type": {
              "coding": [
                {
                  "system": "http://terminology.hl7.org/CodeSystem/v2-0203",
                  "code": "VN"
                }
              ]
            },
            "system": "http://medic.uksh.de/fhir/Encounter",
            "value": "561b2932af58e6c64b9cd35dbeeef6c500a0cd82adb75b15247d1441"
          }
        ],
        "status": "finished",
        "class": {
          "system": "http://terminology.hl7.org/CodeSystem/v3-ActCode",
          "code": "AMB"
        },
        "type": [
          {
            "coding": [
              {
                "system": "http://fhir.de/CodeSystem/Kontaktebene",
                "code": "einrichtungskontakt"
              }
            ]
          }
        ],
        "subject": {
          "reference": "Patient/PID-2b4aeeb79a0b73f63edfe2776abbd1307a87b45bee5d701647e78d9e"
        },
        "period": {
          "start": "2009-12-17T10:13:00+01:00",
          "end": "2009-12-31T23:59:59+01:00"
        },
        "hospitalization": {
          "admitSource": {
            "coding": [
              {
                "system": "http://fhir.de/CodeSystem/dgkev/Aufnahmeanlass",
                "code": "E"
              }
            ]
          }
        }
      },
      "search": {
        "mode": "match"
      }
    },
    {
      "fullUrl": "http://num-fhirserver.distan.medicsh.de:8080/fhir/Observation/VIT-fd164e447a4985eaaba674e7a59b4f96c70340abb890d804cc020990",
      "resource": {
        "resourceType": "Observation",
        "id": "VIT-fd164e447a4985eaaba674e7a59b4f96c70340abb890d804cc020990",
        "meta": {
          "versionId": "166745587",
          "lastUpdated": "2025-03-16T22:41:48.048Z",
          "profile": [
            "https://www.medizininformatik-initiative.de/fhir/core/modul-person/StructureDefinition/Vitalstatus|2025.0.1"
          ]
        },
        "status": "final",
        "category": [
          {
            "coding": [
              {
                "system": "http://terminology.hl7.org/CodeSystem/observation-category",
                "code": "survey"
              }
            ]
          }
        ],
        "code": {
          "coding": [
            {
              "system": "http://loinc.org",
              "code": "67162-8"
            }
          ]
        },
        "subject": {
          "reference": "Patient/PID-2b4aeeb79a0b73f63edfe2776abbd1307a87b45bee5d701647e78d9e"
        },
        "effectiveDateTime": "2009-12-17T10:13:00+01:00",
        "valueCodeableConcept": {
          "coding": [
            {
              "system": "https://www.medizininformatik-initiative.de/fhir/core/modul-person/CodeSystem/Vitalstatus",
              "code": "L"
            }
          ]
        }
      },
      "search": {
        "mode": "match"
      }
    }
  ]
}
