{
  "resourceType": "Bundle",
  "id": "DGTUYBL7FM3MZ6OI",
  "type": "searchset",
  "total": 16,
  "entry": [
    {
      "fullUrl": "http://num-fhirserver.distan.medicsh.de:8080/fhir/Patient/PID-2bbd9120284dba569006af03be2a8486ec3573bb6fa2eb373174efc0",
      "resource": {
        "resourceType": "Patient",
        "id": "PID-2bbd9120284dba569006af03be2a8486ec3573bb6fa2eb373174efc0",
        "meta": {
          "versionId": "235068160",
          "lastUpdated": "2025-03-19T14:13:08.821Z",
          "profile": [
            "https://www.medizininformatik-initiative.de/fhir/core/modul-person/StructureDefinition/PatientPseudonymisiert|2025.0.1"
          ]
        },
        "identifier": [
          {
            "use": "usual",
            "type": {
              "coding": [
                {
                  "system": "http://terminology.hl7.org/CodeSystem/v3-ObservationValue",
                  "code": "PSEUDED"
                }
              ]
            },
            "system": "https://www.medizininformatik-initiative.de/fhir/sid/pseudonym",
            "value": "2bbd9120284dba569006af03be2a8486ec3573bb6fa2eb373174efc0"
          }
        ],
        "gender": "male",
        "birthDate": "1955-01",
        "deceasedBoolean": true,
        "address": [
          {
            "type": "both",
            "postalCode": "123",
            "country": "DE"
          }
        ]
      },
      "search": {
        "mode": "match"
      }
    },
    {
      "fullUrl": "http://num-fhirserver.distan.medicsh.de:8080/fhir/Condition/CON-59a794587e2bd91235a228a51c04fb4c8d3bc0ef43941ef22b4092de",
      "resource": {
        "resourceType": "Condition",
        "id": "CON-59a794587e2bd91235a228a51c04fb4c8d3bc0ef43941ef22b4092de",
        "meta": {
          "versionId": "337702923",
          "lastUpdated": "2025-05-22T02:18:38.563Z",
          "profile": [
            "https://www.medizininformatik-initiative.de/fhir/core/modul-diagnose/StructureDefinition/Diagnose|2025.0.0"
          ]
        },
        "code": {
          "coding": [
            {
              "system": "http://fhir.de/CodeSystem/bfarm/icd-10-gm",
              "version": "2025",
              "code": "Z45.01"
            }
          ]
        },
        "subject": {
          "reference": "Patient/PID-2bbd9120284dba569006af03be2a8486ec3573bb6fa2eb373174efc0"
        },
        "encounter": {
          "reference": "Encounter/PV-8dd78b6a707731b191f8509d7214afb1f4916228df79016edfdfcb0c"
        },
        "recordedDate": "2025-05-14T08:14:00+02:00"
      },
      "search": {
        "mode": "match"
      }
    },
    {
      "fullUrl": "http://num-fhirserver.distan.medicsh.de:8080/fhir/Condition/CON-63db910ef5f40a6d5c0ae1cd6ab93618c325602ccb2c41d90cb977ac",
      "resource": {
        "resourceType": "Condition",
        "id": "CON-63db910ef5f40a6d5c0ae1cd6ab93618c325602ccb2c41d90cb977ac",
        "meta": {
          "versionId": "337702930",
          "lastUpdated": "2025-05-22T02:18:38.582Z",
          "profile": [
            "https://www.medizininformatik-initiative.de/fhir/core/modul-diagnose/StructureDefinition/Diagnose|2025.0.0"
          ]
        },
        "code": {
          "coding": [
            {
              "system": "http://fhir.de/CodeSystem/bfarm/icd-10-gm",
              "version": "2025",
              "code": "T82.1"
            }
          ]
        },
        "subject": {
          "reference": "Patient/PID-2bbd9120284dba569006af03be2a8486ec3573bb6fa2eb373174efc0"
        },
        "encounter": {
          "reference": "Encounter/PV-8dd78b6a707731b191f8509d7214afb1f4916228df79016edfdfcb0c"
        },
        "recordedDate": "2025-05-14T08:14:00+02:00"
      },
      "search": {
        "mode": "match"
      }
    },
    {
      "fullUrl": "http://num-fhirserver.distan.medicsh.de:8080/fhir/Condition/CON-66c9eeaa454f63b2f931d730f8359db5d9d4225f752f064f27258317",
      "resource": {
        "resourceType": "Condition",
        "id": "CON-66c9eeaa454f63b2f931d730f8359db5d9d4225f752f064f27258317",
        "meta": {
          "versionId": "337702875",
          "lastUpdated": "2025-05-22T02:18:38.429Z",
          "profile": [
            "https://www.medizininformatik-initiative.de/fhir/core/modul-diagnose/StructureDefinition/Diagnose|2025.0.0"
          ]
        },
        "code": {
          "coding": [
            {
              "system": "http://fhir.de/CodeSystem/bfarm/icd-10-gm",
              "version": "2025",
              "code": "T82.1"
            }
          ]
        },
        "subject": {
          "reference": "Patient/PID-2bbd9120284dba569006af03be2a8486ec3573bb6fa2eb373174efc0"
        },
        "encounter": {
          "reference": "Encounter/PV-8dd78b6a707731b191f8509d7214afb1f4916228df79016edfdfcb0c"
        },
        "recordedDate": "2025-05-14T08:14:00+02:00"
      },
      "search": {
        "mode": "match"
      }
    },
    {
      "fullUrl": "http://num-fhirserver.distan.medicsh.de:8080/fhir/Condition/CON-b581cf9370a0c4af1521426ec2b09ed6cd69c34f96fb9cdef85f5fb6",
      "resource": {
        "resourceType": "Condition",
        "id": "CON-b581cf9370a0c4af1521426ec2b09ed6cd69c34f96fb9cdef85f5fb6",
        "meta": {
          "versionId": "337702848",
          "lastUpdated": "2025-05-22T02:18:38.354Z",
          "profile": [
            "https://www.medizininformatik-initiative.de/fhir/core/modul-diagnose/StructureDefinition/Diagnose|2025.0.0"
          ]
        },
        "code": {
          "coding": [
            {
              "system": "http://fhir.de/CodeSystem/bfarm/icd-10-gm",
              "version": "2025",
              "code": "Z45.01"
            }
          ]
        },
        "subject": {
          "reference": "Patient/PID-2bbd9120284dba569006af03be2a8486ec3573bb6fa2eb373174efc0"
        },
        "encounter": {
          "reference": "Encounter/PV-8dd78b6a707731b191f8509d7214afb1f4916228df79016edfdfcb0c"
        },
        "recordedDate": "2025-05-14T08:14:00+02:00"
      },
      "search": {
        "mode": "match"
      }
    },
    {
      "fullUrl": "http://num-fhirserver.distan.medicsh.de:8080/fhir/Condition/CON-f3543555b86d7cddc4ddc9003f63676169f85c075013f0998972aca7",
      "resource": {
        "resourceType": "Condition",
        "id": "CON-f3543555b86d7cddc4ddc9003f63676169f85c075013f0998972aca7",
        "meta": {
          "versionId": "335094194",
          "lastUpdated": "2025-05-17T02:13:55.828Z",
          "profile": [
            "https://www.medizininformatik-initiative.de/fhir/core/modul-diagnose/StructureDefinition/Diagnose|2025.0.0"
          ]
        },
        "code": {
          "coding": [
            {
              "system": "http://fhir.de/CodeSystem/bfarm/icd-10-gm",
              "version": "2025",
              "code": "T82.1"
            }
          ]
        },
        "subject": {
          "reference": "Patient/PID-2bbd9120284dba569006af03be2a8486ec3573bb6fa2eb373174efc0"
        },
        "encounter": {
          "reference": "Encounter/PV-8dd78b6a707731b191f8509d7214afb1f4916228df79016edfdfcb0c"
        },
        "recordedDate": "2025-05-14T08:14:00+02:00"
      },
      "search": {
        "mode": "match"
      }
    },
    {
      "fullUrl": "http://num-fhirserver.distan.medicsh.de:8080/fhir/Encounter/PV-8dd78b6a707731b191f8509d7214afb1f4916228df79016edfdfcb0c",
      "resource": {
        "resourceType": "Encounter",
        "id": "PV-8dd78b6a707731b191f8509d7214afb1f4916228df79016edfdfcb0c",
        "meta": {
          "versionId": "341246292",
          "lastUpdated": "2025-06-02T11:47:40.868Z",
          "source": "http://medic.uksh.de/source/orbis/adt",
          "profile": [
            "https://www.medizininformatik-initiative.de/fhir/core/modul-fall/StructureDefinition/KontaktGesundheitseinrichtung|2025.0.0"
          ]
        },
        "identifier": [
          {
            "use": "official",
            "type": {
              "coding": [
                {
                  "system": "http://terminology.hl7.org/CodeSystem/v2-0203",
                  "code": "VN"
                }
              ]
            },
            "system": "http://medic.uksh.de/fhir/Encounter",
            "value": "8dd78b6a707731b191f8509d7214afb1f4916228df79016edfdfcb0c"
          }
        ],
        "status": "in-progress",
        "class": {
          "system": "http://terminology.hl7.org/CodeSystem/v3-ActCode",
          "code": "AMB"
        },
        "type": [
          {
            "coding": [
              {
                "system": "http://fhir.de/CodeSystem/Kontaktebene",
                "code": "einrichtungskontakt"
              }
            ]
          }
        ],
        "subject": {
          "reference": "Patient/PID-2bbd9120284dba569006af03be2a8486ec3573bb6fa2eb373174efc0"
        },
        "period": {
          "start": "2025-05-14T08:14:00+02:00",
          "end": "2025-06-30T23:59:59+02:00"
        }
      },
      "search": {
        "mode": "match"
      }
    },
    {
      "fullUrl": "http://num-fhirserver.distan.medicsh.de:8080/fhir/Encounter/PV-AK-c76ed35ea14114f938cc66eaf96459e8ba2fbd71b8a1a1b8b51e1feb",
      "resource": {
        "resourceType": "Encounter",
        "id": "PV-AK-c76ed35ea14114f938cc66eaf96459e8ba2fbd71b8a1a1b8b51e1feb",
        "meta": {
          "versionId": "319572149",
          "lastUpdated": "2025-04-16T03:25:42.534Z",
          "source": "http://medic.uksh.de/source/orbis/adt",
          "profile": [
            "https://www.medizininformatik-initiative.de/fhir/core/modul-fall/StructureDefinition/KontaktGesundheitseinrichtung|2025.0.0"
          ]
        },
        "identifier": [
          {
            "use": "official",
            "type": {
              "coding": [
                {
                  "system": "http://terminology.hl7.org/CodeSystem/v2-0203",
                  "code": "VN"
                }
              ]
            },
            "system": "http://medic.uksh.de/fhir/Encounter",
            "value": "b4c4765652c4347ef0e443e484357e82b551b6ffc21dd5afed0b24bf"
          },
          {
            "use": "secondary",
            "type": {
              "coding": [
                {
                  "system": "http://terminology.hl7.org/CodeSystem/v2-0203",
                  "code": "U"
                }
              ]
            },
            "system": "http://medic.uksh.de.de/fhir/Encounter/department",
            "value": "LSEPH.2025-04-15T07:30:00"
          }
        ],
        "status": "in-progress",
        "class": {
          "system": "http://terminology.hl7.org/CodeSystem/v3-ActCode",
          "code": "IMP"
        },
        "type": [
          {
            "coding": [
              {
                "system": "http://fhir.de/CodeSystem/Kontaktebene",
                "code": "abteilungskontakt"
              }
            ]
          }
        ],
        "subject": {
          "reference": "Patient/PID-2bbd9120284dba569006af03be2a8486ec3573bb6fa2eb373174efc0"
        },
        "period": {
          "start": "2025-04-15T07:30:00+02:00"
        },
        "location": [
          {
            "location": {
              "reference": "Location/LSEPH-LHYB"
            },
            "status": "active",
            "physicalType": {
              "coding": [
                {
                  "system": "http://terminology.hl7.org/CodeSystem/location-physical-type",
                  "code": "wa"
                }
              ]
            },
            "period": {
              "start": "2025-04-15T07:30:00+02:00"
            }
          }
        ],
        "partOf": {
          "reference": "Encounter/PV-b4c4765652c4347ef0e443e484357e82b551b6ffc21dd5afed0b24bf"
        }
      },
      "search": {
        "mode": "match"
      }
    },
    {
      "fullUrl": "http://num-fhirserver.distan.medicsh.de:8080/fhir/Location/LSEPH-LHYB",
      "resource": {
        "resourceType": "Location",
        "id": "LSEPH-LHYB",
        "meta": {
          "versionId": "37572849",
          "lastUpdated": "2025-03-11T15:53:50.142Z"
        },
        "name": "HL - Hybrid DRG",
        "type": [
          {
            "coding": [
              {
                "system": "http://terminology.hl7.org/CodeSystem/v3-RoleCode",
                "code": "HOSP"
              }
            ]
          }
        ],
        "physicalType": {
          "coding": [
            {
              "system": "http://terminology.hl7.org/CodeSystem/location-physical-type",
              "code": "wa",
              "display": "Ward"
            }
          ]
        },
        "partOf": {
          "reference": "Location/LSEPH"
        }
      },
      "search": {
        "mode": "match"
      }
    },
    {
      "fullUrl": "http://num-fhirserver.distan.medicsh.de:8080/fhir/Encounter/PV-VK-d79e053ad34258caeb72013e3abd338ae1dea1db6a3241ec08125189",
      "resource": {
        "resourceType": "Encounter",
        "id": "PV-VK-d79e053ad34258caeb72013e3abd338ae1dea1db6a3241ec08125189",
        "meta": {
          "versionId": "319572145",
          "lastUpdated": "2025-04-16T03:25:42.514Z",
          "source": "http://medic.uksh.de/source/orbis/adt",
          "profile": [
            "https://www.medizininformatik-initiative.de/fhir/core/modul-fall/StructureDefinition/KontaktGesundheitseinrichtung|2025.0.0"
          ]
        },
        "identifier": [
          {
            "use": "official",
            "type": {
              "coding": [
                {
                  "system": "http://terminology.hl7.org/CodeSystem/v2-0203",
                  "code": "VN"
                }
              ]
            },
            "system": "http://medic.uksh.de/fhir/Encounter",
            "value": "b4c4765652c4347ef0e443e484357e82b551b6ffc21dd5afed0b24bf"
          },
          {
            "use": "secondary",
            "type": {
              "coding": [
                {
                  "system": "http://terminology.hl7.org/CodeSystem/v2-0203",
                  "code": "U"
                }
              ]
            },
            "system": "http://medic.uksh.de.de/fhir/Encounter/department",
            "value": "LSEPH.LHYB.2025-04-15T07:30:00"
          }
        ],
        "status": "in-progress",
        "class": {
          "system": "http://terminology.hl7.org/CodeSystem/v3-ActCode",
          "code": "IMP"
        },
        "type": [
          {
            "coding": [
              {
                "system": "http://fhir.de/CodeSystem/Kontaktebene",
                "code": "versorgungsstellenkontakt"
              }
            ]
          }
        ],
        "subject": {
          "reference": "Patient/PID-2bbd9120284dba569006af03be2a8486ec3573bb6fa2eb373174efc0"
        },
        "period": {
          "start": "2025-04-15T07:30:00+02:00"
        },
        "location": [
          {
            "location": {
              "reference": "Location/LSEPH-LHYB"
            },
            "status": "active",
            "physicalType": {
              "coding": [
                {
                  "system": "http://terminology.hl7.org/CodeSystem/location-physical-type",
                  "code": "wa"
                }
              ]
            },
            "period": {
              "start": "2025-04-15T07:30:00+02:00"
            }
          }
        ],
        "partOf": {
          "reference": "Encounter/PV-AK-c76ed35ea14114f938cc66eaf96459e8ba2fbd71b8a1a1b8b51e1feb"
        }
      },
      "search": {
        "mode": "match"
      }
    },
    {
      "fullUrl": "http://num-fhirserver.distan.medicsh.de:8080/fhir/Encounter/PV-a5453f42bf2124772ee5e3e3428a841717e99f975a7e4335b27062d2",
      "resource": {
        "resourceType": "Encounter",
        "id": "PV-a5453f42bf2124772ee5e3e3428a841717e99f975a7e4335b27062d2",
        "meta": {
          "versionId": "234421962",
          "lastUpdated": "2025-03-19T13:52:35.037Z",
          "source": "http://medic.uksh.de/source/orbis/adt",
          "profile": [
            "https://www.medizininformatik-initiative.de/fhir/core/modul-fall/StructureDefinition/KontaktGesundheitseinrichtung|2025.0.0"
          ]
        },
        "identifier": [
          {
            "use": "official",
            "type": {
              "coding": [
                {
                  "system": "http://terminology.hl7.org/CodeSystem/v2-0203",
                  "code": "VN"
                }
              ]
            },
            "system": "http://medic.uksh.de/fhir/Encounter",
            "value": "a5453f42bf2124772ee5e3e3428a841717e99f975a7e4335b27062d2"
          }
        ],
        "status": "finished",
        "class": {
          "system": "http://terminology.hl7.org/CodeSystem/v3-ActCode",
          "code": "AMB"
        },
        "type": [
          {
            "coding": [
              {
                "system": "http://fhir.de/CodeSystem/Kontaktebene",
                "code": "einrichtungskontakt"
              }
            ]
          }
        ],
        "subject": {
          "reference": "Patient/PID-2bbd9120284dba569006af03be2a8486ec3573bb6fa2eb373174efc0"
        },
        "period": {
          "start": "2022-05-04T07:36:00+02:00",
          "end": "2022-06-30T23:59:59+02:00"
        }
      },
      "search": {
        "mode": "match"
      }
    },
    {
      "fullUrl": "http://num-fhirserver.distan.medicsh.de:8080/fhir/Encounter/PV-b4c4765652c4347ef0e443e484357e82b551b6ffc21dd5afed0b24bf",
      "resource": {
        "resourceType": "Encounter",
        "id": "PV-b4c4765652c4347ef0e443e484357e82b551b6ffc21dd5afed0b24bf",
        "meta": {
          "versionId": "319572134",
          "lastUpdated": "2025-04-16T03:25:42.475Z",
          "source": "http://medic.uksh.de/source/orbis/adt",
          "profile": [
            "https://www.medizininformatik-initiative.de/fhir/core/modul-fall/StructureDefinition/KontaktGesundheitseinrichtung|2025.0.0"
          ]
        },
        "identifier": [
          {
            "use": "official",
            "type": {
              "coding": [
                {
                  "system": "http://terminology.hl7.org/CodeSystem/v2-0203",
                  "code": "VN"
                }
              ]
            },
            "system": "http://medic.uksh.de/fhir/Encounter",
            "value": "b4c4765652c4347ef0e443e484357e82b551b6ffc21dd5afed0b24bf"
          }
        ],
        "status": "in-progress",
        "class": {
          "system": "http://terminology.hl7.org/CodeSystem/v3-ActCode",
          "code": "IMP"
        },
        "type": [
          {
            "coding": [
              {
                "system": "http://fhir.de/CodeSystem/Kontaktebene",
                "code": "einrichtungskontakt"
              }
            ]
          }
        ],
        "subject": {
          "reference": "Patient/PID-2bbd9120284dba569006af03be2a8486ec3573bb6fa2eb373174efc0"
        },
        "period": {
          "start": "2025-04-15T07:30:00+02:00"
        }
      },
      "search": {
        "mode": "match"
      }
    },
    {
      "fullUrl": "http://num-fhirserver.distan.medicsh.de:8080/fhir/Observation/VIT-7870d0ac1ee4cbe37537759d70c999d048091f07eb5ef8838d6ba41c",
      "resource": {
        "resourceType": "Observation",
        "id": "VIT-7870d0ac1ee4cbe37537759d70c999d048091f07eb5ef8838d6ba41c",
        "meta": {
          "versionId": "234421982",
          "lastUpdated": "2025-03-19T13:52:35.067Z",
          "profile": [
            "https://www.medizininformatik-initiative.de/fhir/core/modul-person/StructureDefinition/Vitalstatus|2025.0.1"
          ]
        },
        "status": "final",
        "category": [
          {
            "coding": [
              {
                "system": "http://terminology.hl7.org/CodeSystem/observation-category",
                "code": "survey"
              }
            ]
          }
        ],
        "code": {
          "coding": [
            {
              "system": "http://loinc.org",
              "code": "67162-8"
            }
          ]
        },
        "subject": {
          "reference": "Patient/PID-2bbd9120284dba569006af03be2a8486ec3573bb6fa2eb373174efc0"
        },
        "effectiveDateTime": "2022-06-30T23:59:59+02:00",
        "valueCodeableConcept": {
          "coding": [
            {
              "system": "https://www.medizininformatik-initiative.de/fhir/core/modul-person/CodeSystem/Vitalstatus",
              "code": "L"
            }
          ]
        }
      },
      "search": {
        "mode": "match"
      }
    },
    {
      "fullUrl": "http://num-fhirserver.distan.medicsh.de:8080/fhir/Observation/VIT-b92ffc6c3009ea99a2fe0b8a585a64f6aa22416c8ab1c0df5ecad8d2",
      "resource": {
        "resourceType": "Observation",
        "id": "VIT-b92ffc6c3009ea99a2fe0b8a585a64f6aa22416c8ab1c0df5ecad8d2",
        "meta": {
          "versionId": "341246293",
          "lastUpdated": "2025-06-02T11:47:40.887Z",
          "profile": [
            "https://www.medizininformatik-initiative.de/fhir/core/modul-person/StructureDefinition/Vitalstatus|2025.0.1"
          ]
        },
        "status": "final",
        "category": [
          {
            "coding": [
              {
                "system": "http://terminology.hl7.org/CodeSystem/observation-category",
                "code": "survey"
              }
            ]
          }
        ],
        "code": {
          "coding": [
            {
              "system": "http://loinc.org",
              "code": "67162-8"
            }
          ]
        },
        "subject": {
          "reference": "Patient/PID-2bbd9120284dba569006af03be2a8486ec3573bb6fa2eb373174efc0"
        },
        "effectiveDateTime": "2025-05-14T08:14:00+02:00",
        "valueCodeableConcept": {
          "coding": [
            {
              "system": "https://www.medizininformatik-initiative.de/fhir/core/modul-person/CodeSystem/Vitalstatus",
              "code": "L"
            }
          ]
        }
      },
      "search": {
        "mode": "match"
      }
    },
    {
      "fullUrl": "http://num-fhirserver.distan.medicsh.de:8080/fhir/Observation/VIT-bc1fa4461ec9e70ca8affc9bc275771638a85dd3e825e4602debe115",
      "resource": {
        "resourceType": "Observation",
        "id": "VIT-bc1fa4461ec9e70ca8affc9bc275771638a85dd3e825e4602debe115",
        "meta": {
          "versionId": "319572140",
          "lastUpdated": "2025-04-16T03:25:42.496Z",
          "profile": [
            "https://www.medizininformatik-initiative.de/fhir/core/modul-person/StructureDefinition/Vitalstatus|2025.0.1"
          ]
        },
        "status": "final",
        "category": [
          {
            "coding": [
              {
                "system": "http://terminology.hl7.org/CodeSystem/observation-category",
                "code": "survey"
              }
            ]
          }
        ],
        "code": {
          "coding": [
            {
              "system": "http://loinc.org",
              "code": "67162-8"
            }
          ]
        },
        "subject": {
          "reference": "Patient/PID-2bbd9120284dba569006af03be2a8486ec3573bb6fa2eb373174efc0"
        },
        "effectiveDateTime": "2025-04-15T07:30:00+02:00",
        "valueCodeableConcept": {
          "coding": [
            {
              "system": "https://www.medizininformatik-initiative.de/fhir/core/modul-person/CodeSystem/Vitalstatus",
              "code": "L"
            }
          ]
        }
      },
      "search": {
        "mode": "match"
      }
    },
    {
      "fullUrl": "http://num-fhirserver.distan.medicsh.de:8080/fhir/Observation/VIT-f9155354543aeb2cd56c06fc026888cc3816fc12de66b0c264ba54a4",
      "resource": {
        "resourceType": "Observation",
        "id": "VIT-f9155354543aeb2cd56c06fc026888cc3816fc12de66b0c264ba54a4",
        "meta": {
          "versionId": "234421969",
          "lastUpdated": "2025-03-19T13:52:35.050Z",
          "profile": [
            "https://www.medizininformatik-initiative.de/fhir/core/modul-person/StructureDefinition/Vitalstatus|2025.0.1"
          ]
        },
        "status": "final",
        "category": [
          {
            "coding": [
              {
                "system": "http://terminology.hl7.org/CodeSystem/observation-category",
                "code": "survey"
              }
            ]
          }
        ],
        "code": {
          "coding": [
            {
              "system": "http://loinc.org",
              "code": "67162-8"
            }
          ]
        },
        "subject": {
          "reference": "Patient/PID-2bbd9120284dba569006af03be2a8486ec3573bb6fa2eb373174efc0"
        },
        "effectiveDateTime": "2022-05-04T07:36:00+02:00",
        "valueCodeableConcept": {
          "coding": [
            {
              "system": "https://www.medizininformatik-initiative.de/fhir/core/modul-person/CodeSystem/Vitalstatus",
              "code": "L"
            }
          ]
        }
      },
      "search": {
        "mode": "match"
      }
    }
  ]
}
