{
  "resourceType": "Bundle",
  "id": "DGTUX5CNLIJWRS7Y",
  "type": "searchset",
  "total": 3,
  "entry": [
    {
      "fullUrl": "http://num-fhirserver.distan.medicsh.de:8080/fhir/Patient/PID-2cc0aa1898bb82172506001f1bc8c6522decef63ef70b0d29fbdcfae",
      "resource": {
        "resourceType": "Patient",
        "id": "PID-2cc0aa1898bb82172506001f1bc8c6522decef63ef70b0d29fbdcfae",
        "meta": {
          "versionId": "122568014",
          "lastUpdated": "2025-03-14T17:10:26.312Z",
          "profile": [
            "https://www.medizininformatik-initiative.de/fhir/core/modul-person/StructureDefinition/PatientPseudonymisiert|2025.0.1"
          ]
        },
        "identifier": [
          {
            "use": "usual",
            "type": {
              "coding": [
                {
                  "system": "http://terminology.hl7.org/CodeSystem/v3-ObservationValue",
                  "code": "PSEUDED"
                }
              ]
            },
            "system": "https://www.medizininformatik-initiative.de/fhir/sid/pseudonym",
            "value": "2cc0aa1898bb82172506001f1bc8c6522decef63ef70b0d29fbdcfae"
          }
        ],
        "gender": "male",
        "birthDate": "2006-04",
        "deceasedBoolean": true
      },
      "search": {
        "mode": "match"
      }
    },
    {
      "fullUrl": "http://num-fhirserver.distan.medicsh.de:8080/fhir/Encounter/PV-604167b5a7b4bfe1796d94db73ab21b2220260b65f761306e8f0acfa",
      "resource": {
        "resourceType": "Encounter",
        "id": "PV-604167b5a7b4bfe1796d94db73ab21b2220260b65f761306e8f0acfa",
        "meta": {
          "versionId": "122567979",
          "lastUpdated": "2025-03-14T17:10:26.247Z",
          "source": "http://medic.uksh.de/source/orbis/legacy",
          "profile": [
            "https://www.medizininformatik-initiative.de/fhir/core/modul-fall/StructureDefinition/KontaktGesundheitseinrichtung|2025.0.0"
          ]
        },
        "identifier": [
          {
            "use": "official",
            "type": {
              "coding": [
                {
                  "system": "http://terminology.hl7.org/CodeSystem/v2-0203",
                  "code": "VN"
                }
              ]
            },
            "system": "http://medic.uksh.de/fhir/Encounter",
            "value": "604167b5a7b4bfe1796d94db73ab21b2220260b65f761306e8f0acfa"
          }
        ],
        "status": "finished",
        "class": {
          "system": "http://terminology.hl7.org/CodeSystem/v3-ActCode",
          "code": "AMB"
        },
        "type": [
          {
            "coding": [
              {
                "system": "http://fhir.de/CodeSystem/Kontaktebene",
                "code": "einrichtungskontakt"
              }
            ]
          }
        ],
        "subject": {
          "reference": "Patient/PID-2cc0aa1898bb82172506001f1bc8c6522decef63ef70b0d29fbdcfae"
        },
        "period": {
          "start": "2006-04-01T10:09:00+02:00",
          "end": "2006-06-30T23:59:59+02:00"
        }
      },
      "search": {
        "mode": "match"
      }
    },
    {
      "fullUrl": "http://num-fhirserver.distan.medicsh.de:8080/fhir/Observation/VIT-c8f283e66aa8f05a1317e08e7a7aeca59707a994b95d9194a9746df1",
      "resource": {
        "resourceType": "Observation",
        "id": "VIT-c8f283e66aa8f05a1317e08e7a7aeca59707a994b95d9194a9746df1",
        "meta": {
          "versionId": "122567991",
          "lastUpdated": "2025-03-14T17:10:26.266Z",
          "profile": [
            "https://www.medizininformatik-initiative.de/fhir/core/modul-person/StructureDefinition/Vitalstatus|2025.0.1"
          ]
        },
        "status": "final",
        "category": [
          {
            "coding": [
              {
                "system": "http://terminology.hl7.org/CodeSystem/observation-category",
                "code": "survey"
              }
            ]
          }
        ],
        "code": {
          "coding": [
            {
              "system": "http://loinc.org",
              "code": "67162-8"
            }
          ]
        },
        "subject": {
          "reference": "Patient/PID-2cc0aa1898bb82172506001f1bc8c6522decef63ef70b0d29fbdcfae"
        },
        "effectiveDateTime": "2006-04-01T10:09:00+02:00",
        "valueCodeableConcept": {
          "coding": [
            {
              "system": "https://www.medizininformatik-initiative.de/fhir/core/modul-person/CodeSystem/Vitalstatus",
              "code": "L"
            }
          ]
        }
      },
      "search": {
        "mode": "match"
      }
    }
  ]
}
