{
  "resourceType": "Bundle",
  "id": "DGTUX6XSFEGGHXFK",
  "type": "searchset",
  "total": 4,
  "entry": [
    {
      "fullUrl": "http://num-fhirserver.distan.medicsh.de:8080/fhir/Patient/PID-2d53d69187602ab08101c6f0b7fd243a093c706d313ee77acd28dfed",
      "resource": {
        "resourceType": "Patient",
        "id": "PID-2d53d69187602ab08101c6f0b7fd243a093c706d313ee77acd28dfed",
        "meta": {
          "versionId": "234533787",
          "lastUpdated": "2025-03-19T13:56:04.305Z",
          "profile": [
            "https://www.medizininformatik-initiative.de/fhir/core/modul-person/StructureDefinition/PatientPseudonymisiert|2025.0.1"
          ]
        },
        "identifier": [
          {
            "use": "usual",
            "type": {
              "coding": [
                {
                  "system": "http://terminology.hl7.org/CodeSystem/v3-ObservationValue",
                  "code": "PSEUDED"
                }
              ]
            },
            "system": "https://www.medizininformatik-initiative.de/fhir/sid/pseudonym",
            "value": "2d53d69187602ab08101c6f0b7fd243a093c706d313ee77acd28dfed"
          }
        ],
        "birthDate": "2000-01",
        "deceasedBoolean": true,
        "address": [
          {
            "type": "both",
            "postalCode": "235",
            "country": "DE"
          }
        ]
      },
      "search": {
        "mode": "match"
      }
    },
    {
      "fullUrl": "http://num-fhirserver.distan.medicsh.de:8080/fhir/Encounter/PV-1084449fcb3be490c34e3f6c9c41bc043894fa1e65ba2d66637f8c23",
      "resource": {
        "resourceType": "Encounter",
        "id": "PV-1084449fcb3be490c34e3f6c9c41bc043894fa1e65ba2d66637f8c23",
        "meta": {
          "versionId": "234100204",
          "lastUpdated": "2025-03-19T13:42:02.400Z",
          "source": "http://medic.uksh.de/source/orbis/adt",
          "profile": [
            "https://www.medizininformatik-initiative.de/fhir/core/modul-fall/StructureDefinition/KontaktGesundheitseinrichtung|2025.0.0"
          ]
        },
        "identifier": [
          {
            "use": "official",
            "type": {
              "coding": [
                {
                  "system": "http://terminology.hl7.org/CodeSystem/v2-0203",
                  "code": "VN"
                }
              ]
            },
            "system": "http://medic.uksh.de/fhir/Encounter",
            "value": "1084449fcb3be490c34e3f6c9c41bc043894fa1e65ba2d66637f8c23"
          }
        ],
        "status": "finished",
        "class": {
          "system": "http://terminology.hl7.org/CodeSystem/v3-ActCode",
          "code": "AMB"
        },
        "type": [
          {
            "coding": [
              {
                "system": "http://fhir.de/CodeSystem/Kontaktebene",
                "code": "einrichtungskontakt"
              }
            ]
          }
        ],
        "subject": {
          "reference": "Patient/PID-2d53d69187602ab08101c6f0b7fd243a093c706d313ee77acd28dfed"
        },
        "period": {
          "start": "2022-03-16T13:21:00+01:00",
          "end": "2022-03-31T23:59:59+02:00"
        }
      },
      "search": {
        "mode": "match"
      }
    },
    {
      "fullUrl": "http://num-fhirserver.distan.medicsh.de:8080/fhir/Observation/VIT-1e68af113f4454a6c87ec2c84417a0fc0d157361ba8a92ad2ddbf409",
      "resource": {
        "resourceType": "Observation",
        "id": "VIT-1e68af113f4454a6c87ec2c84417a0fc0d157361ba8a92ad2ddbf409",
        "meta": {
          "versionId": "234100211",
          "lastUpdated": "2025-03-19T13:42:02.416Z",
          "profile": [
            "https://www.medizininformatik-initiative.de/fhir/core/modul-person/StructureDefinition/Vitalstatus|2025.0.1"
          ]
        },
        "status": "final",
        "category": [
          {
            "coding": [
              {
                "system": "http://terminology.hl7.org/CodeSystem/observation-category",
                "code": "survey"
              }
            ]
          }
        ],
        "code": {
          "coding": [
            {
              "system": "http://loinc.org",
              "code": "67162-8"
            }
          ]
        },
        "subject": {
          "reference": "Patient/PID-2d53d69187602ab08101c6f0b7fd243a093c706d313ee77acd28dfed"
        },
        "effectiveDateTime": "2022-03-16T13:21:00+01:00",
        "valueCodeableConcept": {
          "coding": [
            {
              "system": "https://www.medizininformatik-initiative.de/fhir/core/modul-person/CodeSystem/Vitalstatus",
              "code": "L"
            }
          ]
        }
      },
      "search": {
        "mode": "match"
      }
    },
    {
      "fullUrl": "http://num-fhirserver.distan.medicsh.de:8080/fhir/Observation/VIT-80f94cffe79a26ca05cb6257e39930f705f15aa59c70e74e33f6bc6c",
      "resource": {
        "resourceType": "Observation",
        "id": "VIT-80f94cffe79a26ca05cb6257e39930f705f15aa59c70e74e33f6bc6c",
        "meta": {
          "versionId": "234100218",
          "lastUpdated": "2025-03-19T13:42:02.431Z",
          "profile": [
            "https://www.medizininformatik-initiative.de/fhir/core/modul-person/StructureDefinition/Vitalstatus|2025.0.1"
          ]
        },
        "status": "final",
        "category": [
          {
            "coding": [
              {
                "system": "http://terminology.hl7.org/CodeSystem/observation-category",
                "code": "survey"
              }
            ]
          }
        ],
        "code": {
          "coding": [
            {
              "system": "http://loinc.org",
              "code": "67162-8"
            }
          ]
        },
        "subject": {
          "reference": "Patient/PID-2d53d69187602ab08101c6f0b7fd243a093c706d313ee77acd28dfed"
        },
        "effectiveDateTime": "2022-03-31T23:59:59+02:00",
        "valueCodeableConcept": {
          "coding": [
            {
              "system": "https://www.medizininformatik-initiative.de/fhir/core/modul-person/CodeSystem/Vitalstatus",
              "code": "L"
            }
          ]
        }
      },
      "search": {
        "mode": "match"
      }
    }
  ]
}
