{
  "resourceType": "Bundle",
  "id": "DGTUX6DI57L2ZXJL",
  "type": "searchset",
  "total": 3,
  "entry": [
    {
      "fullUrl": "http://num-fhirserver.distan.medicsh.de:8080/fhir/Patient/PID-2d6959076fa13a5cd6cdc92a24816f601ea2b9629c3a890a4b707f08",
      "resource": {
        "resourceType": "Patient",
        "id": "PID-2d6959076fa13a5cd6cdc92a24816f601ea2b9629c3a890a4b707f08",
        "meta": {
          "versionId": "166287049",
          "lastUpdated": "2025-03-16T20:01:27.474Z",
          "profile": [
            "https://www.medizininformatik-initiative.de/fhir/core/modul-person/StructureDefinition/PatientPseudonymisiert|2025.0.1"
          ]
        },
        "identifier": [
          {
            "use": "usual",
            "type": {
              "coding": [
                {
                  "system": "http://terminology.hl7.org/CodeSystem/v3-ObservationValue",
                  "code": "PSEUDED"
                }
              ]
            },
            "system": "https://www.medizininformatik-initiative.de/fhir/sid/pseudonym",
            "value": "2d6959076fa13a5cd6cdc92a24816f601ea2b9629c3a890a4b707f08"
          }
        ],
        "gender": "male",
        "birthDate": "1964-02",
        "deceasedBoolean": true
      },
      "search": {
        "mode": "match"
      }
    },
    {
      "fullUrl": "http://num-fhirserver.distan.medicsh.de:8080/fhir/Encounter/PV-0ce6a1e015888045b63b6e1c1b9a8b469598534b5c51bf61cfa3e89c",
      "resource": {
        "resourceType": "Encounter",
        "id": "PV-0ce6a1e015888045b63b6e1c1b9a8b469598534b5c51bf61cfa3e89c",
        "meta": {
          "versionId": "166287041",
          "lastUpdated": "2025-03-16T20:01:27.228Z",
          "source": "http://medic.uksh.de/source/orbis/legacy",
          "profile": [
            "https://www.medizininformatik-initiative.de/fhir/core/modul-fall/StructureDefinition/KontaktGesundheitseinrichtung|2025.0.0"
          ]
        },
        "identifier": [
          {
            "use": "official",
            "type": {
              "coding": [
                {
                  "system": "http://terminology.hl7.org/CodeSystem/v2-0203",
                  "code": "VN"
                }
              ]
            },
            "system": "http://medic.uksh.de/fhir/Encounter",
            "value": "0ce6a1e015888045b63b6e1c1b9a8b469598534b5c51bf61cfa3e89c"
          }
        ],
        "status": "finished",
        "class": {
          "system": "http://terminology.hl7.org/CodeSystem/v3-ActCode",
          "code": "AMB"
        },
        "type": [
          {
            "coding": [
              {
                "system": "http://fhir.de/CodeSystem/Kontaktebene",
                "code": "einrichtungskontakt"
              }
            ]
          }
        ],
        "subject": {
          "reference": "Patient/PID-2d6959076fa13a5cd6cdc92a24816f601ea2b9629c3a890a4b707f08"
        },
        "period": {
          "start": "2011-11-24T11:28:00+01:00",
          "end": "2011-12-31T23:59:59+01:00"
        },
        "hospitalization": {
          "admitSource": {
            "coding": [
              {
                "system": "http://fhir.de/CodeSystem/dgkev/Aufnahmeanlass",
                "code": "E"
              }
            ]
          }
        }
      },
      "search": {
        "mode": "match"
      }
    },
    {
      "fullUrl": "http://num-fhirserver.distan.medicsh.de:8080/fhir/Observation/VIT-d7c3e684b20a3264e9d69388a105b10a09adfa81d7934623dc7f2861",
      "resource": {
        "resourceType": "Observation",
        "id": "VIT-d7c3e684b20a3264e9d69388a105b10a09adfa81d7934623dc7f2861",
        "meta": {
          "versionId": "166287042",
          "lastUpdated": "2025-03-16T20:01:27.246Z",
          "profile": [
            "https://www.medizininformatik-initiative.de/fhir/core/modul-person/StructureDefinition/Vitalstatus|2025.0.1"
          ]
        },
        "status": "final",
        "category": [
          {
            "coding": [
              {
                "system": "http://terminology.hl7.org/CodeSystem/observation-category",
                "code": "survey"
              }
            ]
          }
        ],
        "code": {
          "coding": [
            {
              "system": "http://loinc.org",
              "code": "67162-8"
            }
          ]
        },
        "subject": {
          "reference": "Patient/PID-2d6959076fa13a5cd6cdc92a24816f601ea2b9629c3a890a4b707f08"
        },
        "effectiveDateTime": "2011-11-24T11:28:00+01:00",
        "valueCodeableConcept": {
          "coding": [
            {
              "system": "https://www.medizininformatik-initiative.de/fhir/core/modul-person/CodeSystem/Vitalstatus",
              "code": "L"
            }
          ]
        }
      },
      "search": {
        "mode": "match"
      }
    }
  ]
}
