{
  "resourceType": "Bundle",
  "id": "DGTUX5LBNZJZEY2F",
  "type": "searchset",
  "total": 3,
  "entry": [
    {
      "fullUrl": "http://num-fhirserver.distan.medicsh.de:8080/fhir/Patient/PID-2f39d4eb52201e91761be1eb9d7c8026049fd93304acf510a0d1c169",
      "resource": {
        "resourceType": "Patient",
        "id": "PID-2f39d4eb52201e91761be1eb9d7c8026049fd93304acf510a0d1c169",
        "meta": {
          "versionId": "60786991",
          "lastUpdated": "2025-03-12T16:36:09.619Z",
          "profile": [
            "https://www.medizininformatik-initiative.de/fhir/core/modul-person/StructureDefinition/PatientPseudonymisiert|2025.0.1"
          ]
        },
        "identifier": [
          {
            "use": "usual",
            "type": {
              "coding": [
                {
                  "system": "http://terminology.hl7.org/CodeSystem/v3-ObservationValue",
                  "code": "PSEUDED"
                }
              ]
            },
            "system": "https://www.medizininformatik-initiative.de/fhir/sid/pseudonym",
            "value": "2f39d4eb52201e91761be1eb9d7c8026049fd93304acf510a0d1c169"
          }
        ],
        "gender": "male",
        "birthDate": "2006-07",
        "deceasedBoolean": true
      },
      "search": {
        "mode": "match"
      }
    },
    {
      "fullUrl": "http://num-fhirserver.distan.medicsh.de:8080/fhir/Encounter/PV-2a73a8959367692cc2c01d43b1eddc8d4023bf8674d37da02bf18eb7",
      "resource": {
        "resourceType": "Encounter",
        "id": "PV-2a73a8959367692cc2c01d43b1eddc8d4023bf8674d37da02bf18eb7",
        "meta": {
          "versionId": "60604493",
          "lastUpdated": "2025-03-12T16:24:33.117Z",
          "source": "http://medic.uksh.de/source/orbis/legacy",
          "profile": [
            "https://www.medizininformatik-initiative.de/fhir/core/modul-fall/StructureDefinition/KontaktGesundheitseinrichtung|2025.0.0"
          ]
        },
        "identifier": [
          {
            "use": "official",
            "type": {
              "coding": [
                {
                  "system": "http://terminology.hl7.org/CodeSystem/v2-0203",
                  "code": "VN"
                }
              ]
            },
            "system": "http://medic.uksh.de/fhir/Encounter",
            "value": "2a73a8959367692cc2c01d43b1eddc8d4023bf8674d37da02bf18eb7"
          }
        ],
        "status": "finished",
        "class": {
          "system": "http://terminology.hl7.org/CodeSystem/v3-ActCode",
          "code": "AMB"
        },
        "type": [
          {
            "coding": [
              {
                "system": "http://fhir.de/CodeSystem/Kontaktebene",
                "code": "einrichtungskontakt"
              }
            ]
          }
        ],
        "subject": {
          "reference": "Patient/PID-2f39d4eb52201e91761be1eb9d7c8026049fd93304acf510a0d1c169"
        },
        "period": {
          "start": "2006-07-01T07:56:00+02:00",
          "end": "2006-09-30T23:59:59+02:00"
        }
      },
      "search": {
        "mode": "match"
      }
    },
    {
      "fullUrl": "http://num-fhirserver.distan.medicsh.de:8080/fhir/Observation/VIT-4098f3cc9b740627f70d1a180442cd0469338ab9af4af0b61e832055",
      "resource": {
        "resourceType": "Observation",
        "id": "VIT-4098f3cc9b740627f70d1a180442cd0469338ab9af4af0b61e832055",
        "meta": {
          "versionId": "60604513",
          "lastUpdated": "2025-03-12T16:24:33.158Z",
          "profile": [
            "https://www.medizininformatik-initiative.de/fhir/core/modul-person/StructureDefinition/Vitalstatus|2025.0.1"
          ]
        },
        "status": "final",
        "category": [
          {
            "coding": [
              {
                "system": "http://terminology.hl7.org/CodeSystem/observation-category",
                "code": "survey"
              }
            ]
          }
        ],
        "code": {
          "coding": [
            {
              "system": "http://loinc.org",
              "code": "67162-8"
            }
          ]
        },
        "subject": {
          "reference": "Patient/PID-2f39d4eb52201e91761be1eb9d7c8026049fd93304acf510a0d1c169"
        },
        "effectiveDateTime": "2006-07-01T07:56:00+02:00",
        "valueCodeableConcept": {
          "coding": [
            {
              "system": "https://www.medizininformatik-initiative.de/fhir/core/modul-person/CodeSystem/Vitalstatus",
              "code": "L"
            }
          ]
        }
      },
      "search": {
        "mode": "match"
      }
    }
  ]
}
