{
  "resourceType": "Bundle",
  "id": "DGTUYB5JARR7BDPH",
  "type": "searchset",
  "total": 44,
  "entry": [
    {
      "fullUrl": "http://num-fhirserver.distan.medicsh.de:8080/fhir/Patient/PID-31b7ba654a150dde5ed555af30b5ff095e4a1dca6a8db61c6f03848b",
      "resource": {
        "resourceType": "Patient",
        "id": "PID-31b7ba654a150dde5ed555af30b5ff095e4a1dca6a8db61c6f03848b",
        "meta": {
          "versionId": "394046519",
          "lastUpdated": "2025-10-18T03:21:26.165Z",
          "profile": [
            "https://www.medizininformatik-initiative.de/fhir/core/modul-person/StructureDefinition/PatientPseudonymisiert|2025.0.1"
          ]
        },
        "identifier": [
          {
            "use": "usual",
            "type": {
              "coding": [
                {
                  "system": "http://terminology.hl7.org/CodeSystem/v3-ObservationValue",
                  "code": "PSEUDED"
                }
              ]
            },
            "system": "https://www.medizininformatik-initiative.de/fhir/sid/pseudonym",
            "value": "31b7ba654a150dde5ed555af30b5ff095e4a1dca6a8db61c6f03848b"
          }
        ],
        "gender": "female",
        "birthDate": "2014-07",
        "address": [
          {
            "type": "both",
            "postalCode": "235",
            "country": "DE"
          }
        ]
      },
      "search": {
        "mode": "match"
      }
    },
    {
      "fullUrl": "http://num-fhirserver.distan.medicsh.de:8080/fhir/Condition/CON-23090853ca96f356dc4ff5c40c128cc1080f7185d260a2fd62b1d074",
      "resource": {
        "resourceType": "Condition",
        "id": "CON-23090853ca96f356dc4ff5c40c128cc1080f7185d260a2fd62b1d074",
        "meta": {
          "versionId": "19725045",
          "lastUpdated": "2025-03-11T02:59:41.338Z",
          "profile": [
            "https://www.medizininformatik-initiative.de/fhir/core/modul-diagnose/StructureDefinition/Diagnose|2025.0.0"
          ]
        },
        "code": {
          "coding": [
            {
              "system": "http://fhir.de/CodeSystem/bfarm/icd-10-gm",
              "version": "2022",
              "code": "C50.0"
            }
          ]
        },
        "subject": {
          "reference": "Patient/PID-31b7ba654a150dde5ed555af30b5ff095e4a1dca6a8db61c6f03848b"
        },
        "encounter": {
          "reference": "Encounter/PV-492b751a956840b0d3a49fc2514e39d8a6591bd323710c843aa16280"
        },
        "recordedDate": "2024-07-03T09:10:00+02:00"
      },
      "search": {
        "mode": "match"
      }
    },
    {
      "fullUrl": "http://num-fhirserver.distan.medicsh.de:8080/fhir/Condition/CON-40f2a20bba2ce120d35c7c42c6a83098fdadfac284a5496f64501919",
      "resource": {
        "resourceType": "Condition",
        "id": "CON-40f2a20bba2ce120d35c7c42c6a83098fdadfac284a5496f64501919",
        "meta": {
          "versionId": "19715506",
          "lastUpdated": "2025-03-11T02:59:19.160Z",
          "profile": [
            "https://www.medizininformatik-initiative.de/fhir/core/modul-diagnose/StructureDefinition/Diagnose|2025.0.0"
          ]
        },
        "code": {
          "coding": [
            {
              "system": "http://fhir.de/CodeSystem/bfarm/icd-10-gm",
              "version": "2022",
              "code": "C50.0"
            }
          ]
        },
        "subject": {
          "reference": "Patient/PID-31b7ba654a150dde5ed555af30b5ff095e4a1dca6a8db61c6f03848b"
        },
        "encounter": {
          "reference": "Encounter/PV-492b751a956840b0d3a49fc2514e39d8a6591bd323710c843aa16280"
        },
        "recordedDate": "2024-07-03T09:10:00+02:00"
      },
      "search": {
        "mode": "match"
      }
    },
    {
      "fullUrl": "http://num-fhirserver.distan.medicsh.de:8080/fhir/Condition/CON-7613f5fa8ab6b45319b16f4bd5618b868d32f7aa92df3201ee64c83a",
      "resource": {
        "resourceType": "Condition",
        "id": "CON-7613f5fa8ab6b45319b16f4bd5618b868d32f7aa92df3201ee64c83a",
        "meta": {
          "versionId": "22345168",
          "lastUpdated": "2025-03-11T05:45:21.833Z",
          "profile": [
            "https://www.medizininformatik-initiative.de/fhir/core/modul-diagnose/StructureDefinition/Diagnose|2025.0.0"
          ]
        },
        "code": {
          "coding": [
            {
              "system": "http://fhir.de/CodeSystem/bfarm/icd-10-gm",
              "version": "2022",
              "code": "C50.5"
            }
          ]
        },
        "subject": {
          "reference": "Patient/PID-31b7ba654a150dde5ed555af30b5ff095e4a1dca6a8db61c6f03848b"
        },
        "encounter": {
          "reference": "Encounter/PV-492b751a956840b0d3a49fc2514e39d8a6591bd323710c843aa16280"
        },
        "recordedDate": "2024-06-25T08:00:00+02:00"
      },
      "search": {
        "mode": "match"
      }
    },
    {
      "fullUrl": "http://num-fhirserver.distan.medicsh.de:8080/fhir/Condition/CON-795b00bc920c69b4ee168f1a27f13463f8ceb50afd55b8c5da8214e2",
      "resource": {
        "resourceType": "Condition",
        "id": "CON-795b00bc920c69b4ee168f1a27f13463f8ceb50afd55b8c5da8214e2",
        "meta": {
          "versionId": "22243753",
          "lastUpdated": "2025-03-11T05:41:18.035Z",
          "profile": [
            "https://www.medizininformatik-initiative.de/fhir/core/modul-diagnose/StructureDefinition/Diagnose|2025.0.0"
          ]
        },
        "code": {
          "coding": [
            {
              "system": "http://fhir.de/CodeSystem/bfarm/icd-10-gm",
              "version": "2022",
              "code": "C50.5"
            }
          ]
        },
        "subject": {
          "reference": "Patient/PID-31b7ba654a150dde5ed555af30b5ff095e4a1dca6a8db61c6f03848b"
        },
        "encounter": {
          "reference": "Encounter/PV-492b751a956840b0d3a49fc2514e39d8a6591bd323710c843aa16280"
        },
        "recordedDate": "2024-06-25T08:00:00+02:00"
      },
      "search": {
        "mode": "match"
      }
    },
    {
      "fullUrl": "http://num-fhirserver.distan.medicsh.de:8080/fhir/Condition/CON-ace6788d29f0a06ceeef57afed7464ce5474149c913cd5a863afbe55",
      "resource": {
        "resourceType": "Condition",
        "id": "CON-ace6788d29f0a06ceeef57afed7464ce5474149c913cd5a863afbe55",
        "meta": {
          "versionId": "19715250",
          "lastUpdated": "2025-03-11T02:59:18.578Z",
          "profile": [
            "https://www.medizininformatik-initiative.de/fhir/core/modul-diagnose/StructureDefinition/Diagnose|2025.0.0"
          ]
        },
        "code": {
          "coding": [
            {
              "system": "http://fhir.de/CodeSystem/bfarm/icd-10-gm",
              "version": "2022",
              "code": "C50.0"
            }
          ]
        },
        "subject": {
          "reference": "Patient/PID-31b7ba654a150dde5ed555af30b5ff095e4a1dca6a8db61c6f03848b"
        },
        "encounter": {
          "reference": "Encounter/PV-492b751a956840b0d3a49fc2514e39d8a6591bd323710c843aa16280"
        },
        "recordedDate": "2024-07-03T09:10:00+02:00"
      },
      "search": {
        "mode": "match"
      }
    },
    {
      "fullUrl": "http://num-fhirserver.distan.medicsh.de:8080/fhir/Condition/CON-d738d2d76b5696ecd7ba69dc811c0da0a53951ed664f8a8e91925770",
      "resource": {
        "resourceType": "Condition",
        "id": "CON-d738d2d76b5696ecd7ba69dc811c0da0a53951ed664f8a8e91925770",
        "meta": {
          "versionId": "20477169",
          "lastUpdated": "2025-03-11T03:28:03.598Z",
          "profile": [
            "https://www.medizininformatik-initiative.de/fhir/core/modul-diagnose/StructureDefinition/Diagnose|2025.0.0"
          ]
        },
        "code": {
          "coding": [
            {
              "system": "http://fhir.de/CodeSystem/bfarm/icd-10-gm",
              "version": "2022",
              "code": "H60.0"
            }
          ]
        },
        "subject": {
          "reference": "Patient/PID-31b7ba654a150dde5ed555af30b5ff095e4a1dca6a8db61c6f03848b"
        },
        "encounter": {
          "reference": "Encounter/PV-492b751a956840b0d3a49fc2514e39d8a6591bd323710c843aa16280"
        },
        "recordedDate": "2024-01-12T14:09:00+01:00"
      },
      "search": {
        "mode": "match"
      }
    },
    {
      "fullUrl": "http://num-fhirserver.distan.medicsh.de:8080/fhir/Condition/CON-f616c44e5ad4be443e2e46a8a9882281a183f5b6c90b8c5ed1cb18e0",
      "resource": {
        "resourceType": "Condition",
        "id": "CON-f616c44e5ad4be443e2e46a8a9882281a183f5b6c90b8c5ed1cb18e0",
        "meta": {
          "versionId": "2361277",
          "lastUpdated": "2025-03-10T17:00:31.980Z",
          "profile": [
            "https://www.medizininformatik-initiative.de/fhir/core/modul-diagnose/StructureDefinition/Diagnose|2025.0.0"
          ]
        },
        "code": {
          "coding": [
            {
              "system": "http://fhir.de/CodeSystem/bfarm/icd-10-gm",
              "version": "2022",
              "code": "H60.0"
            }
          ]
        },
        "subject": {
          "reference": "Patient/PID-31b7ba654a150dde5ed555af30b5ff095e4a1dca6a8db61c6f03848b"
        },
        "encounter": {
          "reference": "Encounter/PV-492b751a956840b0d3a49fc2514e39d8a6591bd323710c843aa16280"
        },
        "recordedDate": "2024-01-12T14:09:00+01:00"
      },
      "search": {
        "mode": "match"
      }
    },
    {
      "fullUrl": "http://num-fhirserver.distan.medicsh.de:8080/fhir/Encounter/PV-3a1e790fdb564908ef45c4ab0d27671d79baec129f51c2c9e19145bd",
      "resource": {
        "resourceType": "Encounter",
        "id": "PV-3a1e790fdb564908ef45c4ab0d27671d79baec129f51c2c9e19145bd",
        "meta": {
          "versionId": "236054236",
          "lastUpdated": "2025-03-19T16:01:21.040Z",
          "source": "http://medic.uksh.de/source/orbis/adt",
          "profile": [
            "https://www.medizininformatik-initiative.de/fhir/core/modul-fall/StructureDefinition/KontaktGesundheitseinrichtung|2025.0.0"
          ]
        },
        "identifier": [
          {
            "use": "official",
            "type": {
              "coding": [
                {
                  "system": "http://terminology.hl7.org/CodeSystem/v2-0203",
                  "code": "VN"
                }
              ]
            },
            "system": "http://medic.uksh.de/fhir/Encounter",
            "value": "3a1e790fdb564908ef45c4ab0d27671d79baec129f51c2c9e19145bd"
          }
        ],
        "status": "finished",
        "class": {
          "system": "http://terminology.hl7.org/CodeSystem/v3-ActCode",
          "code": "AMB"
        },
        "type": [
          {
            "coding": [
              {
                "system": "http://fhir.de/CodeSystem/Kontaktebene",
                "code": "einrichtungskontakt"
              }
            ]
          }
        ],
        "subject": {
          "reference": "Patient/PID-31b7ba654a150dde5ed555af30b5ff095e4a1dca6a8db61c6f03848b"
        },
        "period": {
          "start": "2022-11-23T13:45:00+01:00",
          "end": "2022-12-31T23:59:59+01:00"
        }
      },
      "search": {
        "mode": "match"
      }
    },
    {
      "fullUrl": "http://num-fhirserver.distan.medicsh.de:8080/fhir/Encounter/PV-492b751a956840b0d3a49fc2514e39d8a6591bd323710c843aa16280",
      "resource": {
        "resourceType": "Encounter",
        "id": "PV-492b751a956840b0d3a49fc2514e39d8a6591bd323710c843aa16280",
        "meta": {
          "versionId": "243380963",
          "lastUpdated": "2025-03-21T16:41:09.925Z",
          "source": "http://medic.uksh.de/source/orbis/adt",
          "profile": [
            "https://www.medizininformatik-initiative.de/fhir/core/modul-fall/StructureDefinition/KontaktGesundheitseinrichtung|2025.0.0"
          ]
        },
        "identifier": [
          {
            "use": "official",
            "type": {
              "coding": [
                {
                  "system": "http://terminology.hl7.org/CodeSystem/v2-0203",
                  "code": "VN"
                }
              ]
            },
            "system": "http://medic.uksh.de/fhir/Encounter",
            "value": "492b751a956840b0d3a49fc2514e39d8a6591bd323710c843aa16280"
          }
        ],
        "status": "finished",
        "class": {
          "system": "http://terminology.hl7.org/CodeSystem/v3-ActCode",
          "code": "IMP"
        },
        "type": [
          {
            "coding": [
              {
                "system": "http://fhir.de/CodeSystem/Kontaktebene",
                "code": "einrichtungskontakt"
              }
            ]
          }
        ],
        "subject": {
          "reference": "Patient/PID-31b7ba654a150dde5ed555af30b5ff095e4a1dca6a8db61c6f03848b"
        },
        "period": {
          "start": "2022-02-14T07:22:00+01:00",
          "end": "2024-05-02T08:49:00+02:00"
        }
      },
      "search": {
        "mode": "match"
      }
    },
    {
      "fullUrl": "http://num-fhirserver.distan.medicsh.de:8080/fhir/Encounter/PV-5500a94e6e48256bfafa9dd31d3a689ae5c154e5f3dcb50d0e0555b4",
      "resource": {
        "resourceType": "Encounter",
        "id": "PV-5500a94e6e48256bfafa9dd31d3a689ae5c154e5f3dcb50d0e0555b4",
        "meta": {
          "versionId": "240028710",
          "lastUpdated": "2025-03-20T16:09:36.654Z",
          "source": "http://medic.uksh.de/source/orbis/adt",
          "profile": [
            "https://www.medizininformatik-initiative.de/fhir/core/modul-fall/StructureDefinition/KontaktGesundheitseinrichtung|2025.0.0"
          ]
        },
        "identifier": [
          {
            "use": "official",
            "type": {
              "coding": [
                {
                  "system": "http://terminology.hl7.org/CodeSystem/v2-0203",
                  "code": "VN"
                }
              ]
            },
            "system": "http://medic.uksh.de/fhir/Encounter",
            "value": "5500a94e6e48256bfafa9dd31d3a689ae5c154e5f3dcb50d0e0555b4"
          }
        ],
        "status": "finished",
        "class": {
          "system": "http://terminology.hl7.org/CodeSystem/v3-ActCode",
          "code": "AMB"
        },
        "type": [
          {
            "coding": [
              {
                "system": "http://fhir.de/CodeSystem/Kontaktebene",
                "code": "einrichtungskontakt"
              }
            ]
          }
        ],
        "subject": {
          "reference": "Patient/PID-31b7ba654a150dde5ed555af30b5ff095e4a1dca6a8db61c6f03848b"
        },
        "period": {
          "start": "2023-06-14T13:06:00+02:00",
          "end": "2023-06-30T23:59:59+02:00"
        }
      },
      "search": {
        "mode": "match"
      }
    },
    {
      "fullUrl": "http://num-fhirserver.distan.medicsh.de:8080/fhir/Encounter/PV-77826a69137ac47860b20b3aa7f5dc1002e2b717c73bfd1a02295d21",
      "resource": {
        "resourceType": "Encounter",
        "id": "PV-77826a69137ac47860b20b3aa7f5dc1002e2b717c73bfd1a02295d21",
        "meta": {
          "versionId": "243388471",
          "lastUpdated": "2025-03-21T16:44:14.104Z",
          "source": "http://medic.uksh.de/source/orbis/adt",
          "profile": [
            "https://www.medizininformatik-initiative.de/fhir/core/modul-fall/StructureDefinition/KontaktGesundheitseinrichtung|2025.0.0"
          ]
        },
        "identifier": [
          {
            "use": "official",
            "type": {
              "coding": [
                {
                  "system": "http://terminology.hl7.org/CodeSystem/v2-0203",
                  "code": "VN"
                }
              ]
            },
            "system": "http://medic.uksh.de/fhir/Encounter",
            "value": "77826a69137ac47860b20b3aa7f5dc1002e2b717c73bfd1a02295d21"
          }
        ],
        "status": "finished",
        "class": {
          "system": "http://terminology.hl7.org/CodeSystem/v3-ActCode",
          "code": "IMP"
        },
        "type": [
          {
            "coding": [
              {
                "system": "http://fhir.de/CodeSystem/Kontaktebene",
                "code": "einrichtungskontakt"
              }
            ]
          }
        ],
        "subject": {
          "reference": "Patient/PID-31b7ba654a150dde5ed555af30b5ff095e4a1dca6a8db61c6f03848b"
        },
        "period": {
          "start": "2024-05-02T14:21:00+02:00",
          "end": "2024-05-02T14:22:00+02:00"
        }
      },
      "search": {
        "mode": "match"
      }
    },
    {
      "fullUrl": "http://num-fhirserver.distan.medicsh.de:8080/fhir/Encounter/PV-8c534b579139327699dded1df7b438fd2f410ee3a2d135ccdf46ab26",
      "resource": {
        "resourceType": "Encounter",
        "id": "PV-8c534b579139327699dded1df7b438fd2f410ee3a2d135ccdf46ab26",
        "meta": {
          "versionId": "244383162",
          "lastUpdated": "2025-03-21T23:10:31.827Z",
          "source": "http://medic.uksh.de/source/orbis/adt",
          "profile": [
            "https://www.medizininformatik-initiative.de/fhir/core/modul-fall/StructureDefinition/KontaktGesundheitseinrichtung|2025.0.0"
          ]
        },
        "identifier": [
          {
            "use": "official",
            "type": {
              "coding": [
                {
                  "system": "http://terminology.hl7.org/CodeSystem/v2-0203",
                  "code": "VN"
                }
              ]
            },
            "system": "http://medic.uksh.de/fhir/Encounter",
            "value": "8c534b579139327699dded1df7b438fd2f410ee3a2d135ccdf46ab26"
          }
        ],
        "status": "finished",
        "class": {
          "system": "http://terminology.hl7.org/CodeSystem/v3-ActCode",
          "code": "AMB"
        },
        "type": [
          {
            "coding": [
              {
                "system": "http://fhir.de/CodeSystem/Kontaktebene",
                "code": "einrichtungskontakt"
              }
            ]
          }
        ],
        "subject": {
          "reference": "Patient/PID-31b7ba654a150dde5ed555af30b5ff095e4a1dca6a8db61c6f03848b"
        },
        "period": {
          "start": "2024-08-21T08:43:00+02:00",
          "end": "2024-09-30T23:59:59+02:00"
        }
      },
      "search": {
        "mode": "match"
      }
    },
    {
      "fullUrl": "http://num-fhirserver.distan.medicsh.de:8080/fhir/Encounter/PV-AK-4731779ece271a14fee73c11f25b3cb93e5055b0833a42b847d06c65",
      "resource": {
        "resourceType": "Encounter",
        "id": "PV-AK-4731779ece271a14fee73c11f25b3cb93e5055b0833a42b847d06c65",
        "meta": {
          "versionId": "243388477",
          "lastUpdated": "2025-03-21T16:44:14.186Z",
          "source": "http://medic.uksh.de/source/orbis/adt",
          "profile": [
            "https://www.medizininformatik-initiative.de/fhir/core/modul-fall/StructureDefinition/KontaktGesundheitseinrichtung|2025.0.0"
          ]
        },
        "identifier": [
          {
            "use": "official",
            "type": {
              "coding": [
                {
                  "system": "http://terminology.hl7.org/CodeSystem/v2-0203",
                  "code": "VN"
                }
              ]
            },
            "system": "http://medic.uksh.de/fhir/Encounter",
            "value": "77826a69137ac47860b20b3aa7f5dc1002e2b717c73bfd1a02295d21"
          },
          {
            "use": "secondary",
            "type": {
              "coding": [
                {
                  "system": "http://terminology.hl7.org/CodeSystem/v2-0203",
                  "code": "U"
                }
              ]
            },
            "system": "http://medic.uksh.de.de/fhir/Encounter/department",
            "value": "ITSG.2024-05-02T14:21:00"
          }
        ],
        "status": "finished",
        "class": {
          "system": "http://terminology.hl7.org/CodeSystem/v3-ActCode",
          "code": "IMP"
        },
        "type": [
          {
            "coding": [
              {
                "system": "http://fhir.de/CodeSystem/Kontaktebene",
                "code": "abteilungskontakt"
              }
            ]
          }
        ],
        "subject": {
          "reference": "Patient/PID-31b7ba654a150dde5ed555af30b5ff095e4a1dca6a8db61c6f03848b"
        },
        "period": {
          "start": "2024-05-02T14:21:00+02:00",
          "end": "2024-05-02T14:22:00+02:00"
        },
        "location": [
          {
            "location": {
              "reference": "Location/ITSG-ITSGSTAT"
            },
            "status": "completed",
            "physicalType": {
              "coding": [
                {
                  "system": "http://terminology.hl7.org/CodeSystem/location-physical-type",
                  "code": "wa"
                }
              ]
            },
            "period": {
              "start": "2024-05-02T14:21:00+02:00",
              "end": "2024-05-02T14:22:00+02:00"
            }
          }
        ],
        "partOf": {
          "reference": "Encounter/PV-77826a69137ac47860b20b3aa7f5dc1002e2b717c73bfd1a02295d21"
        }
      },
      "search": {
        "mode": "match"
      }
    },
    {
      "fullUrl": "http://num-fhirserver.distan.medicsh.de:8080/fhir/Encounter/PV-AK-cf64f3482b1420940cda998f1ffccedb4403f9003d5b03d26cc3eaf9",
      "resource": {
        "resourceType": "Encounter",
        "id": "PV-AK-cf64f3482b1420940cda998f1ffccedb4403f9003d5b03d26cc3eaf9",
        "meta": {
          "versionId": "243380971",
          "lastUpdated": "2025-03-21T16:41:10.009Z",
          "source": "http://medic.uksh.de/source/orbis/adt",
          "profile": [
            "https://www.medizininformatik-initiative.de/fhir/core/modul-fall/StructureDefinition/KontaktGesundheitseinrichtung|2025.0.0"
          ]
        },
        "identifier": [
          {
            "use": "official",
            "type": {
              "coding": [
                {
                  "system": "http://terminology.hl7.org/CodeSystem/v2-0203",
                  "code": "VN"
                }
              ]
            },
            "system": "http://medic.uksh.de/fhir/Encounter",
            "value": "492b751a956840b0d3a49fc2514e39d8a6591bd323710c843aa16280"
          },
          {
            "use": "secondary",
            "type": {
              "coding": [
                {
                  "system": "http://terminology.hl7.org/CodeSystem/v2-0203",
                  "code": "U"
                }
              ]
            },
            "system": "http://medic.uksh.de.de/fhir/Encounter/department",
            "value": "ITSG.2022-02-14T07:22:00"
          }
        ],
        "status": "finished",
        "class": {
          "system": "http://terminology.hl7.org/CodeSystem/v3-ActCode",
          "code": "IMP"
        },
        "type": [
          {
            "coding": [
              {
                "system": "http://fhir.de/CodeSystem/Kontaktebene",
                "code": "abteilungskontakt"
              }
            ]
          }
        ],
        "subject": {
          "reference": "Patient/PID-31b7ba654a150dde5ed555af30b5ff095e4a1dca6a8db61c6f03848b"
        },
        "period": {
          "start": "2022-02-14T07:22:00+01:00",
          "end": "2024-05-02T08:49:00+02:00"
        },
        "location": [
          {
            "location": {
              "reference": "Location/ITSG-ITSGSTAT"
            },
            "status": "completed",
            "physicalType": {
              "coding": [
                {
                  "system": "http://terminology.hl7.org/CodeSystem/location-physical-type",
                  "code": "wa"
                }
              ]
            },
            "period": {
              "start": "2022-02-14T07:22:00+01:00",
              "end": "2024-05-02T08:49:00+02:00"
            }
          }
        ],
        "partOf": {
          "reference": "Encounter/PV-492b751a956840b0d3a49fc2514e39d8a6591bd323710c843aa16280"
        }
      },
      "search": {
        "mode": "match"
      }
    },
    {
      "fullUrl": "http://num-fhirserver.distan.medicsh.de:8080/fhir/Encounter/PV-AK-d9167f0efa6ed6e1db0bc8fdc21f82b03366df853c25f24d67324e7c",
      "resource": {
        "resourceType": "Encounter",
        "id": "PV-AK-d9167f0efa6ed6e1db0bc8fdc21f82b03366df853c25f24d67324e7c",
        "meta": {
          "versionId": "396966098",
          "lastUpdated": "2025-11-04T04:03:19.826Z",
          "source": "http://medic.uksh.de/source/orbis/adt",
          "profile": [
            "https://www.medizininformatik-initiative.de/fhir/core/modul-fall/StructureDefinition/KontaktGesundheitseinrichtung|2025.0.0"
          ]
        },
        "identifier": [
          {
            "use": "official",
            "type": {
              "coding": [
                {
                  "system": "http://terminology.hl7.org/CodeSystem/v2-0203",
                  "code": "VN"
                }
              ]
            },
            "system": "http://medic.uksh.de/fhir/Encounter",
            "value": "d653dfbe1f138c012494a9bb75269b2e8bc59307bc0f42f59abc6ac6"
          },
          {
            "use": "secondary",
            "type": {
              "coding": [
                {
                  "system": "http://terminology.hl7.org/CodeSystem/v2-0203",
                  "code": "U"
                }
              ]
            },
            "system": "http://medic.uksh.de.de/fhir/Encounter/department",
            "value": "KPSISF.2025-10-28T15:02:00"
          }
        ],
        "status": "finished",
        "class": {
          "system": "http://terminology.hl7.org/CodeSystem/v3-ActCode",
          "code": "IMP"
        },
        "type": [
          {
            "coding": [
              {
                "system": "http://fhir.de/CodeSystem/Kontaktebene",
                "code": "abteilungskontakt"
              }
            ]
          }
        ],
        "subject": {
          "reference": "Patient/PID-31b7ba654a150dde5ed555af30b5ff095e4a1dca6a8db61c6f03848b"
        },
        "period": {
          "start": "2025-10-28T15:02:00+01:00",
          "end": "2025-10-28T15:12:00+01:00"
        },
        "location": [
          {
            "location": {
              "reference": "Location/KPSISF-KPSISFTTK1"
            },
            "status": "completed",
            "physicalType": {
              "coding": [
                {
                  "system": "http://terminology.hl7.org/CodeSystem/location-physical-type",
                  "code": "wa"
                }
              ]
            },
            "period": {
              "start": "2025-10-28T15:02:00+01:00",
              "end": "2025-10-28T15:12:00+01:00"
            }
          }
        ],
        "partOf": {
          "reference": "Encounter/PV-d653dfbe1f138c012494a9bb75269b2e8bc59307bc0f42f59abc6ac6"
        }
      },
      "search": {
        "mode": "match"
      }
    },
    {
      "fullUrl": "http://num-fhirserver.distan.medicsh.de:8080/fhir/Location/KPSISF-KPSISFTTK1",
      "resource": {
        "resourceType": "Location",
        "id": "KPSISF-KPSISFTTK1",
        "meta": {
          "versionId": "37423961",
          "lastUpdated": "2025-03-11T15:48:56.355Z"
        },
        "name": "ISFP Tagesklinik JVA Neumünster",
        "type": [
          {
            "coding": [
              {
                "system": "http://terminology.hl7.org/CodeSystem/v3-RoleCode",
                "code": "HOSP"
              }
            ]
          }
        ],
        "physicalType": {
          "coding": [
            {
              "system": "http://terminology.hl7.org/CodeSystem/location-physical-type",
              "code": "wa",
              "display": "Ward"
            }
          ]
        },
        "partOf": {
          "reference": "Location/KPSISF"
        }
      },
      "search": {
        "mode": "match"
      }
    },
    {
      "fullUrl": "http://num-fhirserver.distan.medicsh.de:8080/fhir/Encounter/PV-VK-20a78ee767c92efbda8a066e0722bb512ca5b104e38291f6933cbb32",
      "resource": {
        "resourceType": "Encounter",
        "id": "PV-VK-20a78ee767c92efbda8a066e0722bb512ca5b104e38291f6933cbb32",
        "meta": {
          "versionId": "243388476",
          "lastUpdated": "2025-03-21T16:44:14.163Z",
          "source": "http://medic.uksh.de/source/orbis/adt",
          "profile": [
            "https://www.medizininformatik-initiative.de/fhir/core/modul-fall/StructureDefinition/KontaktGesundheitseinrichtung|2025.0.0"
          ]
        },
        "identifier": [
          {
            "use": "official",
            "type": {
              "coding": [
                {
                  "system": "http://terminology.hl7.org/CodeSystem/v2-0203",
                  "code": "VN"
                }
              ]
            },
            "system": "http://medic.uksh.de/fhir/Encounter",
            "value": "77826a69137ac47860b20b3aa7f5dc1002e2b717c73bfd1a02295d21"
          },
          {
            "use": "secondary",
            "type": {
              "coding": [
                {
                  "system": "http://terminology.hl7.org/CodeSystem/v2-0203",
                  "code": "U"
                }
              ]
            },
            "system": "http://medic.uksh.de.de/fhir/Encounter/department",
            "value": "ITSG.ITSGSTAT.2024-05-02T14:21:00"
          }
        ],
        "status": "finished",
        "class": {
          "system": "http://terminology.hl7.org/CodeSystem/v3-ActCode",
          "code": "IMP"
        },
        "type": [
          {
            "coding": [
              {
                "system": "http://fhir.de/CodeSystem/Kontaktebene",
                "code": "versorgungsstellenkontakt"
              }
            ]
          }
        ],
        "subject": {
          "reference": "Patient/PID-31b7ba654a150dde5ed555af30b5ff095e4a1dca6a8db61c6f03848b"
        },
        "period": {
          "start": "2024-05-02T14:21:00+02:00",
          "end": "2024-05-02T14:22:00+02:00"
        },
        "location": [
          {
            "location": {
              "reference": "Location/ITSG-ITSGSTAT"
            },
            "status": "completed",
            "physicalType": {
              "coding": [
                {
                  "system": "http://terminology.hl7.org/CodeSystem/location-physical-type",
                  "code": "wa"
                }
              ]
            },
            "period": {
              "start": "2024-05-02T14:21:00+02:00",
              "end": "2024-05-02T14:22:00+02:00"
            }
          }
        ],
        "partOf": {
          "reference": "Encounter/PV-AK-4731779ece271a14fee73c11f25b3cb93e5055b0833a42b847d06c65"
        }
      },
      "search": {
        "mode": "match"
      }
    },
    {
      "fullUrl": "http://num-fhirserver.distan.medicsh.de:8080/fhir/Encounter/PV-VK-4ea832934d3686b0c9f0afbd77be81c4e9e16cff6c988f02aff4a5a1",
      "resource": {
        "resourceType": "Encounter",
        "id": "PV-VK-4ea832934d3686b0c9f0afbd77be81c4e9e16cff6c988f02aff4a5a1",
        "meta": {
          "versionId": "396966096",
          "lastUpdated": "2025-11-04T04:03:19.803Z",
          "source": "http://medic.uksh.de/source/orbis/adt",
          "profile": [
            "https://www.medizininformatik-initiative.de/fhir/core/modul-fall/StructureDefinition/KontaktGesundheitseinrichtung|2025.0.0"
          ]
        },
        "identifier": [
          {
            "use": "official",
            "type": {
              "coding": [
                {
                  "system": "http://terminology.hl7.org/CodeSystem/v2-0203",
                  "code": "VN"
                }
              ]
            },
            "system": "http://medic.uksh.de/fhir/Encounter",
            "value": "d653dfbe1f138c012494a9bb75269b2e8bc59307bc0f42f59abc6ac6"
          },
          {
            "use": "secondary",
            "type": {
              "coding": [
                {
                  "system": "http://terminology.hl7.org/CodeSystem/v2-0203",
                  "code": "U"
                }
              ]
            },
            "system": "http://medic.uksh.de.de/fhir/Encounter/department",
            "value": "KPSISF.KPSISFTTK1.2025-10-28T15:02:00"
          }
        ],
        "status": "finished",
        "class": {
          "system": "http://terminology.hl7.org/CodeSystem/v3-ActCode",
          "code": "IMP"
        },
        "type": [
          {
            "coding": [
              {
                "system": "http://fhir.de/CodeSystem/Kontaktebene",
                "code": "versorgungsstellenkontakt"
              }
            ]
          }
        ],
        "subject": {
          "reference": "Patient/PID-31b7ba654a150dde5ed555af30b5ff095e4a1dca6a8db61c6f03848b"
        },
        "period": {
          "start": "2025-10-28T15:02:00+01:00",
          "end": "2025-10-28T15:12:00+01:00"
        },
        "location": [
          {
            "location": {
              "reference": "Location/KPSISF-KPSISFTTK1"
            },
            "status": "completed",
            "physicalType": {
              "coding": [
                {
                  "system": "http://terminology.hl7.org/CodeSystem/location-physical-type",
                  "code": "wa"
                }
              ]
            },
            "period": {
              "start": "2025-10-28T15:02:00+01:00",
              "end": "2025-10-28T15:12:00+01:00"
            }
          }
        ],
        "partOf": {
          "reference": "Encounter/PV-AK-d9167f0efa6ed6e1db0bc8fdc21f82b03366df853c25f24d67324e7c"
        }
      },
      "search": {
        "mode": "match"
      }
    },
    {
      "fullUrl": "http://num-fhirserver.distan.medicsh.de:8080/fhir/Encounter/PV-VK-bfc1b83ec51060602c4defe0a736f6208ffa94ed213aec496a885447",
      "resource": {
        "resourceType": "Encounter",
        "id": "PV-VK-bfc1b83ec51060602c4defe0a736f6208ffa94ed213aec496a885447",
        "meta": {
          "versionId": "243380968",
          "lastUpdated": "2025-03-21T16:41:09.985Z",
          "source": "http://medic.uksh.de/source/orbis/adt",
          "profile": [
            "https://www.medizininformatik-initiative.de/fhir/core/modul-fall/StructureDefinition/KontaktGesundheitseinrichtung|2025.0.0"
          ]
        },
        "identifier": [
          {
            "use": "official",
            "type": {
              "coding": [
                {
                  "system": "http://terminology.hl7.org/CodeSystem/v2-0203",
                  "code": "VN"
                }
              ]
            },
            "system": "http://medic.uksh.de/fhir/Encounter",
            "value": "492b751a956840b0d3a49fc2514e39d8a6591bd323710c843aa16280"
          },
          {
            "use": "secondary",
            "type": {
              "coding": [
                {
                  "system": "http://terminology.hl7.org/CodeSystem/v2-0203",
                  "code": "U"
                }
              ]
            },
            "system": "http://medic.uksh.de.de/fhir/Encounter/department",
            "value": "ITSG.ITSGSTAT.2022-02-14T07:22:00"
          }
        ],
        "status": "finished",
        "class": {
          "system": "http://terminology.hl7.org/CodeSystem/v3-ActCode",
          "code": "IMP"
        },
        "type": [
          {
            "coding": [
              {
                "system": "http://fhir.de/CodeSystem/Kontaktebene",
                "code": "versorgungsstellenkontakt"
              }
            ]
          }
        ],
        "subject": {
          "reference": "Patient/PID-31b7ba654a150dde5ed555af30b5ff095e4a1dca6a8db61c6f03848b"
        },
        "period": {
          "start": "2022-02-14T07:22:00+01:00",
          "end": "2024-05-02T08:49:00+02:00"
        },
        "location": [
          {
            "location": {
              "reference": "Location/ITSG-ITSGSTAT"
            },
            "status": "completed",
            "physicalType": {
              "coding": [
                {
                  "system": "http://terminology.hl7.org/CodeSystem/location-physical-type",
                  "code": "wa"
                }
              ]
            },
            "period": {
              "start": "2022-02-14T07:22:00+01:00",
              "end": "2024-05-02T08:49:00+02:00"
            }
          }
        ],
        "partOf": {
          "reference": "Encounter/PV-AK-cf64f3482b1420940cda998f1ffccedb4403f9003d5b03d26cc3eaf9"
        }
      },
      "search": {
        "mode": "match"
      }
    },
    {
      "fullUrl": "http://num-fhirserver.distan.medicsh.de:8080/fhir/Encounter/PV-b35252fbfc93ec24d3912ad0d975d4c8bf92a59647834e23b27eed6f",
      "resource": {
        "resourceType": "Encounter",
        "id": "PV-b35252fbfc93ec24d3912ad0d975d4c8bf92a59647834e23b27eed6f",
        "meta": {
          "versionId": "242797224",
          "lastUpdated": "2025-03-21T11:44:33.819Z",
          "source": "http://medic.uksh.de/source/orbis/adt",
          "profile": [
            "https://www.medizininformatik-initiative.de/fhir/core/modul-fall/StructureDefinition/KontaktGesundheitseinrichtung|2025.0.0"
          ]
        },
        "identifier": [
          {
            "use": "official",
            "type": {
              "coding": [
                {
                  "system": "http://terminology.hl7.org/CodeSystem/v2-0203",
                  "code": "VN"
                }
              ]
            },
            "system": "http://medic.uksh.de/fhir/Encounter",
            "value": "b35252fbfc93ec24d3912ad0d975d4c8bf92a59647834e23b27eed6f"
          }
        ],
        "status": "finished",
        "class": {
          "system": "http://terminology.hl7.org/CodeSystem/v3-ActCode",
          "code": "AMB"
        },
        "type": [
          {
            "coding": [
              {
                "system": "http://fhir.de/CodeSystem/Kontaktebene",
                "code": "einrichtungskontakt"
              }
            ]
          }
        ],
        "subject": {
          "reference": "Patient/PID-31b7ba654a150dde5ed555af30b5ff095e4a1dca6a8db61c6f03848b"
        },
        "period": {
          "start": "2024-02-28T16:02:00+01:00",
          "end": "2024-03-31T23:59:59+02:00"
        }
      },
      "search": {
        "mode": "match"
      }
    },
    {
      "fullUrl": "http://num-fhirserver.distan.medicsh.de:8080/fhir/Encounter/PV-d653dfbe1f138c012494a9bb75269b2e8bc59307bc0f42f59abc6ac6",
      "resource": {
        "resourceType": "Encounter",
        "id": "PV-d653dfbe1f138c012494a9bb75269b2e8bc59307bc0f42f59abc6ac6",
        "meta": {
          "versionId": "396966093",
          "lastUpdated": "2025-11-04T04:03:19.751Z",
          "source": "http://medic.uksh.de/source/orbis/adt",
          "profile": [
            "https://www.medizininformatik-initiative.de/fhir/core/modul-fall/StructureDefinition/KontaktGesundheitseinrichtung|2025.0.0"
          ]
        },
        "identifier": [
          {
            "use": "official",
            "type": {
              "coding": [
                {
                  "system": "http://terminology.hl7.org/CodeSystem/v2-0203",
                  "code": "VN"
                }
              ]
            },
            "system": "http://medic.uksh.de/fhir/Encounter",
            "value": "d653dfbe1f138c012494a9bb75269b2e8bc59307bc0f42f59abc6ac6"
          }
        ],
        "status": "finished",
        "class": {
          "system": "http://terminology.hl7.org/CodeSystem/v3-ActCode",
          "code": "IMP"
        },
        "type": [
          {
            "coding": [
              {
                "system": "http://fhir.de/CodeSystem/Kontaktebene",
                "code": "einrichtungskontakt"
              }
            ]
          }
        ],
        "subject": {
          "reference": "Patient/PID-31b7ba654a150dde5ed555af30b5ff095e4a1dca6a8db61c6f03848b"
        },
        "period": {
          "start": "2025-10-28T15:02:00+01:00",
          "end": "2025-10-28T15:12:00+01:00"
        }
      },
      "search": {
        "mode": "match"
      }
    },
    {
      "fullUrl": "http://num-fhirserver.distan.medicsh.de:8080/fhir/Encounter/PV-f7b1639c17235130fef144f9bdd6afbb90afcb569c7462fbaf1d5951",
      "resource": {
        "resourceType": "Encounter",
        "id": "PV-f7b1639c17235130fef144f9bdd6afbb90afcb569c7462fbaf1d5951",
        "meta": {
          "versionId": "394046517",
          "lastUpdated": "2025-10-18T03:21:26.125Z",
          "source": "http://medic.uksh.de/source/orbis/adt",
          "profile": [
            "https://www.medizininformatik-initiative.de/fhir/core/modul-fall/StructureDefinition/KontaktGesundheitseinrichtung|2025.0.0"
          ]
        },
        "identifier": [
          {
            "use": "official",
            "type": {
              "coding": [
                {
                  "system": "http://terminology.hl7.org/CodeSystem/v2-0203",
                  "code": "VN"
                }
              ]
            },
            "system": "http://medic.uksh.de/fhir/Encounter",
            "value": "f7b1639c17235130fef144f9bdd6afbb90afcb569c7462fbaf1d5951"
          }
        ],
        "status": "in-progress",
        "class": {
          "system": "http://terminology.hl7.org/CodeSystem/v3-ActCode",
          "code": "AMB"
        },
        "type": [
          {
            "coding": [
              {
                "system": "http://fhir.de/CodeSystem/Kontaktebene",
                "code": "einrichtungskontakt"
              }
            ]
          }
        ],
        "subject": {
          "reference": "Patient/PID-31b7ba654a150dde5ed555af30b5ff095e4a1dca6a8db61c6f03848b"
        },
        "period": {
          "start": "2025-10-17T09:19:00+02:00",
          "end": "2025-12-31T23:59:59+01:00"
        }
      },
      "search": {
        "mode": "match"
      }
    },
    {
      "fullUrl": "http://num-fhirserver.distan.medicsh.de:8080/fhir/Observation/VIT-0dd6d75b5b6d38a4cce3e581925e88b9e3a8cc80cc9282433dd47e19",
      "resource": {
        "resourceType": "Observation",
        "id": "VIT-0dd6d75b5b6d38a4cce3e581925e88b9e3a8cc80cc9282433dd47e19",
        "meta": {
          "versionId": "394046518",
          "lastUpdated": "2025-10-18T03:21:26.159Z",
          "profile": [
            "https://www.medizininformatik-initiative.de/fhir/core/modul-person/StructureDefinition/Vitalstatus|2025.0.1"
          ]
        },
        "status": "final",
        "category": [
          {
            "coding": [
              {
                "system": "http://terminology.hl7.org/CodeSystem/observation-category",
                "code": "survey"
              }
            ]
          }
        ],
        "code": {
          "coding": [
            {
              "system": "http://loinc.org",
              "code": "67162-8"
            }
          ]
        },
        "subject": {
          "reference": "Patient/PID-31b7ba654a150dde5ed555af30b5ff095e4a1dca6a8db61c6f03848b"
        },
        "effectiveDateTime": "2025-10-17T09:19:00+02:00",
        "valueCodeableConcept": {
          "coding": [
            {
              "system": "https://www.medizininformatik-initiative.de/fhir/core/modul-person/CodeSystem/Vitalstatus",
              "code": "L"
            }
          ]
        }
      },
      "search": {
        "mode": "match"
      }
    },
    {
      "fullUrl": "http://num-fhirserver.distan.medicsh.de:8080/fhir/Observation/VIT-16a76b0dff6b6ac4f1cded4ffd58c7fbb9110c2189f87dfa50377a8b",
      "resource": {
        "resourceType": "Observation",
        "id": "VIT-16a76b0dff6b6ac4f1cded4ffd58c7fbb9110c2189f87dfa50377a8b",
        "meta": {
          "versionId": "396067414",
          "lastUpdated": "2025-10-29T04:20:06.958Z",
          "profile": [
            "https://www.medizininformatik-initiative.de/fhir/core/modul-person/StructureDefinition/Vitalstatus|2025.0.1"
          ]
        },
        "status": "final",
        "category": [
          {
            "coding": [
              {
                "system": "http://terminology.hl7.org/CodeSystem/observation-category",
                "code": "survey"
              }
            ]
          }
        ],
        "code": {
          "coding": [
            {
              "system": "http://loinc.org",
              "code": "67162-8"
            }
          ]
        },
        "subject": {
          "reference": "Patient/PID-31b7ba654a150dde5ed555af30b5ff095e4a1dca6a8db61c6f03848b"
        },
        "effectiveDateTime": "2025-10-28T15:02:00+01:00",
        "valueCodeableConcept": {
          "coding": [
            {
              "system": "https://www.medizininformatik-initiative.de/fhir/core/modul-person/CodeSystem/Vitalstatus",
              "code": "L"
            }
          ]
        }
      },
      "search": {
        "mode": "match"
      }
    },
    {
      "fullUrl": "http://num-fhirserver.distan.medicsh.de:8080/fhir/Observation/VIT-2966cf336653da60d7de97a7264d5707c1584f13dbff2220afd44697",
      "resource": {
        "resourceType": "Observation",
        "id": "VIT-2966cf336653da60d7de97a7264d5707c1584f13dbff2220afd44697",
        "meta": {
          "versionId": "396067515",
          "lastUpdated": "2025-10-29T04:20:08.675Z",
          "profile": [
            "https://www.medizininformatik-initiative.de/fhir/core/modul-person/StructureDefinition/Vitalstatus|2025.0.1"
          ]
        },
        "status": "final",
        "category": [
          {
            "coding": [
              {
                "system": "http://terminology.hl7.org/CodeSystem/observation-category",
                "code": "survey"
              }
            ]
          }
        ],
        "code": {
          "coding": [
            {
              "system": "http://loinc.org",
              "code": "67162-8"
            }
          ]
        },
        "subject": {
          "reference": "Patient/PID-31b7ba654a150dde5ed555af30b5ff095e4a1dca6a8db61c6f03848b"
        },
        "effectiveDateTime": "2025-10-28T15:12:00+01:00",
        "valueCodeableConcept": {
          "coding": [
            {
              "system": "https://www.medizininformatik-initiative.de/fhir/core/modul-person/CodeSystem/Vitalstatus",
              "code": "L"
            }
          ]
        }
      },
      "search": {
        "mode": "match"
      }
    },
    {
      "fullUrl": "http://num-fhirserver.distan.medicsh.de:8080/fhir/Observation/VIT-3acd8d9fdfb302b8670182bd4b716db22fccc607cfbaa8545d5b0c6a",
      "resource": {
        "resourceType": "Observation",
        "id": "VIT-3acd8d9fdfb302b8670182bd4b716db22fccc607cfbaa8545d5b0c6a",
        "meta": {
          "versionId": "242797225",
          "lastUpdated": "2025-03-21T11:44:33.839Z",
          "profile": [
            "https://www.medizininformatik-initiative.de/fhir/core/modul-person/StructureDefinition/Vitalstatus|2025.0.1"
          ]
        },
        "status": "final",
        "category": [
          {
            "coding": [
              {
                "system": "http://terminology.hl7.org/CodeSystem/observation-category",
                "code": "survey"
              }
            ]
          }
        ],
        "code": {
          "coding": [
            {
              "system": "http://loinc.org",
              "code": "67162-8"
            }
          ]
        },
        "subject": {
          "reference": "Patient/PID-31b7ba654a150dde5ed555af30b5ff095e4a1dca6a8db61c6f03848b"
        },
        "effectiveDateTime": "2024-02-28T16:02:00+01:00",
        "valueCodeableConcept": {
          "coding": [
            {
              "system": "https://www.medizininformatik-initiative.de/fhir/core/modul-person/CodeSystem/Vitalstatus",
              "code": "L"
            }
          ]
        }
      },
      "search": {
        "mode": "match"
      }
    },
    {
      "fullUrl": "http://num-fhirserver.distan.medicsh.de:8080/fhir/Observation/VIT-680977c94dbbf6fcd8243a2534dca865e2d65fd8e7ced9af201ba6a2",
      "resource": {
        "resourceType": "Observation",
        "id": "VIT-680977c94dbbf6fcd8243a2534dca865e2d65fd8e7ced9af201ba6a2",
        "meta": {
          "versionId": "240028711",
          "lastUpdated": "2025-03-20T16:09:36.671Z",
          "profile": [
            "https://www.medizininformatik-initiative.de/fhir/core/modul-person/StructureDefinition/Vitalstatus|2025.0.1"
          ]
        },
        "status": "final",
        "category": [
          {
            "coding": [
              {
                "system": "http://terminology.hl7.org/CodeSystem/observation-category",
                "code": "survey"
              }
            ]
          }
        ],
        "code": {
          "coding": [
            {
              "system": "http://loinc.org",
              "code": "67162-8"
            }
          ]
        },
        "subject": {
          "reference": "Patient/PID-31b7ba654a150dde5ed555af30b5ff095e4a1dca6a8db61c6f03848b"
        },
        "effectiveDateTime": "2023-06-14T13:06:00+02:00",
        "valueCodeableConcept": {
          "coding": [
            {
              "system": "https://www.medizininformatik-initiative.de/fhir/core/modul-person/CodeSystem/Vitalstatus",
              "code": "L"
            }
          ]
        }
      },
      "search": {
        "mode": "match"
      }
    },
    {
      "fullUrl": "http://num-fhirserver.distan.medicsh.de:8080/fhir/Observation/VIT-691567cce0808b79fae28e8c4b1e453b0bac9f3ff9f9b1daddff3da0",
      "resource": {
        "resourceType": "Observation",
        "id": "VIT-691567cce0808b79fae28e8c4b1e453b0bac9f3ff9f9b1daddff3da0",
        "meta": {
          "versionId": "243388473",
          "lastUpdated": "2025-03-21T16:44:14.122Z",
          "profile": [
            "https://www.medizininformatik-initiative.de/fhir/core/modul-person/StructureDefinition/Vitalstatus|2025.0.1"
          ]
        },
        "status": "final",
        "category": [
          {
            "coding": [
              {
                "system": "http://terminology.hl7.org/CodeSystem/observation-category",
                "code": "survey"
              }
            ]
          }
        ],
        "code": {
          "coding": [
            {
              "system": "http://loinc.org",
              "code": "67162-8"
            }
          ]
        },
        "subject": {
          "reference": "Patient/PID-31b7ba654a150dde5ed555af30b5ff095e4a1dca6a8db61c6f03848b"
        },
        "effectiveDateTime": "2024-05-02T14:21:00+02:00",
        "valueCodeableConcept": {
          "coding": [
            {
              "system": "https://www.medizininformatik-initiative.de/fhir/core/modul-person/CodeSystem/Vitalstatus",
              "code": "L"
            }
          ]
        }
      },
      "search": {
        "mode": "match"
      }
    },
    {
      "fullUrl": "http://num-fhirserver.distan.medicsh.de:8080/fhir/Observation/VIT-74cfaa39fbd74157ab057401ea5054325dc61024e0dc2b96f1ad6fd0",
      "resource": {
        "resourceType": "Observation",
        "id": "VIT-74cfaa39fbd74157ab057401ea5054325dc61024e0dc2b96f1ad6fd0",
        "meta": {
          "versionId": "243388475",
          "lastUpdated": "2025-03-21T16:44:14.143Z",
          "profile": [
            "https://www.medizininformatik-initiative.de/fhir/core/modul-person/StructureDefinition/Vitalstatus|2025.0.1"
          ]
        },
        "status": "final",
        "category": [
          {
            "coding": [
              {
                "system": "http://terminology.hl7.org/CodeSystem/observation-category",
                "code": "survey"
              }
            ]
          }
        ],
        "code": {
          "coding": [
            {
              "system": "http://loinc.org",
              "code": "67162-8"
            }
          ]
        },
        "subject": {
          "reference": "Patient/PID-31b7ba654a150dde5ed555af30b5ff095e4a1dca6a8db61c6f03848b"
        },
        "effectiveDateTime": "2024-05-02T14:22:00+02:00",
        "valueCodeableConcept": {
          "coding": [
            {
              "system": "https://www.medizininformatik-initiative.de/fhir/core/modul-person/CodeSystem/Vitalstatus",
              "code": "L"
            }
          ]
        }
      },
      "search": {
        "mode": "match"
      }
    },
    {
      "fullUrl": "http://num-fhirserver.distan.medicsh.de:8080/fhir/Observation/VIT-832cef1465be96531c67ffbb705f0266c7b113cde62c245d93398b0a",
      "resource": {
        "resourceType": "Observation",
        "id": "VIT-832cef1465be96531c67ffbb705f0266c7b113cde62c245d93398b0a",
        "meta": {
          "versionId": "240028712",
          "lastUpdated": "2025-03-20T16:09:36.690Z",
          "profile": [
            "https://www.medizininformatik-initiative.de/fhir/core/modul-person/StructureDefinition/Vitalstatus|2025.0.1"
          ]
        },
        "status": "final",
        "category": [
          {
            "coding": [
              {
                "system": "http://terminology.hl7.org/CodeSystem/observation-category",
                "code": "survey"
              }
            ]
          }
        ],
        "code": {
          "coding": [
            {
              "system": "http://loinc.org",
              "code": "67162-8"
            }
          ]
        },
        "subject": {
          "reference": "Patient/PID-31b7ba654a150dde5ed555af30b5ff095e4a1dca6a8db61c6f03848b"
        },
        "effectiveDateTime": "2023-06-30T23:59:59+02:00",
        "valueCodeableConcept": {
          "coding": [
            {
              "system": "https://www.medizininformatik-initiative.de/fhir/core/modul-person/CodeSystem/Vitalstatus",
              "code": "L"
            }
          ]
        }
      },
      "search": {
        "mode": "match"
      }
    },
    {
      "fullUrl": "http://num-fhirserver.distan.medicsh.de:8080/fhir/Observation/VIT-b99b446159c0946a23df292b91edeb95ac1ae72051b6f0796c9e6957",
      "resource": {
        "resourceType": "Observation",
        "id": "VIT-b99b446159c0946a23df292b91edeb95ac1ae72051b6f0796c9e6957",
        "meta": {
          "versionId": "236054237",
          "lastUpdated": "2025-03-19T16:01:21.056Z",
          "profile": [
            "https://www.medizininformatik-initiative.de/fhir/core/modul-person/StructureDefinition/Vitalstatus|2025.0.1"
          ]
        },
        "status": "final",
        "category": [
          {
            "coding": [
              {
                "system": "http://terminology.hl7.org/CodeSystem/observation-category",
                "code": "survey"
              }
            ]
          }
        ],
        "code": {
          "coding": [
            {
              "system": "http://loinc.org",
              "code": "67162-8"
            }
          ]
        },
        "subject": {
          "reference": "Patient/PID-31b7ba654a150dde5ed555af30b5ff095e4a1dca6a8db61c6f03848b"
        },
        "effectiveDateTime": "2022-11-23T13:45:00+01:00",
        "valueCodeableConcept": {
          "coding": [
            {
              "system": "https://www.medizininformatik-initiative.de/fhir/core/modul-person/CodeSystem/Vitalstatus",
              "code": "L"
            }
          ]
        }
      },
      "search": {
        "mode": "match"
      }
    },
    {
      "fullUrl": "http://num-fhirserver.distan.medicsh.de:8080/fhir/Observation/VIT-c9dc760ccbbe177908775521771b9739e092c3c666ca85ac6cdad8a6",
      "resource": {
        "resourceType": "Observation",
        "id": "VIT-c9dc760ccbbe177908775521771b9739e092c3c666ca85ac6cdad8a6",
        "meta": {
          "versionId": "244383164",
          "lastUpdated": "2025-03-21T23:10:31.866Z",
          "profile": [
            "https://www.medizininformatik-initiative.de/fhir/core/modul-person/StructureDefinition/Vitalstatus|2025.0.1"
          ]
        },
        "status": "final",
        "category": [
          {
            "coding": [
              {
                "system": "http://terminology.hl7.org/CodeSystem/observation-category",
                "code": "survey"
              }
            ]
          }
        ],
        "code": {
          "coding": [
            {
              "system": "http://loinc.org",
              "code": "67162-8"
            }
          ]
        },
        "subject": {
          "reference": "Patient/PID-31b7ba654a150dde5ed555af30b5ff095e4a1dca6a8db61c6f03848b"
        },
        "effectiveDateTime": "2024-09-30T23:59:59+02:00",
        "valueCodeableConcept": {
          "coding": [
            {
              "system": "https://www.medizininformatik-initiative.de/fhir/core/modul-person/CodeSystem/Vitalstatus",
              "code": "L"
            }
          ]
        }
      },
      "search": {
        "mode": "match"
      }
    },
    {
      "fullUrl": "http://num-fhirserver.distan.medicsh.de:8080/fhir/Observation/VIT-ca6a2f20a8772f088e6dcd13b13763675f3a309cd75ff570a7d0734b",
      "resource": {
        "resourceType": "Observation",
        "id": "VIT-ca6a2f20a8772f088e6dcd13b13763675f3a309cd75ff570a7d0734b",
        "meta": {
          "versionId": "236054238",
          "lastUpdated": "2025-03-19T16:01:21.072Z",
          "profile": [
            "https://www.medizininformatik-initiative.de/fhir/core/modul-person/StructureDefinition/Vitalstatus|2025.0.1"
          ]
        },
        "status": "final",
        "category": [
          {
            "coding": [
              {
                "system": "http://terminology.hl7.org/CodeSystem/observation-category",
                "code": "survey"
              }
            ]
          }
        ],
        "code": {
          "coding": [
            {
              "system": "http://loinc.org",
              "code": "67162-8"
            }
          ]
        },
        "subject": {
          "reference": "Patient/PID-31b7ba654a150dde5ed555af30b5ff095e4a1dca6a8db61c6f03848b"
        },
        "effectiveDateTime": "2022-12-31T23:59:59+01:00",
        "valueCodeableConcept": {
          "coding": [
            {
              "system": "https://www.medizininformatik-initiative.de/fhir/core/modul-person/CodeSystem/Vitalstatus",
              "code": "L"
            }
          ]
        }
      },
      "search": {
        "mode": "match"
      }
    },
    {
      "fullUrl": "http://num-fhirserver.distan.medicsh.de:8080/fhir/Observation/VIT-cad34601916c839b11bb21fc1e321116e4a6eab0f9d1401b6c3e365b",
      "resource": {
        "resourceType": "Observation",
        "id": "VIT-cad34601916c839b11bb21fc1e321116e4a6eab0f9d1401b6c3e365b",
        "meta": {
          "versionId": "233898175",
          "lastUpdated": "2025-03-19T13:35:14.422Z",
          "profile": [
            "https://www.medizininformatik-initiative.de/fhir/core/modul-person/StructureDefinition/Vitalstatus|2025.0.1"
          ]
        },
        "status": "final",
        "category": [
          {
            "coding": [
              {
                "system": "http://terminology.hl7.org/CodeSystem/observation-category",
                "code": "survey"
              }
            ]
          }
        ],
        "code": {
          "coding": [
            {
              "system": "http://loinc.org",
              "code": "67162-8"
            }
          ]
        },
        "subject": {
          "reference": "Patient/PID-31b7ba654a150dde5ed555af30b5ff095e4a1dca6a8db61c6f03848b"
        },
        "effectiveDateTime": "2022-02-14T07:22:00+01:00",
        "valueCodeableConcept": {
          "coding": [
            {
              "system": "https://www.medizininformatik-initiative.de/fhir/core/modul-person/CodeSystem/Vitalstatus",
              "code": "L"
            }
          ]
        }
      },
      "search": {
        "mode": "match"
      }
    },
    {
      "fullUrl": "http://num-fhirserver.distan.medicsh.de:8080/fhir/Observation/VIT-d075fabec0f3f6d1be97d577b56a3976fdea4c3f6dec8d56619eb8fc",
      "resource": {
        "resourceType": "Observation",
        "id": "VIT-d075fabec0f3f6d1be97d577b56a3976fdea4c3f6dec8d56619eb8fc",
        "meta": {
          "versionId": "243380965",
          "lastUpdated": "2025-03-21T16:41:09.966Z",
          "profile": [
            "https://www.medizininformatik-initiative.de/fhir/core/modul-person/StructureDefinition/Vitalstatus|2025.0.1"
          ]
        },
        "status": "final",
        "category": [
          {
            "coding": [
              {
                "system": "http://terminology.hl7.org/CodeSystem/observation-category",
                "code": "survey"
              }
            ]
          }
        ],
        "code": {
          "coding": [
            {
              "system": "http://loinc.org",
              "code": "67162-8"
            }
          ]
        },
        "subject": {
          "reference": "Patient/PID-31b7ba654a150dde5ed555af30b5ff095e4a1dca6a8db61c6f03848b"
        },
        "effectiveDateTime": "2024-05-02T08:49:00+02:00",
        "valueCodeableConcept": {
          "coding": [
            {
              "system": "https://www.medizininformatik-initiative.de/fhir/core/modul-person/CodeSystem/Vitalstatus",
              "code": "L"
            }
          ]
        }
      },
      "search": {
        "mode": "match"
      }
    },
    {
      "fullUrl": "http://num-fhirserver.distan.medicsh.de:8080/fhir/Observation/VIT-ed3b4c496ccca30114f9a0a4eec6070d3b0209c12bd4d02e5f57b070",
      "resource": {
        "resourceType": "Observation",
        "id": "VIT-ed3b4c496ccca30114f9a0a4eec6070d3b0209c12bd4d02e5f57b070",
        "meta": {
          "versionId": "244383163",
          "lastUpdated": "2025-03-21T23:10:31.844Z",
          "profile": [
            "https://www.medizininformatik-initiative.de/fhir/core/modul-person/StructureDefinition/Vitalstatus|2025.0.1"
          ]
        },
        "status": "final",
        "category": [
          {
            "coding": [
              {
                "system": "http://terminology.hl7.org/CodeSystem/observation-category",
                "code": "survey"
              }
            ]
          }
        ],
        "code": {
          "coding": [
            {
              "system": "http://loinc.org",
              "code": "67162-8"
            }
          ]
        },
        "subject": {
          "reference": "Patient/PID-31b7ba654a150dde5ed555af30b5ff095e4a1dca6a8db61c6f03848b"
        },
        "effectiveDateTime": "2024-08-21T08:43:00+02:00",
        "valueCodeableConcept": {
          "coding": [
            {
              "system": "https://www.medizininformatik-initiative.de/fhir/core/modul-person/CodeSystem/Vitalstatus",
              "code": "L"
            }
          ]
        }
      },
      "search": {
        "mode": "match"
      }
    },
    {
      "fullUrl": "http://num-fhirserver.distan.medicsh.de:8080/fhir/Observation/VIT-f1d9fbf76c114284b289c06388ce2ed437e2adb9ccb898642f3c5112",
      "resource": {
        "resourceType": "Observation",
        "id": "VIT-f1d9fbf76c114284b289c06388ce2ed437e2adb9ccb898642f3c5112",
        "meta": {
          "versionId": "242797226",
          "lastUpdated": "2025-03-21T11:44:33.858Z",
          "profile": [
            "https://www.medizininformatik-initiative.de/fhir/core/modul-person/StructureDefinition/Vitalstatus|2025.0.1"
          ]
        },
        "status": "final",
        "category": [
          {
            "coding": [
              {
                "system": "http://terminology.hl7.org/CodeSystem/observation-category",
                "code": "survey"
              }
            ]
          }
        ],
        "code": {
          "coding": [
            {
              "system": "http://loinc.org",
              "code": "67162-8"
            }
          ]
        },
        "subject": {
          "reference": "Patient/PID-31b7ba654a150dde5ed555af30b5ff095e4a1dca6a8db61c6f03848b"
        },
        "effectiveDateTime": "2024-03-31T23:59:59+02:00",
        "valueCodeableConcept": {
          "coding": [
            {
              "system": "https://www.medizininformatik-initiative.de/fhir/core/modul-person/CodeSystem/Vitalstatus",
              "code": "L"
            }
          ]
        }
      },
      "search": {
        "mode": "match"
      }
    },
    {
      "fullUrl": "http://num-fhirserver.distan.medicsh.de:8080/fhir/Procedure/PR-2198fa4d85c521adc3d478570ae12fd8886a01d4163fc75f4335c91e",
      "resource": {
        "resourceType": "Procedure",
        "id": "PR-2198fa4d85c521adc3d478570ae12fd8886a01d4163fc75f4335c91e",
        "meta": {
          "versionId": "383782540",
          "lastUpdated": "2025-10-08T23:09:33.718Z",
          "profile": [
            "https://www.medizininformatik-initiative.de/fhir/core/modul-prozedur/StructureDefinition/Procedure|2025.0.0"
          ]
        },
        "status": "completed",
        "category": {
          "coding": [
            {
              "system": "http://snomed.info/sct",
              "code": "394841004",
              "display": "Other category"
            }
          ]
        },
        "code": {
          "coding": [
            {
              "system": "http://fhir.de/CodeSystem/bfarm/ops",
              "version": "2022",
              "code": "9-984.a",
              "display": "Pflegebedürftigkeit: Pflegebedürftig nach Pflegegrad 5"
            }
          ]
        },
        "subject": {
          "reference": "Patient/PID-31b7ba654a150dde5ed555af30b5ff095e4a1dca6a8db61c6f03848b"
        },
        "encounter": {
          "reference": "Encounter/PV-492b751a956840b0d3a49fc2514e39d8a6591bd323710c843aa16280"
        },
        "performedDateTime": "2022-02-14T07:21:00+01:00"
      },
      "search": {
        "mode": "match"
      }
    },
    {
      "fullUrl": "http://num-fhirserver.distan.medicsh.de:8080/fhir/Procedure/PR-2fe57d909f932bb78cbe3f6e62016fcc4efc81790a533bd135ffec39",
      "resource": {
        "resourceType": "Procedure",
        "id": "PR-2fe57d909f932bb78cbe3f6e62016fcc4efc81790a533bd135ffec39",
        "meta": {
          "versionId": "383782918",
          "lastUpdated": "2025-10-08T23:09:34.573Z",
          "profile": [
            "https://www.medizininformatik-initiative.de/fhir/core/modul-prozedur/StructureDefinition/Procedure|2025.0.0"
          ]
        },
        "status": "completed",
        "category": {
          "coding": [
            {
              "system": "http://snomed.info/sct",
              "code": "277132007",
              "display": "Therapeutic procedure"
            }
          ]
        },
        "code": {
          "coding": [
            {
              "system": "http://fhir.de/CodeSystem/bfarm/ops",
              "version": "2022",
              "code": "8-810.wc",
              "display": "Transfusion von Plasmabestandteilen und gentechnisch hergestellten Plasmaproteinen: Human-Immunglobulin, polyvalent: 125 g bis unter 145 g"
            }
          ]
        },
        "subject": {
          "reference": "Patient/PID-31b7ba654a150dde5ed555af30b5ff095e4a1dca6a8db61c6f03848b"
        },
        "encounter": {
          "reference": "Encounter/PV-492b751a956840b0d3a49fc2514e39d8a6591bd323710c843aa16280"
        },
        "performedDateTime": "2022-02-18T09:58:00+01:00"
      },
      "search": {
        "mode": "match"
      }
    },
    {
      "fullUrl": "http://num-fhirserver.distan.medicsh.de:8080/fhir/Procedure/PR-300683f094912ed58bb4863e2ab94670a6c8147147519bd7ea87e71d",
      "resource": {
        "resourceType": "Procedure",
        "id": "PR-300683f094912ed58bb4863e2ab94670a6c8147147519bd7ea87e71d",
        "meta": {
          "versionId": "382606212",
          "lastUpdated": "2025-10-08T22:20:30.117Z",
          "profile": [
            "https://www.medizininformatik-initiative.de/fhir/core/modul-prozedur/StructureDefinition/Procedure|2025.0.0"
          ]
        },
        "status": "completed",
        "category": {
          "coding": [
            {
              "system": "http://snomed.info/sct",
              "code": "394841004",
              "display": "Other category"
            }
          ]
        },
        "code": {
          "coding": [
            {
              "system": "http://fhir.de/CodeSystem/bfarm/ops",
              "version": "2022",
              "code": "9-984.a",
              "display": "Pflegebedürftigkeit: Pflegebedürftig nach Pflegegrad 5"
            }
          ]
        },
        "subject": {
          "reference": "Patient/PID-31b7ba654a150dde5ed555af30b5ff095e4a1dca6a8db61c6f03848b"
        },
        "encounter": {
          "reference": "Encounter/PV-3a1e790fdb564908ef45c4ab0d27671d79baec129f51c2c9e19145bd"
        },
        "performedDateTime": "2022-11-23T13:45:00+01:00"
      },
      "search": {
        "mode": "match"
      }
    },
    {
      "fullUrl": "http://num-fhirserver.distan.medicsh.de:8080/fhir/Procedure/PR-34564e236155d98a8b5247e5d6ed4fa717277c6c0b214790b15890e1",
      "resource": {
        "resourceType": "Procedure",
        "id": "PR-34564e236155d98a8b5247e5d6ed4fa717277c6c0b214790b15890e1",
        "meta": {
          "versionId": "383843154",
          "lastUpdated": "2025-10-08T23:12:23.047Z",
          "profile": [
            "https://www.medizininformatik-initiative.de/fhir/core/modul-prozedur/StructureDefinition/Procedure|2025.0.0"
          ]
        },
        "status": "completed",
        "category": {
          "coding": [
            {
              "system": "http://snomed.info/sct",
              "code": "394841004",
              "display": "Other category"
            }
          ]
        },
        "code": {
          "coding": [
            {
              "system": "http://fhir.de/CodeSystem/bfarm/ops",
              "version": "2024",
              "code": "9-984.7",
              "display": "Pflegebedürftigkeit: Pflegebedürftig nach Pflegegrad 2"
            }
          ]
        },
        "subject": {
          "reference": "Patient/PID-31b7ba654a150dde5ed555af30b5ff095e4a1dca6a8db61c6f03848b"
        },
        "encounter": {
          "reference": "Encounter/PV-8c534b579139327699dded1df7b438fd2f410ee3a2d135ccdf46ab26"
        },
        "performedDateTime": "2024-08-21T08:43:00+02:00"
      },
      "search": {
        "mode": "match"
      }
    },
    {
      "fullUrl": "http://num-fhirserver.distan.medicsh.de:8080/fhir/Procedure/PR-a3ceddda2ce9a374c8e8a2a4455cc50de8e059c3e436ab634b63945d",
      "resource": {
        "resourceType": "Procedure",
        "id": "PR-a3ceddda2ce9a374c8e8a2a4455cc50de8e059c3e436ab634b63945d",
        "meta": {
          "versionId": "383783595",
          "lastUpdated": "2025-10-08T23:09:36.158Z",
          "profile": [
            "https://www.medizininformatik-initiative.de/fhir/core/modul-prozedur/StructureDefinition/Procedure|2025.0.0"
          ]
        },
        "status": "completed",
        "category": {
          "coding": [
            {
              "system": "http://snomed.info/sct",
              "code": "277132007",
              "display": "Therapeutic procedure"
            }
          ]
        },
        "code": {
          "coding": [
            {
              "system": "http://fhir.de/CodeSystem/bfarm/ops",
              "version": "2022",
              "code": "8-800.c6",
              "display": "Transfusion von Vollblut, Erythrozytenkonzentrat und Thrombozytenkonzentrat: Erythrozytenkonzentrat: 40 TE bis unter 48 TE"
            }
          ]
        },
        "subject": {
          "reference": "Patient/PID-31b7ba654a150dde5ed555af30b5ff095e4a1dca6a8db61c6f03848b"
        },
        "encounter": {
          "reference": "Encounter/PV-492b751a956840b0d3a49fc2514e39d8a6591bd323710c843aa16280"
        },
        "performedDateTime": "2024-02-28T06:47:00+01:00"
      },
      "search": {
        "mode": "match"
      }
    },
    {
      "fullUrl": "http://num-fhirserver.distan.medicsh.de:8080/fhir/Procedure/PR-e7573bb6094615ef3722c6e652b40f6ef857296795d014366d9dec39",
      "resource": {
        "resourceType": "Procedure",
        "id": "PR-e7573bb6094615ef3722c6e652b40f6ef857296795d014366d9dec39",
        "meta": {
          "versionId": "383511474",
          "lastUpdated": "2025-10-08T22:58:21.209Z",
          "profile": [
            "https://www.medizininformatik-initiative.de/fhir/core/modul-prozedur/StructureDefinition/Procedure|2025.0.0"
          ]
        },
        "status": "completed",
        "category": {
          "coding": [
            {
              "system": "http://snomed.info/sct",
              "code": "394841004",
              "display": "Other category"
            }
          ]
        },
        "code": {
          "coding": [
            {
              "system": "http://fhir.de/CodeSystem/bfarm/ops",
              "version": "2024",
              "code": "9-984.7",
              "display": "Pflegebedürftigkeit: Pflegebedürftig nach Pflegegrad 2"
            }
          ]
        },
        "subject": {
          "reference": "Patient/PID-31b7ba654a150dde5ed555af30b5ff095e4a1dca6a8db61c6f03848b"
        },
        "encounter": {
          "reference": "Encounter/PV-b35252fbfc93ec24d3912ad0d975d4c8bf92a59647834e23b27eed6f"
        },
        "performedDateTime": "2024-02-28T16:02:00+01:00"
      },
      "search": {
        "mode": "match"
      }
    }
  ]
}
