{
  "resourceType": "Bundle",
  "id": "DGTUX5FZQBFXONO6",
  "type": "searchset",
  "total": 3,
  "entry": [
    {
      "fullUrl": "http://num-fhirserver.distan.medicsh.de:8080/fhir/Patient/PID-3230d2edb4beb0d34f5eb0c7449a66a43e96b41b6fb5bc1cd6fca4ee",
      "resource": {
        "resourceType": "Patient",
        "id": "PID-3230d2edb4beb0d34f5eb0c7449a66a43e96b41b6fb5bc1cd6fca4ee",
        "meta": {
          "versionId": "74776005",
          "lastUpdated": "2025-03-13T06:42:13.016Z",
          "profile": [
            "https://www.medizininformatik-initiative.de/fhir/core/modul-person/StructureDefinition/PatientPseudonymisiert|2025.0.1"
          ]
        },
        "identifier": [
          {
            "use": "usual",
            "type": {
              "coding": [
                {
                  "system": "http://terminology.hl7.org/CodeSystem/v3-ObservationValue",
                  "code": "PSEUDED"
                }
              ]
            },
            "system": "https://www.medizininformatik-initiative.de/fhir/sid/pseudonym",
            "value": "3230d2edb4beb0d34f5eb0c7449a66a43e96b41b6fb5bc1cd6fca4ee"
          }
        ],
        "gender": "male",
        "birthDate": "2007-07",
        "deceasedBoolean": true
      },
      "search": {
        "mode": "match"
      }
    },
    {
      "fullUrl": "http://num-fhirserver.distan.medicsh.de:8080/fhir/Encounter/PV-3136c50e50d61ee1e139cac0a84f0e82746f35a432c37182bbf64f4d",
      "resource": {
        "resourceType": "Encounter",
        "id": "PV-3136c50e50d61ee1e139cac0a84f0e82746f35a432c37182bbf64f4d",
        "meta": {
          "versionId": "74776007",
          "lastUpdated": "2025-03-13T06:42:13.019Z",
          "source": "http://medic.uksh.de/source/orbis/legacy",
          "profile": [
            "https://www.medizininformatik-initiative.de/fhir/core/modul-fall/StructureDefinition/KontaktGesundheitseinrichtung|2025.0.0"
          ]
        },
        "identifier": [
          {
            "use": "official",
            "type": {
              "coding": [
                {
                  "system": "http://terminology.hl7.org/CodeSystem/v2-0203",
                  "code": "VN"
                }
              ]
            },
            "system": "http://medic.uksh.de/fhir/Encounter",
            "value": "3136c50e50d61ee1e139cac0a84f0e82746f35a432c37182bbf64f4d"
          }
        ],
        "status": "finished",
        "class": {
          "system": "http://terminology.hl7.org/CodeSystem/v3-ActCode",
          "code": "AMB"
        },
        "type": [
          {
            "coding": [
              {
                "system": "http://fhir.de/CodeSystem/Kontaktebene",
                "code": "einrichtungskontakt"
              }
            ]
          }
        ],
        "subject": {
          "reference": "Patient/PID-3230d2edb4beb0d34f5eb0c7449a66a43e96b41b6fb5bc1cd6fca4ee"
        },
        "period": {
          "start": "2007-07-01T10:13:00+02:00",
          "end": "2007-09-30T23:59:59+02:00"
        }
      },
      "search": {
        "mode": "match"
      }
    },
    {
      "fullUrl": "http://num-fhirserver.distan.medicsh.de:8080/fhir/Observation/VIT-0624e40722c07519a45def81c87ac8a47d4e5f9642251532a2484cee",
      "resource": {
        "resourceType": "Observation",
        "id": "VIT-0624e40722c07519a45def81c87ac8a47d4e5f9642251532a2484cee",
        "meta": {
          "versionId": "74776016",
          "lastUpdated": "2025-03-13T06:42:13.037Z",
          "profile": [
            "https://www.medizininformatik-initiative.de/fhir/core/modul-person/StructureDefinition/Vitalstatus|2025.0.1"
          ]
        },
        "status": "final",
        "category": [
          {
            "coding": [
              {
                "system": "http://terminology.hl7.org/CodeSystem/observation-category",
                "code": "survey"
              }
            ]
          }
        ],
        "code": {
          "coding": [
            {
              "system": "http://loinc.org",
              "code": "67162-8"
            }
          ]
        },
        "subject": {
          "reference": "Patient/PID-3230d2edb4beb0d34f5eb0c7449a66a43e96b41b6fb5bc1cd6fca4ee"
        },
        "effectiveDateTime": "2007-07-01T10:13:00+02:00",
        "valueCodeableConcept": {
          "coding": [
            {
              "system": "https://www.medizininformatik-initiative.de/fhir/core/modul-person/CodeSystem/Vitalstatus",
              "code": "L"
            }
          ]
        }
      },
      "search": {
        "mode": "match"
      }
    }
  ]
}
