{
  "resourceType": "Bundle",
  "id": "DGTUX6EF3A5IWMKI",
  "type": "searchset",
  "total": 14,
  "entry": [
    {
      "fullUrl": "http://num-fhirserver.distan.medicsh.de:8080/fhir/Patient/PID-338ba37417df13a1c01de81930fb1dfe6f10dab2bf707b042c662bdb",
      "resource": {
        "resourceType": "Patient",
        "id": "PID-338ba37417df13a1c01de81930fb1dfe6f10dab2bf707b042c662bdb",
        "meta": {
          "versionId": "239952172",
          "lastUpdated": "2025-03-20T15:38:27.219Z",
          "profile": [
            "https://www.medizininformatik-initiative.de/fhir/core/modul-person/StructureDefinition/PatientPseudonymisiert|2025.0.1"
          ]
        },
        "identifier": [
          {
            "use": "usual",
            "type": {
              "coding": [
                {
                  "system": "http://terminology.hl7.org/CodeSystem/v3-ObservationValue",
                  "code": "PSEUDED"
                }
              ]
            },
            "system": "https://www.medizininformatik-initiative.de/fhir/sid/pseudonym",
            "value": "338ba37417df13a1c01de81930fb1dfe6f10dab2bf707b042c662bdb"
          }
        ],
        "gender": "male",
        "birthDate": "1979-01",
        "deceasedBoolean": true
      },
      "search": {
        "mode": "match"
      }
    },
    {
      "fullUrl": "http://num-fhirserver.distan.medicsh.de:8080/fhir/Consent/IC-ea657beae553f5166ac2b9e5bd28e69df62d82b49ebc755148dccf3f",
      "resource": {
        "resourceType": "Consent",
        "id": "IC-ea657beae553f5166ac2b9e5bd28e69df62d82b49ebc755148dccf3f",
        "meta": {
          "versionId": "203913",
          "lastUpdated": "2025-03-10T15:29:18.525Z",
          "profile": [
            "https://www.medizininformatik-initiative.de/fhir/modul-consent/StructureDefinition/mii-pr-consent-einwilligung|2025.0.1"
          ]
        },
        "status": "active",
        "scope": {
          "coding": [
            {
              "system": "http://terminology.hl7.org/CodeSystem/consentscope",
              "code": "research"
            }
          ]
        },
        "category": [
          {
            "coding": [
              {
                "system": "http://loinc.org",
                "code": "57016-8"
              }
            ]
          },
          {
            "coding": [
              {
                "system": "https://www.medizininformatik-initiative.de/fhir/modul-consent/CodeSystem/mii-cs-consent-consent_category",
                "code": "2.16.840.1.113883.3.1937.777.24.2.184"
              }
            ]
          }
        ],
        "patient": {
          "reference": "Patient/PID-338ba37417df13a1c01de81930fb1dfe6f10dab2bf707b042c662bdb"
        },
        "dateTime": "2023-06-19",
        "policy": [
          {
            "uri": "2.16.840.1.113883.3.1937.777.24.2.1791"
          }
        ],
        "provision": {
          "type": "deny",
          "period": {
            "start": "2023-06-19",
            "end": "3023-06-19"
          },
          "provision": [
            {
              "type": "permit",
              "period": {
                "start": "2023-06-19",
                "end": "3023-06-19"
              },
              "code": [
                {
                  "coding": [
                    {
                      "system": "urn:oid:2.16.840.1.113883.3.1937.777.24.5.3",
                      "code": "2.16.840.1.113883.3.1937.777.24.5.3.2",
                      "display": "IDAT erheben"
                    }
                  ]
                },
                {
                  "coding": [
                    {
                      "system": "urn:oid:2.16.840.1.113883.3.1937.777.24.5.3",
                      "code": "2.16.840.1.113883.3.1937.777.24.5.3.3",
                      "display": "IDAT speichern, verarbeiten"
                    }
                  ]
                },
                {
                  "coding": [
                    {
                      "system": "urn:oid:2.16.840.1.113883.3.1937.777.24.5.3",
                      "code": "2.16.840.1.113883.3.1937.777.24.5.3.4",
                      "display": "IDAT zusammenfuehren Dritte"
                    }
                  ]
                },
                {
                  "coding": [
                    {
                      "system": "urn:oid:2.16.840.1.113883.3.1937.777.24.5.3",
                      "code": "2.16.840.1.113883.3.1937.777.24.5.3.5",
                      "display": "IDAT bereitstellen EU DSGVO NIVEAU"
                    }
                  ]
                },
                {
                  "coding": [
                    {
                      "system": "urn:oid:2.16.840.1.113883.3.1937.777.24.5.3",
                      "code": "2.16.840.1.113883.3.1937.777.24.5.3.6",
                      "display": "MDAT erheben"
                    }
                  ]
                },
                {
                  "coding": [
                    {
                      "system": "urn:oid:2.16.840.1.113883.3.1937.777.24.5.3",
                      "code": "2.16.840.1.113883.3.1937.777.24.5.3.7",
                      "display": "MDAT speichern, verarbeiten"
                    }
                  ]
                },
                {
                  "coding": [
                    {
                      "system": "urn:oid:2.16.840.1.113883.3.1937.777.24.5.3",
                      "code": "2.16.840.1.113883.3.1937.777.24.5.3.8",
                      "display": "MDAT wissenschaftlich nutzen EU DSGVO NIVEAU"
                    }
                  ]
                },
                {
                  "coding": [
                    {
                      "system": "urn:oid:2.16.840.1.113883.3.1937.777.24.5.3",
                      "code": "2.16.840.1.113883.3.1937.777.24.5.3.9",
                      "display": "MDAT zusammenfuehren Dritte"
                    }
                  ]
                },
                {
                  "coding": [
                    {
                      "system": "urn:oid:2.16.840.1.113883.3.1937.777.24.5.3",
                      "code": "2.16.840.1.113883.3.1937.777.24.5.3.45",
                      "display": "MDAT retrospektiv speichern verarbeiten"
                    }
                  ]
                },
                {
                  "coding": [
                    {
                      "system": "urn:oid:2.16.840.1.113883.3.1937.777.24.5.3",
                      "code": "2.16.840.1.113883.3.1937.777.24.5.3.46",
                      "display": "MDAT retrospektiv wissenschaftlich nutzen EU DSGVO NIVEAU"
                    }
                  ]
                },
                {
                  "coding": [
                    {
                      "system": "urn:oid:2.16.840.1.113883.3.1937.777.24.5.3",
                      "code": "2.16.840.1.113883.3.1937.777.24.5.3.47",
                      "display": "MDAT retrospektiv zusammenfuehren Dritte"
                    }
                  ]
                },
                {
                  "coding": [
                    {
                      "system": "urn:oid:2.16.840.1.113883.3.1937.777.24.5.3",
                      "code": "2.16.840.1.113883.3.1937.777.24.5.3.19",
                      "display": "BIOMAT erheben"
                    }
                  ]
                },
                {
                  "coding": [
                    {
                      "system": "urn:oid:2.16.840.1.113883.3.1937.777.24.5.3",
                      "code": "2.16.840.1.113883.3.1937.777.24.5.3.20",
                      "display": "BIOMAT lagern verarbeiten"
                    }
                  ]
                },
                {
                  "coding": [
                    {
                      "system": "urn:oid:2.16.840.1.113883.3.1937.777.24.5.3",
                      "code": "2.16.840.1.113883.3.1937.777.24.5.3.21",
                      "display": "BIOMAT Eigentum übertragen"
                    }
                  ]
                },
                {
                  "coding": [
                    {
                      "system": "urn:oid:2.16.840.1.113883.3.1937.777.24.5.3",
                      "code": "2.16.840.1.113883.3.1937.777.24.5.3.22",
                      "display": "BIOMAT wissenschaftlich nutzen EU DSGVO NIVEAU"
                    }
                  ]
                },
                {
                  "coding": [
                    {
                      "system": "urn:oid:2.16.840.1.113883.3.1937.777.24.5.3",
                      "code": "2.16.840.1.113883.3.1937.777.24.5.3.23",
                      "display": "BIOMAT Analysedaten zusammenfuehren Dritte"
                    }
                  ]
                },
                {
                  "coding": [
                    {
                      "system": "urn:oid:2.16.840.1.113883.3.1937.777.24.5.3",
                      "code": "2.16.840.1.113883.3.1937.777.24.5.3.51",
                      "display": "BIOMAT retrospektiv lagern verarbeiten"
                    }
                  ]
                },
                {
                  "coding": [
                    {
                      "system": "urn:oid:2.16.840.1.113883.3.1937.777.24.5.3",
                      "code": "2.16.840.1.113883.3.1937.777.24.5.3.52",
                      "display": "BIOMAT retrospektiv wissenschaftlich nutzen EU DSGVO NIVEAU"
                    }
                  ]
                },
                {
                  "coding": [
                    {
                      "system": "urn:oid:2.16.840.1.113883.3.1937.777.24.5.3",
                      "code": "2.16.840.1.113883.3.1937.777.24.5.3.53",
                      "display": "BIOMAT retrospektiv Analysedaten zusammenfuehren Dritte"
                    }
                  ]
                },
                {
                  "coding": [
                    {
                      "system": "urn:oid:2.16.840.1.113883.3.1937.777.24.5.3",
                      "code": "2.16.840.1.113883.3.1937.777.24.5.3.37",
                      "display": "Rekontaktierung Ergebnisse erheblicher Bedeutung"
                    }
                  ]
                },
                {
                  "coding": [
                    {
                      "system": "urn:oid:2.16.840.1.113883.3.1937.777.24.5.3",
                      "code": "2.16.840.1.113883.3.1937.777.24.5.3.31",
                      "display": "Rekontaktierung Zusatzbefund"
                    }
                  ]
                },
                {
                  "coding": [
                    {
                      "system": "urn:oid:2.16.840.1.113883.3.1937.777.24.5.3",
                      "code": "2.16.840.1.113883.3.1937.777.24.5.3.28",
                      "display": "Rekontaktierung weitere Erhebung"
                    }
                  ]
                },
                {
                  "coding": [
                    {
                      "system": "urn:oid:2.16.840.1.113883.3.1937.777.24.5.3",
                      "code": "2.16.840.1.113883.3.1937.777.24.5.3.29",
                      "display": "Rekontaktierung weitere Studien"
                    }
                  ]
                }
              ]
            }
          ]
        }
      },
      "search": {
        "mode": "match"
      }
    },
    {
      "fullUrl": "http://num-fhirserver.distan.medicsh.de:8080/fhir/Encounter/PV-1bbc95d0fbf8082f5eb65c08103dcef6291b0dafb887fbcce899e08f",
      "resource": {
        "resourceType": "Encounter",
        "id": "PV-1bbc95d0fbf8082f5eb65c08103dcef6291b0dafb887fbcce899e08f",
        "meta": {
          "versionId": "239952173",
          "lastUpdated": "2025-03-20T15:38:27.230Z",
          "source": "http://medic.uksh.de/source/orbis/adt",
          "profile": [
            "https://www.medizininformatik-initiative.de/fhir/core/modul-fall/StructureDefinition/KontaktGesundheitseinrichtung|2025.0.0"
          ]
        },
        "identifier": [
          {
            "use": "official",
            "type": {
              "coding": [
                {
                  "system": "http://terminology.hl7.org/CodeSystem/v2-0203",
                  "code": "VN"
                }
              ]
            },
            "system": "http://medic.uksh.de/fhir/Encounter",
            "value": "1bbc95d0fbf8082f5eb65c08103dcef6291b0dafb887fbcce899e08f"
          }
        ],
        "status": "finished",
        "class": {
          "system": "http://terminology.hl7.org/CodeSystem/v3-ActCode",
          "code": "AMB"
        },
        "type": [
          {
            "coding": [
              {
                "system": "http://fhir.de/CodeSystem/Kontaktebene",
                "code": "einrichtungskontakt"
              }
            ]
          }
        ],
        "subject": {
          "reference": "Patient/PID-338ba37417df13a1c01de81930fb1dfe6f10dab2bf707b042c662bdb"
        },
        "period": {
          "start": "2023-06-08T13:26:00+02:00",
          "end": "2023-06-30T23:59:59+02:00"
        }
      },
      "search": {
        "mode": "match"
      }
    },
    {
      "fullUrl": "http://num-fhirserver.distan.medicsh.de:8080/fhir/Encounter/PV-4be9fd3c2f0c23d2ada5d9123a1a32dfc506f058d61681e01a7b906e",
      "resource": {
        "resourceType": "Encounter",
        "id": "PV-4be9fd3c2f0c23d2ada5d9123a1a32dfc506f058d61681e01a7b906e",
        "meta": {
          "versionId": "245670139",
          "lastUpdated": "2025-03-22T07:20:22.567Z",
          "source": "http://medic.uksh.de/source/orbis/adt",
          "profile": [
            "https://www.medizininformatik-initiative.de/fhir/core/modul-fall/StructureDefinition/KontaktGesundheitseinrichtung|2025.0.0"
          ]
        },
        "identifier": [
          {
            "use": "official",
            "type": {
              "coding": [
                {
                  "system": "http://terminology.hl7.org/CodeSystem/v2-0203",
                  "code": "VN"
                }
              ]
            },
            "system": "http://medic.uksh.de/fhir/Encounter",
            "value": "4be9fd3c2f0c23d2ada5d9123a1a32dfc506f058d61681e01a7b906e"
          }
        ],
        "status": "finished",
        "class": {
          "system": "http://terminology.hl7.org/CodeSystem/v3-ActCode",
          "code": "IMP"
        },
        "type": [
          {
            "coding": [
              {
                "system": "http://fhir.de/CodeSystem/Kontaktebene",
                "code": "einrichtungskontakt"
              }
            ]
          }
        ],
        "subject": {
          "reference": "Patient/PID-338ba37417df13a1c01de81930fb1dfe6f10dab2bf707b042c662bdb"
        },
        "period": {
          "start": "2025-01-13T12:04:00+01:00",
          "end": "2025-01-15T10:44:00+01:00"
        }
      },
      "search": {
        "mode": "match"
      }
    },
    {
      "fullUrl": "http://num-fhirserver.distan.medicsh.de:8080/fhir/Encounter/PV-AK-50540a675ce8416201f01ba5b9cf51eb5e24cb8638e0c430dcdbd41f",
      "resource": {
        "resourceType": "Encounter",
        "id": "PV-AK-50540a675ce8416201f01ba5b9cf51eb5e24cb8638e0c430dcdbd41f",
        "meta": {
          "versionId": "245670143",
          "lastUpdated": "2025-03-22T07:20:22.643Z",
          "source": "http://medic.uksh.de/source/orbis/adt",
          "profile": [
            "https://www.medizininformatik-initiative.de/fhir/core/modul-fall/StructureDefinition/KontaktGesundheitseinrichtung|2025.0.0"
          ]
        },
        "identifier": [
          {
            "use": "official",
            "type": {
              "coding": [
                {
                  "system": "http://terminology.hl7.org/CodeSystem/v2-0203",
                  "code": "VN"
                }
              ]
            },
            "system": "http://medic.uksh.de/fhir/Encounter",
            "value": "4be9fd3c2f0c23d2ada5d9123a1a32dfc506f058d61681e01a7b906e"
          },
          {
            "use": "secondary",
            "type": {
              "coding": [
                {
                  "system": "http://terminology.hl7.org/CodeSystem/v2-0203",
                  "code": "U"
                }
              ]
            },
            "system": "http://medic.uksh.de.de/fhir/Encounter/department",
            "value": "KNEPH.2025-01-13T12:04:00"
          }
        ],
        "status": "finished",
        "class": {
          "system": "http://terminology.hl7.org/CodeSystem/v3-ActCode",
          "code": "IMP"
        },
        "type": [
          {
            "coding": [
              {
                "system": "http://fhir.de/CodeSystem/Kontaktebene",
                "code": "abteilungskontakt"
              }
            ]
          }
        ],
        "subject": {
          "reference": "Patient/PID-338ba37417df13a1c01de81930fb1dfe6f10dab2bf707b042c662bdb"
        },
        "period": {
          "start": "2025-01-13T12:04:00+01:00",
          "end": "2025-01-15T10:44:00+01:00"
        },
        "location": [
          {
            "location": {
              "reference": "Location/KNEPH-KC312"
            },
            "status": "completed",
            "physicalType": {
              "coding": [
                {
                  "system": "http://terminology.hl7.org/CodeSystem/location-physical-type",
                  "code": "wa"
                }
              ]
            },
            "period": {
              "start": "2025-01-13T12:04:00+01:00",
              "end": "2025-01-15T10:44:00+01:00"
            }
          }
        ],
        "partOf": {
          "reference": "Encounter/PV-4be9fd3c2f0c23d2ada5d9123a1a32dfc506f058d61681e01a7b906e"
        }
      },
      "search": {
        "mode": "match"
      }
    },
    {
      "fullUrl": "http://num-fhirserver.distan.medicsh.de:8080/fhir/Location/KNEPH-KC312",
      "resource": {
        "resourceType": "Location",
        "id": "KNEPH-KC312",
        "meta": {
          "versionId": "37302815",
          "lastUpdated": "2025-03-11T15:43:54.088Z"
        },
        "name": "KI - Station C.312",
        "type": [
          {
            "coding": [
              {
                "system": "http://terminology.hl7.org/CodeSystem/v3-RoleCode",
                "code": "HOSP"
              }
            ]
          }
        ],
        "physicalType": {
          "coding": [
            {
              "system": "http://terminology.hl7.org/CodeSystem/location-physical-type",
              "code": "wa",
              "display": "Ward"
            }
          ]
        },
        "partOf": {
          "reference": "Location/KNEPH"
        }
      },
      "search": {
        "mode": "match"
      }
    },
    {
      "fullUrl": "http://num-fhirserver.distan.medicsh.de:8080/fhir/Encounter/PV-VK-3dd6741d5d2c0014312ab8ed656c1719065957aa9e7dd9b59eaaab51",
      "resource": {
        "resourceType": "Encounter",
        "id": "PV-VK-3dd6741d5d2c0014312ab8ed656c1719065957aa9e7dd9b59eaaab51",
        "meta": {
          "versionId": "245670142",
          "lastUpdated": "2025-03-22T07:20:22.622Z",
          "source": "http://medic.uksh.de/source/orbis/adt",
          "profile": [
            "https://www.medizininformatik-initiative.de/fhir/core/modul-fall/StructureDefinition/KontaktGesundheitseinrichtung|2025.0.0"
          ]
        },
        "identifier": [
          {
            "use": "official",
            "type": {
              "coding": [
                {
                  "system": "http://terminology.hl7.org/CodeSystem/v2-0203",
                  "code": "VN"
                }
              ]
            },
            "system": "http://medic.uksh.de/fhir/Encounter",
            "value": "4be9fd3c2f0c23d2ada5d9123a1a32dfc506f058d61681e01a7b906e"
          },
          {
            "use": "secondary",
            "type": {
              "coding": [
                {
                  "system": "http://terminology.hl7.org/CodeSystem/v2-0203",
                  "code": "U"
                }
              ]
            },
            "system": "http://medic.uksh.de.de/fhir/Encounter/department",
            "value": "KNEPH.KC312.2025-01-13T12:04:00"
          }
        ],
        "status": "finished",
        "class": {
          "system": "http://terminology.hl7.org/CodeSystem/v3-ActCode",
          "code": "IMP"
        },
        "type": [
          {
            "coding": [
              {
                "system": "http://fhir.de/CodeSystem/Kontaktebene",
                "code": "versorgungsstellenkontakt"
              }
            ]
          }
        ],
        "subject": {
          "reference": "Patient/PID-338ba37417df13a1c01de81930fb1dfe6f10dab2bf707b042c662bdb"
        },
        "period": {
          "start": "2025-01-13T12:04:00+01:00",
          "end": "2025-01-15T10:44:00+01:00"
        },
        "location": [
          {
            "location": {
              "reference": "Location/KNEPH-KC312"
            },
            "status": "completed",
            "physicalType": {
              "coding": [
                {
                  "system": "http://terminology.hl7.org/CodeSystem/location-physical-type",
                  "code": "wa"
                }
              ]
            },
            "period": {
              "start": "2025-01-13T12:04:00+01:00",
              "end": "2025-01-15T10:44:00+01:00"
            }
          }
        ],
        "partOf": {
          "reference": "Encounter/PV-AK-50540a675ce8416201f01ba5b9cf51eb5e24cb8638e0c430dcdbd41f"
        }
      },
      "search": {
        "mode": "match"
      }
    },
    {
      "fullUrl": "http://num-fhirserver.distan.medicsh.de:8080/fhir/Encounter/PV-ff8d8a74b76be63852c6acc246287da21b6a19cb5dfdfb3ddf0114e7",
      "resource": {
        "resourceType": "Encounter",
        "id": "PV-ff8d8a74b76be63852c6acc246287da21b6a19cb5dfdfb3ddf0114e7",
        "meta": {
          "versionId": "243535955",
          "lastUpdated": "2025-03-21T17:44:32.623Z",
          "source": "http://medic.uksh.de/source/orbis/adt",
          "profile": [
            "https://www.medizininformatik-initiative.de/fhir/core/modul-fall/StructureDefinition/KontaktGesundheitseinrichtung|2025.0.0"
          ]
        },
        "identifier": [
          {
            "use": "official",
            "type": {
              "coding": [
                {
                  "system": "http://terminology.hl7.org/CodeSystem/v2-0203",
                  "code": "VN"
                }
              ]
            },
            "system": "http://medic.uksh.de/fhir/Encounter",
            "value": "ff8d8a74b76be63852c6acc246287da21b6a19cb5dfdfb3ddf0114e7"
          }
        ],
        "status": "finished",
        "class": {
          "system": "http://terminology.hl7.org/CodeSystem/v3-ActCode",
          "code": "AMB"
        },
        "type": [
          {
            "coding": [
              {
                "system": "http://fhir.de/CodeSystem/Kontaktebene",
                "code": "einrichtungskontakt"
              }
            ]
          }
        ],
        "subject": {
          "reference": "Patient/PID-338ba37417df13a1c01de81930fb1dfe6f10dab2bf707b042c662bdb"
        },
        "period": {
          "start": "2024-05-21T10:54:00+02:00",
          "end": "2024-06-30T23:59:59+02:00"
        }
      },
      "search": {
        "mode": "match"
      }
    },
    {
      "fullUrl": "http://num-fhirserver.distan.medicsh.de:8080/fhir/Observation/VIT-1417925c2b059ba5313d8afe75f0c8c87873a1267f6adacaf83c1f40",
      "resource": {
        "resourceType": "Observation",
        "id": "VIT-1417925c2b059ba5313d8afe75f0c8c87873a1267f6adacaf83c1f40",
        "meta": {
          "versionId": "239952174",
          "lastUpdated": "2025-03-20T15:38:27.248Z",
          "profile": [
            "https://www.medizininformatik-initiative.de/fhir/core/modul-person/StructureDefinition/Vitalstatus|2025.0.1"
          ]
        },
        "status": "final",
        "category": [
          {
            "coding": [
              {
                "system": "http://terminology.hl7.org/CodeSystem/observation-category",
                "code": "survey"
              }
            ]
          }
        ],
        "code": {
          "coding": [
            {
              "system": "http://loinc.org",
              "code": "67162-8"
            }
          ]
        },
        "subject": {
          "reference": "Patient/PID-338ba37417df13a1c01de81930fb1dfe6f10dab2bf707b042c662bdb"
        },
        "effectiveDateTime": "2023-06-08T13:26:00+02:00",
        "valueCodeableConcept": {
          "coding": [
            {
              "system": "https://www.medizininformatik-initiative.de/fhir/core/modul-person/CodeSystem/Vitalstatus",
              "code": "L"
            }
          ]
        }
      },
      "search": {
        "mode": "match"
      }
    },
    {
      "fullUrl": "http://num-fhirserver.distan.medicsh.de:8080/fhir/Observation/VIT-465b2494225a54c3774234ea3d7662208249c615d295f2c7bbc6a498",
      "resource": {
        "resourceType": "Observation",
        "id": "VIT-465b2494225a54c3774234ea3d7662208249c615d295f2c7bbc6a498",
        "meta": {
          "versionId": "245646436",
          "lastUpdated": "2025-03-22T07:08:15.827Z",
          "profile": [
            "https://www.medizininformatik-initiative.de/fhir/core/modul-person/StructureDefinition/Vitalstatus|2025.0.1"
          ]
        },
        "status": "final",
        "category": [
          {
            "coding": [
              {
                "system": "http://terminology.hl7.org/CodeSystem/observation-category",
                "code": "survey"
              }
            ]
          }
        ],
        "code": {
          "coding": [
            {
              "system": "http://loinc.org",
              "code": "67162-8"
            }
          ]
        },
        "subject": {
          "reference": "Patient/PID-338ba37417df13a1c01de81930fb1dfe6f10dab2bf707b042c662bdb"
        },
        "effectiveDateTime": "2025-01-13T12:04:00+01:00",
        "valueCodeableConcept": {
          "coding": [
            {
              "system": "https://www.medizininformatik-initiative.de/fhir/core/modul-person/CodeSystem/Vitalstatus",
              "code": "L"
            }
          ]
        }
      },
      "search": {
        "mode": "match"
      }
    },
    {
      "fullUrl": "http://num-fhirserver.distan.medicsh.de:8080/fhir/Observation/VIT-4ec508692743f7c9b75eff10bda7b0d1d25a1bb7dcb8c20fb4d3ad2b",
      "resource": {
        "resourceType": "Observation",
        "id": "VIT-4ec508692743f7c9b75eff10bda7b0d1d25a1bb7dcb8c20fb4d3ad2b",
        "meta": {
          "versionId": "243535957",
          "lastUpdated": "2025-03-21T17:44:32.663Z",
          "profile": [
            "https://www.medizininformatik-initiative.de/fhir/core/modul-person/StructureDefinition/Vitalstatus|2025.0.1"
          ]
        },
        "status": "final",
        "category": [
          {
            "coding": [
              {
                "system": "http://terminology.hl7.org/CodeSystem/observation-category",
                "code": "survey"
              }
            ]
          }
        ],
        "code": {
          "coding": [
            {
              "system": "http://loinc.org",
              "code": "67162-8"
            }
          ]
        },
        "subject": {
          "reference": "Patient/PID-338ba37417df13a1c01de81930fb1dfe6f10dab2bf707b042c662bdb"
        },
        "effectiveDateTime": "2024-06-30T23:59:59+02:00",
        "valueCodeableConcept": {
          "coding": [
            {
              "system": "https://www.medizininformatik-initiative.de/fhir/core/modul-person/CodeSystem/Vitalstatus",
              "code": "L"
            }
          ]
        }
      },
      "search": {
        "mode": "match"
      }
    },
    {
      "fullUrl": "http://num-fhirserver.distan.medicsh.de:8080/fhir/Observation/VIT-58bbcdb6bb238b6529eba63dc644a743698193445fd44654b8fdd252",
      "resource": {
        "resourceType": "Observation",
        "id": "VIT-58bbcdb6bb238b6529eba63dc644a743698193445fd44654b8fdd252",
        "meta": {
          "versionId": "245670141",
          "lastUpdated": "2025-03-22T07:20:22.602Z",
          "profile": [
            "https://www.medizininformatik-initiative.de/fhir/core/modul-person/StructureDefinition/Vitalstatus|2025.0.1"
          ]
        },
        "status": "final",
        "category": [
          {
            "coding": [
              {
                "system": "http://terminology.hl7.org/CodeSystem/observation-category",
                "code": "survey"
              }
            ]
          }
        ],
        "code": {
          "coding": [
            {
              "system": "http://loinc.org",
              "code": "67162-8"
            }
          ]
        },
        "subject": {
          "reference": "Patient/PID-338ba37417df13a1c01de81930fb1dfe6f10dab2bf707b042c662bdb"
        },
        "effectiveDateTime": "2025-01-15T10:44:00+01:00",
        "valueCodeableConcept": {
          "coding": [
            {
              "system": "https://www.medizininformatik-initiative.de/fhir/core/modul-person/CodeSystem/Vitalstatus",
              "code": "L"
            }
          ]
        }
      },
      "search": {
        "mode": "match"
      }
    },
    {
      "fullUrl": "http://num-fhirserver.distan.medicsh.de:8080/fhir/Observation/VIT-c04c25651988624857971251911e177e95f121915fe9709338c8b1f5",
      "resource": {
        "resourceType": "Observation",
        "id": "VIT-c04c25651988624857971251911e177e95f121915fe9709338c8b1f5",
        "meta": {
          "versionId": "243535956",
          "lastUpdated": "2025-03-21T17:44:32.640Z",
          "profile": [
            "https://www.medizininformatik-initiative.de/fhir/core/modul-person/StructureDefinition/Vitalstatus|2025.0.1"
          ]
        },
        "status": "final",
        "category": [
          {
            "coding": [
              {
                "system": "http://terminology.hl7.org/CodeSystem/observation-category",
                "code": "survey"
              }
            ]
          }
        ],
        "code": {
          "coding": [
            {
              "system": "http://loinc.org",
              "code": "67162-8"
            }
          ]
        },
        "subject": {
          "reference": "Patient/PID-338ba37417df13a1c01de81930fb1dfe6f10dab2bf707b042c662bdb"
        },
        "effectiveDateTime": "2024-05-21T10:54:00+02:00",
        "valueCodeableConcept": {
          "coding": [
            {
              "system": "https://www.medizininformatik-initiative.de/fhir/core/modul-person/CodeSystem/Vitalstatus",
              "code": "L"
            }
          ]
        }
      },
      "search": {
        "mode": "match"
      }
    },
    {
      "fullUrl": "http://num-fhirserver.distan.medicsh.de:8080/fhir/Observation/VIT-cc7d05f7b96921694228073c1f2f60a5347d7602f5d99bcdcb1cbd53",
      "resource": {
        "resourceType": "Observation",
        "id": "VIT-cc7d05f7b96921694228073c1f2f60a5347d7602f5d99bcdcb1cbd53",
        "meta": {
          "versionId": "239952175",
          "lastUpdated": "2025-03-20T15:38:27.267Z",
          "profile": [
            "https://www.medizininformatik-initiative.de/fhir/core/modul-person/StructureDefinition/Vitalstatus|2025.0.1"
          ]
        },
        "status": "final",
        "category": [
          {
            "coding": [
              {
                "system": "http://terminology.hl7.org/CodeSystem/observation-category",
                "code": "survey"
              }
            ]
          }
        ],
        "code": {
          "coding": [
            {
              "system": "http://loinc.org",
              "code": "67162-8"
            }
          ]
        },
        "subject": {
          "reference": "Patient/PID-338ba37417df13a1c01de81930fb1dfe6f10dab2bf707b042c662bdb"
        },
        "effectiveDateTime": "2023-06-30T23:59:59+02:00",
        "valueCodeableConcept": {
          "coding": [
            {
              "system": "https://www.medizininformatik-initiative.de/fhir/core/modul-person/CodeSystem/Vitalstatus",
              "code": "L"
            }
          ]
        }
      },
      "search": {
        "mode": "match"
      }
    }
  ]
}
