{
  "resourceType": "Bundle",
  "id": "DGTUX4HMKYE34JR7",
  "type": "searchset",
  "total": 3,
  "entry": [
    {
      "fullUrl": "http://num-fhirserver.distan.medicsh.de:8080/fhir/Patient/PID-34318ff54ee0e20aefe197d571f89189d2a6e2d0c02386c66a6e9a04",
      "resource": {
        "resourceType": "Patient",
        "id": "PID-34318ff54ee0e20aefe197d571f89189d2a6e2d0c02386c66a6e9a04",
        "meta": {
          "versionId": "185572969",
          "lastUpdated": "2025-03-17T21:21:43.322Z",
          "profile": [
            "https://www.medizininformatik-initiative.de/fhir/core/modul-person/StructureDefinition/PatientPseudonymisiert|2025.0.1"
          ]
        },
        "identifier": [
          {
            "use": "usual",
            "type": {
              "coding": [
                {
                  "system": "http://terminology.hl7.org/CodeSystem/v3-ObservationValue",
                  "code": "PSEUDED"
                }
              ]
            },
            "system": "https://www.medizininformatik-initiative.de/fhir/sid/pseudonym",
            "value": "34318ff54ee0e20aefe197d571f89189d2a6e2d0c02386c66a6e9a04"
          }
        ],
        "birthDate": "1964-01",
        "deceasedBoolean": true
      },
      "search": {
        "mode": "match"
      }
    },
    {
      "fullUrl": "http://num-fhirserver.distan.medicsh.de:8080/fhir/Encounter/PV-522c57225525aa21d82ed67ba64b67ff0ff6367a041751b9d530cf1e",
      "resource": {
        "resourceType": "Encounter",
        "id": "PV-522c57225525aa21d82ed67ba64b67ff0ff6367a041751b9d530cf1e",
        "meta": {
          "versionId": "185572948",
          "lastUpdated": "2025-03-17T21:21:43.268Z",
          "source": "http://medic.uksh.de/source/orbis/legacy",
          "profile": [
            "https://www.medizininformatik-initiative.de/fhir/core/modul-fall/StructureDefinition/KontaktGesundheitseinrichtung|2025.0.0"
          ]
        },
        "identifier": [
          {
            "use": "official",
            "type": {
              "coding": [
                {
                  "system": "http://terminology.hl7.org/CodeSystem/v2-0203",
                  "code": "VN"
                }
              ]
            },
            "system": "http://medic.uksh.de/fhir/Encounter",
            "value": "522c57225525aa21d82ed67ba64b67ff0ff6367a041751b9d530cf1e"
          }
        ],
        "status": "finished",
        "class": {
          "system": "http://terminology.hl7.org/CodeSystem/v3-ActCode",
          "code": "AMB"
        },
        "type": [
          {
            "coding": [
              {
                "system": "http://fhir.de/CodeSystem/Kontaktebene",
                "code": "einrichtungskontakt"
              }
            ]
          }
        ],
        "subject": {
          "reference": "Patient/PID-34318ff54ee0e20aefe197d571f89189d2a6e2d0c02386c66a6e9a04"
        },
        "period": {
          "start": "2021-08-11T09:19:00+02:00",
          "end": "2021-09-30T23:59:59+02:00"
        }
      },
      "search": {
        "mode": "match"
      }
    },
    {
      "fullUrl": "http://num-fhirserver.distan.medicsh.de:8080/fhir/Observation/VIT-97387c10e97ea1358446de023cccde303b4c5210abbd7076d852f399",
      "resource": {
        "resourceType": "Observation",
        "id": "VIT-97387c10e97ea1358446de023cccde303b4c5210abbd7076d852f399",
        "meta": {
          "versionId": "185572957",
          "lastUpdated": "2025-03-17T21:21:43.288Z",
          "profile": [
            "https://www.medizininformatik-initiative.de/fhir/core/modul-person/StructureDefinition/Vitalstatus|2025.0.1"
          ]
        },
        "status": "final",
        "category": [
          {
            "coding": [
              {
                "system": "http://terminology.hl7.org/CodeSystem/observation-category",
                "code": "survey"
              }
            ]
          }
        ],
        "code": {
          "coding": [
            {
              "system": "http://loinc.org",
              "code": "67162-8"
            }
          ]
        },
        "subject": {
          "reference": "Patient/PID-34318ff54ee0e20aefe197d571f89189d2a6e2d0c02386c66a6e9a04"
        },
        "effectiveDateTime": "2021-08-11T09:19:00+02:00",
        "valueCodeableConcept": {
          "coding": [
            {
              "system": "https://www.medizininformatik-initiative.de/fhir/core/modul-person/CodeSystem/Vitalstatus",
              "code": "L"
            }
          ]
        }
      },
      "search": {
        "mode": "match"
      }
    }
  ]
}
