{
  "resourceType": "Bundle",
  "id": "DGTUX5M3B5OWGTFI",
  "type": "searchset",
  "total": 3,
  "entry": [
    {
      "fullUrl": "http://num-fhirserver.distan.medicsh.de:8080/fhir/Patient/PID-3585e11e3f9ee528f73d21d0c6e412b263e6bf0026c38aed0c00ffab",
      "resource": {
        "resourceType": "Patient",
        "id": "PID-3585e11e3f9ee528f73d21d0c6e412b263e6bf0026c38aed0c00ffab",
        "meta": {
          "versionId": "184747548",
          "lastUpdated": "2025-03-17T20:46:49.294Z",
          "profile": [
            "https://www.medizininformatik-initiative.de/fhir/core/modul-person/StructureDefinition/PatientPseudonymisiert|2025.0.1"
          ]
        },
        "identifier": [
          {
            "use": "usual",
            "type": {
              "coding": [
                {
                  "system": "http://terminology.hl7.org/CodeSystem/v3-ObservationValue",
                  "code": "PSEUDED"
                }
              ]
            },
            "system": "https://www.medizininformatik-initiative.de/fhir/sid/pseudonym",
            "value": "3585e11e3f9ee528f73d21d0c6e412b263e6bf0026c38aed0c00ffab"
          }
        ],
        "gender": "male",
        "birthDate": "2006-01",
        "deceasedBoolean": true
      },
      "search": {
        "mode": "match"
      }
    },
    {
      "fullUrl": "http://num-fhirserver.distan.medicsh.de:8080/fhir/Encounter/PV-8c0940030fdccaea5431c76d425c5f1acc1211a1ca4e76dd7b966113",
      "resource": {
        "resourceType": "Encounter",
        "id": "PV-8c0940030fdccaea5431c76d425c5f1acc1211a1ca4e76dd7b966113",
        "meta": {
          "versionId": "184747516",
          "lastUpdated": "2025-03-17T20:46:49.239Z",
          "source": "http://medic.uksh.de/source/orbis/legacy",
          "profile": [
            "https://www.medizininformatik-initiative.de/fhir/core/modul-fall/StructureDefinition/KontaktGesundheitseinrichtung|2025.0.0"
          ]
        },
        "identifier": [
          {
            "use": "official",
            "type": {
              "coding": [
                {
                  "system": "http://terminology.hl7.org/CodeSystem/v2-0203",
                  "code": "VN"
                }
              ]
            },
            "system": "http://medic.uksh.de/fhir/Encounter",
            "value": "8c0940030fdccaea5431c76d425c5f1acc1211a1ca4e76dd7b966113"
          }
        ],
        "status": "finished",
        "class": {
          "system": "http://terminology.hl7.org/CodeSystem/v3-ActCode",
          "code": "AMB"
        },
        "type": [
          {
            "coding": [
              {
                "system": "http://fhir.de/CodeSystem/Kontaktebene",
                "code": "einrichtungskontakt"
              }
            ]
          }
        ],
        "subject": {
          "reference": "Patient/PID-3585e11e3f9ee528f73d21d0c6e412b263e6bf0026c38aed0c00ffab"
        },
        "period": {
          "start": "2006-01-01T08:06:00+01:00",
          "end": "2006-03-31T23:59:59+02:00"
        }
      },
      "search": {
        "mode": "match"
      }
    },
    {
      "fullUrl": "http://num-fhirserver.distan.medicsh.de:8080/fhir/Observation/VIT-3086e971f67f8252036da216198aed643e71a86aa752484373cbb54f",
      "resource": {
        "resourceType": "Observation",
        "id": "VIT-3086e971f67f8252036da216198aed643e71a86aa752484373cbb54f",
        "meta": {
          "versionId": "184747528",
          "lastUpdated": "2025-03-17T20:46:49.257Z",
          "profile": [
            "https://www.medizininformatik-initiative.de/fhir/core/modul-person/StructureDefinition/Vitalstatus|2025.0.1"
          ]
        },
        "status": "final",
        "category": [
          {
            "coding": [
              {
                "system": "http://terminology.hl7.org/CodeSystem/observation-category",
                "code": "survey"
              }
            ]
          }
        ],
        "code": {
          "coding": [
            {
              "system": "http://loinc.org",
              "code": "67162-8"
            }
          ]
        },
        "subject": {
          "reference": "Patient/PID-3585e11e3f9ee528f73d21d0c6e412b263e6bf0026c38aed0c00ffab"
        },
        "effectiveDateTime": "2006-01-01T08:06:00+01:00",
        "valueCodeableConcept": {
          "coding": [
            {
              "system": "https://www.medizininformatik-initiative.de/fhir/core/modul-person/CodeSystem/Vitalstatus",
              "code": "L"
            }
          ]
        }
      },
      "search": {
        "mode": "match"
      }
    }
  ]
}
