{
  "resourceType": "Bundle",
  "id": "DGTUX6SY6TGEXOTF",
  "type": "searchset",
  "total": 3,
  "entry": [
    {
      "fullUrl": "http://num-fhirserver.distan.medicsh.de:8080/fhir/Patient/PID-3981c2ecdc8957a51af78b78a8b14236dbfd43da532b0664229c87a0",
      "resource": {
        "resourceType": "Patient",
        "id": "PID-3981c2ecdc8957a51af78b78a8b14236dbfd43da532b0664229c87a0",
        "meta": {
          "versionId": "106619652",
          "lastUpdated": "2025-03-14T05:36:19.468Z",
          "profile": [
            "https://www.medizininformatik-initiative.de/fhir/core/modul-person/StructureDefinition/PatientPseudonymisiert|2025.0.1"
          ]
        },
        "identifier": [
          {
            "use": "usual",
            "type": {
              "coding": [
                {
                  "system": "http://terminology.hl7.org/CodeSystem/v3-ObservationValue",
                  "code": "PSEUDED"
                }
              ]
            },
            "system": "https://www.medizininformatik-initiative.de/fhir/sid/pseudonym",
            "value": "3981c2ecdc8957a51af78b78a8b14236dbfd43da532b0664229c87a0"
          }
        ],
        "birthDate": "2009-03",
        "deceasedBoolean": true
      },
      "search": {
        "mode": "match"
      }
    },
    {
      "fullUrl": "http://num-fhirserver.distan.medicsh.de:8080/fhir/Encounter/PV-3001ede495f2f81d59c11d597577a110521c5eac9f1a48fbe7fab7aa",
      "resource": {
        "resourceType": "Encounter",
        "id": "PV-3001ede495f2f81d59c11d597577a110521c5eac9f1a48fbe7fab7aa",
        "meta": {
          "versionId": "106619641",
          "lastUpdated": "2025-03-14T05:36:19.448Z",
          "source": "http://medic.uksh.de/source/orbis/legacy",
          "profile": [
            "https://www.medizininformatik-initiative.de/fhir/core/modul-fall/StructureDefinition/KontaktGesundheitseinrichtung|2025.0.0"
          ]
        },
        "identifier": [
          {
            "use": "official",
            "type": {
              "coding": [
                {
                  "system": "http://terminology.hl7.org/CodeSystem/v2-0203",
                  "code": "VN"
                }
              ]
            },
            "system": "http://medic.uksh.de/fhir/Encounter",
            "value": "3001ede495f2f81d59c11d597577a110521c5eac9f1a48fbe7fab7aa"
          }
        ],
        "status": "finished",
        "class": {
          "system": "http://terminology.hl7.org/CodeSystem/v3-ActCode",
          "code": "AMB"
        },
        "type": [
          {
            "coding": [
              {
                "system": "http://fhir.de/CodeSystem/Kontaktebene",
                "code": "einrichtungskontakt"
              }
            ]
          }
        ],
        "subject": {
          "reference": "Patient/PID-3981c2ecdc8957a51af78b78a8b14236dbfd43da532b0664229c87a0"
        },
        "period": {
          "start": "2009-03-10T11:32:00+01:00",
          "end": "2009-03-31T23:59:59+02:00"
        },
        "hospitalization": {
          "admitSource": {
            "coding": [
              {
                "system": "http://fhir.de/CodeSystem/dgkev/Aufnahmeanlass",
                "code": "E"
              }
            ]
          }
        }
      },
      "search": {
        "mode": "match"
      }
    },
    {
      "fullUrl": "http://num-fhirserver.distan.medicsh.de:8080/fhir/Observation/VIT-0bcb8e280dc5b4284a086b1718bd38889a6a798d1e07558de3a3a81c",
      "resource": {
        "resourceType": "Observation",
        "id": "VIT-0bcb8e280dc5b4284a086b1718bd38889a6a798d1e07558de3a3a81c",
        "meta": {
          "versionId": "106619651",
          "lastUpdated": "2025-03-14T05:36:19.466Z",
          "profile": [
            "https://www.medizininformatik-initiative.de/fhir/core/modul-person/StructureDefinition/Vitalstatus|2025.0.1"
          ]
        },
        "status": "final",
        "category": [
          {
            "coding": [
              {
                "system": "http://terminology.hl7.org/CodeSystem/observation-category",
                "code": "survey"
              }
            ]
          }
        ],
        "code": {
          "coding": [
            {
              "system": "http://loinc.org",
              "code": "67162-8"
            }
          ]
        },
        "subject": {
          "reference": "Patient/PID-3981c2ecdc8957a51af78b78a8b14236dbfd43da532b0664229c87a0"
        },
        "effectiveDateTime": "2009-03-10T11:32:00+01:00",
        "valueCodeableConcept": {
          "coding": [
            {
              "system": "https://www.medizininformatik-initiative.de/fhir/core/modul-person/CodeSystem/Vitalstatus",
              "code": "L"
            }
          ]
        }
      },
      "search": {
        "mode": "match"
      }
    }
  ]
}
