{
  "resourceType": "Bundle",
  "id": "DGTUX43JF7EGEJ7Y",
  "type": "searchset",
  "total": 3,
  "entry": [
    {
      "fullUrl": "http://num-fhirserver.distan.medicsh.de:8080/fhir/Patient/PID-3cc7180113df8243287798c055d4f45bc0e241dc4c0c888e1144b95b",
      "resource": {
        "resourceType": "Patient",
        "id": "PID-3cc7180113df8243287798c055d4f45bc0e241dc4c0c888e1144b95b",
        "meta": {
          "versionId": "205419519",
          "lastUpdated": "2025-03-18T11:37:41.559Z",
          "profile": [
            "https://www.medizininformatik-initiative.de/fhir/core/modul-person/StructureDefinition/PatientPseudonymisiert|2025.0.1"
          ]
        },
        "identifier": [
          {
            "use": "usual",
            "type": {
              "coding": [
                {
                  "system": "http://terminology.hl7.org/CodeSystem/v3-ObservationValue",
                  "code": "PSEUDED"
                }
              ]
            },
            "system": "https://www.medizininformatik-initiative.de/fhir/sid/pseudonym",
            "value": "3cc7180113df8243287798c055d4f45bc0e241dc4c0c888e1144b95b"
          }
        ],
        "gender": "male",
        "birthDate": "2008-01",
        "deceasedBoolean": true
      },
      "search": {
        "mode": "match"
      }
    },
    {
      "fullUrl": "http://num-fhirserver.distan.medicsh.de:8080/fhir/Encounter/PV-2b4522d7bed02349a2100ad75e754c4addb6958fb5b3630e06d4f246",
      "resource": {
        "resourceType": "Encounter",
        "id": "PV-2b4522d7bed02349a2100ad75e754c4addb6958fb5b3630e06d4f246",
        "meta": {
          "versionId": "205419442",
          "lastUpdated": "2025-03-18T11:37:41.451Z",
          "source": "http://medic.uksh.de/source/orbis/legacy",
          "profile": [
            "https://www.medizininformatik-initiative.de/fhir/core/modul-fall/StructureDefinition/KontaktGesundheitseinrichtung|2025.0.0"
          ]
        },
        "identifier": [
          {
            "use": "official",
            "type": {
              "coding": [
                {
                  "system": "http://terminology.hl7.org/CodeSystem/v2-0203",
                  "code": "VN"
                }
              ]
            },
            "system": "http://medic.uksh.de/fhir/Encounter",
            "value": "2b4522d7bed02349a2100ad75e754c4addb6958fb5b3630e06d4f246"
          }
        ],
        "status": "finished",
        "class": {
          "system": "http://terminology.hl7.org/CodeSystem/v3-ActCode",
          "code": "AMB"
        },
        "type": [
          {
            "coding": [
              {
                "system": "http://fhir.de/CodeSystem/Kontaktebene",
                "code": "einrichtungskontakt"
              }
            ]
          }
        ],
        "subject": {
          "reference": "Patient/PID-3cc7180113df8243287798c055d4f45bc0e241dc4c0c888e1144b95b"
        },
        "period": {
          "start": "2008-01-01T07:31:00+01:00",
          "end": "2008-03-31T23:59:59+02:00"
        }
      },
      "search": {
        "mode": "match"
      }
    },
    {
      "fullUrl": "http://num-fhirserver.distan.medicsh.de:8080/fhir/Observation/VIT-bbf8ce7693d995b5c30c2d4ade3ef3980361eafccfb9946af7b2b57a",
      "resource": {
        "resourceType": "Observation",
        "id": "VIT-bbf8ce7693d995b5c30c2d4ade3ef3980361eafccfb9946af7b2b57a",
        "meta": {
          "versionId": "205419458",
          "lastUpdated": "2025-03-18T11:37:41.471Z",
          "profile": [
            "https://www.medizininformatik-initiative.de/fhir/core/modul-person/StructureDefinition/Vitalstatus|2025.0.1"
          ]
        },
        "status": "final",
        "category": [
          {
            "coding": [
              {
                "system": "http://terminology.hl7.org/CodeSystem/observation-category",
                "code": "survey"
              }
            ]
          }
        ],
        "code": {
          "coding": [
            {
              "system": "http://loinc.org",
              "code": "67162-8"
            }
          ]
        },
        "subject": {
          "reference": "Patient/PID-3cc7180113df8243287798c055d4f45bc0e241dc4c0c888e1144b95b"
        },
        "effectiveDateTime": "2008-01-01T07:31:00+01:00",
        "valueCodeableConcept": {
          "coding": [
            {
              "system": "https://www.medizininformatik-initiative.de/fhir/core/modul-person/CodeSystem/Vitalstatus",
              "code": "L"
            }
          ]
        }
      },
      "search": {
        "mode": "match"
      }
    }
  ]
}
