{
  "resourceType": "Bundle",
  "id": "DGTUYAEIZBDE4J66",
  "type": "searchset",
  "total": 19,
  "entry": [
    {
      "fullUrl": "http://num-fhirserver.distan.medicsh.de:8080/fhir/Patient/PID-3d311af937c5de39b8b9462421f5be19e1d7f599a943a7ecd18b5a71",
      "resource": {
        "resourceType": "Patient",
        "id": "PID-3d311af937c5de39b8b9462421f5be19e1d7f599a943a7ecd18b5a71",
        "meta": {
          "versionId": "166259634",
          "lastUpdated": "2025-03-16T19:52:14.949Z",
          "profile": [
            "https://www.medizininformatik-initiative.de/fhir/core/modul-person/StructureDefinition/PatientPseudonymisiert|2025.0.1"
          ]
        },
        "identifier": [
          {
            "use": "usual",
            "type": {
              "coding": [
                {
                  "system": "http://terminology.hl7.org/CodeSystem/v3-ObservationValue",
                  "code": "PSEUDED"
                }
              ]
            },
            "system": "https://www.medizininformatik-initiative.de/fhir/sid/pseudonym",
            "value": "3d311af937c5de39b8b9462421f5be19e1d7f599a943a7ecd18b5a71"
          }
        ],
        "birthDate": "2000-01",
        "deceasedBoolean": true,
        "address": [
          {
            "type": "both",
            "postalCode": "241",
            "country": "DE"
          }
        ]
      },
      "search": {
        "mode": "match"
      }
    },
    {
      "fullUrl": "http://num-fhirserver.distan.medicsh.de:8080/fhir/Encounter/PV-0409df5b2e86f973c323db90a4f814430126c383bd98f8a0f837d949",
      "resource": {
        "resourceType": "Encounter",
        "id": "PV-0409df5b2e86f973c323db90a4f814430126c383bd98f8a0f837d949",
        "meta": {
          "versionId": "245458173",
          "lastUpdated": "2025-03-22T05:48:00.419Z",
          "source": "http://medic.uksh.de/source/orbis/adt",
          "profile": [
            "https://www.medizininformatik-initiative.de/fhir/core/modul-fall/StructureDefinition/KontaktGesundheitseinrichtung|2025.0.0"
          ]
        },
        "identifier": [
          {
            "use": "official",
            "type": {
              "coding": [
                {
                  "system": "http://terminology.hl7.org/CodeSystem/v2-0203",
                  "code": "VN"
                }
              ]
            },
            "system": "http://medic.uksh.de/fhir/Encounter",
            "value": "0409df5b2e86f973c323db90a4f814430126c383bd98f8a0f837d949"
          }
        ],
        "status": "finished",
        "class": {
          "system": "http://terminology.hl7.org/CodeSystem/v3-ActCode",
          "code": "AMB"
        },
        "type": [
          {
            "coding": [
              {
                "system": "http://fhir.de/CodeSystem/Kontaktebene",
                "code": "einrichtungskontakt"
              }
            ]
          }
        ],
        "subject": {
          "reference": "Patient/PID-3d311af937c5de39b8b9462421f5be19e1d7f599a943a7ecd18b5a71"
        },
        "period": {
          "start": "2024-12-17T12:45:00+01:00",
          "end": "2024-12-31T23:59:59+01:00"
        }
      },
      "search": {
        "mode": "match"
      }
    },
    {
      "fullUrl": "http://num-fhirserver.distan.medicsh.de:8080/fhir/Encounter/PV-185424a5246375d8e5f591b7cc7b69b4ddfd1815e314d76d28ebcb53",
      "resource": {
        "resourceType": "Encounter",
        "id": "PV-185424a5246375d8e5f591b7cc7b69b4ddfd1815e314d76d28ebcb53",
        "meta": {
          "versionId": "166259641",
          "lastUpdated": "2025-03-16T19:52:15.214Z",
          "source": "http://medic.uksh.de/source/orbis/legacy",
          "profile": [
            "https://www.medizininformatik-initiative.de/fhir/core/modul-fall/StructureDefinition/KontaktGesundheitseinrichtung|2025.0.0"
          ]
        },
        "identifier": [
          {
            "use": "official",
            "type": {
              "coding": [
                {
                  "system": "http://terminology.hl7.org/CodeSystem/v2-0203",
                  "code": "VN"
                }
              ]
            },
            "system": "http://medic.uksh.de/fhir/Encounter",
            "value": "185424a5246375d8e5f591b7cc7b69b4ddfd1815e314d76d28ebcb53"
          }
        ],
        "status": "finished",
        "class": {
          "system": "http://terminology.hl7.org/CodeSystem/v3-ActCode",
          "code": "AMB"
        },
        "type": [
          {
            "coding": [
              {
                "system": "http://fhir.de/CodeSystem/Kontaktebene",
                "code": "einrichtungskontakt"
              }
            ]
          }
        ],
        "subject": {
          "reference": "Patient/PID-3d311af937c5de39b8b9462421f5be19e1d7f599a943a7ecd18b5a71"
        },
        "period": {
          "start": "2021-02-04T07:58:00+01:00",
          "end": "2021-03-31T23:59:59+02:00"
        }
      },
      "search": {
        "mode": "match"
      }
    },
    {
      "fullUrl": "http://num-fhirserver.distan.medicsh.de:8080/fhir/Encounter/PV-40bd89b8e4ba819011512e70a6e9c0b022845e005798cb4c33cb00d5",
      "resource": {
        "resourceType": "Encounter",
        "id": "PV-40bd89b8e4ba819011512e70a6e9c0b022845e005798cb4c33cb00d5",
        "meta": {
          "versionId": "166259635",
          "lastUpdated": "2025-03-16T19:52:15Z",
          "source": "http://medic.uksh.de/source/orbis/legacy",
          "profile": [
            "https://www.medizininformatik-initiative.de/fhir/core/modul-fall/StructureDefinition/KontaktGesundheitseinrichtung|2025.0.0"
          ]
        },
        "identifier": [
          {
            "use": "official",
            "type": {
              "coding": [
                {
                  "system": "http://terminology.hl7.org/CodeSystem/v2-0203",
                  "code": "VN"
                }
              ]
            },
            "system": "http://medic.uksh.de/fhir/Encounter",
            "value": "40bd89b8e4ba819011512e70a6e9c0b022845e005798cb4c33cb00d5"
          }
        ],
        "status": "finished",
        "class": {
          "system": "http://terminology.hl7.org/CodeSystem/v3-ActCode",
          "code": "AMB"
        },
        "type": [
          {
            "coding": [
              {
                "system": "http://fhir.de/CodeSystem/Kontaktebene",
                "code": "einrichtungskontakt"
              }
            ]
          }
        ],
        "subject": {
          "reference": "Patient/PID-3d311af937c5de39b8b9462421f5be19e1d7f599a943a7ecd18b5a71"
        },
        "period": {
          "start": "2021-06-15T11:03:00+02:00",
          "end": "2021-06-30T23:59:59+02:00"
        }
      },
      "search": {
        "mode": "match"
      }
    },
    {
      "fullUrl": "http://num-fhirserver.distan.medicsh.de:8080/fhir/Encounter/PV-4a607ef12d3226c820a6638764cedff1d8c60a87c5be271f430d8156",
      "resource": {
        "resourceType": "Encounter",
        "id": "PV-4a607ef12d3226c820a6638764cedff1d8c60a87c5be271f430d8156",
        "meta": {
          "versionId": "166259638",
          "lastUpdated": "2025-03-16T19:52:15.063Z",
          "source": "http://medic.uksh.de/source/orbis/legacy",
          "profile": [
            "https://www.medizininformatik-initiative.de/fhir/core/modul-fall/StructureDefinition/KontaktGesundheitseinrichtung|2025.0.0"
          ]
        },
        "identifier": [
          {
            "use": "official",
            "type": {
              "coding": [
                {
                  "system": "http://terminology.hl7.org/CodeSystem/v2-0203",
                  "code": "VN"
                }
              ]
            },
            "system": "http://medic.uksh.de/fhir/Encounter",
            "value": "4a607ef12d3226c820a6638764cedff1d8c60a87c5be271f430d8156"
          }
        ],
        "status": "finished",
        "class": {
          "system": "http://terminology.hl7.org/CodeSystem/v3-ActCode",
          "code": "AMB"
        },
        "type": [
          {
            "coding": [
              {
                "system": "http://fhir.de/CodeSystem/Kontaktebene",
                "code": "einrichtungskontakt"
              }
            ]
          }
        ],
        "subject": {
          "reference": "Patient/PID-3d311af937c5de39b8b9462421f5be19e1d7f599a943a7ecd18b5a71"
        },
        "period": {
          "start": "2021-04-01T12:55:00+02:00",
          "end": "2021-06-30T23:59:59+02:00"
        }
      },
      "search": {
        "mode": "match"
      }
    },
    {
      "fullUrl": "http://num-fhirserver.distan.medicsh.de:8080/fhir/Encounter/PV-5343b66d0c8823880025a58e5cae4d67637c7ede2faccaf2901254a6",
      "resource": {
        "resourceType": "Encounter",
        "id": "PV-5343b66d0c8823880025a58e5cae4d67637c7ede2faccaf2901254a6",
        "meta": {
          "versionId": "166259629",
          "lastUpdated": "2025-03-16T19:52:14.859Z",
          "source": "http://medic.uksh.de/source/orbis/legacy",
          "profile": [
            "https://www.medizininformatik-initiative.de/fhir/core/modul-fall/StructureDefinition/KontaktGesundheitseinrichtung|2025.0.0"
          ]
        },
        "identifier": [
          {
            "use": "official",
            "type": {
              "coding": [
                {
                  "system": "http://terminology.hl7.org/CodeSystem/v2-0203",
                  "code": "VN"
                }
              ]
            },
            "system": "http://medic.uksh.de/fhir/Encounter",
            "value": "5343b66d0c8823880025a58e5cae4d67637c7ede2faccaf2901254a6"
          }
        ],
        "status": "finished",
        "class": {
          "system": "http://terminology.hl7.org/CodeSystem/v3-ActCode",
          "code": "AMB"
        },
        "type": [
          {
            "coding": [
              {
                "system": "http://fhir.de/CodeSystem/Kontaktebene",
                "code": "einrichtungskontakt"
              }
            ]
          }
        ],
        "subject": {
          "reference": "Patient/PID-3d311af937c5de39b8b9462421f5be19e1d7f599a943a7ecd18b5a71"
        },
        "period": {
          "start": "2021-11-22T08:14:00+01:00",
          "end": "2021-12-31T23:59:59+01:00"
        }
      },
      "search": {
        "mode": "match"
      }
    },
    {
      "fullUrl": "http://num-fhirserver.distan.medicsh.de:8080/fhir/Encounter/PV-5bf494574278e636f92782a30e48fc44a3e46d948d5ab06cab5c5b3d",
      "resource": {
        "resourceType": "Encounter",
        "id": "PV-5bf494574278e636f92782a30e48fc44a3e46d948d5ab06cab5c5b3d",
        "meta": {
          "versionId": "236493301",
          "lastUpdated": "2025-03-19T19:00:56.652Z",
          "source": "http://medic.uksh.de/source/orbis/adt",
          "profile": [
            "https://www.medizininformatik-initiative.de/fhir/core/modul-fall/StructureDefinition/KontaktGesundheitseinrichtung|2025.0.0"
          ]
        },
        "identifier": [
          {
            "use": "official",
            "type": {
              "coding": [
                {
                  "system": "http://terminology.hl7.org/CodeSystem/v2-0203",
                  "code": "VN"
                }
              ]
            },
            "system": "http://medic.uksh.de/fhir/Encounter",
            "value": "5bf494574278e636f92782a30e48fc44a3e46d948d5ab06cab5c5b3d"
          }
        ],
        "status": "finished",
        "class": {
          "system": "http://terminology.hl7.org/CodeSystem/v3-ActCode",
          "code": "AMB"
        },
        "type": [
          {
            "coding": [
              {
                "system": "http://fhir.de/CodeSystem/Kontaktebene",
                "code": "einrichtungskontakt"
              }
            ]
          }
        ],
        "subject": {
          "reference": "Patient/PID-3d311af937c5de39b8b9462421f5be19e1d7f599a943a7ecd18b5a71"
        },
        "period": {
          "start": "2023-01-06T13:58:00+01:00",
          "end": "2023-03-31T23:59:59+02:00"
        }
      },
      "search": {
        "mode": "match"
      }
    },
    {
      "fullUrl": "http://num-fhirserver.distan.medicsh.de:8080/fhir/Encounter/PV-6af0a4c5d1bd7c3f20a12d662d4000c0b71160ce9f79d1c122b025ba",
      "resource": {
        "resourceType": "Encounter",
        "id": "PV-6af0a4c5d1bd7c3f20a12d662d4000c0b71160ce9f79d1c122b025ba",
        "meta": {
          "versionId": "166259644",
          "lastUpdated": "2025-03-16T19:52:15.247Z",
          "source": "http://medic.uksh.de/source/orbis/legacy",
          "profile": [
            "https://www.medizininformatik-initiative.de/fhir/core/modul-fall/StructureDefinition/KontaktGesundheitseinrichtung|2025.0.0"
          ]
        },
        "identifier": [
          {
            "use": "official",
            "type": {
              "coding": [
                {
                  "system": "http://terminology.hl7.org/CodeSystem/v2-0203",
                  "code": "VN"
                }
              ]
            },
            "system": "http://medic.uksh.de/fhir/Encounter",
            "value": "6af0a4c5d1bd7c3f20a12d662d4000c0b71160ce9f79d1c122b025ba"
          }
        ],
        "status": "finished",
        "class": {
          "system": "http://terminology.hl7.org/CodeSystem/v3-ActCode",
          "code": "AMB"
        },
        "type": [
          {
            "coding": [
              {
                "system": "http://fhir.de/CodeSystem/Kontaktebene",
                "code": "einrichtungskontakt"
              }
            ]
          }
        ],
        "subject": {
          "reference": "Patient/PID-3d311af937c5de39b8b9462421f5be19e1d7f599a943a7ecd18b5a71"
        },
        "period": {
          "start": "2021-01-26T13:44:00+01:00",
          "end": "2021-03-31T23:59:59+02:00"
        }
      },
      "search": {
        "mode": "match"
      }
    },
    {
      "fullUrl": "http://num-fhirserver.distan.medicsh.de:8080/fhir/Encounter/PV-73f45023bdb38ea6e5cea9863a12787fe969d1b54552eac6cbe4bf2a",
      "resource": {
        "resourceType": "Encounter",
        "id": "PV-73f45023bdb38ea6e5cea9863a12787fe969d1b54552eac6cbe4bf2a",
        "meta": {
          "versionId": "166259632",
          "lastUpdated": "2025-03-16T19:52:14.926Z",
          "source": "http://medic.uksh.de/source/orbis/legacy",
          "profile": [
            "https://www.medizininformatik-initiative.de/fhir/core/modul-fall/StructureDefinition/KontaktGesundheitseinrichtung|2025.0.0"
          ]
        },
        "identifier": [
          {
            "use": "official",
            "type": {
              "coding": [
                {
                  "system": "http://terminology.hl7.org/CodeSystem/v2-0203",
                  "code": "VN"
                }
              ]
            },
            "system": "http://medic.uksh.de/fhir/Encounter",
            "value": "73f45023bdb38ea6e5cea9863a12787fe969d1b54552eac6cbe4bf2a"
          }
        ],
        "status": "finished",
        "class": {
          "system": "http://terminology.hl7.org/CodeSystem/v3-ActCode",
          "code": "AMB"
        },
        "type": [
          {
            "coding": [
              {
                "system": "http://fhir.de/CodeSystem/Kontaktebene",
                "code": "einrichtungskontakt"
              }
            ]
          }
        ],
        "subject": {
          "reference": "Patient/PID-3d311af937c5de39b8b9462421f5be19e1d7f599a943a7ecd18b5a71"
        },
        "period": {
          "start": "2021-07-01T08:10:00+02:00",
          "end": "2021-09-30T23:59:59+02:00"
        }
      },
      "search": {
        "mode": "match"
      }
    },
    {
      "fullUrl": "http://num-fhirserver.distan.medicsh.de:8080/fhir/Observation/VIT-1c91e60c951d9fffdacfb781f3b1c4f171e12d2dab32195ebbcfe37d",
      "resource": {
        "resourceType": "Observation",
        "id": "VIT-1c91e60c951d9fffdacfb781f3b1c4f171e12d2dab32195ebbcfe37d",
        "meta": {
          "versionId": "245458175",
          "lastUpdated": "2025-03-22T05:48:00.442Z",
          "profile": [
            "https://www.medizininformatik-initiative.de/fhir/core/modul-person/StructureDefinition/Vitalstatus|2025.0.1"
          ]
        },
        "status": "final",
        "category": [
          {
            "coding": [
              {
                "system": "http://terminology.hl7.org/CodeSystem/observation-category",
                "code": "survey"
              }
            ]
          }
        ],
        "code": {
          "coding": [
            {
              "system": "http://loinc.org",
              "code": "67162-8"
            }
          ]
        },
        "subject": {
          "reference": "Patient/PID-3d311af937c5de39b8b9462421f5be19e1d7f599a943a7ecd18b5a71"
        },
        "effectiveDateTime": "2024-12-17T12:45:00+01:00",
        "valueCodeableConcept": {
          "coding": [
            {
              "system": "https://www.medizininformatik-initiative.de/fhir/core/modul-person/CodeSystem/Vitalstatus",
              "code": "L"
            }
          ]
        }
      },
      "search": {
        "mode": "match"
      }
    },
    {
      "fullUrl": "http://num-fhirserver.distan.medicsh.de:8080/fhir/Observation/VIT-28994b5a5d428ef39bf8daa2e06c88c3d72913ad69eb6b68f7d40239",
      "resource": {
        "resourceType": "Observation",
        "id": "VIT-28994b5a5d428ef39bf8daa2e06c88c3d72913ad69eb6b68f7d40239",
        "meta": {
          "versionId": "236493303",
          "lastUpdated": "2025-03-19T19:00:56.694Z",
          "profile": [
            "https://www.medizininformatik-initiative.de/fhir/core/modul-person/StructureDefinition/Vitalstatus|2025.0.1"
          ]
        },
        "status": "final",
        "category": [
          {
            "coding": [
              {
                "system": "http://terminology.hl7.org/CodeSystem/observation-category",
                "code": "survey"
              }
            ]
          }
        ],
        "code": {
          "coding": [
            {
              "system": "http://loinc.org",
              "code": "67162-8"
            }
          ]
        },
        "subject": {
          "reference": "Patient/PID-3d311af937c5de39b8b9462421f5be19e1d7f599a943a7ecd18b5a71"
        },
        "effectiveDateTime": "2023-03-31T23:59:59+02:00",
        "valueCodeableConcept": {
          "coding": [
            {
              "system": "https://www.medizininformatik-initiative.de/fhir/core/modul-person/CodeSystem/Vitalstatus",
              "code": "L"
            }
          ]
        }
      },
      "search": {
        "mode": "match"
      }
    },
    {
      "fullUrl": "http://num-fhirserver.distan.medicsh.de:8080/fhir/Observation/VIT-318bd87c78cbd45b64db6d3a5dcd6e5abb718605c3c9017f53ab314b",
      "resource": {
        "resourceType": "Observation",
        "id": "VIT-318bd87c78cbd45b64db6d3a5dcd6e5abb718605c3c9017f53ab314b",
        "meta": {
          "versionId": "236493302",
          "lastUpdated": "2025-03-19T19:00:56.673Z",
          "profile": [
            "https://www.medizininformatik-initiative.de/fhir/core/modul-person/StructureDefinition/Vitalstatus|2025.0.1"
          ]
        },
        "status": "final",
        "category": [
          {
            "coding": [
              {
                "system": "http://terminology.hl7.org/CodeSystem/observation-category",
                "code": "survey"
              }
            ]
          }
        ],
        "code": {
          "coding": [
            {
              "system": "http://loinc.org",
              "code": "67162-8"
            }
          ]
        },
        "subject": {
          "reference": "Patient/PID-3d311af937c5de39b8b9462421f5be19e1d7f599a943a7ecd18b5a71"
        },
        "effectiveDateTime": "2023-01-06T13:58:00+01:00",
        "valueCodeableConcept": {
          "coding": [
            {
              "system": "https://www.medizininformatik-initiative.de/fhir/core/modul-person/CodeSystem/Vitalstatus",
              "code": "L"
            }
          ]
        }
      },
      "search": {
        "mode": "match"
      }
    },
    {
      "fullUrl": "http://num-fhirserver.distan.medicsh.de:8080/fhir/Observation/VIT-4fc6d46a01c5bf7ae67dac5a49e7aff49f716e914d8186b7cb569386",
      "resource": {
        "resourceType": "Observation",
        "id": "VIT-4fc6d46a01c5bf7ae67dac5a49e7aff49f716e914d8186b7cb569386",
        "meta": {
          "versionId": "166259639",
          "lastUpdated": "2025-03-16T19:52:15.082Z",
          "profile": [
            "https://www.medizininformatik-initiative.de/fhir/core/modul-person/StructureDefinition/Vitalstatus|2025.0.1"
          ]
        },
        "status": "final",
        "category": [
          {
            "coding": [
              {
                "system": "http://terminology.hl7.org/CodeSystem/observation-category",
                "code": "survey"
              }
            ]
          }
        ],
        "code": {
          "coding": [
            {
              "system": "http://loinc.org",
              "code": "67162-8"
            }
          ]
        },
        "subject": {
          "reference": "Patient/PID-3d311af937c5de39b8b9462421f5be19e1d7f599a943a7ecd18b5a71"
        },
        "effectiveDateTime": "2021-04-01T12:55:00+02:00",
        "valueCodeableConcept": {
          "coding": [
            {
              "system": "https://www.medizininformatik-initiative.de/fhir/core/modul-person/CodeSystem/Vitalstatus",
              "code": "L"
            }
          ]
        }
      },
      "search": {
        "mode": "match"
      }
    },
    {
      "fullUrl": "http://num-fhirserver.distan.medicsh.de:8080/fhir/Observation/VIT-868e996f92d80a148d0867d3e15a3e3df5f042cf084598a720863ad0",
      "resource": {
        "resourceType": "Observation",
        "id": "VIT-868e996f92d80a148d0867d3e15a3e3df5f042cf084598a720863ad0",
        "meta": {
          "versionId": "166259630",
          "lastUpdated": "2025-03-16T19:52:14.878Z",
          "profile": [
            "https://www.medizininformatik-initiative.de/fhir/core/modul-person/StructureDefinition/Vitalstatus|2025.0.1"
          ]
        },
        "status": "final",
        "category": [
          {
            "coding": [
              {
                "system": "http://terminology.hl7.org/CodeSystem/observation-category",
                "code": "survey"
              }
            ]
          }
        ],
        "code": {
          "coding": [
            {
              "system": "http://loinc.org",
              "code": "67162-8"
            }
          ]
        },
        "subject": {
          "reference": "Patient/PID-3d311af937c5de39b8b9462421f5be19e1d7f599a943a7ecd18b5a71"
        },
        "effectiveDateTime": "2021-11-22T08:14:00+01:00",
        "valueCodeableConcept": {
          "coding": [
            {
              "system": "https://www.medizininformatik-initiative.de/fhir/core/modul-person/CodeSystem/Vitalstatus",
              "code": "L"
            }
          ]
        }
      },
      "search": {
        "mode": "match"
      }
    },
    {
      "fullUrl": "http://num-fhirserver.distan.medicsh.de:8080/fhir/Observation/VIT-9e5af7fc8e0a721dc5122450b8958fa17e7cf2ab4010537c8c8c82c2",
      "resource": {
        "resourceType": "Observation",
        "id": "VIT-9e5af7fc8e0a721dc5122450b8958fa17e7cf2ab4010537c8c8c82c2",
        "meta": {
          "versionId": "166259636",
          "lastUpdated": "2025-03-16T19:52:15.019Z",
          "profile": [
            "https://www.medizininformatik-initiative.de/fhir/core/modul-person/StructureDefinition/Vitalstatus|2025.0.1"
          ]
        },
        "status": "final",
        "category": [
          {
            "coding": [
              {
                "system": "http://terminology.hl7.org/CodeSystem/observation-category",
                "code": "survey"
              }
            ]
          }
        ],
        "code": {
          "coding": [
            {
              "system": "http://loinc.org",
              "code": "67162-8"
            }
          ]
        },
        "subject": {
          "reference": "Patient/PID-3d311af937c5de39b8b9462421f5be19e1d7f599a943a7ecd18b5a71"
        },
        "effectiveDateTime": "2021-06-15T11:03:00+02:00",
        "valueCodeableConcept": {
          "coding": [
            {
              "system": "https://www.medizininformatik-initiative.de/fhir/core/modul-person/CodeSystem/Vitalstatus",
              "code": "L"
            }
          ]
        }
      },
      "search": {
        "mode": "match"
      }
    },
    {
      "fullUrl": "http://num-fhirserver.distan.medicsh.de:8080/fhir/Observation/VIT-c7f8a6b1d9604374f6ba73534d1b15ce6ee8a8b613bc43f9815e8347",
      "resource": {
        "resourceType": "Observation",
        "id": "VIT-c7f8a6b1d9604374f6ba73534d1b15ce6ee8a8b613bc43f9815e8347",
        "meta": {
          "versionId": "166259643",
          "lastUpdated": "2025-03-16T19:52:15.232Z",
          "profile": [
            "https://www.medizininformatik-initiative.de/fhir/core/modul-person/StructureDefinition/Vitalstatus|2025.0.1"
          ]
        },
        "status": "final",
        "category": [
          {
            "coding": [
              {
                "system": "http://terminology.hl7.org/CodeSystem/observation-category",
                "code": "survey"
              }
            ]
          }
        ],
        "code": {
          "coding": [
            {
              "system": "http://loinc.org",
              "code": "67162-8"
            }
          ]
        },
        "subject": {
          "reference": "Patient/PID-3d311af937c5de39b8b9462421f5be19e1d7f599a943a7ecd18b5a71"
        },
        "effectiveDateTime": "2021-02-04T07:58:00+01:00",
        "valueCodeableConcept": {
          "coding": [
            {
              "system": "https://www.medizininformatik-initiative.de/fhir/core/modul-person/CodeSystem/Vitalstatus",
              "code": "L"
            }
          ]
        }
      },
      "search": {
        "mode": "match"
      }
    },
    {
      "fullUrl": "http://num-fhirserver.distan.medicsh.de:8080/fhir/Observation/VIT-d29259935485c941e421abc179e4c9fdaa8c8c6f0d6fbfedafac2f75",
      "resource": {
        "resourceType": "Observation",
        "id": "VIT-d29259935485c941e421abc179e4c9fdaa8c8c6f0d6fbfedafac2f75",
        "meta": {
          "versionId": "166259633",
          "lastUpdated": "2025-03-16T19:52:14.946Z",
          "profile": [
            "https://www.medizininformatik-initiative.de/fhir/core/modul-person/StructureDefinition/Vitalstatus|2025.0.1"
          ]
        },
        "status": "final",
        "category": [
          {
            "coding": [
              {
                "system": "http://terminology.hl7.org/CodeSystem/observation-category",
                "code": "survey"
              }
            ]
          }
        ],
        "code": {
          "coding": [
            {
              "system": "http://loinc.org",
              "code": "67162-8"
            }
          ]
        },
        "subject": {
          "reference": "Patient/PID-3d311af937c5de39b8b9462421f5be19e1d7f599a943a7ecd18b5a71"
        },
        "effectiveDateTime": "2021-07-01T08:10:00+02:00",
        "valueCodeableConcept": {
          "coding": [
            {
              "system": "https://www.medizininformatik-initiative.de/fhir/core/modul-person/CodeSystem/Vitalstatus",
              "code": "L"
            }
          ]
        }
      },
      "search": {
        "mode": "match"
      }
    },
    {
      "fullUrl": "http://num-fhirserver.distan.medicsh.de:8080/fhir/Observation/VIT-d7584ea4647a02f8195e56c749f60701afc94920747497e6e2da7074",
      "resource": {
        "resourceType": "Observation",
        "id": "VIT-d7584ea4647a02f8195e56c749f60701afc94920747497e6e2da7074",
        "meta": {
          "versionId": "166259645",
          "lastUpdated": "2025-03-16T19:52:15.266Z",
          "profile": [
            "https://www.medizininformatik-initiative.de/fhir/core/modul-person/StructureDefinition/Vitalstatus|2025.0.1"
          ]
        },
        "status": "final",
        "category": [
          {
            "coding": [
              {
                "system": "http://terminology.hl7.org/CodeSystem/observation-category",
                "code": "survey"
              }
            ]
          }
        ],
        "code": {
          "coding": [
            {
              "system": "http://loinc.org",
              "code": "67162-8"
            }
          ]
        },
        "subject": {
          "reference": "Patient/PID-3d311af937c5de39b8b9462421f5be19e1d7f599a943a7ecd18b5a71"
        },
        "effectiveDateTime": "2021-01-26T13:44:00+01:00",
        "valueCodeableConcept": {
          "coding": [
            {
              "system": "https://www.medizininformatik-initiative.de/fhir/core/modul-person/CodeSystem/Vitalstatus",
              "code": "L"
            }
          ]
        }
      },
      "search": {
        "mode": "match"
      }
    },
    {
      "fullUrl": "http://num-fhirserver.distan.medicsh.de:8080/fhir/Observation/VIT-e6cab78398096b4ffb55f59621d22b29c03df8c14ff8c9ff9c39b223",
      "resource": {
        "resourceType": "Observation",
        "id": "VIT-e6cab78398096b4ffb55f59621d22b29c03df8c14ff8c9ff9c39b223",
        "meta": {
          "versionId": "245458176",
          "lastUpdated": "2025-03-22T05:48:00.461Z",
          "profile": [
            "https://www.medizininformatik-initiative.de/fhir/core/modul-person/StructureDefinition/Vitalstatus|2025.0.1"
          ]
        },
        "status": "final",
        "category": [
          {
            "coding": [
              {
                "system": "http://terminology.hl7.org/CodeSystem/observation-category",
                "code": "survey"
              }
            ]
          }
        ],
        "code": {
          "coding": [
            {
              "system": "http://loinc.org",
              "code": "67162-8"
            }
          ]
        },
        "subject": {
          "reference": "Patient/PID-3d311af937c5de39b8b9462421f5be19e1d7f599a943a7ecd18b5a71"
        },
        "effectiveDateTime": "2024-12-31T23:59:59+01:00",
        "valueCodeableConcept": {
          "coding": [
            {
              "system": "https://www.medizininformatik-initiative.de/fhir/core/modul-person/CodeSystem/Vitalstatus",
              "code": "L"
            }
          ]
        }
      },
      "search": {
        "mode": "match"
      }
    }
  ]
}
