{
  "resourceType": "Bundle",
  "id": "DGTUYAPZVQFD34IQ",
  "type": "searchset",
  "total": 3,
  "entry": [
    {
      "fullUrl": "http://num-fhirserver.distan.medicsh.de:8080/fhir/Patient/PID-3e337b6813e88bca6e688bcc8eaaed81a15fe9abf11499f56e3f9ec1",
      "resource": {
        "resourceType": "Patient",
        "id": "PID-3e337b6813e88bca6e688bcc8eaaed81a15fe9abf11499f56e3f9ec1",
        "meta": {
          "versionId": "118337805",
          "lastUpdated": "2025-03-14T14:13:25.028Z",
          "profile": [
            "https://www.medizininformatik-initiative.de/fhir/core/modul-person/StructureDefinition/PatientPseudonymisiert|2025.0.1"
          ]
        },
        "identifier": [
          {
            "use": "usual",
            "type": {
              "coding": [
                {
                  "system": "http://terminology.hl7.org/CodeSystem/v3-ObservationValue",
                  "code": "PSEUDED"
                }
              ]
            },
            "system": "https://www.medizininformatik-initiative.de/fhir/sid/pseudonym",
            "value": "3e337b6813e88bca6e688bcc8eaaed81a15fe9abf11499f56e3f9ec1"
          }
        ],
        "gender": "male",
        "birthDate": "1964-01",
        "deceasedBoolean": true
      },
      "search": {
        "mode": "match"
      }
    },
    {
      "fullUrl": "http://num-fhirserver.distan.medicsh.de:8080/fhir/Encounter/PV-2805a59c6cd98bd68f5404c97b995e8af6127b01a335b9ec7f3f03e9",
      "resource": {
        "resourceType": "Encounter",
        "id": "PV-2805a59c6cd98bd68f5404c97b995e8af6127b01a335b9ec7f3f03e9",
        "meta": {
          "versionId": "118337678",
          "lastUpdated": "2025-03-14T14:13:24.763Z",
          "source": "http://medic.uksh.de/source/orbis/legacy",
          "profile": [
            "https://www.medizininformatik-initiative.de/fhir/core/modul-fall/StructureDefinition/KontaktGesundheitseinrichtung|2025.0.0"
          ]
        },
        "identifier": [
          {
            "use": "official",
            "type": {
              "coding": [
                {
                  "system": "http://terminology.hl7.org/CodeSystem/v2-0203",
                  "code": "VN"
                }
              ]
            },
            "system": "http://medic.uksh.de/fhir/Encounter",
            "value": "2805a59c6cd98bd68f5404c97b995e8af6127b01a335b9ec7f3f03e9"
          }
        ],
        "status": "finished",
        "class": {
          "system": "http://terminology.hl7.org/CodeSystem/v3-ActCode",
          "code": "AMB"
        },
        "type": [
          {
            "coding": [
              {
                "system": "http://fhir.de/CodeSystem/Kontaktebene",
                "code": "einrichtungskontakt"
              }
            ]
          }
        ],
        "subject": {
          "reference": "Patient/PID-3e337b6813e88bca6e688bcc8eaaed81a15fe9abf11499f56e3f9ec1"
        },
        "period": {
          "start": "2015-01-14T10:18:00+01:00",
          "end": "2015-03-31T23:59:59+02:00"
        },
        "hospitalization": {
          "admitSource": {
            "coding": [
              {
                "system": "http://fhir.de/CodeSystem/dgkev/Aufnahmeanlass",
                "code": "E"
              }
            ]
          }
        }
      },
      "search": {
        "mode": "match"
      }
    },
    {
      "fullUrl": "http://num-fhirserver.distan.medicsh.de:8080/fhir/Observation/VIT-f6333790e0dcc489ba32c755333707b176921a90ae6c063f8187b406",
      "resource": {
        "resourceType": "Observation",
        "id": "VIT-f6333790e0dcc489ba32c755333707b176921a90ae6c063f8187b406",
        "meta": {
          "versionId": "118337688",
          "lastUpdated": "2025-03-14T14:13:24.786Z",
          "profile": [
            "https://www.medizininformatik-initiative.de/fhir/core/modul-person/StructureDefinition/Vitalstatus|2025.0.1"
          ]
        },
        "status": "final",
        "category": [
          {
            "coding": [
              {
                "system": "http://terminology.hl7.org/CodeSystem/observation-category",
                "code": "survey"
              }
            ]
          }
        ],
        "code": {
          "coding": [
            {
              "system": "http://loinc.org",
              "code": "67162-8"
            }
          ]
        },
        "subject": {
          "reference": "Patient/PID-3e337b6813e88bca6e688bcc8eaaed81a15fe9abf11499f56e3f9ec1"
        },
        "effectiveDateTime": "2015-01-14T10:18:00+01:00",
        "valueCodeableConcept": {
          "coding": [
            {
              "system": "https://www.medizininformatik-initiative.de/fhir/core/modul-person/CodeSystem/Vitalstatus",
              "code": "L"
            }
          ]
        }
      },
      "search": {
        "mode": "match"
      }
    }
  ]
}
