{
  "resourceType": "Bundle",
  "id": "DGTUX4R6JT4HJG2S",
  "type": "searchset",
  "total": 3,
  "entry": [
    {
      "fullUrl": "http://num-fhirserver.distan.medicsh.de:8080/fhir/Patient/PID-42826f35ce92223c49089152c7f9c601f122fd96ca124ace875cdc06",
      "resource": {
        "resourceType": "Patient",
        "id": "PID-42826f35ce92223c49089152c7f9c601f122fd96ca124ace875cdc06",
        "meta": {
          "versionId": "89915089",
          "lastUpdated": "2025-03-13T17:39:33.470Z",
          "profile": [
            "https://www.medizininformatik-initiative.de/fhir/core/modul-person/StructureDefinition/PatientPseudonymisiert|2025.0.1"
          ]
        },
        "identifier": [
          {
            "use": "usual",
            "type": {
              "coding": [
                {
                  "system": "http://terminology.hl7.org/CodeSystem/v3-ObservationValue",
                  "code": "PSEUDED"
                }
              ]
            },
            "system": "https://www.medizininformatik-initiative.de/fhir/sid/pseudonym",
            "value": "42826f35ce92223c49089152c7f9c601f122fd96ca124ace875cdc06"
          }
        ],
        "birthDate": "1977-07",
        "deceasedBoolean": true,
        "address": [
          {
            "type": "both",
            "postalCode": "235",
            "country": "DE"
          }
        ]
      },
      "search": {
        "mode": "match"
      }
    },
    {
      "fullUrl": "http://num-fhirserver.distan.medicsh.de:8080/fhir/Encounter/PV-93268856a3e590f43db1d446711aee98552a25679e9527ef521717af",
      "resource": {
        "resourceType": "Encounter",
        "id": "PV-93268856a3e590f43db1d446711aee98552a25679e9527ef521717af",
        "meta": {
          "versionId": "89915253",
          "lastUpdated": "2025-03-13T17:39:33.880Z",
          "source": "http://medic.uksh.de/source/orbis/legacy",
          "profile": [
            "https://www.medizininformatik-initiative.de/fhir/core/modul-fall/StructureDefinition/KontaktGesundheitseinrichtung|2025.0.0"
          ]
        },
        "identifier": [
          {
            "use": "official",
            "type": {
              "coding": [
                {
                  "system": "http://terminology.hl7.org/CodeSystem/v2-0203",
                  "code": "VN"
                }
              ]
            },
            "system": "http://medic.uksh.de/fhir/Encounter",
            "value": "93268856a3e590f43db1d446711aee98552a25679e9527ef521717af"
          }
        ],
        "status": "finished",
        "class": {
          "system": "http://terminology.hl7.org/CodeSystem/v3-ActCode",
          "code": "AMB"
        },
        "type": [
          {
            "coding": [
              {
                "system": "http://fhir.de/CodeSystem/Kontaktebene",
                "code": "einrichtungskontakt"
              }
            ]
          }
        ],
        "subject": {
          "reference": "Patient/PID-42826f35ce92223c49089152c7f9c601f122fd96ca124ace875cdc06"
        },
        "period": {
          "start": "2020-05-12T13:00:00+02:00",
          "end": "2020-06-30T23:59:59+02:00"
        }
      },
      "search": {
        "mode": "match"
      }
    },
    {
      "fullUrl": "http://num-fhirserver.distan.medicsh.de:8080/fhir/Observation/VIT-d47e17ab4474c814d6de22ca6c51fe7996d84326825a23af182fbdf3",
      "resource": {
        "resourceType": "Observation",
        "id": "VIT-d47e17ab4474c814d6de22ca6c51fe7996d84326825a23af182fbdf3",
        "meta": {
          "versionId": "89915272",
          "lastUpdated": "2025-03-13T17:39:33.930Z",
          "profile": [
            "https://www.medizininformatik-initiative.de/fhir/core/modul-person/StructureDefinition/Vitalstatus|2025.0.1"
          ]
        },
        "status": "final",
        "category": [
          {
            "coding": [
              {
                "system": "http://terminology.hl7.org/CodeSystem/observation-category",
                "code": "survey"
              }
            ]
          }
        ],
        "code": {
          "coding": [
            {
              "system": "http://loinc.org",
              "code": "67162-8"
            }
          ]
        },
        "subject": {
          "reference": "Patient/PID-42826f35ce92223c49089152c7f9c601f122fd96ca124ace875cdc06"
        },
        "effectiveDateTime": "2020-05-12T13:00:00+02:00",
        "valueCodeableConcept": {
          "coding": [
            {
              "system": "https://www.medizininformatik-initiative.de/fhir/core/modul-person/CodeSystem/Vitalstatus",
              "code": "L"
            }
          ]
        }
      },
      "search": {
        "mode": "match"
      }
    }
  ]
}
