{
  "resourceType": "Bundle",
  "id": "DGTUX5W5DYZKJMNC",
  "type": "searchset",
  "total": 19,
  "entry": [
    {
      "fullUrl": "http://num-fhirserver.distan.medicsh.de:8080/fhir/Patient/PID-43abc38be52bcd9bc05ca21b0bfdd6433c06d399c19fe218a770925e",
      "resource": {
        "resourceType": "Patient",
        "id": "PID-43abc38be52bcd9bc05ca21b0bfdd6433c06d399c19fe218a770925e",
        "meta": {
          "versionId": "196151958",
          "lastUpdated": "2025-03-18T04:52:16.999Z",
          "profile": [
            "https://www.medizininformatik-initiative.de/fhir/core/modul-person/StructureDefinition/PatientPseudonymisiert|2025.0.1"
          ]
        },
        "identifier": [
          {
            "use": "usual",
            "type": {
              "coding": [
                {
                  "system": "http://terminology.hl7.org/CodeSystem/v3-ObservationValue",
                  "code": "PSEUDED"
                }
              ]
            },
            "system": "https://www.medizininformatik-initiative.de/fhir/sid/pseudonym",
            "value": "43abc38be52bcd9bc05ca21b0bfdd6433c06d399c19fe218a770925e"
          }
        ],
        "gender": "male",
        "birthDate": "2001-09",
        "deceasedBoolean": true,
        "address": [
          {
            "type": "both",
            "postalCode": "241",
            "country": "DE"
          }
        ]
      },
      "search": {
        "mode": "match"
      }
    },
    {
      "fullUrl": "http://num-fhirserver.distan.medicsh.de:8080/fhir/Consent/IC-f2dbccae9ffa824f766865c9e55a94acd722f6dd1595f71886ea225e",
      "resource": {
        "resourceType": "Consent",
        "id": "IC-f2dbccae9ffa824f766865c9e55a94acd722f6dd1595f71886ea225e",
        "meta": {
          "versionId": "327915906",
          "lastUpdated": "2025-05-07T02:12:26.641Z",
          "profile": [
            "https://www.medizininformatik-initiative.de/fhir/modul-consent/StructureDefinition/mii-pr-consent-einwilligung|2025.0.1"
          ]
        },
        "status": "active",
        "scope": {
          "coding": [
            {
              "system": "http://terminology.hl7.org/CodeSystem/consentscope",
              "code": "research"
            }
          ]
        },
        "category": [
          {
            "coding": [
              {
                "system": "http://loinc.org",
                "code": "57016-8"
              }
            ]
          },
          {
            "coding": [
              {
                "system": "https://www.medizininformatik-initiative.de/fhir/modul-consent/CodeSystem/mii-cs-consent-consent_category",
                "code": "2.16.840.1.113883.3.1937.777.24.2.184"
              }
            ]
          }
        ],
        "patient": {
          "reference": "Patient/PID-43abc38be52bcd9bc05ca21b0bfdd6433c06d399c19fe218a770925e"
        },
        "dateTime": "2024-06-02",
        "policy": [
          {
            "uri": "2.16.840.1.113883.3.1937.777.24.2.1791"
          }
        ],
        "provision": {
          "type": "deny",
          "period": {
            "start": "2024-06-02",
            "end": "3024-06-02"
          },
          "provision": [
            {
              "type": "permit",
              "period": {
                "start": "2024-06-02",
                "end": "3024-06-02"
              },
              "code": [
                {
                  "coding": [
                    {
                      "system": "urn:oid:2.16.840.1.113883.3.1937.777.24.5.3",
                      "code": "2.16.840.1.113883.3.1937.777.24.5.3.2",
                      "display": "IDAT erheben"
                    }
                  ]
                },
                {
                  "coding": [
                    {
                      "system": "urn:oid:2.16.840.1.113883.3.1937.777.24.5.3",
                      "code": "2.16.840.1.113883.3.1937.777.24.5.3.3",
                      "display": "IDAT speichern, verarbeiten"
                    }
                  ]
                },
                {
                  "coding": [
                    {
                      "system": "urn:oid:2.16.840.1.113883.3.1937.777.24.5.3",
                      "code": "2.16.840.1.113883.3.1937.777.24.5.3.4",
                      "display": "IDAT zusammenfuehren Dritte"
                    }
                  ]
                },
                {
                  "coding": [
                    {
                      "system": "urn:oid:2.16.840.1.113883.3.1937.777.24.5.3",
                      "code": "2.16.840.1.113883.3.1937.777.24.5.3.5",
                      "display": "IDAT bereitstellen EU DSGVO NIVEAU"
                    }
                  ]
                },
                {
                  "coding": [
                    {
                      "system": "urn:oid:2.16.840.1.113883.3.1937.777.24.5.3",
                      "code": "2.16.840.1.113883.3.1937.777.24.5.3.6",
                      "display": "MDAT erheben"
                    }
                  ]
                },
                {
                  "coding": [
                    {
                      "system": "urn:oid:2.16.840.1.113883.3.1937.777.24.5.3",
                      "code": "2.16.840.1.113883.3.1937.777.24.5.3.7",
                      "display": "MDAT speichern, verarbeiten"
                    }
                  ]
                },
                {
                  "coding": [
                    {
                      "system": "urn:oid:2.16.840.1.113883.3.1937.777.24.5.3",
                      "code": "2.16.840.1.113883.3.1937.777.24.5.3.8",
                      "display": "MDAT wissenschaftlich nutzen EU DSGVO NIVEAU"
                    }
                  ]
                },
                {
                  "coding": [
                    {
                      "system": "urn:oid:2.16.840.1.113883.3.1937.777.24.5.3",
                      "code": "2.16.840.1.113883.3.1937.777.24.5.3.9",
                      "display": "MDAT zusammenfuehren Dritte"
                    }
                  ]
                },
                {
                  "coding": [
                    {
                      "system": "urn:oid:2.16.840.1.113883.3.1937.777.24.5.3",
                      "code": "2.16.840.1.113883.3.1937.777.24.5.3.45",
                      "display": "MDAT retrospektiv speichern verarbeiten"
                    }
                  ]
                },
                {
                  "coding": [
                    {
                      "system": "urn:oid:2.16.840.1.113883.3.1937.777.24.5.3",
                      "code": "2.16.840.1.113883.3.1937.777.24.5.3.46",
                      "display": "MDAT retrospektiv wissenschaftlich nutzen EU DSGVO NIVEAU"
                    }
                  ]
                },
                {
                  "coding": [
                    {
                      "system": "urn:oid:2.16.840.1.113883.3.1937.777.24.5.3",
                      "code": "2.16.840.1.113883.3.1937.777.24.5.3.47",
                      "display": "MDAT retrospektiv zusammenfuehren Dritte"
                    }
                  ]
                },
                {
                  "coding": [
                    {
                      "system": "urn:oid:2.16.840.1.113883.3.1937.777.24.5.3",
                      "code": "2.16.840.1.113883.3.1937.777.24.5.3.19",
                      "display": "BIOMAT erheben"
                    }
                  ]
                },
                {
                  "coding": [
                    {
                      "system": "urn:oid:2.16.840.1.113883.3.1937.777.24.5.3",
                      "code": "2.16.840.1.113883.3.1937.777.24.5.3.20",
                      "display": "BIOMAT lagern verarbeiten"
                    }
                  ]
                },
                {
                  "coding": [
                    {
                      "system": "urn:oid:2.16.840.1.113883.3.1937.777.24.5.3",
                      "code": "2.16.840.1.113883.3.1937.777.24.5.3.21",
                      "display": "BIOMAT Eigentum übertragen"
                    }
                  ]
                },
                {
                  "coding": [
                    {
                      "system": "urn:oid:2.16.840.1.113883.3.1937.777.24.5.3",
                      "code": "2.16.840.1.113883.3.1937.777.24.5.3.22",
                      "display": "BIOMAT wissenschaftlich nutzen EU DSGVO NIVEAU"
                    }
                  ]
                },
                {
                  "coding": [
                    {
                      "system": "urn:oid:2.16.840.1.113883.3.1937.777.24.5.3",
                      "code": "2.16.840.1.113883.3.1937.777.24.5.3.23",
                      "display": "BIOMAT Analysedaten zusammenfuehren Dritte"
                    }
                  ]
                },
                {
                  "coding": [
                    {
                      "system": "urn:oid:2.16.840.1.113883.3.1937.777.24.5.3",
                      "code": "2.16.840.1.113883.3.1937.777.24.5.3.51",
                      "display": "BIOMAT retrospektiv lagern verarbeiten"
                    }
                  ]
                },
                {
                  "coding": [
                    {
                      "system": "urn:oid:2.16.840.1.113883.3.1937.777.24.5.3",
                      "code": "2.16.840.1.113883.3.1937.777.24.5.3.52",
                      "display": "BIOMAT retrospektiv wissenschaftlich nutzen EU DSGVO NIVEAU"
                    }
                  ]
                },
                {
                  "coding": [
                    {
                      "system": "urn:oid:2.16.840.1.113883.3.1937.777.24.5.3",
                      "code": "2.16.840.1.113883.3.1937.777.24.5.3.53",
                      "display": "BIOMAT retrospektiv Analysedaten zusammenfuehren Dritte"
                    }
                  ]
                },
                {
                  "coding": [
                    {
                      "system": "urn:oid:2.16.840.1.113883.3.1937.777.24.5.3",
                      "code": "2.16.840.1.113883.3.1937.777.24.5.3.37",
                      "display": "Rekontaktierung Ergebnisse erheblicher Bedeutung"
                    }
                  ]
                },
                {
                  "coding": [
                    {
                      "system": "urn:oid:2.16.840.1.113883.3.1937.777.24.5.3",
                      "code": "2.16.840.1.113883.3.1937.777.24.5.3.31",
                      "display": "Rekontaktierung Zusatzbefund"
                    }
                  ]
                },
                {
                  "coding": [
                    {
                      "system": "urn:oid:2.16.840.1.113883.3.1937.777.24.5.3",
                      "code": "2.16.840.1.113883.3.1937.777.24.5.3.28",
                      "display": "Rekontaktierung weitere Erhebung"
                    }
                  ]
                },
                {
                  "coding": [
                    {
                      "system": "urn:oid:2.16.840.1.113883.3.1937.777.24.5.3",
                      "code": "2.16.840.1.113883.3.1937.777.24.5.3.29",
                      "display": "Rekontaktierung weitere Studien"
                    }
                  ]
                }
              ]
            }
          ]
        }
      },
      "search": {
        "mode": "match"
      }
    },
    {
      "fullUrl": "http://num-fhirserver.distan.medicsh.de:8080/fhir/Encounter/PV-27cde1437ef530f362e2fa65f48ea2e0a567ee58b23133c01fe19a2b",
      "resource": {
        "resourceType": "Encounter",
        "id": "PV-27cde1437ef530f362e2fa65f48ea2e0a567ee58b23133c01fe19a2b",
        "meta": {
          "versionId": "196152115",
          "lastUpdated": "2025-03-18T04:52:17.487Z",
          "source": "http://medic.uksh.de/source/orbis/legacy",
          "profile": [
            "https://www.medizininformatik-initiative.de/fhir/core/modul-fall/StructureDefinition/KontaktGesundheitseinrichtung|2025.0.0"
          ]
        },
        "identifier": [
          {
            "use": "official",
            "type": {
              "coding": [
                {
                  "system": "http://terminology.hl7.org/CodeSystem/v2-0203",
                  "code": "VN"
                }
              ]
            },
            "system": "http://medic.uksh.de/fhir/Encounter",
            "value": "27cde1437ef530f362e2fa65f48ea2e0a567ee58b23133c01fe19a2b"
          }
        ],
        "status": "finished",
        "class": {
          "system": "http://terminology.hl7.org/CodeSystem/v3-ActCode",
          "code": "AMB"
        },
        "type": [
          {
            "coding": [
              {
                "system": "http://fhir.de/CodeSystem/Kontaktebene",
                "code": "einrichtungskontakt"
              }
            ]
          }
        ],
        "subject": {
          "reference": "Patient/PID-43abc38be52bcd9bc05ca21b0bfdd6433c06d399c19fe218a770925e"
        },
        "period": {
          "start": "2011-08-16T12:17:00+02:00",
          "end": "2011-09-30T23:59:59+02:00"
        },
        "hospitalization": {
          "admitSource": {
            "coding": [
              {
                "system": "http://fhir.de/CodeSystem/dgkev/Aufnahmeanlass",
                "code": "E"
              }
            ]
          }
        }
      },
      "search": {
        "mode": "match"
      }
    },
    {
      "fullUrl": "http://num-fhirserver.distan.medicsh.de:8080/fhir/Encounter/PV-2fc4104fff008bc0079ce17f84efe36dd41bc91d6939b156e5fc5307",
      "resource": {
        "resourceType": "Encounter",
        "id": "PV-2fc4104fff008bc0079ce17f84efe36dd41bc91d6939b156e5fc5307",
        "meta": {
          "versionId": "196151902",
          "lastUpdated": "2025-03-18T04:52:16.816Z",
          "source": "http://medic.uksh.de/source/orbis/legacy",
          "profile": [
            "https://www.medizininformatik-initiative.de/fhir/core/modul-fall/StructureDefinition/KontaktGesundheitseinrichtung|2025.0.0"
          ]
        },
        "identifier": [
          {
            "use": "official",
            "type": {
              "coding": [
                {
                  "system": "http://terminology.hl7.org/CodeSystem/v2-0203",
                  "code": "VN"
                }
              ]
            },
            "system": "http://medic.uksh.de/fhir/Encounter",
            "value": "2fc4104fff008bc0079ce17f84efe36dd41bc91d6939b156e5fc5307"
          }
        ],
        "status": "finished",
        "class": {
          "system": "http://terminology.hl7.org/CodeSystem/v3-ActCode",
          "code": "AMB"
        },
        "type": [
          {
            "coding": [
              {
                "system": "http://fhir.de/CodeSystem/Kontaktebene",
                "code": "einrichtungskontakt"
              }
            ]
          }
        ],
        "subject": {
          "reference": "Patient/PID-43abc38be52bcd9bc05ca21b0bfdd6433c06d399c19fe218a770925e"
        },
        "period": {
          "start": "2019-05-24T02:35:00+02:00",
          "end": "2019-06-30T23:59:59+02:00"
        },
        "hospitalization": {
          "admitSource": {
            "coding": [
              {
                "system": "http://fhir.de/CodeSystem/dgkev/Aufnahmeanlass",
                "code": "E"
              }
            ]
          }
        }
      },
      "search": {
        "mode": "match"
      }
    },
    {
      "fullUrl": "http://num-fhirserver.distan.medicsh.de:8080/fhir/Encounter/PV-ab10d6b9afede0f8584857aea25c542872a9672897810608c136dca3",
      "resource": {
        "resourceType": "Encounter",
        "id": "PV-ab10d6b9afede0f8584857aea25c542872a9672897810608c136dca3",
        "meta": {
          "versionId": "233639115",
          "lastUpdated": "2025-03-19T13:20:30.349Z",
          "source": "http://medic.uksh.de/source/orbis/adt",
          "profile": [
            "https://www.medizininformatik-initiative.de/fhir/core/modul-fall/StructureDefinition/KontaktGesundheitseinrichtung|2025.0.0"
          ]
        },
        "identifier": [
          {
            "use": "official",
            "type": {
              "coding": [
                {
                  "system": "http://terminology.hl7.org/CodeSystem/v2-0203",
                  "code": "VN"
                }
              ]
            },
            "system": "http://medic.uksh.de/fhir/Encounter",
            "value": "ab10d6b9afede0f8584857aea25c542872a9672897810608c136dca3"
          }
        ],
        "status": "finished",
        "class": {
          "system": "http://terminology.hl7.org/CodeSystem/v3-ActCode",
          "code": "AMB"
        },
        "type": [
          {
            "coding": [
              {
                "system": "http://fhir.de/CodeSystem/Kontaktebene",
                "code": "einrichtungskontakt"
              }
            ]
          }
        ],
        "subject": {
          "reference": "Patient/PID-43abc38be52bcd9bc05ca21b0bfdd6433c06d399c19fe218a770925e"
        },
        "period": {
          "start": "2022-01-07T21:44:00+01:00",
          "end": "2022-03-31T23:59:59+02:00"
        }
      },
      "search": {
        "mode": "match"
      }
    },
    {
      "fullUrl": "http://num-fhirserver.distan.medicsh.de:8080/fhir/Encounter/PV-d41c8200b24e0dca8fc11378a7961e4ce48d9a85954672201988b35f",
      "resource": {
        "resourceType": "Encounter",
        "id": "PV-d41c8200b24e0dca8fc11378a7961e4ce48d9a85954672201988b35f",
        "meta": {
          "versionId": "196152063",
          "lastUpdated": "2025-03-18T04:52:17.335Z",
          "source": "http://medic.uksh.de/source/orbis/legacy",
          "profile": [
            "https://www.medizininformatik-initiative.de/fhir/core/modul-fall/StructureDefinition/KontaktGesundheitseinrichtung|2025.0.0"
          ]
        },
        "identifier": [
          {
            "use": "official",
            "type": {
              "coding": [
                {
                  "system": "http://terminology.hl7.org/CodeSystem/v2-0203",
                  "code": "VN"
                }
              ]
            },
            "system": "http://medic.uksh.de/fhir/Encounter",
            "value": "d41c8200b24e0dca8fc11378a7961e4ce48d9a85954672201988b35f"
          }
        ],
        "status": "finished",
        "class": {
          "system": "http://terminology.hl7.org/CodeSystem/v3-ActCode",
          "code": "AMB"
        },
        "type": [
          {
            "coding": [
              {
                "system": "http://fhir.de/CodeSystem/Kontaktebene",
                "code": "einrichtungskontakt"
              }
            ]
          }
        ],
        "subject": {
          "reference": "Patient/PID-43abc38be52bcd9bc05ca21b0bfdd6433c06d399c19fe218a770925e"
        },
        "period": {
          "start": "2011-12-07T14:06:00+01:00",
          "end": "2011-12-31T23:59:59+01:00"
        },
        "hospitalization": {
          "admitSource": {
            "coding": [
              {
                "system": "http://fhir.de/CodeSystem/dgkev/Aufnahmeanlass",
                "code": "E"
              }
            ]
          }
        }
      },
      "search": {
        "mode": "match"
      }
    },
    {
      "fullUrl": "http://num-fhirserver.distan.medicsh.de:8080/fhir/Encounter/PV-d551585c331859407f8737f37b2d1615916f390ffc902e1c66bb11ef",
      "resource": {
        "resourceType": "Encounter",
        "id": "PV-d551585c331859407f8737f37b2d1615916f390ffc902e1c66bb11ef",
        "meta": {
          "versionId": "196152004",
          "lastUpdated": "2025-03-18T04:52:17.134Z",
          "source": "http://medic.uksh.de/source/orbis/legacy",
          "profile": [
            "https://www.medizininformatik-initiative.de/fhir/core/modul-fall/StructureDefinition/KontaktGesundheitseinrichtung|2025.0.0"
          ]
        },
        "identifier": [
          {
            "use": "official",
            "type": {
              "coding": [
                {
                  "system": "http://terminology.hl7.org/CodeSystem/v2-0203",
                  "code": "VN"
                }
              ]
            },
            "system": "http://medic.uksh.de/fhir/Encounter",
            "value": "d551585c331859407f8737f37b2d1615916f390ffc902e1c66bb11ef"
          }
        ],
        "status": "finished",
        "class": {
          "system": "http://terminology.hl7.org/CodeSystem/v3-ActCode",
          "code": "AMB"
        },
        "type": [
          {
            "coding": [
              {
                "system": "http://fhir.de/CodeSystem/Kontaktebene",
                "code": "einrichtungskontakt"
              }
            ]
          }
        ],
        "subject": {
          "reference": "Patient/PID-43abc38be52bcd9bc05ca21b0bfdd6433c06d399c19fe218a770925e"
        },
        "period": {
          "start": "2013-03-06T07:22:00+01:00",
          "end": "2013-03-31T23:59:59+02:00"
        },
        "hospitalization": {
          "admitSource": {
            "coding": [
              {
                "system": "http://fhir.de/CodeSystem/dgkev/Aufnahmeanlass",
                "code": "E"
              }
            ]
          }
        }
      },
      "search": {
        "mode": "match"
      }
    },
    {
      "fullUrl": "http://num-fhirserver.distan.medicsh.de:8080/fhir/Encounter/PV-dc47f94db70c61f71226c1d38b2c17422a31362cc66324e96d4316a2",
      "resource": {
        "resourceType": "Encounter",
        "id": "PV-dc47f94db70c61f71226c1d38b2c17422a31362cc66324e96d4316a2",
        "meta": {
          "versionId": "196152185",
          "lastUpdated": "2025-03-18T04:52:17.691Z",
          "source": "http://medic.uksh.de/source/orbis/legacy",
          "profile": [
            "https://www.medizininformatik-initiative.de/fhir/core/modul-fall/StructureDefinition/KontaktGesundheitseinrichtung|2025.0.0"
          ]
        },
        "identifier": [
          {
            "use": "official",
            "type": {
              "coding": [
                {
                  "system": "http://terminology.hl7.org/CodeSystem/v2-0203",
                  "code": "VN"
                }
              ]
            },
            "system": "http://medic.uksh.de/fhir/Encounter",
            "value": "dc47f94db70c61f71226c1d38b2c17422a31362cc66324e96d4316a2"
          }
        ],
        "status": "finished",
        "class": {
          "system": "http://terminology.hl7.org/CodeSystem/v3-ActCode",
          "code": "AMB"
        },
        "type": [
          {
            "coding": [
              {
                "system": "http://fhir.de/CodeSystem/Kontaktebene",
                "code": "einrichtungskontakt"
              }
            ]
          }
        ],
        "subject": {
          "reference": "Patient/PID-43abc38be52bcd9bc05ca21b0bfdd6433c06d399c19fe218a770925e"
        },
        "period": {
          "start": "2009-04-24T09:13:00+02:00",
          "end": "2009-06-30T23:59:59+02:00"
        },
        "hospitalization": {
          "admitSource": {
            "coding": [
              {
                "system": "http://fhir.de/CodeSystem/dgkev/Aufnahmeanlass",
                "code": "E"
              }
            ]
          }
        }
      },
      "search": {
        "mode": "match"
      }
    },
    {
      "fullUrl": "http://num-fhirserver.distan.medicsh.de:8080/fhir/Encounter/PV-e8a716b4a17245e26e60a545febba49aa22b602eaf6cec19800d64c7",
      "resource": {
        "resourceType": "Encounter",
        "id": "PV-e8a716b4a17245e26e60a545febba49aa22b602eaf6cec19800d64c7",
        "meta": {
          "versionId": "196151950",
          "lastUpdated": "2025-03-18T04:52:16.976Z",
          "source": "http://medic.uksh.de/source/orbis/legacy",
          "profile": [
            "https://www.medizininformatik-initiative.de/fhir/core/modul-fall/StructureDefinition/KontaktGesundheitseinrichtung|2025.0.0"
          ]
        },
        "identifier": [
          {
            "use": "official",
            "type": {
              "coding": [
                {
                  "system": "http://terminology.hl7.org/CodeSystem/v2-0203",
                  "code": "VN"
                }
              ]
            },
            "system": "http://medic.uksh.de/fhir/Encounter",
            "value": "e8a716b4a17245e26e60a545febba49aa22b602eaf6cec19800d64c7"
          }
        ],
        "status": "finished",
        "class": {
          "system": "http://terminology.hl7.org/CodeSystem/v3-ActCode",
          "code": "AMB"
        },
        "type": [
          {
            "coding": [
              {
                "system": "http://fhir.de/CodeSystem/Kontaktebene",
                "code": "einrichtungskontakt"
              }
            ]
          }
        ],
        "subject": {
          "reference": "Patient/PID-43abc38be52bcd9bc05ca21b0bfdd6433c06d399c19fe218a770925e"
        },
        "period": {
          "start": "2016-01-05T11:19:00+01:00",
          "end": "2016-03-31T23:59:59+02:00"
        },
        "hospitalization": {
          "admitSource": {
            "coding": [
              {
                "system": "http://fhir.de/CodeSystem/dgkev/Aufnahmeanlass",
                "code": "E"
              }
            ]
          }
        }
      },
      "search": {
        "mode": "match"
      }
    },
    {
      "fullUrl": "http://num-fhirserver.distan.medicsh.de:8080/fhir/Encounter/PV-ff0424c48c9de30739e17616bf896156d8c8ae55e29e0101bb2acb00",
      "resource": {
        "resourceType": "Encounter",
        "id": "PV-ff0424c48c9de30739e17616bf896156d8c8ae55e29e0101bb2acb00",
        "meta": {
          "versionId": "196152238",
          "lastUpdated": "2025-03-18T04:52:17.856Z",
          "source": "http://medic.uksh.de/source/orbis/legacy",
          "profile": [
            "https://www.medizininformatik-initiative.de/fhir/core/modul-fall/StructureDefinition/KontaktGesundheitseinrichtung|2025.0.0"
          ]
        },
        "identifier": [
          {
            "use": "official",
            "type": {
              "coding": [
                {
                  "system": "http://terminology.hl7.org/CodeSystem/v2-0203",
                  "code": "VN"
                }
              ]
            },
            "system": "http://medic.uksh.de/fhir/Encounter",
            "value": "ff0424c48c9de30739e17616bf896156d8c8ae55e29e0101bb2acb00"
          }
        ],
        "status": "finished",
        "class": {
          "system": "http://terminology.hl7.org/CodeSystem/v3-ActCode",
          "code": "AMB"
        },
        "type": [
          {
            "coding": [
              {
                "system": "http://fhir.de/CodeSystem/Kontaktebene",
                "code": "einrichtungskontakt"
              }
            ]
          }
        ],
        "subject": {
          "reference": "Patient/PID-43abc38be52bcd9bc05ca21b0bfdd6433c06d399c19fe218a770925e"
        },
        "period": {
          "start": "2009-04-06T15:50:00+02:00",
          "end": "2009-06-30T23:59:59+02:00"
        },
        "hospitalization": {
          "admitSource": {
            "coding": [
              {
                "system": "http://fhir.de/CodeSystem/dgkev/Aufnahmeanlass",
                "code": "E"
              }
            ]
          }
        }
      },
      "search": {
        "mode": "match"
      }
    },
    {
      "fullUrl": "http://num-fhirserver.distan.medicsh.de:8080/fhir/Observation/VIT-2691da85a6932c5cbc7ad56aa0c70bee20e664221ee990270d71670e",
      "resource": {
        "resourceType": "Observation",
        "id": "VIT-2691da85a6932c5cbc7ad56aa0c70bee20e664221ee990270d71670e",
        "meta": {
          "versionId": "196151959",
          "lastUpdated": "2025-03-18T04:52:17Z",
          "profile": [
            "https://www.medizininformatik-initiative.de/fhir/core/modul-person/StructureDefinition/Vitalstatus|2025.0.1"
          ]
        },
        "status": "final",
        "category": [
          {
            "coding": [
              {
                "system": "http://terminology.hl7.org/CodeSystem/observation-category",
                "code": "survey"
              }
            ]
          }
        ],
        "code": {
          "coding": [
            {
              "system": "http://loinc.org",
              "code": "67162-8"
            }
          ]
        },
        "subject": {
          "reference": "Patient/PID-43abc38be52bcd9bc05ca21b0bfdd6433c06d399c19fe218a770925e"
        },
        "effectiveDateTime": "2016-01-05T11:19:00+01:00",
        "valueCodeableConcept": {
          "coding": [
            {
              "system": "https://www.medizininformatik-initiative.de/fhir/core/modul-person/CodeSystem/Vitalstatus",
              "code": "L"
            }
          ]
        }
      },
      "search": {
        "mode": "match"
      }
    },
    {
      "fullUrl": "http://num-fhirserver.distan.medicsh.de:8080/fhir/Observation/VIT-307bf921fc01287750b5992d36ae145d2f42db6c51cd4c49cde6053b",
      "resource": {
        "resourceType": "Observation",
        "id": "VIT-307bf921fc01287750b5992d36ae145d2f42db6c51cd4c49cde6053b",
        "meta": {
          "versionId": "196152013",
          "lastUpdated": "2025-03-18T04:52:17.158Z",
          "profile": [
            "https://www.medizininformatik-initiative.de/fhir/core/modul-person/StructureDefinition/Vitalstatus|2025.0.1"
          ]
        },
        "status": "final",
        "category": [
          {
            "coding": [
              {
                "system": "http://terminology.hl7.org/CodeSystem/observation-category",
                "code": "survey"
              }
            ]
          }
        ],
        "code": {
          "coding": [
            {
              "system": "http://loinc.org",
              "code": "67162-8"
            }
          ]
        },
        "subject": {
          "reference": "Patient/PID-43abc38be52bcd9bc05ca21b0bfdd6433c06d399c19fe218a770925e"
        },
        "effectiveDateTime": "2013-03-06T07:22:00+01:00",
        "valueCodeableConcept": {
          "coding": [
            {
              "system": "https://www.medizininformatik-initiative.de/fhir/core/modul-person/CodeSystem/Vitalstatus",
              "code": "L"
            }
          ]
        }
      },
      "search": {
        "mode": "match"
      }
    },
    {
      "fullUrl": "http://num-fhirserver.distan.medicsh.de:8080/fhir/Observation/VIT-3f6b0da57ad77089d532f42027e6f60df70a078da43b1fc8361856da",
      "resource": {
        "resourceType": "Observation",
        "id": "VIT-3f6b0da57ad77089d532f42027e6f60df70a078da43b1fc8361856da",
        "meta": {
          "versionId": "196152125",
          "lastUpdated": "2025-03-18T04:52:17.505Z",
          "profile": [
            "https://www.medizininformatik-initiative.de/fhir/core/modul-person/StructureDefinition/Vitalstatus|2025.0.1"
          ]
        },
        "status": "final",
        "category": [
          {
            "coding": [
              {
                "system": "http://terminology.hl7.org/CodeSystem/observation-category",
                "code": "survey"
              }
            ]
          }
        ],
        "code": {
          "coding": [
            {
              "system": "http://loinc.org",
              "code": "67162-8"
            }
          ]
        },
        "subject": {
          "reference": "Patient/PID-43abc38be52bcd9bc05ca21b0bfdd6433c06d399c19fe218a770925e"
        },
        "effectiveDateTime": "2011-08-16T12:17:00+02:00",
        "valueCodeableConcept": {
          "coding": [
            {
              "system": "https://www.medizininformatik-initiative.de/fhir/core/modul-person/CodeSystem/Vitalstatus",
              "code": "L"
            }
          ]
        }
      },
      "search": {
        "mode": "match"
      }
    },
    {
      "fullUrl": "http://num-fhirserver.distan.medicsh.de:8080/fhir/Observation/VIT-9c66dc07a959b61a83d5df0765cf8232cf12c6ff9bb3bde714461313",
      "resource": {
        "resourceType": "Observation",
        "id": "VIT-9c66dc07a959b61a83d5df0765cf8232cf12c6ff9bb3bde714461313",
        "meta": {
          "versionId": "196152195",
          "lastUpdated": "2025-03-18T04:52:17.714Z",
          "profile": [
            "https://www.medizininformatik-initiative.de/fhir/core/modul-person/StructureDefinition/Vitalstatus|2025.0.1"
          ]
        },
        "status": "final",
        "category": [
          {
            "coding": [
              {
                "system": "http://terminology.hl7.org/CodeSystem/observation-category",
                "code": "survey"
              }
            ]
          }
        ],
        "code": {
          "coding": [
            {
              "system": "http://loinc.org",
              "code": "67162-8"
            }
          ]
        },
        "subject": {
          "reference": "Patient/PID-43abc38be52bcd9bc05ca21b0bfdd6433c06d399c19fe218a770925e"
        },
        "effectiveDateTime": "2009-04-24T09:13:00+02:00",
        "valueCodeableConcept": {
          "coding": [
            {
              "system": "https://www.medizininformatik-initiative.de/fhir/core/modul-person/CodeSystem/Vitalstatus",
              "code": "L"
            }
          ]
        }
      },
      "search": {
        "mode": "match"
      }
    },
    {
      "fullUrl": "http://num-fhirserver.distan.medicsh.de:8080/fhir/Observation/VIT-afe8c46b2abb8c25ea7b33e01a5db2d80d6eea5031a9db78d66b7602",
      "resource": {
        "resourceType": "Observation",
        "id": "VIT-afe8c46b2abb8c25ea7b33e01a5db2d80d6eea5031a9db78d66b7602",
        "meta": {
          "versionId": "233639130",
          "lastUpdated": "2025-03-19T13:20:30.375Z",
          "profile": [
            "https://www.medizininformatik-initiative.de/fhir/core/modul-person/StructureDefinition/Vitalstatus|2025.0.1"
          ]
        },
        "status": "final",
        "category": [
          {
            "coding": [
              {
                "system": "http://terminology.hl7.org/CodeSystem/observation-category",
                "code": "survey"
              }
            ]
          }
        ],
        "code": {
          "coding": [
            {
              "system": "http://loinc.org",
              "code": "67162-8"
            }
          ]
        },
        "subject": {
          "reference": "Patient/PID-43abc38be52bcd9bc05ca21b0bfdd6433c06d399c19fe218a770925e"
        },
        "effectiveDateTime": "2022-03-31T23:59:59+02:00",
        "valueCodeableConcept": {
          "coding": [
            {
              "system": "https://www.medizininformatik-initiative.de/fhir/core/modul-person/CodeSystem/Vitalstatus",
              "code": "L"
            }
          ]
        }
      },
      "search": {
        "mode": "match"
      }
    },
    {
      "fullUrl": "http://num-fhirserver.distan.medicsh.de:8080/fhir/Observation/VIT-e63d03848b7c8de927a8ab4689bbe1788873acc8847b9a1b7cba921b",
      "resource": {
        "resourceType": "Observation",
        "id": "VIT-e63d03848b7c8de927a8ab4689bbe1788873acc8847b9a1b7cba921b",
        "meta": {
          "versionId": "196152249",
          "lastUpdated": "2025-03-18T04:52:17.881Z",
          "profile": [
            "https://www.medizininformatik-initiative.de/fhir/core/modul-person/StructureDefinition/Vitalstatus|2025.0.1"
          ]
        },
        "status": "final",
        "category": [
          {
            "coding": [
              {
                "system": "http://terminology.hl7.org/CodeSystem/observation-category",
                "code": "survey"
              }
            ]
          }
        ],
        "code": {
          "coding": [
            {
              "system": "http://loinc.org",
              "code": "67162-8"
            }
          ]
        },
        "subject": {
          "reference": "Patient/PID-43abc38be52bcd9bc05ca21b0bfdd6433c06d399c19fe218a770925e"
        },
        "effectiveDateTime": "2009-04-06T15:50:00+02:00",
        "valueCodeableConcept": {
          "coding": [
            {
              "system": "https://www.medizininformatik-initiative.de/fhir/core/modul-person/CodeSystem/Vitalstatus",
              "code": "L"
            }
          ]
        }
      },
      "search": {
        "mode": "match"
      }
    },
    {
      "fullUrl": "http://num-fhirserver.distan.medicsh.de:8080/fhir/Observation/VIT-ed1dc75fb747ba1f31bf85007263dbacfb07e24940a7d3b1297a6752",
      "resource": {
        "resourceType": "Observation",
        "id": "VIT-ed1dc75fb747ba1f31bf85007263dbacfb07e24940a7d3b1297a6752",
        "meta": {
          "versionId": "196151910",
          "lastUpdated": "2025-03-18T04:52:16.835Z",
          "profile": [
            "https://www.medizininformatik-initiative.de/fhir/core/modul-person/StructureDefinition/Vitalstatus|2025.0.1"
          ]
        },
        "status": "final",
        "category": [
          {
            "coding": [
              {
                "system": "http://terminology.hl7.org/CodeSystem/observation-category",
                "code": "survey"
              }
            ]
          }
        ],
        "code": {
          "coding": [
            {
              "system": "http://loinc.org",
              "code": "67162-8"
            }
          ]
        },
        "subject": {
          "reference": "Patient/PID-43abc38be52bcd9bc05ca21b0bfdd6433c06d399c19fe218a770925e"
        },
        "effectiveDateTime": "2019-05-24T02:35:00+02:00",
        "valueCodeableConcept": {
          "coding": [
            {
              "system": "https://www.medizininformatik-initiative.de/fhir/core/modul-person/CodeSystem/Vitalstatus",
              "code": "L"
            }
          ]
        }
      },
      "search": {
        "mode": "match"
      }
    },
    {
      "fullUrl": "http://num-fhirserver.distan.medicsh.de:8080/fhir/Observation/VIT-edc6ed794bf438353b4e8f1e0bde7ee1a69de1cb22d9d531eff3dea4",
      "resource": {
        "resourceType": "Observation",
        "id": "VIT-edc6ed794bf438353b4e8f1e0bde7ee1a69de1cb22d9d531eff3dea4",
        "meta": {
          "versionId": "196152071",
          "lastUpdated": "2025-03-18T04:52:17.359Z",
          "profile": [
            "https://www.medizininformatik-initiative.de/fhir/core/modul-person/StructureDefinition/Vitalstatus|2025.0.1"
          ]
        },
        "status": "final",
        "category": [
          {
            "coding": [
              {
                "system": "http://terminology.hl7.org/CodeSystem/observation-category",
                "code": "survey"
              }
            ]
          }
        ],
        "code": {
          "coding": [
            {
              "system": "http://loinc.org",
              "code": "67162-8"
            }
          ]
        },
        "subject": {
          "reference": "Patient/PID-43abc38be52bcd9bc05ca21b0bfdd6433c06d399c19fe218a770925e"
        },
        "effectiveDateTime": "2011-12-07T14:06:00+01:00",
        "valueCodeableConcept": {
          "coding": [
            {
              "system": "https://www.medizininformatik-initiative.de/fhir/core/modul-person/CodeSystem/Vitalstatus",
              "code": "L"
            }
          ]
        }
      },
      "search": {
        "mode": "match"
      }
    },
    {
      "fullUrl": "http://num-fhirserver.distan.medicsh.de:8080/fhir/Observation/VIT-ef62233babb93172124565a4ffc3a6ea514077ebd4b529d7ba17c8a9",
      "resource": {
        "resourceType": "Observation",
        "id": "VIT-ef62233babb93172124565a4ffc3a6ea514077ebd4b529d7ba17c8a9",
        "meta": {
          "versionId": "233639122",
          "lastUpdated": "2025-03-19T13:20:30.362Z",
          "profile": [
            "https://www.medizininformatik-initiative.de/fhir/core/modul-person/StructureDefinition/Vitalstatus|2025.0.1"
          ]
        },
        "status": "final",
        "category": [
          {
            "coding": [
              {
                "system": "http://terminology.hl7.org/CodeSystem/observation-category",
                "code": "survey"
              }
            ]
          }
        ],
        "code": {
          "coding": [
            {
              "system": "http://loinc.org",
              "code": "67162-8"
            }
          ]
        },
        "subject": {
          "reference": "Patient/PID-43abc38be52bcd9bc05ca21b0bfdd6433c06d399c19fe218a770925e"
        },
        "effectiveDateTime": "2022-01-07T21:44:00+01:00",
        "valueCodeableConcept": {
          "coding": [
            {
              "system": "https://www.medizininformatik-initiative.de/fhir/core/modul-person/CodeSystem/Vitalstatus",
              "code": "L"
            }
          ]
        }
      },
      "search": {
        "mode": "match"
      }
    }
  ]
}
