{
  "resourceType": "Bundle",
  "id": "DGTUYAPCXMY4TT2M",
  "type": "searchset",
  "total": 5,
  "entry": [
    {
      "fullUrl": "http://num-fhirserver.distan.medicsh.de:8080/fhir/Patient/PID-453dd823c90660e2c71fa9ae2539bfab3b2703b8e6afd758a093d451",
      "resource": {
        "resourceType": "Patient",
        "id": "PID-453dd823c90660e2c71fa9ae2539bfab3b2703b8e6afd758a093d451",
        "meta": {
          "versionId": "166060369",
          "lastUpdated": "2025-03-16T18:41:30.108Z",
          "profile": [
            "https://www.medizininformatik-initiative.de/fhir/core/modul-person/StructureDefinition/PatientPseudonymisiert|2025.0.1"
          ]
        },
        "identifier": [
          {
            "use": "usual",
            "type": {
              "coding": [
                {
                  "system": "http://terminology.hl7.org/CodeSystem/v3-ObservationValue",
                  "code": "PSEUDED"
                }
              ]
            },
            "system": "https://www.medizininformatik-initiative.de/fhir/sid/pseudonym",
            "value": "453dd823c90660e2c71fa9ae2539bfab3b2703b8e6afd758a093d451"
          }
        ],
        "gender": "male",
        "birthDate": "1977-05",
        "deceasedBoolean": true,
        "address": [
          {
            "type": "both",
            "postalCode": "241",
            "country": "DE"
          }
        ]
      },
      "search": {
        "mode": "match"
      }
    },
    {
      "fullUrl": "http://num-fhirserver.distan.medicsh.de:8080/fhir/Encounter/PV-807abaf192d6bf2880c0f07480d3348d1e123d9805deded99b494ebc",
      "resource": {
        "resourceType": "Encounter",
        "id": "PV-807abaf192d6bf2880c0f07480d3348d1e123d9805deded99b494ebc",
        "meta": {
          "versionId": "166060330",
          "lastUpdated": "2025-03-16T18:41:30.022Z",
          "source": "http://medic.uksh.de/source/orbis/legacy",
          "profile": [
            "https://www.medizininformatik-initiative.de/fhir/core/modul-fall/StructureDefinition/KontaktGesundheitseinrichtung|2025.0.0"
          ]
        },
        "identifier": [
          {
            "use": "official",
            "type": {
              "coding": [
                {
                  "system": "http://terminology.hl7.org/CodeSystem/v2-0203",
                  "code": "VN"
                }
              ]
            },
            "system": "http://medic.uksh.de/fhir/Encounter",
            "value": "807abaf192d6bf2880c0f07480d3348d1e123d9805deded99b494ebc"
          }
        ],
        "status": "finished",
        "class": {
          "system": "http://terminology.hl7.org/CodeSystem/v3-ActCode",
          "code": "AMB"
        },
        "type": [
          {
            "coding": [
              {
                "system": "http://fhir.de/CodeSystem/Kontaktebene",
                "code": "einrichtungskontakt"
              }
            ]
          }
        ],
        "subject": {
          "reference": "Patient/PID-453dd823c90660e2c71fa9ae2539bfab3b2703b8e6afd758a093d451"
        },
        "period": {
          "start": "2011-04-26T14:03:00+02:00",
          "end": "2011-06-30T23:59:59+02:00"
        },
        "hospitalization": {
          "admitSource": {
            "coding": [
              {
                "system": "http://fhir.de/CodeSystem/dgkev/Aufnahmeanlass",
                "code": "E"
              }
            ]
          }
        }
      },
      "search": {
        "mode": "match"
      }
    },
    {
      "fullUrl": "http://num-fhirserver.distan.medicsh.de:8080/fhir/Encounter/PV-fb9f178f2090805695f1df98326f3bab85b29295359989ad018975d9",
      "resource": {
        "resourceType": "Encounter",
        "id": "PV-fb9f178f2090805695f1df98326f3bab85b29295359989ad018975d9",
        "meta": {
          "versionId": "166060260",
          "lastUpdated": "2025-03-16T18:41:29.841Z",
          "source": "http://medic.uksh.de/source/orbis/legacy",
          "profile": [
            "https://www.medizininformatik-initiative.de/fhir/core/modul-fall/StructureDefinition/KontaktGesundheitseinrichtung|2025.0.0"
          ]
        },
        "identifier": [
          {
            "use": "official",
            "type": {
              "coding": [
                {
                  "system": "http://terminology.hl7.org/CodeSystem/v2-0203",
                  "code": "VN"
                }
              ]
            },
            "system": "http://medic.uksh.de/fhir/Encounter",
            "value": "fb9f178f2090805695f1df98326f3bab85b29295359989ad018975d9"
          }
        ],
        "status": "finished",
        "class": {
          "system": "http://terminology.hl7.org/CodeSystem/v3-ActCode",
          "code": "AMB"
        },
        "type": [
          {
            "coding": [
              {
                "system": "http://fhir.de/CodeSystem/Kontaktebene",
                "code": "einrichtungskontakt"
              }
            ]
          }
        ],
        "subject": {
          "reference": "Patient/PID-453dd823c90660e2c71fa9ae2539bfab3b2703b8e6afd758a093d451"
        },
        "period": {
          "start": "2009-08-06T10:11:00+02:00",
          "end": "2009-09-30T23:59:59+02:00"
        },
        "hospitalization": {
          "admitSource": {
            "coding": [
              {
                "system": "http://fhir.de/CodeSystem/dgkev/Aufnahmeanlass",
                "code": "E"
              }
            ]
          }
        }
      },
      "search": {
        "mode": "match"
      }
    },
    {
      "fullUrl": "http://num-fhirserver.distan.medicsh.de:8080/fhir/Observation/VIT-9cd991ffa6b3c675ce0b966228970b9d4d5a5e9606a8a35b1b519838",
      "resource": {
        "resourceType": "Observation",
        "id": "VIT-9cd991ffa6b3c675ce0b966228970b9d4d5a5e9606a8a35b1b519838",
        "meta": {
          "versionId": "166060339",
          "lastUpdated": "2025-03-16T18:41:30.040Z",
          "profile": [
            "https://www.medizininformatik-initiative.de/fhir/core/modul-person/StructureDefinition/Vitalstatus|2025.0.1"
          ]
        },
        "status": "final",
        "category": [
          {
            "coding": [
              {
                "system": "http://terminology.hl7.org/CodeSystem/observation-category",
                "code": "survey"
              }
            ]
          }
        ],
        "code": {
          "coding": [
            {
              "system": "http://loinc.org",
              "code": "67162-8"
            }
          ]
        },
        "subject": {
          "reference": "Patient/PID-453dd823c90660e2c71fa9ae2539bfab3b2703b8e6afd758a093d451"
        },
        "effectiveDateTime": "2011-04-26T14:03:00+02:00",
        "valueCodeableConcept": {
          "coding": [
            {
              "system": "https://www.medizininformatik-initiative.de/fhir/core/modul-person/CodeSystem/Vitalstatus",
              "code": "L"
            }
          ]
        }
      },
      "search": {
        "mode": "match"
      }
    },
    {
      "fullUrl": "http://num-fhirserver.distan.medicsh.de:8080/fhir/Observation/VIT-f35533ffff4366ab5be3a67d65626fe9b1ab63198af75e11a3505349",
      "resource": {
        "resourceType": "Observation",
        "id": "VIT-f35533ffff4366ab5be3a67d65626fe9b1ab63198af75e11a3505349",
        "meta": {
          "versionId": "166060268",
          "lastUpdated": "2025-03-16T18:41:29.856Z",
          "profile": [
            "https://www.medizininformatik-initiative.de/fhir/core/modul-person/StructureDefinition/Vitalstatus|2025.0.1"
          ]
        },
        "status": "final",
        "category": [
          {
            "coding": [
              {
                "system": "http://terminology.hl7.org/CodeSystem/observation-category",
                "code": "survey"
              }
            ]
          }
        ],
        "code": {
          "coding": [
            {
              "system": "http://loinc.org",
              "code": "67162-8"
            }
          ]
        },
        "subject": {
          "reference": "Patient/PID-453dd823c90660e2c71fa9ae2539bfab3b2703b8e6afd758a093d451"
        },
        "effectiveDateTime": "2009-08-06T10:11:00+02:00",
        "valueCodeableConcept": {
          "coding": [
            {
              "system": "https://www.medizininformatik-initiative.de/fhir/core/modul-person/CodeSystem/Vitalstatus",
              "code": "L"
            }
          ]
        }
      },
      "search": {
        "mode": "match"
      }
    }
  ]
}
