{
  "resourceType": "Bundle",
  "id": "DGTUX44BUPFKLMTH",
  "type": "searchset",
  "total": 3,
  "entry": [
    {
      "fullUrl": "http://num-fhirserver.distan.medicsh.de:8080/fhir/Patient/PID-45ec50b188e3cdf9f7758c7f8971315019437b91bbfdb0ecb8538d24",
      "resource": {
        "resourceType": "Patient",
        "id": "PID-45ec50b188e3cdf9f7758c7f8971315019437b91bbfdb0ecb8538d24",
        "meta": {
          "versionId": "144254512",
          "lastUpdated": "2025-03-15T08:32:06.070Z",
          "profile": [
            "https://www.medizininformatik-initiative.de/fhir/core/modul-person/StructureDefinition/PatientPseudonymisiert|2025.0.1"
          ]
        },
        "identifier": [
          {
            "use": "usual",
            "type": {
              "coding": [
                {
                  "system": "http://terminology.hl7.org/CodeSystem/v3-ObservationValue",
                  "code": "PSEUDED"
                }
              ]
            },
            "system": "https://www.medizininformatik-initiative.de/fhir/sid/pseudonym",
            "value": "45ec50b188e3cdf9f7758c7f8971315019437b91bbfdb0ecb8538d24"
          }
        ],
        "gender": "male",
        "birthDate": "2007-08",
        "deceasedBoolean": true
      },
      "search": {
        "mode": "match"
      }
    },
    {
      "fullUrl": "http://num-fhirserver.distan.medicsh.de:8080/fhir/Encounter/PV-4581c304b6fb9b9a8ead6ed2079bb67e7384b7db0a730e3d1941ac96",
      "resource": {
        "resourceType": "Encounter",
        "id": "PV-4581c304b6fb9b9a8ead6ed2079bb67e7384b7db0a730e3d1941ac96",
        "meta": {
          "versionId": "144254264",
          "lastUpdated": "2025-03-15T08:32:05.725Z",
          "source": "http://medic.uksh.de/source/orbis/legacy",
          "profile": [
            "https://www.medizininformatik-initiative.de/fhir/core/modul-fall/StructureDefinition/KontaktGesundheitseinrichtung|2025.0.0"
          ]
        },
        "identifier": [
          {
            "use": "official",
            "type": {
              "coding": [
                {
                  "system": "http://terminology.hl7.org/CodeSystem/v2-0203",
                  "code": "VN"
                }
              ]
            },
            "system": "http://medic.uksh.de/fhir/Encounter",
            "value": "4581c304b6fb9b9a8ead6ed2079bb67e7384b7db0a730e3d1941ac96"
          }
        ],
        "status": "finished",
        "class": {
          "system": "http://terminology.hl7.org/CodeSystem/v3-ActCode",
          "code": "AMB"
        },
        "type": [
          {
            "coding": [
              {
                "system": "http://fhir.de/CodeSystem/Kontaktebene",
                "code": "einrichtungskontakt"
              }
            ]
          }
        ],
        "subject": {
          "reference": "Patient/PID-45ec50b188e3cdf9f7758c7f8971315019437b91bbfdb0ecb8538d24"
        },
        "period": {
          "start": "2007-08-01T09:59:00+02:00",
          "end": "2007-09-30T23:59:59+02:00"
        }
      },
      "search": {
        "mode": "match"
      }
    },
    {
      "fullUrl": "http://num-fhirserver.distan.medicsh.de:8080/fhir/Observation/VIT-118681f0aafd0d4b7b94bb623047b9a184a424ea6d13deef8b5422ea",
      "resource": {
        "resourceType": "Observation",
        "id": "VIT-118681f0aafd0d4b7b94bb623047b9a184a424ea6d13deef8b5422ea",
        "meta": {
          "versionId": "144254281",
          "lastUpdated": "2025-03-15T08:32:05.743Z",
          "profile": [
            "https://www.medizininformatik-initiative.de/fhir/core/modul-person/StructureDefinition/Vitalstatus|2025.0.1"
          ]
        },
        "status": "final",
        "category": [
          {
            "coding": [
              {
                "system": "http://terminology.hl7.org/CodeSystem/observation-category",
                "code": "survey"
              }
            ]
          }
        ],
        "code": {
          "coding": [
            {
              "system": "http://loinc.org",
              "code": "67162-8"
            }
          ]
        },
        "subject": {
          "reference": "Patient/PID-45ec50b188e3cdf9f7758c7f8971315019437b91bbfdb0ecb8538d24"
        },
        "effectiveDateTime": "2007-08-01T09:59:00+02:00",
        "valueCodeableConcept": {
          "coding": [
            {
              "system": "https://www.medizininformatik-initiative.de/fhir/core/modul-person/CodeSystem/Vitalstatus",
              "code": "L"
            }
          ]
        }
      },
      "search": {
        "mode": "match"
      }
    }
  ]
}
