{
  "resourceType": "Bundle",
  "id": "DGTUX4ZQIMK4WWL3",
  "type": "searchset",
  "total": 3,
  "entry": [
    {
      "fullUrl": "http://num-fhirserver.distan.medicsh.de:8080/fhir/Patient/PID-467406610dee15c6e6e2e5f37bbacd3812b45f665fb926df8b14b577",
      "resource": {
        "resourceType": "Patient",
        "id": "PID-467406610dee15c6e6e2e5f37bbacd3812b45f665fb926df8b14b577",
        "meta": {
          "versionId": "97182928",
          "lastUpdated": "2025-03-13T22:52:51.540Z",
          "profile": [
            "https://www.medizininformatik-initiative.de/fhir/core/modul-person/StructureDefinition/PatientPseudonymisiert|2025.0.1"
          ]
        },
        "identifier": [
          {
            "use": "usual",
            "type": {
              "coding": [
                {
                  "system": "http://terminology.hl7.org/CodeSystem/v3-ObservationValue",
                  "code": "PSEUDED"
                }
              ]
            },
            "system": "https://www.medizininformatik-initiative.de/fhir/sid/pseudonym",
            "value": "467406610dee15c6e6e2e5f37bbacd3812b45f665fb926df8b14b577"
          }
        ],
        "gender": "male",
        "birthDate": "2008-06",
        "deceasedBoolean": true
      },
      "search": {
        "mode": "match"
      }
    },
    {
      "fullUrl": "http://num-fhirserver.distan.medicsh.de:8080/fhir/Encounter/PV-6c2581e97b2da238ecc89705bebd1048506ecccdf94ed43f37a61121",
      "resource": {
        "resourceType": "Encounter",
        "id": "PV-6c2581e97b2da238ecc89705bebd1048506ecccdf94ed43f37a61121",
        "meta": {
          "versionId": "97182943",
          "lastUpdated": "2025-03-13T22:52:51.572Z",
          "source": "http://medic.uksh.de/source/orbis/legacy",
          "profile": [
            "https://www.medizininformatik-initiative.de/fhir/core/modul-fall/StructureDefinition/KontaktGesundheitseinrichtung|2025.0.0"
          ]
        },
        "identifier": [
          {
            "use": "official",
            "type": {
              "coding": [
                {
                  "system": "http://terminology.hl7.org/CodeSystem/v2-0203",
                  "code": "VN"
                }
              ]
            },
            "system": "http://medic.uksh.de/fhir/Encounter",
            "value": "6c2581e97b2da238ecc89705bebd1048506ecccdf94ed43f37a61121"
          }
        ],
        "status": "finished",
        "class": {
          "system": "http://terminology.hl7.org/CodeSystem/v3-ActCode",
          "code": "AMB"
        },
        "type": [
          {
            "coding": [
              {
                "system": "http://fhir.de/CodeSystem/Kontaktebene",
                "code": "einrichtungskontakt"
              }
            ]
          }
        ],
        "subject": {
          "reference": "Patient/PID-467406610dee15c6e6e2e5f37bbacd3812b45f665fb926df8b14b577"
        },
        "period": {
          "start": "2008-06-01T10:21:00+02:00",
          "end": "2008-06-30T23:59:59+02:00"
        },
        "hospitalization": {
          "admitSource": {
            "coding": [
              {
                "system": "http://fhir.de/CodeSystem/dgkev/Aufnahmeanlass",
                "code": "E"
              }
            ]
          }
        }
      },
      "search": {
        "mode": "match"
      }
    },
    {
      "fullUrl": "http://num-fhirserver.distan.medicsh.de:8080/fhir/Observation/VIT-3c39644948397757938eab391489905299308260311c284b90ab7085",
      "resource": {
        "resourceType": "Observation",
        "id": "VIT-3c39644948397757938eab391489905299308260311c284b90ab7085",
        "meta": {
          "versionId": "97182962",
          "lastUpdated": "2025-03-13T22:52:51.605Z",
          "profile": [
            "https://www.medizininformatik-initiative.de/fhir/core/modul-person/StructureDefinition/Vitalstatus|2025.0.1"
          ]
        },
        "status": "final",
        "category": [
          {
            "coding": [
              {
                "system": "http://terminology.hl7.org/CodeSystem/observation-category",
                "code": "survey"
              }
            ]
          }
        ],
        "code": {
          "coding": [
            {
              "system": "http://loinc.org",
              "code": "67162-8"
            }
          ]
        },
        "subject": {
          "reference": "Patient/PID-467406610dee15c6e6e2e5f37bbacd3812b45f665fb926df8b14b577"
        },
        "effectiveDateTime": "2008-06-01T10:21:00+02:00",
        "valueCodeableConcept": {
          "coding": [
            {
              "system": "https://www.medizininformatik-initiative.de/fhir/core/modul-person/CodeSystem/Vitalstatus",
              "code": "L"
            }
          ]
        }
      },
      "search": {
        "mode": "match"
      }
    }
  ]
}
