{
  "resourceType": "Bundle",
  "id": "DGTUYA2B5O2GHKFM",
  "type": "searchset",
  "total": 5,
  "entry": [
    {
      "fullUrl": "http://num-fhirserver.distan.medicsh.de:8080/fhir/Patient/PID-4699e09f763e771357e91503ba34a1abacf2abcb9d2401df618e0576",
      "resource": {
        "resourceType": "Patient",
        "id": "PID-4699e09f763e771357e91503ba34a1abacf2abcb9d2401df618e0576",
        "meta": {
          "versionId": "239325948",
          "lastUpdated": "2025-03-20T07:52:57.297Z",
          "profile": [
            "https://www.medizininformatik-initiative.de/fhir/core/modul-person/StructureDefinition/PatientPseudonymisiert|2025.0.1"
          ]
        },
        "identifier": [
          {
            "use": "usual",
            "type": {
              "coding": [
                {
                  "system": "http://terminology.hl7.org/CodeSystem/v3-ObservationValue",
                  "code": "PSEUDED"
                }
              ]
            },
            "system": "https://www.medizininformatik-initiative.de/fhir/sid/pseudonym",
            "value": "4699e09f763e771357e91503ba34a1abacf2abcb9d2401df618e0576"
          }
        ],
        "gender": "female",
        "birthDate": "1980-12",
        "deceasedBoolean": true,
        "address": [
          {
            "type": "both",
            "postalCode": "235",
            "country": "DE"
          }
        ]
      },
      "search": {
        "mode": "match"
      }
    },
    {
      "fullUrl": "http://num-fhirserver.distan.medicsh.de:8080/fhir/Condition/CON-071d5cd5dcdbabd9b8a3fca06901ba17b785b82cb6d03e1ff1660ebd",
      "resource": {
        "resourceType": "Condition",
        "id": "CON-071d5cd5dcdbabd9b8a3fca06901ba17b785b82cb6d03e1ff1660ebd",
        "meta": {
          "versionId": "6826706",
          "lastUpdated": "2025-03-10T19:28:46.001Z",
          "profile": [
            "https://www.medizininformatik-initiative.de/fhir/core/modul-diagnose/StructureDefinition/Diagnose|2025.0.0"
          ]
        },
        "code": {
          "coding": [
            {
              "system": "http://fhir.de/CodeSystem/bfarm/icd-10-gm",
              "version": "2023",
              "code": "K05.1"
            }
          ]
        },
        "subject": {
          "reference": "Patient/PID-4699e09f763e771357e91503ba34a1abacf2abcb9d2401df618e0576"
        },
        "encounter": {
          "reference": "Encounter/PV-36622b4c7ed56c444d1ddc47002ce4ee766e8fe7bb48107b8d2be907"
        },
        "recordedDate": "2023-04-17T10:26:00+02:00"
      },
      "search": {
        "mode": "match"
      }
    },
    {
      "fullUrl": "http://num-fhirserver.distan.medicsh.de:8080/fhir/Encounter/PV-36622b4c7ed56c444d1ddc47002ce4ee766e8fe7bb48107b8d2be907",
      "resource": {
        "resourceType": "Encounter",
        "id": "PV-36622b4c7ed56c444d1ddc47002ce4ee766e8fe7bb48107b8d2be907",
        "meta": {
          "versionId": "239325949",
          "lastUpdated": "2025-03-20T07:52:57.438Z",
          "source": "http://medic.uksh.de/source/orbis/adt",
          "profile": [
            "https://www.medizininformatik-initiative.de/fhir/core/modul-fall/StructureDefinition/KontaktGesundheitseinrichtung|2025.0.0"
          ]
        },
        "identifier": [
          {
            "use": "official",
            "type": {
              "coding": [
                {
                  "system": "http://terminology.hl7.org/CodeSystem/v2-0203",
                  "code": "VN"
                }
              ]
            },
            "system": "http://medic.uksh.de/fhir/Encounter",
            "value": "36622b4c7ed56c444d1ddc47002ce4ee766e8fe7bb48107b8d2be907"
          }
        ],
        "status": "finished",
        "class": {
          "system": "http://terminology.hl7.org/CodeSystem/v3-ActCode",
          "code": "AMB"
        },
        "type": [
          {
            "coding": [
              {
                "system": "http://fhir.de/CodeSystem/Kontaktebene",
                "code": "einrichtungskontakt"
              }
            ]
          }
        ],
        "subject": {
          "reference": "Patient/PID-4699e09f763e771357e91503ba34a1abacf2abcb9d2401df618e0576"
        },
        "period": {
          "start": "2023-04-19T10:26:00+02:00",
          "end": "2023-06-30T23:59:59+02:00"
        }
      },
      "search": {
        "mode": "match"
      }
    },
    {
      "fullUrl": "http://num-fhirserver.distan.medicsh.de:8080/fhir/Observation/VIT-7871fd8f09ea6313bb17ea85a8b0c08ed09198ff916de9aab0b984d4",
      "resource": {
        "resourceType": "Observation",
        "id": "VIT-7871fd8f09ea6313bb17ea85a8b0c08ed09198ff916de9aab0b984d4",
        "meta": {
          "versionId": "239325951",
          "lastUpdated": "2025-03-20T07:52:57.459Z",
          "profile": [
            "https://www.medizininformatik-initiative.de/fhir/core/modul-person/StructureDefinition/Vitalstatus|2025.0.1"
          ]
        },
        "status": "final",
        "category": [
          {
            "coding": [
              {
                "system": "http://terminology.hl7.org/CodeSystem/observation-category",
                "code": "survey"
              }
            ]
          }
        ],
        "code": {
          "coding": [
            {
              "system": "http://loinc.org",
              "code": "67162-8"
            }
          ]
        },
        "subject": {
          "reference": "Patient/PID-4699e09f763e771357e91503ba34a1abacf2abcb9d2401df618e0576"
        },
        "effectiveDateTime": "2023-04-19T10:26:00+02:00",
        "valueCodeableConcept": {
          "coding": [
            {
              "system": "https://www.medizininformatik-initiative.de/fhir/core/modul-person/CodeSystem/Vitalstatus",
              "code": "L"
            }
          ]
        }
      },
      "search": {
        "mode": "match"
      }
    },
    {
      "fullUrl": "http://num-fhirserver.distan.medicsh.de:8080/fhir/Observation/VIT-8eba62e0a25d3042c980fc54112589c76d6e855d7adc418381f11810",
      "resource": {
        "resourceType": "Observation",
        "id": "VIT-8eba62e0a25d3042c980fc54112589c76d6e855d7adc418381f11810",
        "meta": {
          "versionId": "239325952",
          "lastUpdated": "2025-03-20T07:52:57.478Z",
          "profile": [
            "https://www.medizininformatik-initiative.de/fhir/core/modul-person/StructureDefinition/Vitalstatus|2025.0.1"
          ]
        },
        "status": "final",
        "category": [
          {
            "coding": [
              {
                "system": "http://terminology.hl7.org/CodeSystem/observation-category",
                "code": "survey"
              }
            ]
          }
        ],
        "code": {
          "coding": [
            {
              "system": "http://loinc.org",
              "code": "67162-8"
            }
          ]
        },
        "subject": {
          "reference": "Patient/PID-4699e09f763e771357e91503ba34a1abacf2abcb9d2401df618e0576"
        },
        "effectiveDateTime": "2023-06-30T23:59:59+02:00",
        "valueCodeableConcept": {
          "coding": [
            {
              "system": "https://www.medizininformatik-initiative.de/fhir/core/modul-person/CodeSystem/Vitalstatus",
              "code": "L"
            }
          ]
        }
      },
      "search": {
        "mode": "match"
      }
    }
  ]
}
