{
  "resourceType": "Bundle",
  "id": "DGTUX6AODKGX5HUN",
  "type": "searchset",
  "total": 4,
  "entry": [
    {
      "fullUrl": "http://num-fhirserver.distan.medicsh.de:8080/fhir/Patient/PID-478f13a3c5bc0f6fe4b45b307364886e39dd069b552e51abba6d9479",
      "resource": {
        "resourceType": "Patient",
        "id": "PID-478f13a3c5bc0f6fe4b45b307364886e39dd069b552e51abba6d9479",
        "meta": {
          "versionId": "235684846",
          "lastUpdated": "2025-03-19T14:38:45.410Z",
          "profile": [
            "https://www.medizininformatik-initiative.de/fhir/core/modul-person/StructureDefinition/PatientPseudonymisiert|2025.0.1"
          ]
        },
        "identifier": [
          {
            "use": "usual",
            "type": {
              "coding": [
                {
                  "system": "http://terminology.hl7.org/CodeSystem/v3-ObservationValue",
                  "code": "PSEUDED"
                }
              ]
            },
            "system": "https://www.medizininformatik-initiative.de/fhir/sid/pseudonym",
            "value": "478f13a3c5bc0f6fe4b45b307364886e39dd069b552e51abba6d9479"
          }
        ],
        "gender": "male",
        "birthDate": "2000-01",
        "deceasedBoolean": true,
        "address": [
          {
            "type": "both",
            "postalCode": "391",
            "country": "DE"
          }
        ]
      },
      "search": {
        "mode": "match"
      }
    },
    {
      "fullUrl": "http://num-fhirserver.distan.medicsh.de:8080/fhir/Encounter/PV-a409f4ea58b2d07fb6b25dd256cbfa0c1f786ef3cda1c6afdf098b54",
      "resource": {
        "resourceType": "Encounter",
        "id": "PV-a409f4ea58b2d07fb6b25dd256cbfa0c1f786ef3cda1c6afdf098b54",
        "meta": {
          "versionId": "234989231",
          "lastUpdated": "2025-03-19T14:10:34.756Z",
          "source": "http://medic.uksh.de/source/orbis/adt",
          "profile": [
            "https://www.medizininformatik-initiative.de/fhir/core/modul-fall/StructureDefinition/KontaktGesundheitseinrichtung|2025.0.0"
          ]
        },
        "identifier": [
          {
            "use": "official",
            "type": {
              "coding": [
                {
                  "system": "http://terminology.hl7.org/CodeSystem/v2-0203",
                  "code": "VN"
                }
              ]
            },
            "system": "http://medic.uksh.de/fhir/Encounter",
            "value": "a409f4ea58b2d07fb6b25dd256cbfa0c1f786ef3cda1c6afdf098b54"
          }
        ],
        "status": "finished",
        "class": {
          "system": "http://terminology.hl7.org/CodeSystem/v3-ActCode",
          "code": "AMB"
        },
        "type": [
          {
            "coding": [
              {
                "system": "http://fhir.de/CodeSystem/Kontaktebene",
                "code": "einrichtungskontakt"
              }
            ]
          }
        ],
        "subject": {
          "reference": "Patient/PID-478f13a3c5bc0f6fe4b45b307364886e39dd069b552e51abba6d9479"
        },
        "period": {
          "start": "2022-07-20T11:54:00+02:00",
          "end": "2022-09-30T23:59:59+02:00"
        }
      },
      "search": {
        "mode": "match"
      }
    },
    {
      "fullUrl": "http://num-fhirserver.distan.medicsh.de:8080/fhir/Observation/VIT-9b54b3db9415bc8f98bdbcf56e73ef2611ea4f3b14147ea74783e876",
      "resource": {
        "resourceType": "Observation",
        "id": "VIT-9b54b3db9415bc8f98bdbcf56e73ef2611ea4f3b14147ea74783e876",
        "meta": {
          "versionId": "234989239",
          "lastUpdated": "2025-03-19T14:10:34.771Z",
          "profile": [
            "https://www.medizininformatik-initiative.de/fhir/core/modul-person/StructureDefinition/Vitalstatus|2025.0.1"
          ]
        },
        "status": "final",
        "category": [
          {
            "coding": [
              {
                "system": "http://terminology.hl7.org/CodeSystem/observation-category",
                "code": "survey"
              }
            ]
          }
        ],
        "code": {
          "coding": [
            {
              "system": "http://loinc.org",
              "code": "67162-8"
            }
          ]
        },
        "subject": {
          "reference": "Patient/PID-478f13a3c5bc0f6fe4b45b307364886e39dd069b552e51abba6d9479"
        },
        "effectiveDateTime": "2022-07-20T11:54:00+02:00",
        "valueCodeableConcept": {
          "coding": [
            {
              "system": "https://www.medizininformatik-initiative.de/fhir/core/modul-person/CodeSystem/Vitalstatus",
              "code": "L"
            }
          ]
        }
      },
      "search": {
        "mode": "match"
      }
    },
    {
      "fullUrl": "http://num-fhirserver.distan.medicsh.de:8080/fhir/Observation/VIT-a46d82e0ce05619e307026c6e7dd9267c388ad571747a42b321a5135",
      "resource": {
        "resourceType": "Observation",
        "id": "VIT-a46d82e0ce05619e307026c6e7dd9267c388ad571747a42b321a5135",
        "meta": {
          "versionId": "234989250",
          "lastUpdated": "2025-03-19T14:10:34.786Z",
          "profile": [
            "https://www.medizininformatik-initiative.de/fhir/core/modul-person/StructureDefinition/Vitalstatus|2025.0.1"
          ]
        },
        "status": "final",
        "category": [
          {
            "coding": [
              {
                "system": "http://terminology.hl7.org/CodeSystem/observation-category",
                "code": "survey"
              }
            ]
          }
        ],
        "code": {
          "coding": [
            {
              "system": "http://loinc.org",
              "code": "67162-8"
            }
          ]
        },
        "subject": {
          "reference": "Patient/PID-478f13a3c5bc0f6fe4b45b307364886e39dd069b552e51abba6d9479"
        },
        "effectiveDateTime": "2022-09-30T23:59:59+02:00",
        "valueCodeableConcept": {
          "coding": [
            {
              "system": "https://www.medizininformatik-initiative.de/fhir/core/modul-person/CodeSystem/Vitalstatus",
              "code": "L"
            }
          ]
        }
      },
      "search": {
        "mode": "match"
      }
    }
  ]
}
