{
  "resourceType": "Bundle",
  "id": "DGTUX6Q7FL6ARPRZ",
  "type": "searchset",
  "total": 4,
  "entry": [
    {
      "fullUrl": "http://num-fhirserver.distan.medicsh.de:8080/fhir/Patient/PID-49986a89b2e12226f425ca36a6706e3d71a8e4c49c3f27238489b85f",
      "resource": {
        "resourceType": "Patient",
        "id": "PID-49986a89b2e12226f425ca36a6706e3d71a8e4c49c3f27238489b85f",
        "meta": {
          "versionId": "235773610",
          "lastUpdated": "2025-03-19T14:53:19.022Z",
          "profile": [
            "https://www.medizininformatik-initiative.de/fhir/core/modul-person/StructureDefinition/PatientPseudonymisiert|2025.0.1"
          ]
        },
        "identifier": [
          {
            "use": "usual",
            "type": {
              "coding": [
                {
                  "system": "http://terminology.hl7.org/CodeSystem/v3-ObservationValue",
                  "code": "PSEUDED"
                }
              ]
            },
            "system": "https://www.medizininformatik-initiative.de/fhir/sid/pseudonym",
            "value": "49986a89b2e12226f425ca36a6706e3d71a8e4c49c3f27238489b85f"
          }
        ],
        "gender": "male",
        "birthDate": "1993-08",
        "deceasedBoolean": true,
        "address": [
          {
            "type": "both",
            "postalCode": "236",
            "country": "DE"
          }
        ]
      },
      "search": {
        "mode": "match"
      }
    },
    {
      "fullUrl": "http://num-fhirserver.distan.medicsh.de:8080/fhir/Encounter/PV-968827765af7fd3d86097ecff199ff597123ced4c5311dd3a488b534",
      "resource": {
        "resourceType": "Encounter",
        "id": "PV-968827765af7fd3d86097ecff199ff597123ced4c5311dd3a488b534",
        "meta": {
          "versionId": "235181151",
          "lastUpdated": "2025-03-19T14:16:59.043Z",
          "source": "http://medic.uksh.de/source/orbis/adt",
          "profile": [
            "https://www.medizininformatik-initiative.de/fhir/core/modul-fall/StructureDefinition/KontaktGesundheitseinrichtung|2025.0.0"
          ]
        },
        "identifier": [
          {
            "use": "official",
            "type": {
              "coding": [
                {
                  "system": "http://terminology.hl7.org/CodeSystem/v2-0203",
                  "code": "VN"
                }
              ]
            },
            "system": "http://medic.uksh.de/fhir/Encounter",
            "value": "968827765af7fd3d86097ecff199ff597123ced4c5311dd3a488b534"
          }
        ],
        "status": "finished",
        "class": {
          "system": "http://terminology.hl7.org/CodeSystem/v3-ActCode",
          "code": "AMB"
        },
        "type": [
          {
            "coding": [
              {
                "system": "http://fhir.de/CodeSystem/Kontaktebene",
                "code": "einrichtungskontakt"
              }
            ]
          }
        ],
        "subject": {
          "reference": "Patient/PID-49986a89b2e12226f425ca36a6706e3d71a8e4c49c3f27238489b85f"
        },
        "period": {
          "start": "2022-08-24T11:16:00+02:00",
          "end": "2022-09-30T23:59:59+02:00"
        }
      },
      "search": {
        "mode": "match"
      }
    },
    {
      "fullUrl": "http://num-fhirserver.distan.medicsh.de:8080/fhir/Observation/VIT-6b2f462b5977bbdb2e2416ab7ee377a50896db959478067584e40304",
      "resource": {
        "resourceType": "Observation",
        "id": "VIT-6b2f462b5977bbdb2e2416ab7ee377a50896db959478067584e40304",
        "meta": {
          "versionId": "235181169",
          "lastUpdated": "2025-03-19T14:16:59.065Z",
          "profile": [
            "https://www.medizininformatik-initiative.de/fhir/core/modul-person/StructureDefinition/Vitalstatus|2025.0.1"
          ]
        },
        "status": "final",
        "category": [
          {
            "coding": [
              {
                "system": "http://terminology.hl7.org/CodeSystem/observation-category",
                "code": "survey"
              }
            ]
          }
        ],
        "code": {
          "coding": [
            {
              "system": "http://loinc.org",
              "code": "67162-8"
            }
          ]
        },
        "subject": {
          "reference": "Patient/PID-49986a89b2e12226f425ca36a6706e3d71a8e4c49c3f27238489b85f"
        },
        "effectiveDateTime": "2022-09-30T23:59:59+02:00",
        "valueCodeableConcept": {
          "coding": [
            {
              "system": "https://www.medizininformatik-initiative.de/fhir/core/modul-person/CodeSystem/Vitalstatus",
              "code": "L"
            }
          ]
        }
      },
      "search": {
        "mode": "match"
      }
    },
    {
      "fullUrl": "http://num-fhirserver.distan.medicsh.de:8080/fhir/Observation/VIT-d4b85bb5bbc25d0cdb163feefa01546561900c2f84dc24a61beb9f8d",
      "resource": {
        "resourceType": "Observation",
        "id": "VIT-d4b85bb5bbc25d0cdb163feefa01546561900c2f84dc24a61beb9f8d",
        "meta": {
          "versionId": "235181157",
          "lastUpdated": "2025-03-19T14:16:59.053Z",
          "profile": [
            "https://www.medizininformatik-initiative.de/fhir/core/modul-person/StructureDefinition/Vitalstatus|2025.0.1"
          ]
        },
        "status": "final",
        "category": [
          {
            "coding": [
              {
                "system": "http://terminology.hl7.org/CodeSystem/observation-category",
                "code": "survey"
              }
            ]
          }
        ],
        "code": {
          "coding": [
            {
              "system": "http://loinc.org",
              "code": "67162-8"
            }
          ]
        },
        "subject": {
          "reference": "Patient/PID-49986a89b2e12226f425ca36a6706e3d71a8e4c49c3f27238489b85f"
        },
        "effectiveDateTime": "2022-08-24T11:16:00+02:00",
        "valueCodeableConcept": {
          "coding": [
            {
              "system": "https://www.medizininformatik-initiative.de/fhir/core/modul-person/CodeSystem/Vitalstatus",
              "code": "L"
            }
          ]
        }
      },
      "search": {
        "mode": "match"
      }
    }
  ]
}
