{
  "resourceType": "Bundle",
  "id": "DGTUYAVM22RPCSWG",
  "type": "searchset",
  "total": 3,
  "entry": [
    {
      "fullUrl": "http://num-fhirserver.distan.medicsh.de:8080/fhir/Patient/PID-49c174f4c4c2707c5981640de6a411a61f44421d7f14529701e3b808",
      "resource": {
        "resourceType": "Patient",
        "id": "PID-49c174f4c4c2707c5981640de6a411a61f44421d7f14529701e3b808",
        "meta": {
          "versionId": "163206466",
          "lastUpdated": "2025-03-16T01:29:04.567Z",
          "profile": [
            "https://www.medizininformatik-initiative.de/fhir/core/modul-person/StructureDefinition/PatientPseudonymisiert|2025.0.1"
          ]
        },
        "identifier": [
          {
            "use": "usual",
            "type": {
              "coding": [
                {
                  "system": "http://terminology.hl7.org/CodeSystem/v3-ObservationValue",
                  "code": "PSEUDED"
                }
              ]
            },
            "system": "https://www.medizininformatik-initiative.de/fhir/sid/pseudonym",
            "value": "49c174f4c4c2707c5981640de6a411a61f44421d7f14529701e3b808"
          }
        ],
        "gender": "male",
        "birthDate": "1976-01",
        "deceasedBoolean": true
      },
      "search": {
        "mode": "match"
      }
    },
    {
      "fullUrl": "http://num-fhirserver.distan.medicsh.de:8080/fhir/Encounter/PV-5a8683481b7e01d5bfaa91f11ce78b02b2b133e71ac545223ef79630",
      "resource": {
        "resourceType": "Encounter",
        "id": "PV-5a8683481b7e01d5bfaa91f11ce78b02b2b133e71ac545223ef79630",
        "meta": {
          "versionId": "163206242",
          "lastUpdated": "2025-03-16T01:29:04.135Z",
          "source": "http://medic.uksh.de/source/orbis/legacy",
          "profile": [
            "https://www.medizininformatik-initiative.de/fhir/core/modul-fall/StructureDefinition/KontaktGesundheitseinrichtung|2025.0.0"
          ]
        },
        "identifier": [
          {
            "use": "official",
            "type": {
              "coding": [
                {
                  "system": "http://terminology.hl7.org/CodeSystem/v2-0203",
                  "code": "VN"
                }
              ]
            },
            "system": "http://medic.uksh.de/fhir/Encounter",
            "value": "5a8683481b7e01d5bfaa91f11ce78b02b2b133e71ac545223ef79630"
          }
        ],
        "status": "finished",
        "class": {
          "system": "http://terminology.hl7.org/CodeSystem/v3-ActCode",
          "code": "AMB"
        },
        "type": [
          {
            "coding": [
              {
                "system": "http://fhir.de/CodeSystem/Kontaktebene",
                "code": "einrichtungskontakt"
              }
            ]
          }
        ],
        "subject": {
          "reference": "Patient/PID-49c174f4c4c2707c5981640de6a411a61f44421d7f14529701e3b808"
        },
        "period": {
          "start": "2017-08-31T16:00:00+02:00",
          "end": "2017-09-30T23:59:59+02:00"
        },
        "hospitalization": {
          "admitSource": {
            "coding": [
              {
                "system": "http://fhir.de/CodeSystem/dgkev/Aufnahmeanlass",
                "code": "E"
              }
            ]
          }
        }
      },
      "search": {
        "mode": "match"
      }
    },
    {
      "fullUrl": "http://num-fhirserver.distan.medicsh.de:8080/fhir/Observation/VIT-b171e621e785560c721d0a62cf6faf5ca3a802016f4c0dea1b99fd49",
      "resource": {
        "resourceType": "Observation",
        "id": "VIT-b171e621e785560c721d0a62cf6faf5ca3a802016f4c0dea1b99fd49",
        "meta": {
          "versionId": "163206249",
          "lastUpdated": "2025-03-16T01:29:04.148Z",
          "profile": [
            "https://www.medizininformatik-initiative.de/fhir/core/modul-person/StructureDefinition/Vitalstatus|2025.0.1"
          ]
        },
        "status": "final",
        "category": [
          {
            "coding": [
              {
                "system": "http://terminology.hl7.org/CodeSystem/observation-category",
                "code": "survey"
              }
            ]
          }
        ],
        "code": {
          "coding": [
            {
              "system": "http://loinc.org",
              "code": "67162-8"
            }
          ]
        },
        "subject": {
          "reference": "Patient/PID-49c174f4c4c2707c5981640de6a411a61f44421d7f14529701e3b808"
        },
        "effectiveDateTime": "2017-08-31T16:00:00+02:00",
        "valueCodeableConcept": {
          "coding": [
            {
              "system": "https://www.medizininformatik-initiative.de/fhir/core/modul-person/CodeSystem/Vitalstatus",
              "code": "L"
            }
          ]
        }
      },
      "search": {
        "mode": "match"
      }
    }
  ]
}
