{
  "resourceType": "Bundle",
  "id": "DGTUX4IT4IMTZFRR",
  "type": "searchset",
  "total": 3,
  "entry": [
    {
      "fullUrl": "http://num-fhirserver.distan.medicsh.de:8080/fhir/Patient/PID-4a97795e882f4445991ced56fb8e1d3d9b5fcb02f2f9759713933ed4",
      "resource": {
        "resourceType": "Patient",
        "id": "PID-4a97795e882f4445991ced56fb8e1d3d9b5fcb02f2f9759713933ed4",
        "meta": {
          "versionId": "219772166",
          "lastUpdated": "2025-03-18T21:30:26.627Z",
          "profile": [
            "https://www.medizininformatik-initiative.de/fhir/core/modul-person/StructureDefinition/PatientPseudonymisiert|2025.0.1"
          ]
        },
        "identifier": [
          {
            "use": "usual",
            "type": {
              "coding": [
                {
                  "system": "http://terminology.hl7.org/CodeSystem/v3-ObservationValue",
                  "code": "PSEUDED"
                }
              ]
            },
            "system": "https://www.medizininformatik-initiative.de/fhir/sid/pseudonym",
            "value": "4a97795e882f4445991ced56fb8e1d3d9b5fcb02f2f9759713933ed4"
          }
        ],
        "gender": "male",
        "birthDate": "2006-01",
        "deceasedBoolean": true,
        "address": [
          {
            "type": "both",
            "postalCode": "241",
            "country": "DE"
          }
        ]
      },
      "search": {
        "mode": "match"
      }
    },
    {
      "fullUrl": "http://num-fhirserver.distan.medicsh.de:8080/fhir/Encounter/PV-86ba09b76e3ae8e73b8e5f640ef44833cdde4389e4a30fa1d82499ec",
      "resource": {
        "resourceType": "Encounter",
        "id": "PV-86ba09b76e3ae8e73b8e5f640ef44833cdde4389e4a30fa1d82499ec",
        "meta": {
          "versionId": "219772005",
          "lastUpdated": "2025-03-18T21:30:26.360Z",
          "source": "http://medic.uksh.de/source/orbis/legacy",
          "profile": [
            "https://www.medizininformatik-initiative.de/fhir/core/modul-fall/StructureDefinition/KontaktGesundheitseinrichtung|2025.0.0"
          ]
        },
        "identifier": [
          {
            "use": "official",
            "type": {
              "coding": [
                {
                  "system": "http://terminology.hl7.org/CodeSystem/v2-0203",
                  "code": "VN"
                }
              ]
            },
            "system": "http://medic.uksh.de/fhir/Encounter",
            "value": "86ba09b76e3ae8e73b8e5f640ef44833cdde4389e4a30fa1d82499ec"
          }
        ],
        "status": "finished",
        "class": {
          "system": "http://terminology.hl7.org/CodeSystem/v3-ActCode",
          "code": "AMB"
        },
        "type": [
          {
            "coding": [
              {
                "system": "http://fhir.de/CodeSystem/Kontaktebene",
                "code": "einrichtungskontakt"
              }
            ]
          }
        ],
        "subject": {
          "reference": "Patient/PID-4a97795e882f4445991ced56fb8e1d3d9b5fcb02f2f9759713933ed4"
        },
        "period": {
          "start": "2007-01-16T00:00:00+01:00",
          "end": "2007-03-31T23:59:59+02:00"
        }
      },
      "search": {
        "mode": "match"
      }
    },
    {
      "fullUrl": "http://num-fhirserver.distan.medicsh.de:8080/fhir/Observation/VIT-38babc789a067e2c375ae721a6ceeebbfe02d02f15ae034c613a377e",
      "resource": {
        "resourceType": "Observation",
        "id": "VIT-38babc789a067e2c375ae721a6ceeebbfe02d02f15ae034c613a377e",
        "meta": {
          "versionId": "219772019",
          "lastUpdated": "2025-03-18T21:30:26.380Z",
          "profile": [
            "https://www.medizininformatik-initiative.de/fhir/core/modul-person/StructureDefinition/Vitalstatus|2025.0.1"
          ]
        },
        "status": "final",
        "category": [
          {
            "coding": [
              {
                "system": "http://terminology.hl7.org/CodeSystem/observation-category",
                "code": "survey"
              }
            ]
          }
        ],
        "code": {
          "coding": [
            {
              "system": "http://loinc.org",
              "code": "67162-8"
            }
          ]
        },
        "subject": {
          "reference": "Patient/PID-4a97795e882f4445991ced56fb8e1d3d9b5fcb02f2f9759713933ed4"
        },
        "effectiveDateTime": "2007-01-16T00:00:00+01:00",
        "valueCodeableConcept": {
          "coding": [
            {
              "system": "https://www.medizininformatik-initiative.de/fhir/core/modul-person/CodeSystem/Vitalstatus",
              "code": "L"
            }
          ]
        }
      },
      "search": {
        "mode": "match"
      }
    }
  ]
}
