{
  "resourceType": "Bundle",
  "id": "DGTUX5YCWQJCR7KS",
  "type": "searchset",
  "total": 3,
  "entry": [
    {
      "fullUrl": "http://num-fhirserver.distan.medicsh.de:8080/fhir/Patient/PID-4ae85d7e4b1029f15f58024103069ebf2cd2fc701c394720843d3798",
      "resource": {
        "resourceType": "Patient",
        "id": "PID-4ae85d7e4b1029f15f58024103069ebf2cd2fc701c394720843d3798",
        "meta": {
          "versionId": "128875550",
          "lastUpdated": "2025-03-14T21:43:30.750Z",
          "profile": [
            "https://www.medizininformatik-initiative.de/fhir/core/modul-person/StructureDefinition/PatientPseudonymisiert|2025.0.1"
          ]
        },
        "identifier": [
          {
            "use": "usual",
            "type": {
              "coding": [
                {
                  "system": "http://terminology.hl7.org/CodeSystem/v3-ObservationValue",
                  "code": "PSEUDED"
                }
              ]
            },
            "system": "https://www.medizininformatik-initiative.de/fhir/sid/pseudonym",
            "value": "4ae85d7e4b1029f15f58024103069ebf2cd2fc701c394720843d3798"
          }
        ],
        "gender": "male",
        "birthDate": "1960-01",
        "deceasedBoolean": true
      },
      "search": {
        "mode": "match"
      }
    },
    {
      "fullUrl": "http://num-fhirserver.distan.medicsh.de:8080/fhir/Encounter/PV-3d029ff43dca7d728cbe8bcd9cbb945a3d175d9b23e86ff10f5fd9f3",
      "resource": {
        "resourceType": "Encounter",
        "id": "PV-3d029ff43dca7d728cbe8bcd9cbb945a3d175d9b23e86ff10f5fd9f3",
        "meta": {
          "versionId": "128875914",
          "lastUpdated": "2025-03-14T21:43:31.569Z",
          "source": "http://medic.uksh.de/source/orbis/legacy",
          "profile": [
            "https://www.medizininformatik-initiative.de/fhir/core/modul-fall/StructureDefinition/KontaktGesundheitseinrichtung|2025.0.0"
          ]
        },
        "identifier": [
          {
            "use": "official",
            "type": {
              "coding": [
                {
                  "system": "http://terminology.hl7.org/CodeSystem/v2-0203",
                  "code": "VN"
                }
              ]
            },
            "system": "http://medic.uksh.de/fhir/Encounter",
            "value": "3d029ff43dca7d728cbe8bcd9cbb945a3d175d9b23e86ff10f5fd9f3"
          }
        ],
        "status": "finished",
        "class": {
          "system": "http://terminology.hl7.org/CodeSystem/v3-ActCode",
          "code": "AMB"
        },
        "type": [
          {
            "coding": [
              {
                "system": "http://fhir.de/CodeSystem/Kontaktebene",
                "code": "einrichtungskontakt"
              }
            ]
          }
        ],
        "subject": {
          "reference": "Patient/PID-4ae85d7e4b1029f15f58024103069ebf2cd2fc701c394720843d3798"
        },
        "period": {
          "start": "2012-12-05T10:44:00+01:00",
          "end": "2012-12-31T23:59:59+01:00"
        }
      },
      "search": {
        "mode": "match"
      }
    },
    {
      "fullUrl": "http://num-fhirserver.distan.medicsh.de:8080/fhir/Observation/VIT-3d593416cdcbbbfb85601d83fc865c1d90043db4fca8e0a77460db7c",
      "resource": {
        "resourceType": "Observation",
        "id": "VIT-3d593416cdcbbbfb85601d83fc865c1d90043db4fca8e0a77460db7c",
        "meta": {
          "versionId": "128875931",
          "lastUpdated": "2025-03-14T21:43:31.593Z",
          "profile": [
            "https://www.medizininformatik-initiative.de/fhir/core/modul-person/StructureDefinition/Vitalstatus|2025.0.1"
          ]
        },
        "status": "final",
        "category": [
          {
            "coding": [
              {
                "system": "http://terminology.hl7.org/CodeSystem/observation-category",
                "code": "survey"
              }
            ]
          }
        ],
        "code": {
          "coding": [
            {
              "system": "http://loinc.org",
              "code": "67162-8"
            }
          ]
        },
        "subject": {
          "reference": "Patient/PID-4ae85d7e4b1029f15f58024103069ebf2cd2fc701c394720843d3798"
        },
        "effectiveDateTime": "2012-12-05T10:44:00+01:00",
        "valueCodeableConcept": {
          "coding": [
            {
              "system": "https://www.medizininformatik-initiative.de/fhir/core/modul-person/CodeSystem/Vitalstatus",
              "code": "L"
            }
          ]
        }
      },
      "search": {
        "mode": "match"
      }
    }
  ]
}
