{
  "resourceType": "Bundle",
  "id": "DGTUX6MKFZSBYQPZ",
  "type": "searchset",
  "total": 31,
  "entry": [
    {
      "fullUrl": "http://num-fhirserver.distan.medicsh.de:8080/fhir/Patient/PID-4c82d3e3d3ec97e5501048357fac65a9f07f26fdd9b5870a56c756ca",
      "resource": {
        "resourceType": "Patient",
        "id": "PID-4c82d3e3d3ec97e5501048357fac65a9f07f26fdd9b5870a56c756ca",
        "meta": {
          "versionId": "234198188",
          "lastUpdated": "2025-03-19T13:45:19.557Z",
          "profile": [
            "https://www.medizininformatik-initiative.de/fhir/core/modul-person/StructureDefinition/PatientPseudonymisiert|2025.0.1"
          ]
        },
        "identifier": [
          {
            "use": "usual",
            "type": {
              "coding": [
                {
                  "system": "http://terminology.hl7.org/CodeSystem/v3-ObservationValue",
                  "code": "PSEUDED"
                }
              ]
            },
            "system": "https://www.medizininformatik-initiative.de/fhir/sid/pseudonym",
            "value": "4c82d3e3d3ec97e5501048357fac65a9f07f26fdd9b5870a56c756ca"
          }
        ],
        "gender": "male",
        "birthDate": "1940-01",
        "deceasedBoolean": true
      },
      "search": {
        "mode": "match"
      }
    },
    {
      "fullUrl": "http://num-fhirserver.distan.medicsh.de:8080/fhir/Condition/CON-069ad682f9d4df91bafe9a5487cdf3ac68c3f2fcef3cc0780e2733f2",
      "resource": {
        "resourceType": "Condition",
        "id": "CON-069ad682f9d4df91bafe9a5487cdf3ac68c3f2fcef3cc0780e2733f2",
        "meta": {
          "versionId": "21763090",
          "lastUpdated": "2025-03-11T05:22:30.777Z",
          "profile": [
            "https://www.medizininformatik-initiative.de/fhir/core/modul-diagnose/StructureDefinition/Diagnose|2025.0.0"
          ]
        },
        "code": {
          "coding": [
            {
              "system": "http://fhir.de/CodeSystem/bfarm/icd-10-gm",
              "version": "2024",
              "code": "C20"
            }
          ]
        },
        "subject": {
          "reference": "Patient/PID-4c82d3e3d3ec97e5501048357fac65a9f07f26fdd9b5870a56c756ca"
        },
        "encounter": {
          "reference": "Encounter/PV-40a2b66e33ae0cd20eb31f59208ab6ef92df514c9583f8f97c2239a4"
        },
        "recordedDate": "2024-05-02T15:06:00+02:00"
      },
      "search": {
        "mode": "match"
      }
    },
    {
      "fullUrl": "http://num-fhirserver.distan.medicsh.de:8080/fhir/Condition/CON-1c5e4403e90fb0b513d843a5216f5b95c044d2a66a09cac725519639",
      "resource": {
        "resourceType": "Condition",
        "id": "CON-1c5e4403e90fb0b513d843a5216f5b95c044d2a66a09cac725519639",
        "meta": {
          "versionId": "21814233",
          "lastUpdated": "2025-03-11T05:24:33.041Z",
          "profile": [
            "https://www.medizininformatik-initiative.de/fhir/core/modul-diagnose/StructureDefinition/Diagnose|2025.0.0"
          ]
        },
        "code": {
          "coding": [
            {
              "system": "http://fhir.de/CodeSystem/bfarm/icd-10-gm",
              "version": "2024",
              "code": "D62"
            }
          ]
        },
        "subject": {
          "reference": "Patient/PID-4c82d3e3d3ec97e5501048357fac65a9f07f26fdd9b5870a56c756ca"
        },
        "encounter": {
          "reference": "Encounter/PV-40a2b66e33ae0cd20eb31f59208ab6ef92df514c9583f8f97c2239a4"
        },
        "recordedDate": "2024-05-02T15:06:00+02:00"
      },
      "search": {
        "mode": "match"
      }
    },
    {
      "fullUrl": "http://num-fhirserver.distan.medicsh.de:8080/fhir/Condition/CON-1f3d692ad81334fa802529bb4156abcf6fcfde2b1b881415eb97804d",
      "resource": {
        "resourceType": "Condition",
        "id": "CON-1f3d692ad81334fa802529bb4156abcf6fcfde2b1b881415eb97804d",
        "meta": {
          "versionId": "25694978",
          "lastUpdated": "2025-03-11T07:46:59.940Z",
          "profile": [
            "https://www.medizininformatik-initiative.de/fhir/core/modul-diagnose/StructureDefinition/Diagnose|2025.0.0"
          ]
        },
        "code": {
          "coding": [
            {
              "system": "http://fhir.de/CodeSystem/bfarm/icd-10-gm",
              "version": "2022",
              "code": "D62"
            }
          ]
        },
        "subject": {
          "reference": "Patient/PID-4c82d3e3d3ec97e5501048357fac65a9f07f26fdd9b5870a56c756ca"
        },
        "encounter": {
          "reference": "Encounter/PV-c2a31d2999a79126e2fb22cd911005b59f23630d327ae9ebb26412aa"
        },
        "recordedDate": "2022-02-14T07:46:00+01:00"
      },
      "search": {
        "mode": "match"
      }
    },
    {
      "fullUrl": "http://num-fhirserver.distan.medicsh.de:8080/fhir/Condition/CON-37cc4f35d7cf0d51d2c582d277903d27c9af2bae801e45276a671a05",
      "resource": {
        "resourceType": "Condition",
        "id": "CON-37cc4f35d7cf0d51d2c582d277903d27c9af2bae801e45276a671a05",
        "meta": {
          "versionId": "21723698",
          "lastUpdated": "2025-03-11T05:20:57.171Z",
          "profile": [
            "https://www.medizininformatik-initiative.de/fhir/core/modul-diagnose/StructureDefinition/Diagnose|2025.0.0"
          ]
        },
        "code": {
          "coding": [
            {
              "system": "http://fhir.de/CodeSystem/bfarm/icd-10-gm",
              "version": "2024",
              "code": "C20"
            }
          ]
        },
        "subject": {
          "reference": "Patient/PID-4c82d3e3d3ec97e5501048357fac65a9f07f26fdd9b5870a56c756ca"
        },
        "encounter": {
          "reference": "Encounter/PV-40a2b66e33ae0cd20eb31f59208ab6ef92df514c9583f8f97c2239a4"
        },
        "recordedDate": "2024-05-02T14:24:00+02:00"
      },
      "search": {
        "mode": "match"
      }
    },
    {
      "fullUrl": "http://num-fhirserver.distan.medicsh.de:8080/fhir/Condition/CON-3a682bd4b94f8e670ae6b57b5c099604b6dd3e60f31584d1c793cedb",
      "resource": {
        "resourceType": "Condition",
        "id": "CON-3a682bd4b94f8e670ae6b57b5c099604b6dd3e60f31584d1c793cedb",
        "meta": {
          "versionId": "7752436",
          "lastUpdated": "2025-03-10T20:01:23.059Z",
          "profile": [
            "https://www.medizininformatik-initiative.de/fhir/core/modul-diagnose/StructureDefinition/Diagnose|2025.0.0"
          ]
        },
        "code": {
          "coding": [
            {
              "system": "http://fhir.de/CodeSystem/bfarm/icd-10-gm",
              "version": "2022",
              "code": "D62"
            }
          ]
        },
        "subject": {
          "reference": "Patient/PID-4c82d3e3d3ec97e5501048357fac65a9f07f26fdd9b5870a56c756ca"
        },
        "encounter": {
          "reference": "Encounter/PV-c2a31d2999a79126e2fb22cd911005b59f23630d327ae9ebb26412aa"
        },
        "recordedDate": "2022-02-18T09:39:00+01:00"
      },
      "search": {
        "mode": "match"
      }
    },
    {
      "fullUrl": "http://num-fhirserver.distan.medicsh.de:8080/fhir/Condition/CON-911583076a9f83a65ad968e7cbdadbd46b85d5f79089971e9a167c04",
      "resource": {
        "resourceType": "Condition",
        "id": "CON-911583076a9f83a65ad968e7cbdadbd46b85d5f79089971e9a167c04",
        "meta": {
          "versionId": "7415253",
          "lastUpdated": "2025-03-10T19:49:25.877Z",
          "profile": [
            "https://www.medizininformatik-initiative.de/fhir/core/modul-diagnose/StructureDefinition/Diagnose|2025.0.0"
          ]
        },
        "code": {
          "coding": [
            {
              "system": "http://fhir.de/CodeSystem/bfarm/icd-10-gm",
              "version": "2022",
              "code": "C22.0"
            }
          ]
        },
        "subject": {
          "reference": "Patient/PID-4c82d3e3d3ec97e5501048357fac65a9f07f26fdd9b5870a56c756ca"
        },
        "encounter": {
          "reference": "Encounter/PV-c2a31d2999a79126e2fb22cd911005b59f23630d327ae9ebb26412aa"
        },
        "recordedDate": "2022-02-14T07:46:00+01:00"
      },
      "search": {
        "mode": "match"
      }
    },
    {
      "fullUrl": "http://num-fhirserver.distan.medicsh.de:8080/fhir/Condition/CON-a11965d590726a57318d7ba799d38ef3a3a3638b73aee4634158e5b6",
      "resource": {
        "resourceType": "Condition",
        "id": "CON-a11965d590726a57318d7ba799d38ef3a3a3638b73aee4634158e5b6",
        "meta": {
          "versionId": "21807735",
          "lastUpdated": "2025-03-11T05:24:17.291Z",
          "profile": [
            "https://www.medizininformatik-initiative.de/fhir/core/modul-diagnose/StructureDefinition/Diagnose|2025.0.0"
          ]
        },
        "code": {
          "coding": [
            {
              "system": "http://fhir.de/CodeSystem/bfarm/icd-10-gm",
              "version": "2024",
              "code": "U99.0"
            }
          ]
        },
        "subject": {
          "reference": "Patient/PID-4c82d3e3d3ec97e5501048357fac65a9f07f26fdd9b5870a56c756ca"
        },
        "encounter": {
          "reference": "Encounter/PV-40a2b66e33ae0cd20eb31f59208ab6ef92df514c9583f8f97c2239a4"
        },
        "recordedDate": "2024-05-02T15:06:00+02:00"
      },
      "search": {
        "mode": "match"
      }
    },
    {
      "fullUrl": "http://num-fhirserver.distan.medicsh.de:8080/fhir/Condition/CON-d3176dc3275313e0dcb7e522d45b3d624769e002a4f8f3225282d29d",
      "resource": {
        "resourceType": "Condition",
        "id": "CON-d3176dc3275313e0dcb7e522d45b3d624769e002a4f8f3225282d29d",
        "meta": {
          "versionId": "21814498",
          "lastUpdated": "2025-03-11T05:24:33.697Z",
          "profile": [
            "https://www.medizininformatik-initiative.de/fhir/core/modul-diagnose/StructureDefinition/Diagnose|2025.0.0"
          ]
        },
        "code": {
          "coding": [
            {
              "system": "http://fhir.de/CodeSystem/bfarm/icd-10-gm",
              "version": "2024",
              "code": "R11"
            }
          ]
        },
        "subject": {
          "reference": "Patient/PID-4c82d3e3d3ec97e5501048357fac65a9f07f26fdd9b5870a56c756ca"
        },
        "encounter": {
          "reference": "Encounter/PV-40a2b66e33ae0cd20eb31f59208ab6ef92df514c9583f8f97c2239a4"
        },
        "recordedDate": "2024-05-02T15:07:00+02:00"
      },
      "search": {
        "mode": "match"
      }
    },
    {
      "fullUrl": "http://num-fhirserver.distan.medicsh.de:8080/fhir/Condition/CON-de1fe2e98bf35e5336794a6a7b0690611a64b23029088ee518052e76",
      "resource": {
        "resourceType": "Condition",
        "id": "CON-de1fe2e98bf35e5336794a6a7b0690611a64b23029088ee518052e76",
        "meta": {
          "versionId": "21723994",
          "lastUpdated": "2025-03-11T05:20:57.942Z",
          "profile": [
            "https://www.medizininformatik-initiative.de/fhir/core/modul-diagnose/StructureDefinition/Diagnose|2025.0.0"
          ]
        },
        "code": {
          "coding": [
            {
              "system": "http://fhir.de/CodeSystem/bfarm/icd-10-gm",
              "version": "2024",
              "code": "Z11"
            }
          ]
        },
        "subject": {
          "reference": "Patient/PID-4c82d3e3d3ec97e5501048357fac65a9f07f26fdd9b5870a56c756ca"
        },
        "encounter": {
          "reference": "Encounter/PV-40a2b66e33ae0cd20eb31f59208ab6ef92df514c9583f8f97c2239a4"
        },
        "recordedDate": "2024-05-02T15:06:00+02:00"
      },
      "search": {
        "mode": "match"
      }
    },
    {
      "fullUrl": "http://num-fhirserver.distan.medicsh.de:8080/fhir/Encounter/PV-40a2b66e33ae0cd20eb31f59208ab6ef92df514c9583f8f97c2239a4",
      "resource": {
        "resourceType": "Encounter",
        "id": "PV-40a2b66e33ae0cd20eb31f59208ab6ef92df514c9583f8f97c2239a4",
        "meta": {
          "versionId": "245267973",
          "lastUpdated": "2025-03-22T04:36:12.180Z",
          "source": "http://medic.uksh.de/source/orbis/adt",
          "profile": [
            "https://www.medizininformatik-initiative.de/fhir/core/modul-fall/StructureDefinition/KontaktGesundheitseinrichtung|2025.0.0"
          ]
        },
        "identifier": [
          {
            "use": "official",
            "type": {
              "coding": [
                {
                  "system": "http://terminology.hl7.org/CodeSystem/v2-0203",
                  "code": "VN"
                }
              ]
            },
            "system": "http://medic.uksh.de/fhir/Encounter",
            "value": "40a2b66e33ae0cd20eb31f59208ab6ef92df514c9583f8f97c2239a4"
          }
        ],
        "status": "finished",
        "class": {
          "system": "http://terminology.hl7.org/CodeSystem/v3-ActCode",
          "code": "IMP"
        },
        "type": [
          {
            "coding": [
              {
                "system": "http://fhir.de/CodeSystem/Kontaktebene",
                "code": "einrichtungskontakt"
              }
            ]
          }
        ],
        "subject": {
          "reference": "Patient/PID-4c82d3e3d3ec97e5501048357fac65a9f07f26fdd9b5870a56c756ca"
        },
        "period": {
          "start": "2024-05-02T14:24:00+02:00",
          "end": "2024-11-25T11:15:00+01:00"
        }
      },
      "search": {
        "mode": "match"
      }
    },
    {
      "fullUrl": "http://num-fhirserver.distan.medicsh.de:8080/fhir/Encounter/PV-725dabd9e582859b1f253a3e2b4f0130815a2e09634afc5d63bf90af",
      "resource": {
        "resourceType": "Encounter",
        "id": "PV-725dabd9e582859b1f253a3e2b4f0130815a2e09634afc5d63bf90af",
        "meta": {
          "versionId": "245894624",
          "lastUpdated": "2025-03-22T10:44:03.898Z",
          "source": "http://medic.uksh.de/source/orbis/adt",
          "profile": [
            "https://www.medizininformatik-initiative.de/fhir/core/modul-fall/StructureDefinition/KontaktGesundheitseinrichtung|2025.0.0"
          ]
        },
        "identifier": [
          {
            "use": "official",
            "type": {
              "coding": [
                {
                  "system": "http://terminology.hl7.org/CodeSystem/v2-0203",
                  "code": "VN"
                }
              ]
            },
            "system": "http://medic.uksh.de/fhir/Encounter",
            "value": "725dabd9e582859b1f253a3e2b4f0130815a2e09634afc5d63bf90af"
          }
        ],
        "status": "in-progress",
        "class": {
          "system": "http://terminology.hl7.org/CodeSystem/v3-ActCode",
          "code": "IMP"
        },
        "type": [
          {
            "coding": [
              {
                "system": "http://fhir.de/CodeSystem/Kontaktebene",
                "code": "einrichtungskontakt"
              }
            ]
          }
        ],
        "subject": {
          "reference": "Patient/PID-4c82d3e3d3ec97e5501048357fac65a9f07f26fdd9b5870a56c756ca"
        },
        "period": {
          "start": "2025-02-10T08:30:00+01:00"
        }
      },
      "search": {
        "mode": "match"
      }
    },
    {
      "fullUrl": "http://num-fhirserver.distan.medicsh.de:8080/fhir/Encounter/PV-8b4f7737f11c7eecd075278715da50f25d22be2a29040f0687e84284",
      "resource": {
        "resourceType": "Encounter",
        "id": "PV-8b4f7737f11c7eecd075278715da50f25d22be2a29040f0687e84284",
        "meta": {
          "versionId": "246132891",
          "lastUpdated": "2025-03-22T12:57:38.891Z",
          "source": "http://medic.uksh.de/source/orbis/adt",
          "profile": [
            "https://www.medizininformatik-initiative.de/fhir/core/modul-fall/StructureDefinition/KontaktGesundheitseinrichtung|2025.0.0"
          ]
        },
        "identifier": [
          {
            "use": "official",
            "type": {
              "coding": [
                {
                  "system": "http://terminology.hl7.org/CodeSystem/v2-0203",
                  "code": "VN"
                }
              ]
            },
            "system": "http://medic.uksh.de/fhir/Encounter",
            "value": "8b4f7737f11c7eecd075278715da50f25d22be2a29040f0687e84284"
          }
        ],
        "status": "in-progress",
        "class": {
          "system": "http://terminology.hl7.org/CodeSystem/v3-ActCode",
          "code": "AMB"
        },
        "type": [
          {
            "coding": [
              {
                "system": "http://fhir.de/CodeSystem/Kontaktebene",
                "code": "einrichtungskontakt"
              }
            ]
          }
        ],
        "subject": {
          "reference": "Patient/PID-4c82d3e3d3ec97e5501048357fac65a9f07f26fdd9b5870a56c756ca"
        },
        "period": {
          "start": "2025-03-13T11:38:00+01:00",
          "end": "2025-03-31T23:59:59+02:00"
        }
      },
      "search": {
        "mode": "match"
      }
    },
    {
      "fullUrl": "http://num-fhirserver.distan.medicsh.de:8080/fhir/Encounter/PV-AK-9a0b5ee439cce0c4b6daafff728bf856fa379968aeb4311f205309f7",
      "resource": {
        "resourceType": "Encounter",
        "id": "PV-AK-9a0b5ee439cce0c4b6daafff728bf856fa379968aeb4311f205309f7",
        "meta": {
          "versionId": "245894630",
          "lastUpdated": "2025-03-22T10:44:03.955Z",
          "source": "http://medic.uksh.de/source/orbis/adt",
          "profile": [
            "https://www.medizininformatik-initiative.de/fhir/core/modul-fall/StructureDefinition/KontaktGesundheitseinrichtung|2025.0.0"
          ]
        },
        "identifier": [
          {
            "use": "official",
            "type": {
              "coding": [
                {
                  "system": "http://terminology.hl7.org/CodeSystem/v2-0203",
                  "code": "VN"
                }
              ]
            },
            "system": "http://medic.uksh.de/fhir/Encounter",
            "value": "725dabd9e582859b1f253a3e2b4f0130815a2e09634afc5d63bf90af"
          },
          {
            "use": "secondary",
            "type": {
              "coding": [
                {
                  "system": "http://terminology.hl7.org/CodeSystem/v2-0203",
                  "code": "U"
                }
              ]
            },
            "system": "http://medic.uksh.de.de/fhir/Encounter/department",
            "value": "ITSG.2025-02-10T08:30:00"
          }
        ],
        "status": "in-progress",
        "class": {
          "system": "http://terminology.hl7.org/CodeSystem/v3-ActCode",
          "code": "IMP"
        },
        "type": [
          {
            "coding": [
              {
                "system": "http://fhir.de/CodeSystem/Kontaktebene",
                "code": "abteilungskontakt"
              }
            ]
          }
        ],
        "subject": {
          "reference": "Patient/PID-4c82d3e3d3ec97e5501048357fac65a9f07f26fdd9b5870a56c756ca"
        },
        "period": {
          "start": "2025-02-10T08:30:00+01:00"
        },
        "location": [
          {
            "location": {
              "reference": "Location/ITSG-ITSGSTAT"
            },
            "status": "active",
            "physicalType": {
              "coding": [
                {
                  "system": "http://terminology.hl7.org/CodeSystem/location-physical-type",
                  "code": "wa"
                }
              ]
            },
            "period": {
              "start": "2025-02-10T08:30:00+01:00"
            }
          }
        ],
        "partOf": {
          "reference": "Encounter/PV-725dabd9e582859b1f253a3e2b4f0130815a2e09634afc5d63bf90af"
        }
      },
      "search": {
        "mode": "match"
      }
    },
    {
      "fullUrl": "http://num-fhirserver.distan.medicsh.de:8080/fhir/Encounter/PV-AK-e34565eacb64570f409347be4dc12dd347dc0eb215a4b36a055291f2",
      "resource": {
        "resourceType": "Encounter",
        "id": "PV-AK-e34565eacb64570f409347be4dc12dd347dc0eb215a4b36a055291f2",
        "meta": {
          "versionId": "245267977",
          "lastUpdated": "2025-03-22T04:36:12.254Z",
          "source": "http://medic.uksh.de/source/orbis/adt",
          "profile": [
            "https://www.medizininformatik-initiative.de/fhir/core/modul-fall/StructureDefinition/KontaktGesundheitseinrichtung|2025.0.0"
          ]
        },
        "identifier": [
          {
            "use": "official",
            "type": {
              "coding": [
                {
                  "system": "http://terminology.hl7.org/CodeSystem/v2-0203",
                  "code": "VN"
                }
              ]
            },
            "system": "http://medic.uksh.de/fhir/Encounter",
            "value": "40a2b66e33ae0cd20eb31f59208ab6ef92df514c9583f8f97c2239a4"
          },
          {
            "use": "secondary",
            "type": {
              "coding": [
                {
                  "system": "http://terminology.hl7.org/CodeSystem/v2-0203",
                  "code": "U"
                }
              ]
            },
            "system": "http://medic.uksh.de.de/fhir/Encounter/department",
            "value": "ITSG.2024-05-02T14:24:00"
          }
        ],
        "status": "finished",
        "class": {
          "system": "http://terminology.hl7.org/CodeSystem/v3-ActCode",
          "code": "IMP"
        },
        "type": [
          {
            "coding": [
              {
                "system": "http://fhir.de/CodeSystem/Kontaktebene",
                "code": "abteilungskontakt"
              }
            ]
          }
        ],
        "subject": {
          "reference": "Patient/PID-4c82d3e3d3ec97e5501048357fac65a9f07f26fdd9b5870a56c756ca"
        },
        "period": {
          "start": "2024-05-02T14:24:00+02:00",
          "end": "2024-11-25T11:15:00+01:00"
        },
        "location": [
          {
            "location": {
              "reference": "Location/ITSG-ITSGSTAT"
            },
            "status": "completed",
            "physicalType": {
              "coding": [
                {
                  "system": "http://terminology.hl7.org/CodeSystem/location-physical-type",
                  "code": "wa"
                }
              ]
            },
            "period": {
              "start": "2024-05-02T14:24:00+02:00",
              "end": "2024-11-25T11:15:00+01:00"
            }
          }
        ],
        "partOf": {
          "reference": "Encounter/PV-40a2b66e33ae0cd20eb31f59208ab6ef92df514c9583f8f97c2239a4"
        }
      },
      "search": {
        "mode": "match"
      }
    },
    {
      "fullUrl": "http://num-fhirserver.distan.medicsh.de:8080/fhir/Encounter/PV-AK-f926d899f2a3f601921fe544f0a4c6a9877afecf39221634d87d20dd",
      "resource": {
        "resourceType": "Encounter",
        "id": "PV-AK-f926d899f2a3f601921fe544f0a4c6a9877afecf39221634d87d20dd",
        "meta": {
          "versionId": "243388511",
          "lastUpdated": "2025-03-21T16:44:14.819Z",
          "source": "http://medic.uksh.de/source/orbis/adt",
          "profile": [
            "https://www.medizininformatik-initiative.de/fhir/core/modul-fall/StructureDefinition/KontaktGesundheitseinrichtung|2025.0.0"
          ]
        },
        "identifier": [
          {
            "use": "official",
            "type": {
              "coding": [
                {
                  "system": "http://terminology.hl7.org/CodeSystem/v2-0203",
                  "code": "VN"
                }
              ]
            },
            "system": "http://medic.uksh.de/fhir/Encounter",
            "value": "c2a31d2999a79126e2fb22cd911005b59f23630d327ae9ebb26412aa"
          },
          {
            "use": "secondary",
            "type": {
              "coding": [
                {
                  "system": "http://terminology.hl7.org/CodeSystem/v2-0203",
                  "code": "U"
                }
              ]
            },
            "system": "http://medic.uksh.de.de/fhir/Encounter/department",
            "value": "ITSG.2022-02-14T07:46:00"
          }
        ],
        "status": "finished",
        "class": {
          "system": "http://terminology.hl7.org/CodeSystem/v3-ActCode",
          "code": "IMP"
        },
        "type": [
          {
            "coding": [
              {
                "system": "http://fhir.de/CodeSystem/Kontaktebene",
                "code": "abteilungskontakt"
              }
            ]
          }
        ],
        "subject": {
          "reference": "Patient/PID-4c82d3e3d3ec97e5501048357fac65a9f07f26fdd9b5870a56c756ca"
        },
        "period": {
          "start": "2022-02-14T07:46:00+01:00",
          "end": "2024-05-02T14:23:00+02:00"
        },
        "location": [
          {
            "location": {
              "reference": "Location/ITSG-ITSGSTAT"
            },
            "status": "completed",
            "physicalType": {
              "coding": [
                {
                  "system": "http://terminology.hl7.org/CodeSystem/location-physical-type",
                  "code": "wa"
                }
              ]
            },
            "period": {
              "start": "2022-02-14T07:46:00+01:00",
              "end": "2024-05-02T14:23:00+02:00"
            }
          }
        ],
        "partOf": {
          "reference": "Encounter/PV-c2a31d2999a79126e2fb22cd911005b59f23630d327ae9ebb26412aa"
        }
      },
      "search": {
        "mode": "match"
      }
    },
    {
      "fullUrl": "http://num-fhirserver.distan.medicsh.de:8080/fhir/Encounter/PV-VK-443d6d3a22cce50169842fa87301f7af001bacfb0239b59211f76d38",
      "resource": {
        "resourceType": "Encounter",
        "id": "PV-VK-443d6d3a22cce50169842fa87301f7af001bacfb0239b59211f76d38",
        "meta": {
          "versionId": "245267976",
          "lastUpdated": "2025-03-22T04:36:12.235Z",
          "source": "http://medic.uksh.de/source/orbis/adt",
          "profile": [
            "https://www.medizininformatik-initiative.de/fhir/core/modul-fall/StructureDefinition/KontaktGesundheitseinrichtung|2025.0.0"
          ]
        },
        "identifier": [
          {
            "use": "official",
            "type": {
              "coding": [
                {
                  "system": "http://terminology.hl7.org/CodeSystem/v2-0203",
                  "code": "VN"
                }
              ]
            },
            "system": "http://medic.uksh.de/fhir/Encounter",
            "value": "40a2b66e33ae0cd20eb31f59208ab6ef92df514c9583f8f97c2239a4"
          },
          {
            "use": "secondary",
            "type": {
              "coding": [
                {
                  "system": "http://terminology.hl7.org/CodeSystem/v2-0203",
                  "code": "U"
                }
              ]
            },
            "system": "http://medic.uksh.de.de/fhir/Encounter/department",
            "value": "ITSG.ITSGSTAT.2024-05-02T14:24:00"
          }
        ],
        "status": "finished",
        "class": {
          "system": "http://terminology.hl7.org/CodeSystem/v3-ActCode",
          "code": "IMP"
        },
        "type": [
          {
            "coding": [
              {
                "system": "http://fhir.de/CodeSystem/Kontaktebene",
                "code": "versorgungsstellenkontakt"
              }
            ]
          }
        ],
        "subject": {
          "reference": "Patient/PID-4c82d3e3d3ec97e5501048357fac65a9f07f26fdd9b5870a56c756ca"
        },
        "period": {
          "start": "2024-05-02T14:24:00+02:00",
          "end": "2024-11-25T11:15:00+01:00"
        },
        "location": [
          {
            "location": {
              "reference": "Location/ITSG-ITSGSTAT"
            },
            "status": "completed",
            "physicalType": {
              "coding": [
                {
                  "system": "http://terminology.hl7.org/CodeSystem/location-physical-type",
                  "code": "wa"
                }
              ]
            },
            "period": {
              "start": "2024-05-02T14:24:00+02:00",
              "end": "2024-11-25T11:15:00+01:00"
            }
          }
        ],
        "partOf": {
          "reference": "Encounter/PV-AK-e34565eacb64570f409347be4dc12dd347dc0eb215a4b36a055291f2"
        }
      },
      "search": {
        "mode": "match"
      }
    },
    {
      "fullUrl": "http://num-fhirserver.distan.medicsh.de:8080/fhir/Encounter/PV-VK-900b9d3a84e6adae663763b345506e16db4c9d5070e2beb729ce4163",
      "resource": {
        "resourceType": "Encounter",
        "id": "PV-VK-900b9d3a84e6adae663763b345506e16db4c9d5070e2beb729ce4163",
        "meta": {
          "versionId": "245894629",
          "lastUpdated": "2025-03-22T10:44:03.934Z",
          "source": "http://medic.uksh.de/source/orbis/adt",
          "profile": [
            "https://www.medizininformatik-initiative.de/fhir/core/modul-fall/StructureDefinition/KontaktGesundheitseinrichtung|2025.0.0"
          ]
        },
        "identifier": [
          {
            "use": "official",
            "type": {
              "coding": [
                {
                  "system": "http://terminology.hl7.org/CodeSystem/v2-0203",
                  "code": "VN"
                }
              ]
            },
            "system": "http://medic.uksh.de/fhir/Encounter",
            "value": "725dabd9e582859b1f253a3e2b4f0130815a2e09634afc5d63bf90af"
          },
          {
            "use": "secondary",
            "type": {
              "coding": [
                {
                  "system": "http://terminology.hl7.org/CodeSystem/v2-0203",
                  "code": "U"
                }
              ]
            },
            "system": "http://medic.uksh.de.de/fhir/Encounter/department",
            "value": "ITSG.ITSGSTAT.2025-02-10T08:30:00"
          }
        ],
        "status": "in-progress",
        "class": {
          "system": "http://terminology.hl7.org/CodeSystem/v3-ActCode",
          "code": "IMP"
        },
        "type": [
          {
            "coding": [
              {
                "system": "http://fhir.de/CodeSystem/Kontaktebene",
                "code": "versorgungsstellenkontakt"
              }
            ]
          }
        ],
        "subject": {
          "reference": "Patient/PID-4c82d3e3d3ec97e5501048357fac65a9f07f26fdd9b5870a56c756ca"
        },
        "period": {
          "start": "2025-02-10T08:30:00+01:00"
        },
        "location": [
          {
            "location": {
              "reference": "Location/ITSG-ITSGSTAT"
            },
            "status": "active",
            "physicalType": {
              "coding": [
                {
                  "system": "http://terminology.hl7.org/CodeSystem/location-physical-type",
                  "code": "wa"
                }
              ]
            },
            "period": {
              "start": "2025-02-10T08:30:00+01:00"
            }
          }
        ],
        "partOf": {
          "reference": "Encounter/PV-AK-9a0b5ee439cce0c4b6daafff728bf856fa379968aeb4311f205309f7"
        }
      },
      "search": {
        "mode": "match"
      }
    },
    {
      "fullUrl": "http://num-fhirserver.distan.medicsh.de:8080/fhir/Encounter/PV-VK-bb05553c2adde4b490cbffa199dab05bffd40a4cfd9d6e56b0ef16b7",
      "resource": {
        "resourceType": "Encounter",
        "id": "PV-VK-bb05553c2adde4b490cbffa199dab05bffd40a4cfd9d6e56b0ef16b7",
        "meta": {
          "versionId": "243388510",
          "lastUpdated": "2025-03-21T16:44:14.798Z",
          "source": "http://medic.uksh.de/source/orbis/adt",
          "profile": [
            "https://www.medizininformatik-initiative.de/fhir/core/modul-fall/StructureDefinition/KontaktGesundheitseinrichtung|2025.0.0"
          ]
        },
        "identifier": [
          {
            "use": "official",
            "type": {
              "coding": [
                {
                  "system": "http://terminology.hl7.org/CodeSystem/v2-0203",
                  "code": "VN"
                }
              ]
            },
            "system": "http://medic.uksh.de/fhir/Encounter",
            "value": "c2a31d2999a79126e2fb22cd911005b59f23630d327ae9ebb26412aa"
          },
          {
            "use": "secondary",
            "type": {
              "coding": [
                {
                  "system": "http://terminology.hl7.org/CodeSystem/v2-0203",
                  "code": "U"
                }
              ]
            },
            "system": "http://medic.uksh.de.de/fhir/Encounter/department",
            "value": "ITSG.ITSGSTAT.2022-02-14T07:46:00"
          }
        ],
        "status": "finished",
        "class": {
          "system": "http://terminology.hl7.org/CodeSystem/v3-ActCode",
          "code": "IMP"
        },
        "type": [
          {
            "coding": [
              {
                "system": "http://fhir.de/CodeSystem/Kontaktebene",
                "code": "versorgungsstellenkontakt"
              }
            ]
          }
        ],
        "subject": {
          "reference": "Patient/PID-4c82d3e3d3ec97e5501048357fac65a9f07f26fdd9b5870a56c756ca"
        },
        "period": {
          "start": "2022-02-14T07:46:00+01:00",
          "end": "2024-05-02T14:23:00+02:00"
        },
        "location": [
          {
            "location": {
              "reference": "Location/ITSG-ITSGSTAT"
            },
            "status": "completed",
            "physicalType": {
              "coding": [
                {
                  "system": "http://terminology.hl7.org/CodeSystem/location-physical-type",
                  "code": "wa"
                }
              ]
            },
            "period": {
              "start": "2022-02-14T07:46:00+01:00",
              "end": "2024-05-02T14:23:00+02:00"
            }
          }
        ],
        "partOf": {
          "reference": "Encounter/PV-AK-f926d899f2a3f601921fe544f0a4c6a9877afecf39221634d87d20dd"
        }
      },
      "search": {
        "mode": "match"
      }
    },
    {
      "fullUrl": "http://num-fhirserver.distan.medicsh.de:8080/fhir/Encounter/PV-c2a31d2999a79126e2fb22cd911005b59f23630d327ae9ebb26412aa",
      "resource": {
        "resourceType": "Encounter",
        "id": "PV-c2a31d2999a79126e2fb22cd911005b59f23630d327ae9ebb26412aa",
        "meta": {
          "versionId": "243388507",
          "lastUpdated": "2025-03-21T16:44:14.744Z",
          "source": "http://medic.uksh.de/source/orbis/adt",
          "profile": [
            "https://www.medizininformatik-initiative.de/fhir/core/modul-fall/StructureDefinition/KontaktGesundheitseinrichtung|2025.0.0"
          ]
        },
        "identifier": [
          {
            "use": "official",
            "type": {
              "coding": [
                {
                  "system": "http://terminology.hl7.org/CodeSystem/v2-0203",
                  "code": "VN"
                }
              ]
            },
            "system": "http://medic.uksh.de/fhir/Encounter",
            "value": "c2a31d2999a79126e2fb22cd911005b59f23630d327ae9ebb26412aa"
          }
        ],
        "status": "finished",
        "class": {
          "system": "http://terminology.hl7.org/CodeSystem/v3-ActCode",
          "code": "IMP"
        },
        "type": [
          {
            "coding": [
              {
                "system": "http://fhir.de/CodeSystem/Kontaktebene",
                "code": "einrichtungskontakt"
              }
            ]
          }
        ],
        "subject": {
          "reference": "Patient/PID-4c82d3e3d3ec97e5501048357fac65a9f07f26fdd9b5870a56c756ca"
        },
        "period": {
          "start": "2022-02-14T07:46:00+01:00",
          "end": "2024-05-02T14:23:00+02:00"
        }
      },
      "search": {
        "mode": "match"
      }
    },
    {
      "fullUrl": "http://num-fhirserver.distan.medicsh.de:8080/fhir/Observation/VIT-1427568d6564915aa62ffd0aa37c1fc3696344fc4797f09a88d3b3eb",
      "resource": {
        "resourceType": "Observation",
        "id": "VIT-1427568d6564915aa62ffd0aa37c1fc3696344fc4797f09a88d3b3eb",
        "meta": {
          "versionId": "243388509",
          "lastUpdated": "2025-03-21T16:44:14.779Z",
          "profile": [
            "https://www.medizininformatik-initiative.de/fhir/core/modul-person/StructureDefinition/Vitalstatus|2025.0.1"
          ]
        },
        "status": "final",
        "category": [
          {
            "coding": [
              {
                "system": "http://terminology.hl7.org/CodeSystem/observation-category",
                "code": "survey"
              }
            ]
          }
        ],
        "code": {
          "coding": [
            {
              "system": "http://loinc.org",
              "code": "67162-8"
            }
          ]
        },
        "subject": {
          "reference": "Patient/PID-4c82d3e3d3ec97e5501048357fac65a9f07f26fdd9b5870a56c756ca"
        },
        "effectiveDateTime": "2024-05-02T14:23:00+02:00",
        "valueCodeableConcept": {
          "coding": [
            {
              "system": "https://www.medizininformatik-initiative.de/fhir/core/modul-person/CodeSystem/Vitalstatus",
              "code": "L"
            }
          ]
        }
      },
      "search": {
        "mode": "match"
      }
    },
    {
      "fullUrl": "http://num-fhirserver.distan.medicsh.de:8080/fhir/Observation/VIT-2bbfb0982b4de7e5337016f2fe7d1aab690a5a94a9a0144aad7e34c5",
      "resource": {
        "resourceType": "Observation",
        "id": "VIT-2bbfb0982b4de7e5337016f2fe7d1aab690a5a94a9a0144aad7e34c5",
        "meta": {
          "versionId": "243388518",
          "lastUpdated": "2025-03-21T16:44:14.898Z",
          "profile": [
            "https://www.medizininformatik-initiative.de/fhir/core/modul-person/StructureDefinition/Vitalstatus|2025.0.1"
          ]
        },
        "status": "final",
        "category": [
          {
            "coding": [
              {
                "system": "http://terminology.hl7.org/CodeSystem/observation-category",
                "code": "survey"
              }
            ]
          }
        ],
        "code": {
          "coding": [
            {
              "system": "http://loinc.org",
              "code": "67162-8"
            }
          ]
        },
        "subject": {
          "reference": "Patient/PID-4c82d3e3d3ec97e5501048357fac65a9f07f26fdd9b5870a56c756ca"
        },
        "effectiveDateTime": "2024-05-02T14:24:00+02:00",
        "valueCodeableConcept": {
          "coding": [
            {
              "system": "https://www.medizininformatik-initiative.de/fhir/core/modul-person/CodeSystem/Vitalstatus",
              "code": "L"
            }
          ]
        }
      },
      "search": {
        "mode": "match"
      }
    },
    {
      "fullUrl": "http://num-fhirserver.distan.medicsh.de:8080/fhir/Observation/VIT-3e03972e40c592fef5f4b471a36f6778864f504ec7af279297b3e13e",
      "resource": {
        "resourceType": "Observation",
        "id": "VIT-3e03972e40c592fef5f4b471a36f6778864f504ec7af279297b3e13e",
        "meta": {
          "versionId": "246132892",
          "lastUpdated": "2025-03-22T12:57:38.912Z",
          "profile": [
            "https://www.medizininformatik-initiative.de/fhir/core/modul-person/StructureDefinition/Vitalstatus|2025.0.1"
          ]
        },
        "status": "final",
        "category": [
          {
            "coding": [
              {
                "system": "http://terminology.hl7.org/CodeSystem/observation-category",
                "code": "survey"
              }
            ]
          }
        ],
        "code": {
          "coding": [
            {
              "system": "http://loinc.org",
              "code": "67162-8"
            }
          ]
        },
        "subject": {
          "reference": "Patient/PID-4c82d3e3d3ec97e5501048357fac65a9f07f26fdd9b5870a56c756ca"
        },
        "effectiveDateTime": "2025-03-13T11:38:00+01:00",
        "valueCodeableConcept": {
          "coding": [
            {
              "system": "https://www.medizininformatik-initiative.de/fhir/core/modul-person/CodeSystem/Vitalstatus",
              "code": "L"
            }
          ]
        }
      },
      "search": {
        "mode": "match"
      }
    },
    {
      "fullUrl": "http://num-fhirserver.distan.medicsh.de:8080/fhir/Observation/VIT-457fd8c9a96610cc4865b51b4d1f0e0590132c8c85b25f797c2cfb44",
      "resource": {
        "resourceType": "Observation",
        "id": "VIT-457fd8c9a96610cc4865b51b4d1f0e0590132c8c85b25f797c2cfb44",
        "meta": {
          "versionId": "233897481",
          "lastUpdated": "2025-03-19T13:35:13.094Z",
          "profile": [
            "https://www.medizininformatik-initiative.de/fhir/core/modul-person/StructureDefinition/Vitalstatus|2025.0.1"
          ]
        },
        "status": "final",
        "category": [
          {
            "coding": [
              {
                "system": "http://terminology.hl7.org/CodeSystem/observation-category",
                "code": "survey"
              }
            ]
          }
        ],
        "code": {
          "coding": [
            {
              "system": "http://loinc.org",
              "code": "67162-8"
            }
          ]
        },
        "subject": {
          "reference": "Patient/PID-4c82d3e3d3ec97e5501048357fac65a9f07f26fdd9b5870a56c756ca"
        },
        "effectiveDateTime": "2022-02-14T07:46:00+01:00",
        "valueCodeableConcept": {
          "coding": [
            {
              "system": "https://www.medizininformatik-initiative.de/fhir/core/modul-person/CodeSystem/Vitalstatus",
              "code": "L"
            }
          ]
        }
      },
      "search": {
        "mode": "match"
      }
    },
    {
      "fullUrl": "http://num-fhirserver.distan.medicsh.de:8080/fhir/Observation/VIT-c52300d3f446c1eaf0adad128417bcfffea5f00a68489554d400a3f8",
      "resource": {
        "resourceType": "Observation",
        "id": "VIT-c52300d3f446c1eaf0adad128417bcfffea5f00a68489554d400a3f8",
        "meta": {
          "versionId": "245894627",
          "lastUpdated": "2025-03-22T10:44:03.915Z",
          "profile": [
            "https://www.medizininformatik-initiative.de/fhir/core/modul-person/StructureDefinition/Vitalstatus|2025.0.1"
          ]
        },
        "status": "final",
        "category": [
          {
            "coding": [
              {
                "system": "http://terminology.hl7.org/CodeSystem/observation-category",
                "code": "survey"
              }
            ]
          }
        ],
        "code": {
          "coding": [
            {
              "system": "http://loinc.org",
              "code": "67162-8"
            }
          ]
        },
        "subject": {
          "reference": "Patient/PID-4c82d3e3d3ec97e5501048357fac65a9f07f26fdd9b5870a56c756ca"
        },
        "effectiveDateTime": "2025-02-10T08:30:00+01:00",
        "valueCodeableConcept": {
          "coding": [
            {
              "system": "https://www.medizininformatik-initiative.de/fhir/core/modul-person/CodeSystem/Vitalstatus",
              "code": "L"
            }
          ]
        }
      },
      "search": {
        "mode": "match"
      }
    },
    {
      "fullUrl": "http://num-fhirserver.distan.medicsh.de:8080/fhir/Observation/VIT-c6726abd66a79b5274137c64b91df1d902415c054bbd2caeb1a9f051",
      "resource": {
        "resourceType": "Observation",
        "id": "VIT-c6726abd66a79b5274137c64b91df1d902415c054bbd2caeb1a9f051",
        "meta": {
          "versionId": "245267975",
          "lastUpdated": "2025-03-22T04:36:12.214Z",
          "profile": [
            "https://www.medizininformatik-initiative.de/fhir/core/modul-person/StructureDefinition/Vitalstatus|2025.0.1"
          ]
        },
        "status": "final",
        "category": [
          {
            "coding": [
              {
                "system": "http://terminology.hl7.org/CodeSystem/observation-category",
                "code": "survey"
              }
            ]
          }
        ],
        "code": {
          "coding": [
            {
              "system": "http://loinc.org",
              "code": "67162-8"
            }
          ]
        },
        "subject": {
          "reference": "Patient/PID-4c82d3e3d3ec97e5501048357fac65a9f07f26fdd9b5870a56c756ca"
        },
        "effectiveDateTime": "2024-11-25T11:15:00+01:00",
        "valueCodeableConcept": {
          "coding": [
            {
              "system": "https://www.medizininformatik-initiative.de/fhir/core/modul-person/CodeSystem/Vitalstatus",
              "code": "L"
            }
          ]
        }
      },
      "search": {
        "mode": "match"
      }
    },
    {
      "fullUrl": "http://num-fhirserver.distan.medicsh.de:8080/fhir/Procedure/PR-185efe50850799f912ba8615f1f8f350326d81772a36daafb3463913",
      "resource": {
        "resourceType": "Procedure",
        "id": "PR-185efe50850799f912ba8615f1f8f350326d81772a36daafb3463913",
        "meta": {
          "versionId": "383636785",
          "lastUpdated": "2025-10-08T23:03:38.331Z",
          "profile": [
            "https://www.medizininformatik-initiative.de/fhir/core/modul-prozedur/StructureDefinition/Procedure|2025.0.0"
          ]
        },
        "status": "completed",
        "category": {
          "coding": [
            {
              "system": "http://snomed.info/sct",
              "code": "394841004",
              "display": "Other category"
            }
          ]
        },
        "code": {
          "coding": [
            {
              "system": "http://fhir.de/CodeSystem/bfarm/ops",
              "version": "2024",
              "code": "9-984.9",
              "display": "Pflegebedürftigkeit: Pflegebedürftig nach Pflegegrad 4"
            }
          ]
        },
        "subject": {
          "reference": "Patient/PID-4c82d3e3d3ec97e5501048357fac65a9f07f26fdd9b5870a56c756ca"
        },
        "encounter": {
          "reference": "Encounter/PV-40a2b66e33ae0cd20eb31f59208ab6ef92df514c9583f8f97c2239a4"
        },
        "performedDateTime": "2024-05-02T14:24:00+02:00"
      },
      "search": {
        "mode": "match"
      }
    },
    {
      "fullUrl": "http://num-fhirserver.distan.medicsh.de:8080/fhir/Procedure/PR-4a1d66b0cbe759a5eadb317ddc070504c657b835d01f7267a4242a71",
      "resource": {
        "resourceType": "Procedure",
        "id": "PR-4a1d66b0cbe759a5eadb317ddc070504c657b835d01f7267a4242a71",
        "meta": {
          "versionId": "384298641",
          "lastUpdated": "2025-10-08T23:31:58.078Z",
          "profile": [
            "https://www.medizininformatik-initiative.de/fhir/core/modul-prozedur/StructureDefinition/Procedure|2025.0.0"
          ]
        },
        "status": "completed",
        "category": {
          "coding": [
            {
              "system": "http://snomed.info/sct",
              "code": "394841004",
              "display": "Other category"
            }
          ]
        },
        "code": {
          "coding": [
            {
              "system": "http://fhir.de/CodeSystem/bfarm/ops",
              "version": "2025",
              "code": "9-984.9",
              "display": "Pflegebedürftigkeit: Pflegebedürftig nach Pflegegrad 4"
            }
          ]
        },
        "subject": {
          "reference": "Patient/PID-4c82d3e3d3ec97e5501048357fac65a9f07f26fdd9b5870a56c756ca"
        },
        "encounter": {
          "reference": "Encounter/PV-8b4f7737f11c7eecd075278715da50f25d22be2a29040f0687e84284"
        },
        "performedDateTime": "2025-03-13T11:38:00+01:00"
      },
      "search": {
        "mode": "match"
      }
    },
    {
      "fullUrl": "http://num-fhirserver.distan.medicsh.de:8080/fhir/Procedure/PR-d1190fe318e2634a6f0ee31697cb818666228adcb42262bea064e739",
      "resource": {
        "resourceType": "Procedure",
        "id": "PR-d1190fe318e2634a6f0ee31697cb818666228adcb42262bea064e739",
        "meta": {
          "versionId": "384350937",
          "lastUpdated": "2025-10-08T23:34:25.263Z",
          "profile": [
            "https://www.medizininformatik-initiative.de/fhir/core/modul-prozedur/StructureDefinition/Procedure|2025.0.0"
          ]
        },
        "status": "completed",
        "category": {
          "coding": [
            {
              "system": "http://snomed.info/sct",
              "code": "394841004",
              "display": "Other category"
            }
          ]
        },
        "code": {
          "coding": [
            {
              "system": "http://fhir.de/CodeSystem/bfarm/ops",
              "version": "2025",
              "code": "9-984.9",
              "display": "Pflegebedürftigkeit: Pflegebedürftig nach Pflegegrad 4"
            }
          ]
        },
        "subject": {
          "reference": "Patient/PID-4c82d3e3d3ec97e5501048357fac65a9f07f26fdd9b5870a56c756ca"
        },
        "encounter": {
          "reference": "Encounter/PV-725dabd9e582859b1f253a3e2b4f0130815a2e09634afc5d63bf90af"
        },
        "performedDateTime": "2025-02-10T08:30:00+01:00"
      },
      "search": {
        "mode": "match"
      }
    },
    {
      "fullUrl": "http://num-fhirserver.distan.medicsh.de:8080/fhir/Procedure/PR-e638ff8697eec610bffae05c684dfffff2f2e3f97cbbd9600aefd4fc",
      "resource": {
        "resourceType": "Procedure",
        "id": "PR-e638ff8697eec610bffae05c684dfffff2f2e3f97cbbd9600aefd4fc",
        "meta": {
          "versionId": "381761625",
          "lastUpdated": "2025-10-08T21:43:12.761Z",
          "profile": [
            "https://www.medizininformatik-initiative.de/fhir/core/modul-prozedur/StructureDefinition/Procedure|2025.0.0"
          ]
        },
        "status": "completed",
        "category": {
          "coding": [
            {
              "system": "http://snomed.info/sct",
              "code": "277132007",
              "display": "Therapeutic procedure"
            }
          ]
        },
        "code": {
          "coding": [
            {
              "system": "http://fhir.de/CodeSystem/bfarm/ops",
              "version": "2022",
              "code": "8-771",
              "display": "Kardiale oder kardiopulmonale Reanimation"
            }
          ]
        },
        "subject": {
          "reference": "Patient/PID-4c82d3e3d3ec97e5501048357fac65a9f07f26fdd9b5870a56c756ca"
        },
        "encounter": {
          "reference": "Encounter/PV-c2a31d2999a79126e2fb22cd911005b59f23630d327ae9ebb26412aa"
        },
        "performedDateTime": "2022-02-18T09:37:00+01:00"
      },
      "search": {
        "mode": "match"
      }
    },
    {
      "fullUrl": "http://num-fhirserver.distan.medicsh.de:8080/fhir/Procedure/PR-f6b5a66ebf48d99f88ab5b71a0ca6e4f099dcc14a438d58a796bf943",
      "resource": {
        "resourceType": "Procedure",
        "id": "PR-f6b5a66ebf48d99f88ab5b71a0ca6e4f099dcc14a438d58a796bf943",
        "meta": {
          "versionId": "382943350",
          "lastUpdated": "2025-10-08T22:34:59.234Z",
          "profile": [
            "https://www.medizininformatik-initiative.de/fhir/core/modul-prozedur/StructureDefinition/Procedure|2025.0.0"
          ]
        },
        "status": "completed",
        "category": {
          "coding": [
            {
              "system": "http://snomed.info/sct",
              "code": "394841004",
              "display": "Other category"
            }
          ]
        },
        "code": {
          "coding": [
            {
              "system": "http://fhir.de/CodeSystem/bfarm/ops",
              "version": "2022",
              "code": "9-984.9",
              "display": "Pflegebedürftigkeit: Pflegebedürftig nach Pflegegrad 4"
            }
          ]
        },
        "subject": {
          "reference": "Patient/PID-4c82d3e3d3ec97e5501048357fac65a9f07f26fdd9b5870a56c756ca"
        },
        "encounter": {
          "reference": "Encounter/PV-c2a31d2999a79126e2fb22cd911005b59f23630d327ae9ebb26412aa"
        },
        "performedDateTime": "2022-02-14T07:46:00+01:00"
      },
      "search": {
        "mode": "match"
      }
    }
  ]
}
