{
  "resourceType": "Bundle",
  "id": "DGTUYBIBXHNNSFBK",
  "type": "searchset",
  "total": 7,
  "entry": [
    {
      "fullUrl": "http://num-fhirserver.distan.medicsh.de:8080/fhir/Patient/PID-4d63ffc5d72eed648aaa27f868b26fd272983618d796eb6955c637f3",
      "resource": {
        "resourceType": "Patient",
        "id": "PID-4d63ffc5d72eed648aaa27f868b26fd272983618d796eb6955c637f3",
        "meta": {
          "versionId": "120058688",
          "lastUpdated": "2025-03-14T15:26:51.726Z",
          "profile": [
            "https://www.medizininformatik-initiative.de/fhir/core/modul-person/StructureDefinition/PatientPseudonymisiert|2025.0.1"
          ]
        },
        "identifier": [
          {
            "use": "usual",
            "type": {
              "coding": [
                {
                  "system": "http://terminology.hl7.org/CodeSystem/v3-ObservationValue",
                  "code": "PSEUDED"
                }
              ]
            },
            "system": "https://www.medizininformatik-initiative.de/fhir/sid/pseudonym",
            "value": "4d63ffc5d72eed648aaa27f868b26fd272983618d796eb6955c637f3"
          }
        ],
        "gender": "male",
        "birthDate": "1961-03",
        "deceasedBoolean": true
      },
      "search": {
        "mode": "match"
      }
    },
    {
      "fullUrl": "http://num-fhirserver.distan.medicsh.de:8080/fhir/Encounter/PV-0e8ce2cc82cc974cd6b328ad0b2aa8ef8deea07a600ad9673b347c54",
      "resource": {
        "resourceType": "Encounter",
        "id": "PV-0e8ce2cc82cc974cd6b328ad0b2aa8ef8deea07a600ad9673b347c54",
        "meta": {
          "versionId": "120058626",
          "lastUpdated": "2025-03-14T15:26:51.642Z",
          "source": "http://medic.uksh.de/source/orbis/legacy",
          "profile": [
            "https://www.medizininformatik-initiative.de/fhir/core/modul-fall/StructureDefinition/KontaktGesundheitseinrichtung|2025.0.0"
          ]
        },
        "identifier": [
          {
            "use": "official",
            "type": {
              "coding": [
                {
                  "system": "http://terminology.hl7.org/CodeSystem/v2-0203",
                  "code": "VN"
                }
              ]
            },
            "system": "http://medic.uksh.de/fhir/Encounter",
            "value": "0e8ce2cc82cc974cd6b328ad0b2aa8ef8deea07a600ad9673b347c54"
          }
        ],
        "status": "finished",
        "class": {
          "system": "http://terminology.hl7.org/CodeSystem/v3-ActCode",
          "code": "AMB"
        },
        "type": [
          {
            "coding": [
              {
                "system": "http://fhir.de/CodeSystem/Kontaktebene",
                "code": "einrichtungskontakt"
              }
            ]
          }
        ],
        "subject": {
          "reference": "Patient/PID-4d63ffc5d72eed648aaa27f868b26fd272983618d796eb6955c637f3"
        },
        "period": {
          "start": "2020-09-17T11:28:00+02:00",
          "end": "2020-09-30T23:59:59+02:00"
        }
      },
      "search": {
        "mode": "match"
      }
    },
    {
      "fullUrl": "http://num-fhirserver.distan.medicsh.de:8080/fhir/Encounter/PV-58a9136215eecceda1d2a441d6a4c277ee6399c47ae4fdaa33ba2e74",
      "resource": {
        "resourceType": "Encounter",
        "id": "PV-58a9136215eecceda1d2a441d6a4c277ee6399c47ae4fdaa33ba2e74",
        "meta": {
          "versionId": "120058605",
          "lastUpdated": "2025-03-14T15:26:51.619Z",
          "source": "http://medic.uksh.de/source/orbis/legacy",
          "profile": [
            "https://www.medizininformatik-initiative.de/fhir/core/modul-fall/StructureDefinition/KontaktGesundheitseinrichtung|2025.0.0"
          ]
        },
        "identifier": [
          {
            "use": "official",
            "type": {
              "coding": [
                {
                  "system": "http://terminology.hl7.org/CodeSystem/v2-0203",
                  "code": "VN"
                }
              ]
            },
            "system": "http://medic.uksh.de/fhir/Encounter",
            "value": "58a9136215eecceda1d2a441d6a4c277ee6399c47ae4fdaa33ba2e74"
          }
        ],
        "status": "finished",
        "class": {
          "system": "http://terminology.hl7.org/CodeSystem/v3-ActCode",
          "code": "AMB"
        },
        "type": [
          {
            "coding": [
              {
                "system": "http://fhir.de/CodeSystem/Kontaktebene",
                "code": "einrichtungskontakt"
              }
            ]
          }
        ],
        "subject": {
          "reference": "Patient/PID-4d63ffc5d72eed648aaa27f868b26fd272983618d796eb6955c637f3"
        },
        "period": {
          "start": "2014-03-12T15:30:00+01:00",
          "end": "2014-03-31T23:59:59+02:00"
        },
        "hospitalization": {
          "admitSource": {
            "coding": [
              {
                "system": "http://fhir.de/CodeSystem/dgkev/Aufnahmeanlass",
                "code": "E"
              }
            ]
          }
        }
      },
      "search": {
        "mode": "match"
      }
    },
    {
      "fullUrl": "http://num-fhirserver.distan.medicsh.de:8080/fhir/Encounter/PV-e392c1ffdc61a0f76f3347b61a0200267cb21c8a52639e8e844c4347",
      "resource": {
        "resourceType": "Encounter",
        "id": "PV-e392c1ffdc61a0f76f3347b61a0200267cb21c8a52639e8e844c4347",
        "meta": {
          "versionId": "120058691",
          "lastUpdated": "2025-03-14T15:26:51.737Z",
          "source": "http://medic.uksh.de/source/orbis/legacy",
          "profile": [
            "https://www.medizininformatik-initiative.de/fhir/core/modul-fall/StructureDefinition/KontaktGesundheitseinrichtung|2025.0.0"
          ]
        },
        "identifier": [
          {
            "use": "official",
            "type": {
              "coding": [
                {
                  "system": "http://terminology.hl7.org/CodeSystem/v2-0203",
                  "code": "VN"
                }
              ]
            },
            "system": "http://medic.uksh.de/fhir/Encounter",
            "value": "e392c1ffdc61a0f76f3347b61a0200267cb21c8a52639e8e844c4347"
          }
        ],
        "status": "finished",
        "class": {
          "system": "http://terminology.hl7.org/CodeSystem/v3-ActCode",
          "code": "AMB"
        },
        "type": [
          {
            "coding": [
              {
                "system": "http://fhir.de/CodeSystem/Kontaktebene",
                "code": "einrichtungskontakt"
              }
            ]
          }
        ],
        "subject": {
          "reference": "Patient/PID-4d63ffc5d72eed648aaa27f868b26fd272983618d796eb6955c637f3"
        },
        "period": {
          "start": "2017-07-11T15:17:00+02:00",
          "end": "2017-09-30T23:59:59+02:00"
        },
        "hospitalization": {
          "admitSource": {
            "coding": [
              {
                "system": "http://fhir.de/CodeSystem/dgkev/Aufnahmeanlass",
                "code": "E"
              }
            ]
          }
        }
      },
      "search": {
        "mode": "match"
      }
    },
    {
      "fullUrl": "http://num-fhirserver.distan.medicsh.de:8080/fhir/Observation/VIT-43d03b397d84c2507b034f2bbb9c9daddfb7cc7924f04a3049f12c08",
      "resource": {
        "resourceType": "Observation",
        "id": "VIT-43d03b397d84c2507b034f2bbb9c9daddfb7cc7924f04a3049f12c08",
        "meta": {
          "versionId": "120058698",
          "lastUpdated": "2025-03-14T15:26:51.760Z",
          "profile": [
            "https://www.medizininformatik-initiative.de/fhir/core/modul-person/StructureDefinition/Vitalstatus|2025.0.1"
          ]
        },
        "status": "final",
        "category": [
          {
            "coding": [
              {
                "system": "http://terminology.hl7.org/CodeSystem/observation-category",
                "code": "survey"
              }
            ]
          }
        ],
        "code": {
          "coding": [
            {
              "system": "http://loinc.org",
              "code": "67162-8"
            }
          ]
        },
        "subject": {
          "reference": "Patient/PID-4d63ffc5d72eed648aaa27f868b26fd272983618d796eb6955c637f3"
        },
        "effectiveDateTime": "2017-07-11T15:17:00+02:00",
        "valueCodeableConcept": {
          "coding": [
            {
              "system": "https://www.medizininformatik-initiative.de/fhir/core/modul-person/CodeSystem/Vitalstatus",
              "code": "L"
            }
          ]
        }
      },
      "search": {
        "mode": "match"
      }
    },
    {
      "fullUrl": "http://num-fhirserver.distan.medicsh.de:8080/fhir/Observation/VIT-6005f0d5cccea9efe0f73c6342958bcc5230ad5d5c61b73095452b8c",
      "resource": {
        "resourceType": "Observation",
        "id": "VIT-6005f0d5cccea9efe0f73c6342958bcc5230ad5d5c61b73095452b8c",
        "meta": {
          "versionId": "120058638",
          "lastUpdated": "2025-03-14T15:26:51.659Z",
          "profile": [
            "https://www.medizininformatik-initiative.de/fhir/core/modul-person/StructureDefinition/Vitalstatus|2025.0.1"
          ]
        },
        "status": "final",
        "category": [
          {
            "coding": [
              {
                "system": "http://terminology.hl7.org/CodeSystem/observation-category",
                "code": "survey"
              }
            ]
          }
        ],
        "code": {
          "coding": [
            {
              "system": "http://loinc.org",
              "code": "67162-8"
            }
          ]
        },
        "subject": {
          "reference": "Patient/PID-4d63ffc5d72eed648aaa27f868b26fd272983618d796eb6955c637f3"
        },
        "effectiveDateTime": "2020-09-17T11:28:00+02:00",
        "valueCodeableConcept": {
          "coding": [
            {
              "system": "https://www.medizininformatik-initiative.de/fhir/core/modul-person/CodeSystem/Vitalstatus",
              "code": "L"
            }
          ]
        }
      },
      "search": {
        "mode": "match"
      }
    },
    {
      "fullUrl": "http://num-fhirserver.distan.medicsh.de:8080/fhir/Observation/VIT-62e18378781e5d72006cda2c276cc38e2f176fd503b56422d8210c71",
      "resource": {
        "resourceType": "Observation",
        "id": "VIT-62e18378781e5d72006cda2c276cc38e2f176fd503b56422d8210c71",
        "meta": {
          "versionId": "120058620",
          "lastUpdated": "2025-03-14T15:26:51.633Z",
          "profile": [
            "https://www.medizininformatik-initiative.de/fhir/core/modul-person/StructureDefinition/Vitalstatus|2025.0.1"
          ]
        },
        "status": "final",
        "category": [
          {
            "coding": [
              {
                "system": "http://terminology.hl7.org/CodeSystem/observation-category",
                "code": "survey"
              }
            ]
          }
        ],
        "code": {
          "coding": [
            {
              "system": "http://loinc.org",
              "code": "67162-8"
            }
          ]
        },
        "subject": {
          "reference": "Patient/PID-4d63ffc5d72eed648aaa27f868b26fd272983618d796eb6955c637f3"
        },
        "effectiveDateTime": "2014-03-12T15:30:00+01:00",
        "valueCodeableConcept": {
          "coding": [
            {
              "system": "https://www.medizininformatik-initiative.de/fhir/core/modul-person/CodeSystem/Vitalstatus",
              "code": "L"
            }
          ]
        }
      },
      "search": {
        "mode": "match"
      }
    }
  ]
}
