{
  "resourceType": "Bundle",
  "id": "DGTUX6OPYBYA7MEV",
  "type": "searchset",
  "total": 8,
  "entry": [
    {
      "fullUrl": "http://num-fhirserver.distan.medicsh.de:8080/fhir/Patient/PID-50edcd0a22ca8e0edd608a0548b491bee7620ca8bbe5402772a28568",
      "resource": {
        "resourceType": "Patient",
        "id": "PID-50edcd0a22ca8e0edd608a0548b491bee7620ca8bbe5402772a28568",
        "meta": {
          "versionId": "190357715",
          "lastUpdated": "2025-03-18T00:39:17.742Z",
          "profile": [
            "https://www.medizininformatik-initiative.de/fhir/core/modul-person/StructureDefinition/PatientPseudonymisiert|2025.0.1"
          ]
        },
        "identifier": [
          {
            "use": "usual",
            "type": {
              "coding": [
                {
                  "system": "http://terminology.hl7.org/CodeSystem/v3-ObservationValue",
                  "code": "PSEUDED"
                }
              ]
            },
            "system": "https://www.medizininformatik-initiative.de/fhir/sid/pseudonym",
            "value": "50edcd0a22ca8e0edd608a0548b491bee7620ca8bbe5402772a28568"
          }
        ],
        "gender": "male",
        "birthDate": "2006-05",
        "deceasedBoolean": true,
        "address": [
          {
            "type": "both",
            "postalCode": "241",
            "country": "DE"
          }
        ]
      },
      "search": {
        "mode": "match"
      }
    },
    {
      "fullUrl": "http://num-fhirserver.distan.medicsh.de:8080/fhir/Encounter/PV-10258b5f825fb767d6526e8359e4f7c82481be704e9a6230898fa4c1",
      "resource": {
        "resourceType": "Encounter",
        "id": "PV-10258b5f825fb767d6526e8359e4f7c82481be704e9a6230898fa4c1",
        "meta": {
          "versionId": "190357706",
          "lastUpdated": "2025-03-18T00:39:17.716Z",
          "source": "http://medic.uksh.de/source/orbis/legacy",
          "profile": [
            "https://www.medizininformatik-initiative.de/fhir/core/modul-fall/StructureDefinition/KontaktGesundheitseinrichtung|2025.0.0"
          ]
        },
        "identifier": [
          {
            "use": "official",
            "type": {
              "coding": [
                {
                  "system": "http://terminology.hl7.org/CodeSystem/v2-0203",
                  "code": "VN"
                }
              ]
            },
            "system": "http://medic.uksh.de/fhir/Encounter",
            "value": "10258b5f825fb767d6526e8359e4f7c82481be704e9a6230898fa4c1"
          }
        ],
        "status": "finished",
        "class": {
          "system": "http://terminology.hl7.org/CodeSystem/v3-ActCode",
          "code": "AMB"
        },
        "type": [
          {
            "coding": [
              {
                "system": "http://fhir.de/CodeSystem/Kontaktebene",
                "code": "einrichtungskontakt"
              }
            ]
          }
        ],
        "subject": {
          "reference": "Patient/PID-50edcd0a22ca8e0edd608a0548b491bee7620ca8bbe5402772a28568"
        },
        "period": {
          "start": "2006-05-12T00:00:00+02:00",
          "end": "2006-06-30T23:59:59+02:00"
        }
      },
      "search": {
        "mode": "match"
      }
    },
    {
      "fullUrl": "http://num-fhirserver.distan.medicsh.de:8080/fhir/Encounter/PV-8a148de164a7a5123710919567a86c7bae9ea19a31bea5ec842e2368",
      "resource": {
        "resourceType": "Encounter",
        "id": "PV-8a148de164a7a5123710919567a86c7bae9ea19a31bea5ec842e2368",
        "meta": {
          "versionId": "190357651",
          "lastUpdated": "2025-03-18T00:39:17.548Z",
          "source": "http://medic.uksh.de/source/orbis/legacy",
          "profile": [
            "https://www.medizininformatik-initiative.de/fhir/core/modul-fall/StructureDefinition/KontaktGesundheitseinrichtung|2025.0.0"
          ]
        },
        "identifier": [
          {
            "use": "official",
            "type": {
              "coding": [
                {
                  "system": "http://terminology.hl7.org/CodeSystem/v2-0203",
                  "code": "VN"
                }
              ]
            },
            "system": "http://medic.uksh.de/fhir/Encounter",
            "value": "8a148de164a7a5123710919567a86c7bae9ea19a31bea5ec842e2368"
          }
        ],
        "status": "finished",
        "class": {
          "system": "http://terminology.hl7.org/CodeSystem/v3-ActCode",
          "code": "AMB"
        },
        "type": [
          {
            "coding": [
              {
                "system": "http://fhir.de/CodeSystem/Kontaktebene",
                "code": "einrichtungskontakt"
              }
            ]
          }
        ],
        "subject": {
          "reference": "Patient/PID-50edcd0a22ca8e0edd608a0548b491bee7620ca8bbe5402772a28568"
        },
        "period": {
          "start": "2021-04-20T13:55:00+02:00",
          "end": "2021-06-30T23:59:59+02:00"
        }
      },
      "search": {
        "mode": "match"
      }
    },
    {
      "fullUrl": "http://num-fhirserver.distan.medicsh.de:8080/fhir/Encounter/PV-8a394c9f0bd53ec1d4d65def613792ed2374fb68919604f1c92288df",
      "resource": {
        "resourceType": "Encounter",
        "id": "PV-8a394c9f0bd53ec1d4d65def613792ed2374fb68919604f1c92288df",
        "meta": {
          "versionId": "233698314",
          "lastUpdated": "2025-03-19T13:27:55.085Z",
          "source": "http://medic.uksh.de/source/orbis/adt",
          "profile": [
            "https://www.medizininformatik-initiative.de/fhir/core/modul-fall/StructureDefinition/KontaktGesundheitseinrichtung|2025.0.0"
          ]
        },
        "identifier": [
          {
            "use": "official",
            "type": {
              "coding": [
                {
                  "system": "http://terminology.hl7.org/CodeSystem/v2-0203",
                  "code": "VN"
                }
              ]
            },
            "system": "http://medic.uksh.de/fhir/Encounter",
            "value": "8a394c9f0bd53ec1d4d65def613792ed2374fb68919604f1c92288df"
          }
        ],
        "status": "finished",
        "class": {
          "system": "http://terminology.hl7.org/CodeSystem/v3-ActCode",
          "code": "AMB"
        },
        "type": [
          {
            "coding": [
              {
                "system": "http://fhir.de/CodeSystem/Kontaktebene",
                "code": "einrichtungskontakt"
              }
            ]
          }
        ],
        "subject": {
          "reference": "Patient/PID-50edcd0a22ca8e0edd608a0548b491bee7620ca8bbe5402772a28568"
        },
        "period": {
          "start": "2022-01-17T11:23:00+01:00",
          "end": "2022-03-31T23:59:59+02:00"
        }
      },
      "search": {
        "mode": "match"
      }
    },
    {
      "fullUrl": "http://num-fhirserver.distan.medicsh.de:8080/fhir/Observation/VIT-16eedbb5e9695609a3bf76d374e88bed810663892c54a71f5ed2c388",
      "resource": {
        "resourceType": "Observation",
        "id": "VIT-16eedbb5e9695609a3bf76d374e88bed810663892c54a71f5ed2c388",
        "meta": {
          "versionId": "233698323",
          "lastUpdated": "2025-03-19T13:27:55.100Z",
          "profile": [
            "https://www.medizininformatik-initiative.de/fhir/core/modul-person/StructureDefinition/Vitalstatus|2025.0.1"
          ]
        },
        "status": "final",
        "category": [
          {
            "coding": [
              {
                "system": "http://terminology.hl7.org/CodeSystem/observation-category",
                "code": "survey"
              }
            ]
          }
        ],
        "code": {
          "coding": [
            {
              "system": "http://loinc.org",
              "code": "67162-8"
            }
          ]
        },
        "subject": {
          "reference": "Patient/PID-50edcd0a22ca8e0edd608a0548b491bee7620ca8bbe5402772a28568"
        },
        "effectiveDateTime": "2022-01-17T11:23:00+01:00",
        "valueCodeableConcept": {
          "coding": [
            {
              "system": "https://www.medizininformatik-initiative.de/fhir/core/modul-person/CodeSystem/Vitalstatus",
              "code": "L"
            }
          ]
        }
      },
      "search": {
        "mode": "match"
      }
    },
    {
      "fullUrl": "http://num-fhirserver.distan.medicsh.de:8080/fhir/Observation/VIT-6734011a955f02687a741af478cf6162d6ba01b20056b3adb8abfa7a",
      "resource": {
        "resourceType": "Observation",
        "id": "VIT-6734011a955f02687a741af478cf6162d6ba01b20056b3adb8abfa7a",
        "meta": {
          "versionId": "190357714",
          "lastUpdated": "2025-03-18T00:39:17.742Z",
          "profile": [
            "https://www.medizininformatik-initiative.de/fhir/core/modul-person/StructureDefinition/Vitalstatus|2025.0.1"
          ]
        },
        "status": "final",
        "category": [
          {
            "coding": [
              {
                "system": "http://terminology.hl7.org/CodeSystem/observation-category",
                "code": "survey"
              }
            ]
          }
        ],
        "code": {
          "coding": [
            {
              "system": "http://loinc.org",
              "code": "67162-8"
            }
          ]
        },
        "subject": {
          "reference": "Patient/PID-50edcd0a22ca8e0edd608a0548b491bee7620ca8bbe5402772a28568"
        },
        "effectiveDateTime": "2006-05-12T00:00:00+02:00",
        "valueCodeableConcept": {
          "coding": [
            {
              "system": "https://www.medizininformatik-initiative.de/fhir/core/modul-person/CodeSystem/Vitalstatus",
              "code": "L"
            }
          ]
        }
      },
      "search": {
        "mode": "match"
      }
    },
    {
      "fullUrl": "http://num-fhirserver.distan.medicsh.de:8080/fhir/Observation/VIT-7928e01dac47deede6bdf9c6327ad6d5b1daacdb1381a57ae92979f3",
      "resource": {
        "resourceType": "Observation",
        "id": "VIT-7928e01dac47deede6bdf9c6327ad6d5b1daacdb1381a57ae92979f3",
        "meta": {
          "versionId": "190357660",
          "lastUpdated": "2025-03-18T00:39:17.572Z",
          "profile": [
            "https://www.medizininformatik-initiative.de/fhir/core/modul-person/StructureDefinition/Vitalstatus|2025.0.1"
          ]
        },
        "status": "final",
        "category": [
          {
            "coding": [
              {
                "system": "http://terminology.hl7.org/CodeSystem/observation-category",
                "code": "survey"
              }
            ]
          }
        ],
        "code": {
          "coding": [
            {
              "system": "http://loinc.org",
              "code": "67162-8"
            }
          ]
        },
        "subject": {
          "reference": "Patient/PID-50edcd0a22ca8e0edd608a0548b491bee7620ca8bbe5402772a28568"
        },
        "effectiveDateTime": "2021-04-20T13:55:00+02:00",
        "valueCodeableConcept": {
          "coding": [
            {
              "system": "https://www.medizininformatik-initiative.de/fhir/core/modul-person/CodeSystem/Vitalstatus",
              "code": "L"
            }
          ]
        }
      },
      "search": {
        "mode": "match"
      }
    },
    {
      "fullUrl": "http://num-fhirserver.distan.medicsh.de:8080/fhir/Observation/VIT-852430bda39f4b6e9c8bfbc0172c4984e46f05812b73d46a2f9eff62",
      "resource": {
        "resourceType": "Observation",
        "id": "VIT-852430bda39f4b6e9c8bfbc0172c4984e46f05812b73d46a2f9eff62",
        "meta": {
          "versionId": "233698331",
          "lastUpdated": "2025-03-19T13:27:55.114Z",
          "profile": [
            "https://www.medizininformatik-initiative.de/fhir/core/modul-person/StructureDefinition/Vitalstatus|2025.0.1"
          ]
        },
        "status": "final",
        "category": [
          {
            "coding": [
              {
                "system": "http://terminology.hl7.org/CodeSystem/observation-category",
                "code": "survey"
              }
            ]
          }
        ],
        "code": {
          "coding": [
            {
              "system": "http://loinc.org",
              "code": "67162-8"
            }
          ]
        },
        "subject": {
          "reference": "Patient/PID-50edcd0a22ca8e0edd608a0548b491bee7620ca8bbe5402772a28568"
        },
        "effectiveDateTime": "2022-03-31T23:59:59+02:00",
        "valueCodeableConcept": {
          "coding": [
            {
              "system": "https://www.medizininformatik-initiative.de/fhir/core/modul-person/CodeSystem/Vitalstatus",
              "code": "L"
            }
          ]
        }
      },
      "search": {
        "mode": "match"
      }
    }
  ]
}
