{
  "resourceType": "Bundle",
  "id": "DGTUX5Z5VXE225JV",
  "type": "searchset",
  "total": 9,
  "entry": [
    {
      "fullUrl": "http://num-fhirserver.distan.medicsh.de:8080/fhir/Patient/PID-51674211d0b853116eb0526d93a0f0cd26e1cc82be48c3d8d704e596",
      "resource": {
        "resourceType": "Patient",
        "id": "PID-51674211d0b853116eb0526d93a0f0cd26e1cc82be48c3d8d704e596",
        "meta": {
          "versionId": "219732054",
          "lastUpdated": "2025-03-18T21:28:52.455Z",
          "profile": [
            "https://www.medizininformatik-initiative.de/fhir/core/modul-person/StructureDefinition/PatientPseudonymisiert|2025.0.1"
          ]
        },
        "identifier": [
          {
            "use": "usual",
            "type": {
              "coding": [
                {
                  "system": "http://terminology.hl7.org/CodeSystem/v3-ObservationValue",
                  "code": "PSEUDED"
                }
              ]
            },
            "system": "https://www.medizininformatik-initiative.de/fhir/sid/pseudonym",
            "value": "51674211d0b853116eb0526d93a0f0cd26e1cc82be48c3d8d704e596"
          }
        ],
        "gender": "female",
        "birthDate": "2011-12",
        "deceasedBoolean": true
      },
      "search": {
        "mode": "match"
      }
    },
    {
      "fullUrl": "http://num-fhirserver.distan.medicsh.de:8080/fhir/Encounter/PV-64d1e0cfb103efde7fab25ec78bb2d81eb086c0cef09d72a06f869ac",
      "resource": {
        "resourceType": "Encounter",
        "id": "PV-64d1e0cfb103efde7fab25ec78bb2d81eb086c0cef09d72a06f869ac",
        "meta": {
          "versionId": "219732120",
          "lastUpdated": "2025-03-18T21:28:52.568Z",
          "source": "http://medic.uksh.de/source/orbis/legacy",
          "profile": [
            "https://www.medizininformatik-initiative.de/fhir/core/modul-fall/StructureDefinition/KontaktGesundheitseinrichtung|2025.0.0"
          ]
        },
        "identifier": [
          {
            "use": "official",
            "type": {
              "coding": [
                {
                  "system": "http://terminology.hl7.org/CodeSystem/v2-0203",
                  "code": "VN"
                }
              ]
            },
            "system": "http://medic.uksh.de/fhir/Encounter",
            "value": "64d1e0cfb103efde7fab25ec78bb2d81eb086c0cef09d72a06f869ac"
          }
        ],
        "status": "finished",
        "class": {
          "system": "http://terminology.hl7.org/CodeSystem/v3-ActCode",
          "code": "AMB"
        },
        "type": [
          {
            "coding": [
              {
                "system": "http://fhir.de/CodeSystem/Kontaktebene",
                "code": "einrichtungskontakt"
              }
            ]
          }
        ],
        "subject": {
          "reference": "Patient/PID-51674211d0b853116eb0526d93a0f0cd26e1cc82be48c3d8d704e596"
        },
        "period": {
          "start": "2011-12-15T07:00:00+01:00",
          "end": "2011-12-31T23:59:59+01:00"
        },
        "hospitalization": {
          "admitSource": {
            "coding": [
              {
                "system": "http://fhir.de/CodeSystem/dgkev/Aufnahmeanlass",
                "code": "E"
              }
            ]
          }
        }
      },
      "search": {
        "mode": "match"
      }
    },
    {
      "fullUrl": "http://num-fhirserver.distan.medicsh.de:8080/fhir/Encounter/PV-f2d837d83e825e6a22144cf241cfab4fa8a52d19f660739c26df857f",
      "resource": {
        "resourceType": "Encounter",
        "id": "PV-f2d837d83e825e6a22144cf241cfab4fa8a52d19f660739c26df857f",
        "meta": {
          "versionId": "219732059",
          "lastUpdated": "2025-03-18T21:28:52.461Z",
          "source": "http://medic.uksh.de/source/orbis/legacy",
          "profile": [
            "https://www.medizininformatik-initiative.de/fhir/core/modul-fall/StructureDefinition/KontaktGesundheitseinrichtung|2025.0.0"
          ]
        },
        "identifier": [
          {
            "use": "official",
            "type": {
              "coding": [
                {
                  "system": "http://terminology.hl7.org/CodeSystem/v2-0203",
                  "code": "VN"
                }
              ]
            },
            "system": "http://medic.uksh.de/fhir/Encounter",
            "value": "f2d837d83e825e6a22144cf241cfab4fa8a52d19f660739c26df857f"
          }
        ],
        "status": "finished",
        "class": {
          "system": "http://terminology.hl7.org/CodeSystem/v3-ActCode",
          "code": "AMB"
        },
        "type": [
          {
            "coding": [
              {
                "system": "http://fhir.de/CodeSystem/Kontaktebene",
                "code": "einrichtungskontakt"
              }
            ]
          }
        ],
        "subject": {
          "reference": "Patient/PID-51674211d0b853116eb0526d93a0f0cd26e1cc82be48c3d8d704e596"
        },
        "period": {
          "start": "2012-01-03T12:32:00+01:00",
          "end": "2012-03-31T23:59:59+02:00"
        },
        "hospitalization": {
          "admitSource": {
            "coding": [
              {
                "system": "http://fhir.de/CodeSystem/dgkev/Aufnahmeanlass",
                "code": "E"
              }
            ]
          }
        }
      },
      "search": {
        "mode": "match"
      }
    },
    {
      "fullUrl": "http://num-fhirserver.distan.medicsh.de:8080/fhir/Observation/VIT-c80985b621cc966982fb94ed1d77a317dad90a2b51a4befc3e89f349",
      "resource": {
        "resourceType": "Observation",
        "id": "VIT-c80985b621cc966982fb94ed1d77a317dad90a2b51a4befc3e89f349",
        "meta": {
          "versionId": "219732131",
          "lastUpdated": "2025-03-18T21:28:52.590Z",
          "profile": [
            "https://www.medizininformatik-initiative.de/fhir/core/modul-person/StructureDefinition/Vitalstatus|2025.0.1"
          ]
        },
        "status": "final",
        "category": [
          {
            "coding": [
              {
                "system": "http://terminology.hl7.org/CodeSystem/observation-category",
                "code": "survey"
              }
            ]
          }
        ],
        "code": {
          "coding": [
            {
              "system": "http://loinc.org",
              "code": "67162-8"
            }
          ]
        },
        "subject": {
          "reference": "Patient/PID-51674211d0b853116eb0526d93a0f0cd26e1cc82be48c3d8d704e596"
        },
        "effectiveDateTime": "2011-12-15T07:00:00+01:00",
        "valueCodeableConcept": {
          "coding": [
            {
              "system": "https://www.medizininformatik-initiative.de/fhir/core/modul-person/CodeSystem/Vitalstatus",
              "code": "L"
            }
          ]
        }
      },
      "search": {
        "mode": "match"
      }
    },
    {
      "fullUrl": "http://num-fhirserver.distan.medicsh.de:8080/fhir/Observation/VIT-d721d4f2a3bd0f2031fa406358cbaa8b96740dc959d8b02b4985956e",
      "resource": {
        "resourceType": "Observation",
        "id": "VIT-d721d4f2a3bd0f2031fa406358cbaa8b96740dc959d8b02b4985956e",
        "meta": {
          "versionId": "219732066",
          "lastUpdated": "2025-03-18T21:28:52.473Z",
          "profile": [
            "https://www.medizininformatik-initiative.de/fhir/core/modul-person/StructureDefinition/Vitalstatus|2025.0.1"
          ]
        },
        "status": "final",
        "category": [
          {
            "coding": [
              {
                "system": "http://terminology.hl7.org/CodeSystem/observation-category",
                "code": "survey"
              }
            ]
          }
        ],
        "code": {
          "coding": [
            {
              "system": "http://loinc.org",
              "code": "67162-8"
            }
          ]
        },
        "subject": {
          "reference": "Patient/PID-51674211d0b853116eb0526d93a0f0cd26e1cc82be48c3d8d704e596"
        },
        "effectiveDateTime": "2012-01-03T12:32:00+01:00",
        "valueCodeableConcept": {
          "coding": [
            {
              "system": "https://www.medizininformatik-initiative.de/fhir/core/modul-person/CodeSystem/Vitalstatus",
              "code": "L"
            }
          ]
        }
      },
      "search": {
        "mode": "match"
      }
    },
    {
      "fullUrl": "http://num-fhirserver.distan.medicsh.de:8080/fhir/Procedure/PR-024607685cf2bdef2879d500248b89ccaf151968fcb761dce92e9ad4",
      "resource": {
        "resourceType": "Procedure",
        "id": "PR-024607685cf2bdef2879d500248b89ccaf151968fcb761dce92e9ad4",
        "meta": {
          "versionId": "374176785",
          "lastUpdated": "2025-10-08T16:19:14.952Z",
          "profile": [
            "https://www.medizininformatik-initiative.de/fhir/core/modul-prozedur/StructureDefinition/Procedure|2025.0.0"
          ]
        },
        "status": "completed",
        "category": {
          "coding": [
            {
              "system": "http://snomed.info/sct",
              "code": "363679005",
              "display": "Imaging"
            }
          ]
        },
        "code": {
          "coding": [
            {
              "system": "http://fhir.de/CodeSystem/bfarm/ops",
              "version": "2011",
              "code": "3-700",
              "display": "Szintigraphie von Gehirn und Liquorräumen"
            }
          ]
        },
        "subject": {
          "reference": "Patient/PID-51674211d0b853116eb0526d93a0f0cd26e1cc82be48c3d8d704e596"
        },
        "encounter": {
          "reference": "Encounter/PV-64d1e0cfb103efde7fab25ec78bb2d81eb086c0cef09d72a06f869ac"
        },
        "performedDateTime": "2011-12-16T11:45:00+01:00"
      },
      "search": {
        "mode": "match"
      }
    },
    {
      "fullUrl": "http://num-fhirserver.distan.medicsh.de:8080/fhir/Procedure/PR-2ac2dd10212069885459c16743798564780eeecaf299f0b4fd3b0744",
      "resource": {
        "resourceType": "Procedure",
        "id": "PR-2ac2dd10212069885459c16743798564780eeecaf299f0b4fd3b0744",
        "meta": {
          "versionId": "374166641",
          "lastUpdated": "2025-10-08T16:18:51.277Z",
          "profile": [
            "https://www.medizininformatik-initiative.de/fhir/core/modul-prozedur/StructureDefinition/Procedure|2025.0.0"
          ]
        },
        "status": "completed",
        "category": {
          "coding": [
            {
              "system": "http://snomed.info/sct",
              "code": "363679005",
              "display": "Imaging"
            }
          ]
        },
        "code": {
          "coding": [
            {
              "system": "http://fhir.de/CodeSystem/bfarm/ops",
              "version": "2011",
              "code": "3-993",
              "display": "Quantitative Bestimmung von Parametern"
            }
          ]
        },
        "subject": {
          "reference": "Patient/PID-51674211d0b853116eb0526d93a0f0cd26e1cc82be48c3d8d704e596"
        },
        "encounter": {
          "reference": "Encounter/PV-64d1e0cfb103efde7fab25ec78bb2d81eb086c0cef09d72a06f869ac"
        },
        "performedDateTime": "2011-12-15T15:22:00+01:00"
      },
      "search": {
        "mode": "match"
      }
    },
    {
      "fullUrl": "http://num-fhirserver.distan.medicsh.de:8080/fhir/Procedure/PR-3087377dcac9ab16682f03de4b493759a14f8c9dcef8d3112d456d61",
      "resource": {
        "resourceType": "Procedure",
        "id": "PR-3087377dcac9ab16682f03de4b493759a14f8c9dcef8d3112d456d61",
        "meta": {
          "versionId": "374170533",
          "lastUpdated": "2025-10-08T16:19:00.195Z",
          "profile": [
            "https://www.medizininformatik-initiative.de/fhir/core/modul-prozedur/StructureDefinition/Procedure|2025.0.0"
          ]
        },
        "status": "completed",
        "category": {
          "coding": [
            {
              "system": "http://snomed.info/sct",
              "code": "363679005",
              "display": "Imaging"
            }
          ]
        },
        "code": {
          "coding": [
            {
              "system": "http://fhir.de/CodeSystem/bfarm/ops",
              "version": "2011",
              "code": "3-990",
              "display": "Computergestützte Bilddatenanalyse mit 3D-Auswertung"
            }
          ]
        },
        "subject": {
          "reference": "Patient/PID-51674211d0b853116eb0526d93a0f0cd26e1cc82be48c3d8d704e596"
        },
        "encounter": {
          "reference": "Encounter/PV-64d1e0cfb103efde7fab25ec78bb2d81eb086c0cef09d72a06f869ac"
        },
        "performedDateTime": "2011-12-15T15:22:00+01:00"
      },
      "search": {
        "mode": "match"
      }
    },
    {
      "fullUrl": "http://num-fhirserver.distan.medicsh.de:8080/fhir/Procedure/PR-ce3fe4f930b5364b63284d1674acb23514a91eb8c86d2f5cdfae968a",
      "resource": {
        "resourceType": "Procedure",
        "id": "PR-ce3fe4f930b5364b63284d1674acb23514a91eb8c86d2f5cdfae968a",
        "meta": {
          "versionId": "374166614",
          "lastUpdated": "2025-10-08T16:18:51.200Z",
          "profile": [
            "https://www.medizininformatik-initiative.de/fhir/core/modul-prozedur/StructureDefinition/Procedure|2025.0.0"
          ]
        },
        "status": "completed",
        "category": {
          "coding": [
            {
              "system": "http://snomed.info/sct",
              "code": "363679005",
              "display": "Imaging"
            }
          ]
        },
        "code": {
          "coding": [
            {
              "system": "http://fhir.de/CodeSystem/bfarm/ops",
              "version": "2011",
              "code": "3-742",
              "display": "Positronenemissionstomographie des gesamten Körperstammes"
            }
          ]
        },
        "subject": {
          "reference": "Patient/PID-51674211d0b853116eb0526d93a0f0cd26e1cc82be48c3d8d704e596"
        },
        "encounter": {
          "reference": "Encounter/PV-64d1e0cfb103efde7fab25ec78bb2d81eb086c0cef09d72a06f869ac"
        },
        "performedDateTime": "2011-12-15T15:22:00+01:00"
      },
      "search": {
        "mode": "match"
      }
    }
  ]
}
