{
  "resourceType": "Bundle",
  "id": "DGTUX5A4RLFA3TQ6",
  "type": "searchset",
  "total": 3,
  "entry": [
    {
      "fullUrl": "http://num-fhirserver.distan.medicsh.de:8080/fhir/Patient/PID-518dd0a8c28f481967cffbb9494f144ec4ac55af6c80d52f75c666b4",
      "resource": {
        "resourceType": "Patient",
        "id": "PID-518dd0a8c28f481967cffbb9494f144ec4ac55af6c80d52f75c666b4",
        "meta": {
          "versionId": "164294207",
          "lastUpdated": "2025-03-16T07:58:50.674Z",
          "profile": [
            "https://www.medizininformatik-initiative.de/fhir/core/modul-person/StructureDefinition/PatientPseudonymisiert|2025.0.1"
          ]
        },
        "identifier": [
          {
            "use": "usual",
            "type": {
              "coding": [
                {
                  "system": "http://terminology.hl7.org/CodeSystem/v3-ObservationValue",
                  "code": "PSEUDED"
                }
              ]
            },
            "system": "https://www.medizininformatik-initiative.de/fhir/sid/pseudonym",
            "value": "518dd0a8c28f481967cffbb9494f144ec4ac55af6c80d52f75c666b4"
          }
        ],
        "gender": "male",
        "birthDate": "2007-05",
        "deceasedBoolean": true
      },
      "search": {
        "mode": "match"
      }
    },
    {
      "fullUrl": "http://num-fhirserver.distan.medicsh.de:8080/fhir/Encounter/PV-87dfc1ae9769364ac884dc7ec3fb6d6a76166afbd63bc9bb127d9070",
      "resource": {
        "resourceType": "Encounter",
        "id": "PV-87dfc1ae9769364ac884dc7ec3fb6d6a76166afbd63bc9bb127d9070",
        "meta": {
          "versionId": "164294208",
          "lastUpdated": "2025-03-16T07:58:50.682Z",
          "source": "http://medic.uksh.de/source/orbis/legacy",
          "profile": [
            "https://www.medizininformatik-initiative.de/fhir/core/modul-fall/StructureDefinition/KontaktGesundheitseinrichtung|2025.0.0"
          ]
        },
        "identifier": [
          {
            "use": "official",
            "type": {
              "coding": [
                {
                  "system": "http://terminology.hl7.org/CodeSystem/v2-0203",
                  "code": "VN"
                }
              ]
            },
            "system": "http://medic.uksh.de/fhir/Encounter",
            "value": "87dfc1ae9769364ac884dc7ec3fb6d6a76166afbd63bc9bb127d9070"
          }
        ],
        "status": "finished",
        "class": {
          "system": "http://terminology.hl7.org/CodeSystem/v3-ActCode",
          "code": "AMB"
        },
        "type": [
          {
            "coding": [
              {
                "system": "http://fhir.de/CodeSystem/Kontaktebene",
                "code": "einrichtungskontakt"
              }
            ]
          }
        ],
        "subject": {
          "reference": "Patient/PID-518dd0a8c28f481967cffbb9494f144ec4ac55af6c80d52f75c666b4"
        },
        "period": {
          "start": "2007-05-01T13:18:00+02:00",
          "end": "2007-06-30T23:59:59+02:00"
        }
      },
      "search": {
        "mode": "match"
      }
    },
    {
      "fullUrl": "http://num-fhirserver.distan.medicsh.de:8080/fhir/Observation/VIT-7f111d9e0509e56899b010fb05992402a99904a74a544bc3e0631526",
      "resource": {
        "resourceType": "Observation",
        "id": "VIT-7f111d9e0509e56899b010fb05992402a99904a74a544bc3e0631526",
        "meta": {
          "versionId": "164294209",
          "lastUpdated": "2025-03-16T07:58:50.699Z",
          "profile": [
            "https://www.medizininformatik-initiative.de/fhir/core/modul-person/StructureDefinition/Vitalstatus|2025.0.1"
          ]
        },
        "status": "final",
        "category": [
          {
            "coding": [
              {
                "system": "http://terminology.hl7.org/CodeSystem/observation-category",
                "code": "survey"
              }
            ]
          }
        ],
        "code": {
          "coding": [
            {
              "system": "http://loinc.org",
              "code": "67162-8"
            }
          ]
        },
        "subject": {
          "reference": "Patient/PID-518dd0a8c28f481967cffbb9494f144ec4ac55af6c80d52f75c666b4"
        },
        "effectiveDateTime": "2007-05-01T13:18:00+02:00",
        "valueCodeableConcept": {
          "coding": [
            {
              "system": "https://www.medizininformatik-initiative.de/fhir/core/modul-person/CodeSystem/Vitalstatus",
              "code": "L"
            }
          ]
        }
      },
      "search": {
        "mode": "match"
      }
    }
  ]
}
