{
  "resourceType": "Bundle",
  "id": "DGTUX5EUWV3VSQVD",
  "type": "searchset",
  "total": 3,
  "entry": [
    {
      "fullUrl": "http://num-fhirserver.distan.medicsh.de:8080/fhir/Patient/PID-526ecdf6792bfeecc88fc74c0bd5d9ffe1e51e9c0b19c9b36dad48d0",
      "resource": {
        "resourceType": "Patient",
        "id": "PID-526ecdf6792bfeecc88fc74c0bd5d9ffe1e51e9c0b19c9b36dad48d0",
        "meta": {
          "versionId": "162600724",
          "lastUpdated": "2025-03-15T21:57:03.446Z",
          "profile": [
            "https://www.medizininformatik-initiative.de/fhir/core/modul-person/StructureDefinition/PatientPseudonymisiert|2025.0.1"
          ]
        },
        "identifier": [
          {
            "use": "usual",
            "type": {
              "coding": [
                {
                  "system": "http://terminology.hl7.org/CodeSystem/v3-ObservationValue",
                  "code": "PSEUDED"
                }
              ]
            },
            "system": "https://www.medizininformatik-initiative.de/fhir/sid/pseudonym",
            "value": "526ecdf6792bfeecc88fc74c0bd5d9ffe1e51e9c0b19c9b36dad48d0"
          }
        ],
        "gender": "male",
        "birthDate": "2007-02",
        "deceasedBoolean": true
      },
      "search": {
        "mode": "match"
      }
    },
    {
      "fullUrl": "http://num-fhirserver.distan.medicsh.de:8080/fhir/Encounter/PV-da8ca31072e235612acb6f24ccdaa5e534192319246e5278b80be454",
      "resource": {
        "resourceType": "Encounter",
        "id": "PV-da8ca31072e235612acb6f24ccdaa5e534192319246e5278b80be454",
        "meta": {
          "versionId": "162600732",
          "lastUpdated": "2025-03-15T21:57:03.463Z",
          "source": "http://medic.uksh.de/source/orbis/legacy",
          "profile": [
            "https://www.medizininformatik-initiative.de/fhir/core/modul-fall/StructureDefinition/KontaktGesundheitseinrichtung|2025.0.0"
          ]
        },
        "identifier": [
          {
            "use": "official",
            "type": {
              "coding": [
                {
                  "system": "http://terminology.hl7.org/CodeSystem/v2-0203",
                  "code": "VN"
                }
              ]
            },
            "system": "http://medic.uksh.de/fhir/Encounter",
            "value": "da8ca31072e235612acb6f24ccdaa5e534192319246e5278b80be454"
          }
        ],
        "status": "finished",
        "class": {
          "system": "http://terminology.hl7.org/CodeSystem/v3-ActCode",
          "code": "AMB"
        },
        "type": [
          {
            "coding": [
              {
                "system": "http://fhir.de/CodeSystem/Kontaktebene",
                "code": "einrichtungskontakt"
              }
            ]
          }
        ],
        "subject": {
          "reference": "Patient/PID-526ecdf6792bfeecc88fc74c0bd5d9ffe1e51e9c0b19c9b36dad48d0"
        },
        "period": {
          "start": "2007-02-01T08:17:00+01:00",
          "end": "2007-03-31T23:59:59+02:00"
        }
      },
      "search": {
        "mode": "match"
      }
    },
    {
      "fullUrl": "http://num-fhirserver.distan.medicsh.de:8080/fhir/Observation/VIT-c05b51b2e3c7aa6013659ea6d2b24190971cbb8e62973f18eac3ab10",
      "resource": {
        "resourceType": "Observation",
        "id": "VIT-c05b51b2e3c7aa6013659ea6d2b24190971cbb8e62973f18eac3ab10",
        "meta": {
          "versionId": "162600741",
          "lastUpdated": "2025-03-15T21:57:03.474Z",
          "profile": [
            "https://www.medizininformatik-initiative.de/fhir/core/modul-person/StructureDefinition/Vitalstatus|2025.0.1"
          ]
        },
        "status": "final",
        "category": [
          {
            "coding": [
              {
                "system": "http://terminology.hl7.org/CodeSystem/observation-category",
                "code": "survey"
              }
            ]
          }
        ],
        "code": {
          "coding": [
            {
              "system": "http://loinc.org",
              "code": "67162-8"
            }
          ]
        },
        "subject": {
          "reference": "Patient/PID-526ecdf6792bfeecc88fc74c0bd5d9ffe1e51e9c0b19c9b36dad48d0"
        },
        "effectiveDateTime": "2007-02-01T08:17:00+01:00",
        "valueCodeableConcept": {
          "coding": [
            {
              "system": "https://www.medizininformatik-initiative.de/fhir/core/modul-person/CodeSystem/Vitalstatus",
              "code": "L"
            }
          ]
        }
      },
      "search": {
        "mode": "match"
      }
    }
  ]
}
