{
  "resourceType": "Bundle",
  "id": "DGTUYA3CPMQTGKK2",
  "type": "searchset",
  "total": 7,
  "entry": [
    {
      "fullUrl": "http://num-fhirserver.distan.medicsh.de:8080/fhir/Patient/PID-5576bb48f316abff7f27a28a93c4e44290f646260db8e20c1731cc61",
      "resource": {
        "resourceType": "Patient",
        "id": "PID-5576bb48f316abff7f27a28a93c4e44290f646260db8e20c1731cc61",
        "meta": {
          "versionId": "77900729",
          "lastUpdated": "2025-03-13T09:01:36.408Z",
          "profile": [
            "https://www.medizininformatik-initiative.de/fhir/core/modul-person/StructureDefinition/PatientPseudonymisiert|2025.0.1"
          ]
        },
        "identifier": [
          {
            "use": "usual",
            "type": {
              "coding": [
                {
                  "system": "http://terminology.hl7.org/CodeSystem/v3-ObservationValue",
                  "code": "PSEUDED"
                }
              ]
            },
            "system": "https://www.medizininformatik-initiative.de/fhir/sid/pseudonym",
            "value": "5576bb48f316abff7f27a28a93c4e44290f646260db8e20c1731cc61"
          }
        ],
        "gender": "female",
        "birthDate": "1999-02",
        "deceasedBoolean": true,
        "address": [
          {
            "type": "both",
            "postalCode": "241",
            "country": "DE"
          }
        ]
      },
      "search": {
        "mode": "match"
      }
    },
    {
      "fullUrl": "http://num-fhirserver.distan.medicsh.de:8080/fhir/Encounter/PV-52fa217ba2c5b524d3b1ac200f8b51dee0f12d477ba12a870c2a2610",
      "resource": {
        "resourceType": "Encounter",
        "id": "PV-52fa217ba2c5b524d3b1ac200f8b51dee0f12d477ba12a870c2a2610",
        "meta": {
          "versionId": "77901117",
          "lastUpdated": "2025-03-13T09:01:37.432Z",
          "source": "http://medic.uksh.de/source/orbis/legacy",
          "profile": [
            "https://www.medizininformatik-initiative.de/fhir/core/modul-fall/StructureDefinition/KontaktGesundheitseinrichtung|2025.0.0"
          ]
        },
        "identifier": [
          {
            "use": "official",
            "type": {
              "coding": [
                {
                  "system": "http://terminology.hl7.org/CodeSystem/v2-0203",
                  "code": "VN"
                }
              ]
            },
            "system": "http://medic.uksh.de/fhir/Encounter",
            "value": "52fa217ba2c5b524d3b1ac200f8b51dee0f12d477ba12a870c2a2610"
          }
        ],
        "status": "finished",
        "class": {
          "system": "http://terminology.hl7.org/CodeSystem/v3-ActCode",
          "code": "AMB"
        },
        "type": [
          {
            "coding": [
              {
                "system": "http://fhir.de/CodeSystem/Kontaktebene",
                "code": "einrichtungskontakt"
              }
            ]
          }
        ],
        "subject": {
          "reference": "Patient/PID-5576bb48f316abff7f27a28a93c4e44290f646260db8e20c1731cc61"
        },
        "period": {
          "start": "2015-08-25T09:52:00+02:00",
          "end": "2015-09-30T23:59:59+02:00"
        },
        "hospitalization": {
          "admitSource": {
            "coding": [
              {
                "system": "http://fhir.de/CodeSystem/dgkev/Aufnahmeanlass",
                "code": "E"
              }
            ]
          }
        }
      },
      "search": {
        "mode": "match"
      }
    },
    {
      "fullUrl": "http://num-fhirserver.distan.medicsh.de:8080/fhir/Encounter/PV-c49ca34bfde2e245608cc30580852977bdf4755cb5f86ded00f9e043",
      "resource": {
        "resourceType": "Encounter",
        "id": "PV-c49ca34bfde2e245608cc30580852977bdf4755cb5f86ded00f9e043",
        "meta": {
          "versionId": "77900721",
          "lastUpdated": "2025-03-13T09:01:36.386Z",
          "source": "http://medic.uksh.de/source/orbis/legacy",
          "profile": [
            "https://www.medizininformatik-initiative.de/fhir/core/modul-fall/StructureDefinition/KontaktGesundheitseinrichtung|2025.0.0"
          ]
        },
        "identifier": [
          {
            "use": "official",
            "type": {
              "coding": [
                {
                  "system": "http://terminology.hl7.org/CodeSystem/v2-0203",
                  "code": "VN"
                }
              ]
            },
            "system": "http://medic.uksh.de/fhir/Encounter",
            "value": "c49ca34bfde2e245608cc30580852977bdf4755cb5f86ded00f9e043"
          }
        ],
        "status": "finished",
        "class": {
          "system": "http://terminology.hl7.org/CodeSystem/v3-ActCode",
          "code": "AMB"
        },
        "type": [
          {
            "coding": [
              {
                "system": "http://fhir.de/CodeSystem/Kontaktebene",
                "code": "einrichtungskontakt"
              }
            ]
          }
        ],
        "subject": {
          "reference": "Patient/PID-5576bb48f316abff7f27a28a93c4e44290f646260db8e20c1731cc61"
        },
        "period": {
          "start": "2015-08-25T10:00:00+02:00",
          "end": "2015-09-30T23:59:59+02:00"
        },
        "hospitalization": {
          "admitSource": {
            "coding": [
              {
                "system": "http://fhir.de/CodeSystem/dgkev/Aufnahmeanlass",
                "code": "E"
              }
            ]
          }
        }
      },
      "search": {
        "mode": "match"
      }
    },
    {
      "fullUrl": "http://num-fhirserver.distan.medicsh.de:8080/fhir/Encounter/PV-f2b11a47b9b9ee666fdb3f8269a9decffd30aa154b2f21fd7c66d634",
      "resource": {
        "resourceType": "Encounter",
        "id": "PV-f2b11a47b9b9ee666fdb3f8269a9decffd30aa154b2f21fd7c66d634",
        "meta": {
          "versionId": "77901095",
          "lastUpdated": "2025-03-13T09:01:37.367Z",
          "source": "http://medic.uksh.de/source/orbis/legacy",
          "profile": [
            "https://www.medizininformatik-initiative.de/fhir/core/modul-fall/StructureDefinition/KontaktGesundheitseinrichtung|2025.0.0"
          ]
        },
        "identifier": [
          {
            "use": "official",
            "type": {
              "coding": [
                {
                  "system": "http://terminology.hl7.org/CodeSystem/v2-0203",
                  "code": "VN"
                }
              ]
            },
            "system": "http://medic.uksh.de/fhir/Encounter",
            "value": "f2b11a47b9b9ee666fdb3f8269a9decffd30aa154b2f21fd7c66d634"
          }
        ],
        "status": "finished",
        "class": {
          "system": "http://terminology.hl7.org/CodeSystem/v3-ActCode",
          "code": "AMB"
        },
        "type": [
          {
            "coding": [
              {
                "system": "http://fhir.de/CodeSystem/Kontaktebene",
                "code": "einrichtungskontakt"
              }
            ]
          }
        ],
        "subject": {
          "reference": "Patient/PID-5576bb48f316abff7f27a28a93c4e44290f646260db8e20c1731cc61"
        },
        "period": {
          "start": "2017-08-30T16:34:00+02:00",
          "end": "2017-09-30T23:59:59+02:00"
        },
        "hospitalization": {
          "admitSource": {
            "coding": [
              {
                "system": "http://fhir.de/CodeSystem/dgkev/Aufnahmeanlass",
                "code": "E"
              }
            ]
          }
        }
      },
      "search": {
        "mode": "match"
      }
    },
    {
      "fullUrl": "http://num-fhirserver.distan.medicsh.de:8080/fhir/Observation/VIT-8a605c0a08aef27fd5d5410d52ef3de2f2a619f5a005490eed94e417",
      "resource": {
        "resourceType": "Observation",
        "id": "VIT-8a605c0a08aef27fd5d5410d52ef3de2f2a619f5a005490eed94e417",
        "meta": {
          "versionId": "77900731",
          "lastUpdated": "2025-03-13T09:01:36.413Z",
          "profile": [
            "https://www.medizininformatik-initiative.de/fhir/core/modul-person/StructureDefinition/Vitalstatus|2025.0.1"
          ]
        },
        "status": "final",
        "category": [
          {
            "coding": [
              {
                "system": "http://terminology.hl7.org/CodeSystem/observation-category",
                "code": "survey"
              }
            ]
          }
        ],
        "code": {
          "coding": [
            {
              "system": "http://loinc.org",
              "code": "67162-8"
            }
          ]
        },
        "subject": {
          "reference": "Patient/PID-5576bb48f316abff7f27a28a93c4e44290f646260db8e20c1731cc61"
        },
        "effectiveDateTime": "2015-08-25T10:00:00+02:00",
        "valueCodeableConcept": {
          "coding": [
            {
              "system": "https://www.medizininformatik-initiative.de/fhir/core/modul-person/CodeSystem/Vitalstatus",
              "code": "L"
            }
          ]
        }
      },
      "search": {
        "mode": "match"
      }
    },
    {
      "fullUrl": "http://num-fhirserver.distan.medicsh.de:8080/fhir/Observation/VIT-d593d5028ba0c5d5102256243a53cb2c00fe0960c9c277cd1e45478d",
      "resource": {
        "resourceType": "Observation",
        "id": "VIT-d593d5028ba0c5d5102256243a53cb2c00fe0960c9c277cd1e45478d",
        "meta": {
          "versionId": "77901105",
          "lastUpdated": "2025-03-13T09:01:37.395Z",
          "profile": [
            "https://www.medizininformatik-initiative.de/fhir/core/modul-person/StructureDefinition/Vitalstatus|2025.0.1"
          ]
        },
        "status": "final",
        "category": [
          {
            "coding": [
              {
                "system": "http://terminology.hl7.org/CodeSystem/observation-category",
                "code": "survey"
              }
            ]
          }
        ],
        "code": {
          "coding": [
            {
              "system": "http://loinc.org",
              "code": "67162-8"
            }
          ]
        },
        "subject": {
          "reference": "Patient/PID-5576bb48f316abff7f27a28a93c4e44290f646260db8e20c1731cc61"
        },
        "effectiveDateTime": "2017-08-30T16:34:00+02:00",
        "valueCodeableConcept": {
          "coding": [
            {
              "system": "https://www.medizininformatik-initiative.de/fhir/core/modul-person/CodeSystem/Vitalstatus",
              "code": "L"
            }
          ]
        }
      },
      "search": {
        "mode": "match"
      }
    },
    {
      "fullUrl": "http://num-fhirserver.distan.medicsh.de:8080/fhir/Observation/VIT-d8a1bb0e3cbbb3695fe28b689ca57d703700a6579e9776056b7818af",
      "resource": {
        "resourceType": "Observation",
        "id": "VIT-d8a1bb0e3cbbb3695fe28b689ca57d703700a6579e9776056b7818af",
        "meta": {
          "versionId": "77901126",
          "lastUpdated": "2025-03-13T09:01:37.453Z",
          "profile": [
            "https://www.medizininformatik-initiative.de/fhir/core/modul-person/StructureDefinition/Vitalstatus|2025.0.1"
          ]
        },
        "status": "final",
        "category": [
          {
            "coding": [
              {
                "system": "http://terminology.hl7.org/CodeSystem/observation-category",
                "code": "survey"
              }
            ]
          }
        ],
        "code": {
          "coding": [
            {
              "system": "http://loinc.org",
              "code": "67162-8"
            }
          ]
        },
        "subject": {
          "reference": "Patient/PID-5576bb48f316abff7f27a28a93c4e44290f646260db8e20c1731cc61"
        },
        "effectiveDateTime": "2015-08-25T09:52:00+02:00",
        "valueCodeableConcept": {
          "coding": [
            {
              "system": "https://www.medizininformatik-initiative.de/fhir/core/modul-person/CodeSystem/Vitalstatus",
              "code": "L"
            }
          ]
        }
      },
      "search": {
        "mode": "match"
      }
    }
  ]
}
