{
  "resourceType": "Bundle",
  "id": "DGTUYBPJQEEWU3BM",
  "type": "searchset",
  "total": 14,
  "entry": [
    {
      "fullUrl": "http://num-fhirserver.distan.medicsh.de:8080/fhir/Patient/PID-599c8534000e264ff6f0adbdee429b9e596bd8fea225fd9b8ac20318",
      "resource": {
        "resourceType": "Patient",
        "id": "PID-599c8534000e264ff6f0adbdee429b9e596bd8fea225fd9b8ac20318",
        "meta": {
          "versionId": "158039871",
          "lastUpdated": "2025-03-15T18:43:56.544Z",
          "profile": [
            "https://www.medizininformatik-initiative.de/fhir/core/modul-person/StructureDefinition/PatientPseudonymisiert|2025.0.1"
          ]
        },
        "identifier": [
          {
            "use": "usual",
            "type": {
              "coding": [
                {
                  "system": "http://terminology.hl7.org/CodeSystem/v3-ObservationValue",
                  "code": "PSEUDED"
                }
              ]
            },
            "system": "https://www.medizininformatik-initiative.de/fhir/sid/pseudonym",
            "value": "599c8534000e264ff6f0adbdee429b9e596bd8fea225fd9b8ac20318"
          }
        ],
        "gender": "female",
        "birthDate": "2000-11",
        "deceasedBoolean": true,
        "address": [
          {
            "type": "both",
            "postalCode": "235",
            "country": "DE"
          }
        ]
      },
      "search": {
        "mode": "match"
      }
    },
    {
      "fullUrl": "http://num-fhirserver.distan.medicsh.de:8080/fhir/Encounter/PV-402d1ee27eb63783adb9e232fbde3c937c786ed2647042fac873c81c",
      "resource": {
        "resourceType": "Encounter",
        "id": "PV-402d1ee27eb63783adb9e232fbde3c937c786ed2647042fac873c81c",
        "meta": {
          "versionId": "241986284",
          "lastUpdated": "2025-03-21T02:38:08.529Z",
          "source": "http://medic.uksh.de/source/orbis/adt",
          "profile": [
            "https://www.medizininformatik-initiative.de/fhir/core/modul-fall/StructureDefinition/KontaktGesundheitseinrichtung|2025.0.0"
          ]
        },
        "identifier": [
          {
            "use": "official",
            "type": {
              "coding": [
                {
                  "system": "http://terminology.hl7.org/CodeSystem/v2-0203",
                  "code": "VN"
                }
              ]
            },
            "system": "http://medic.uksh.de/fhir/Encounter",
            "value": "402d1ee27eb63783adb9e232fbde3c937c786ed2647042fac873c81c"
          }
        ],
        "status": "finished",
        "class": {
          "system": "http://terminology.hl7.org/CodeSystem/v3-ActCode",
          "code": "AMB"
        },
        "type": [
          {
            "coding": [
              {
                "system": "http://fhir.de/CodeSystem/Kontaktebene",
                "code": "einrichtungskontakt"
              }
            ]
          }
        ],
        "subject": {
          "reference": "Patient/PID-599c8534000e264ff6f0adbdee429b9e596bd8fea225fd9b8ac20318"
        },
        "period": {
          "start": "2023-11-30T10:04:00+01:00",
          "end": "2023-12-31T23:59:59+01:00"
        }
      },
      "search": {
        "mode": "match"
      }
    },
    {
      "fullUrl": "http://num-fhirserver.distan.medicsh.de:8080/fhir/Encounter/PV-5e7b1db070f49eae872855d4d5e1e0f30c11a19d112b8d2fc03790ef",
      "resource": {
        "resourceType": "Encounter",
        "id": "PV-5e7b1db070f49eae872855d4d5e1e0f30c11a19d112b8d2fc03790ef",
        "meta": {
          "versionId": "158040129",
          "lastUpdated": "2025-03-15T18:43:57.043Z",
          "source": "http://medic.uksh.de/source/orbis/legacy",
          "profile": [
            "https://www.medizininformatik-initiative.de/fhir/core/modul-fall/StructureDefinition/KontaktGesundheitseinrichtung|2025.0.0"
          ]
        },
        "identifier": [
          {
            "use": "official",
            "type": {
              "coding": [
                {
                  "system": "http://terminology.hl7.org/CodeSystem/v2-0203",
                  "code": "VN"
                }
              ]
            },
            "system": "http://medic.uksh.de/fhir/Encounter",
            "value": "5e7b1db070f49eae872855d4d5e1e0f30c11a19d112b8d2fc03790ef"
          }
        ],
        "status": "finished",
        "class": {
          "system": "http://terminology.hl7.org/CodeSystem/v3-ActCode",
          "code": "AMB"
        },
        "type": [
          {
            "coding": [
              {
                "system": "http://fhir.de/CodeSystem/Kontaktebene",
                "code": "einrichtungskontakt"
              }
            ]
          }
        ],
        "subject": {
          "reference": "Patient/PID-599c8534000e264ff6f0adbdee429b9e596bd8fea225fd9b8ac20318"
        },
        "period": {
          "start": "2019-11-13T14:18:00+01:00",
          "end": "2019-12-31T23:59:59+01:00"
        }
      },
      "search": {
        "mode": "match"
      }
    },
    {
      "fullUrl": "http://num-fhirserver.distan.medicsh.de:8080/fhir/Encounter/PV-8745ca5018911bbbf6bf1a5b5bfd0974d2226c955dedee9d8aa4818a",
      "resource": {
        "resourceType": "Encounter",
        "id": "PV-8745ca5018911bbbf6bf1a5b5bfd0974d2226c955dedee9d8aa4818a",
        "meta": {
          "versionId": "241986638",
          "lastUpdated": "2025-03-21T02:38:18.513Z",
          "source": "http://medic.uksh.de/source/orbis/adt",
          "profile": [
            "https://www.medizininformatik-initiative.de/fhir/core/modul-fall/StructureDefinition/KontaktGesundheitseinrichtung|2025.0.0"
          ]
        },
        "identifier": [
          {
            "use": "official",
            "type": {
              "coding": [
                {
                  "system": "http://terminology.hl7.org/CodeSystem/v2-0203",
                  "code": "VN"
                }
              ]
            },
            "system": "http://medic.uksh.de/fhir/Encounter",
            "value": "8745ca5018911bbbf6bf1a5b5bfd0974d2226c955dedee9d8aa4818a"
          }
        ],
        "status": "finished",
        "class": {
          "system": "http://terminology.hl7.org/CodeSystem/v3-ActCode",
          "code": "AMB"
        },
        "type": [
          {
            "coding": [
              {
                "system": "http://fhir.de/CodeSystem/Kontaktebene",
                "code": "einrichtungskontakt"
              }
            ]
          }
        ],
        "subject": {
          "reference": "Patient/PID-599c8534000e264ff6f0adbdee429b9e596bd8fea225fd9b8ac20318"
        },
        "period": {
          "start": "2023-11-30T10:20:00+01:00",
          "end": "2023-12-31T23:59:59+01:00"
        }
      },
      "search": {
        "mode": "match"
      }
    },
    {
      "fullUrl": "http://num-fhirserver.distan.medicsh.de:8080/fhir/Encounter/PV-AK-75b1b200d89d875836cbfa17a71b611a5fc0fd1e7db1e7950408c0b2",
      "resource": {
        "resourceType": "Encounter",
        "id": "PV-AK-75b1b200d89d875836cbfa17a71b611a5fc0fd1e7db1e7950408c0b2",
        "meta": {
          "versionId": "240707698",
          "lastUpdated": "2025-03-20T20:39:03.455Z",
          "source": "http://medic.uksh.de/source/orbis/adt",
          "profile": [
            "https://www.medizininformatik-initiative.de/fhir/core/modul-fall/StructureDefinition/KontaktGesundheitseinrichtung|2025.0.0"
          ]
        },
        "identifier": [
          {
            "use": "official",
            "type": {
              "coding": [
                {
                  "system": "http://terminology.hl7.org/CodeSystem/v2-0203",
                  "code": "VN"
                }
              ]
            },
            "system": "http://medic.uksh.de/fhir/Encounter",
            "value": "e815736565bc0027456a9a8681fc75deb19389a54af96c8cc93e9d0f"
          },
          {
            "use": "secondary",
            "type": {
              "coding": [
                {
                  "system": "http://terminology.hl7.org/CodeSystem/v2-0203",
                  "code": "U"
                }
              ]
            },
            "system": "http://medic.uksh.de.de/fhir/Encounter/department",
            "value": "LACHI.2023-08-17T08:41:00"
          }
        ],
        "status": "in-progress",
        "class": {
          "system": "http://terminology.hl7.org/CodeSystem/v3-ActCode",
          "code": "IMP"
        },
        "type": [
          {
            "coding": [
              {
                "system": "http://fhir.de/CodeSystem/Kontaktebene",
                "code": "abteilungskontakt"
              }
            ]
          }
        ],
        "subject": {
          "reference": "Patient/PID-599c8534000e264ff6f0adbdee429b9e596bd8fea225fd9b8ac20318"
        },
        "period": {
          "start": "2023-08-17T08:41:00+02:00"
        },
        "location": [
          {
            "location": {
              "reference": "Location/LACHI-LA121"
            },
            "status": "active",
            "physicalType": {
              "coding": [
                {
                  "system": "http://terminology.hl7.org/CodeSystem/location-physical-type",
                  "code": "wa"
                }
              ]
            },
            "period": {
              "start": "2023-08-17T08:41:00+02:00"
            }
          }
        ],
        "partOf": {
          "reference": "Encounter/PV-e815736565bc0027456a9a8681fc75deb19389a54af96c8cc93e9d0f"
        }
      },
      "search": {
        "mode": "match"
      }
    },
    {
      "fullUrl": "http://num-fhirserver.distan.medicsh.de:8080/fhir/Location/LACHI-LA121",
      "resource": {
        "resourceType": "Location",
        "id": "LACHI-LA121",
        "meta": {
          "versionId": "37450640",
          "lastUpdated": "2025-03-11T15:49:54.282Z"
        },
        "name": "HL - Station A.121",
        "type": [
          {
            "coding": [
              {
                "system": "http://terminology.hl7.org/CodeSystem/v3-RoleCode",
                "code": "HOSP"
              }
            ]
          }
        ],
        "physicalType": {
          "coding": [
            {
              "system": "http://terminology.hl7.org/CodeSystem/location-physical-type",
              "code": "wa",
              "display": "Ward"
            }
          ]
        },
        "partOf": {
          "reference": "Location/LACHI"
        }
      },
      "search": {
        "mode": "match"
      }
    },
    {
      "fullUrl": "http://num-fhirserver.distan.medicsh.de:8080/fhir/Encounter/PV-VK-e5340cfbf0607d4de047a13529f2347cd6db867dab6f1c1db41a1a5c",
      "resource": {
        "resourceType": "Encounter",
        "id": "PV-VK-e5340cfbf0607d4de047a13529f2347cd6db867dab6f1c1db41a1a5c",
        "meta": {
          "versionId": "240707696",
          "lastUpdated": "2025-03-20T20:39:03.437Z",
          "source": "http://medic.uksh.de/source/orbis/adt",
          "profile": [
            "https://www.medizininformatik-initiative.de/fhir/core/modul-fall/StructureDefinition/KontaktGesundheitseinrichtung|2025.0.0"
          ]
        },
        "identifier": [
          {
            "use": "official",
            "type": {
              "coding": [
                {
                  "system": "http://terminology.hl7.org/CodeSystem/v2-0203",
                  "code": "VN"
                }
              ]
            },
            "system": "http://medic.uksh.de/fhir/Encounter",
            "value": "e815736565bc0027456a9a8681fc75deb19389a54af96c8cc93e9d0f"
          },
          {
            "use": "secondary",
            "type": {
              "coding": [
                {
                  "system": "http://terminology.hl7.org/CodeSystem/v2-0203",
                  "code": "U"
                }
              ]
            },
            "system": "http://medic.uksh.de.de/fhir/Encounter/department",
            "value": "LACHI.LA121.2023-08-17T08:41:00"
          }
        ],
        "status": "in-progress",
        "class": {
          "system": "http://terminology.hl7.org/CodeSystem/v3-ActCode",
          "code": "IMP"
        },
        "type": [
          {
            "coding": [
              {
                "system": "http://fhir.de/CodeSystem/Kontaktebene",
                "code": "versorgungsstellenkontakt"
              }
            ]
          }
        ],
        "subject": {
          "reference": "Patient/PID-599c8534000e264ff6f0adbdee429b9e596bd8fea225fd9b8ac20318"
        },
        "period": {
          "start": "2023-08-17T08:41:00+02:00"
        },
        "location": [
          {
            "location": {
              "reference": "Location/LACHI-LA121"
            },
            "status": "active",
            "physicalType": {
              "coding": [
                {
                  "system": "http://terminology.hl7.org/CodeSystem/location-physical-type",
                  "code": "wa"
                }
              ]
            },
            "period": {
              "start": "2023-08-17T08:41:00+02:00"
            }
          }
        ],
        "partOf": {
          "reference": "Encounter/PV-AK-75b1b200d89d875836cbfa17a71b611a5fc0fd1e7db1e7950408c0b2"
        }
      },
      "search": {
        "mode": "match"
      }
    },
    {
      "fullUrl": "http://num-fhirserver.distan.medicsh.de:8080/fhir/Encounter/PV-e815736565bc0027456a9a8681fc75deb19389a54af96c8cc93e9d0f",
      "resource": {
        "resourceType": "Encounter",
        "id": "PV-e815736565bc0027456a9a8681fc75deb19389a54af96c8cc93e9d0f",
        "meta": {
          "versionId": "240707691",
          "lastUpdated": "2025-03-20T20:39:03.397Z",
          "source": "http://medic.uksh.de/source/orbis/adt",
          "profile": [
            "https://www.medizininformatik-initiative.de/fhir/core/modul-fall/StructureDefinition/KontaktGesundheitseinrichtung|2025.0.0"
          ]
        },
        "identifier": [
          {
            "use": "official",
            "type": {
              "coding": [
                {
                  "system": "http://terminology.hl7.org/CodeSystem/v2-0203",
                  "code": "VN"
                }
              ]
            },
            "system": "http://medic.uksh.de/fhir/Encounter",
            "value": "e815736565bc0027456a9a8681fc75deb19389a54af96c8cc93e9d0f"
          }
        ],
        "status": "in-progress",
        "class": {
          "system": "http://terminology.hl7.org/CodeSystem/v3-ActCode",
          "code": "IMP"
        },
        "type": [
          {
            "coding": [
              {
                "system": "http://fhir.de/CodeSystem/Kontaktebene",
                "code": "einrichtungskontakt"
              }
            ]
          }
        ],
        "subject": {
          "reference": "Patient/PID-599c8534000e264ff6f0adbdee429b9e596bd8fea225fd9b8ac20318"
        },
        "period": {
          "start": "2023-08-17T08:41:00+02:00"
        }
      },
      "search": {
        "mode": "match"
      }
    },
    {
      "fullUrl": "http://num-fhirserver.distan.medicsh.de:8080/fhir/Observation/VIT-1d12dd1303656ee34a2a1f4e94e24ab7cc7ee2255b1553db2925d731",
      "resource": {
        "resourceType": "Observation",
        "id": "VIT-1d12dd1303656ee34a2a1f4e94e24ab7cc7ee2255b1553db2925d731",
        "meta": {
          "versionId": "241986640",
          "lastUpdated": "2025-03-21T02:38:18.527Z",
          "profile": [
            "https://www.medizininformatik-initiative.de/fhir/core/modul-person/StructureDefinition/Vitalstatus|2025.0.1"
          ]
        },
        "status": "final",
        "category": [
          {
            "coding": [
              {
                "system": "http://terminology.hl7.org/CodeSystem/observation-category",
                "code": "survey"
              }
            ]
          }
        ],
        "code": {
          "coding": [
            {
              "system": "http://loinc.org",
              "code": "67162-8"
            }
          ]
        },
        "subject": {
          "reference": "Patient/PID-599c8534000e264ff6f0adbdee429b9e596bd8fea225fd9b8ac20318"
        },
        "effectiveDateTime": "2023-11-30T10:20:00+01:00",
        "valueCodeableConcept": {
          "coding": [
            {
              "system": "https://www.medizininformatik-initiative.de/fhir/core/modul-person/CodeSystem/Vitalstatus",
              "code": "L"
            }
          ]
        }
      },
      "search": {
        "mode": "match"
      }
    },
    {
      "fullUrl": "http://num-fhirserver.distan.medicsh.de:8080/fhir/Observation/VIT-49762d4244f4e538257bb479bd5ed6efd8755738304db2d8bea6af83",
      "resource": {
        "resourceType": "Observation",
        "id": "VIT-49762d4244f4e538257bb479bd5ed6efd8755738304db2d8bea6af83",
        "meta": {
          "versionId": "241986641",
          "lastUpdated": "2025-03-21T02:38:18.542Z",
          "profile": [
            "https://www.medizininformatik-initiative.de/fhir/core/modul-person/StructureDefinition/Vitalstatus|2025.0.1"
          ]
        },
        "status": "final",
        "category": [
          {
            "coding": [
              {
                "system": "http://terminology.hl7.org/CodeSystem/observation-category",
                "code": "survey"
              }
            ]
          }
        ],
        "code": {
          "coding": [
            {
              "system": "http://loinc.org",
              "code": "67162-8"
            }
          ]
        },
        "subject": {
          "reference": "Patient/PID-599c8534000e264ff6f0adbdee429b9e596bd8fea225fd9b8ac20318"
        },
        "effectiveDateTime": "2023-12-31T23:59:59+01:00",
        "valueCodeableConcept": {
          "coding": [
            {
              "system": "https://www.medizininformatik-initiative.de/fhir/core/modul-person/CodeSystem/Vitalstatus",
              "code": "L"
            }
          ]
        }
      },
      "search": {
        "mode": "match"
      }
    },
    {
      "fullUrl": "http://num-fhirserver.distan.medicsh.de:8080/fhir/Observation/VIT-7e1b33733ff20ff6b1c7ddf96122e569f5437371572e5bfe501cbe22",
      "resource": {
        "resourceType": "Observation",
        "id": "VIT-7e1b33733ff20ff6b1c7ddf96122e569f5437371572e5bfe501cbe22",
        "meta": {
          "versionId": "158040150",
          "lastUpdated": "2025-03-15T18:43:57.073Z",
          "profile": [
            "https://www.medizininformatik-initiative.de/fhir/core/modul-person/StructureDefinition/Vitalstatus|2025.0.1"
          ]
        },
        "status": "final",
        "category": [
          {
            "coding": [
              {
                "system": "http://terminology.hl7.org/CodeSystem/observation-category",
                "code": "survey"
              }
            ]
          }
        ],
        "code": {
          "coding": [
            {
              "system": "http://loinc.org",
              "code": "67162-8"
            }
          ]
        },
        "subject": {
          "reference": "Patient/PID-599c8534000e264ff6f0adbdee429b9e596bd8fea225fd9b8ac20318"
        },
        "effectiveDateTime": "2019-11-13T14:18:00+01:00",
        "valueCodeableConcept": {
          "coding": [
            {
              "system": "https://www.medizininformatik-initiative.de/fhir/core/modul-person/CodeSystem/Vitalstatus",
              "code": "L"
            }
          ]
        }
      },
      "search": {
        "mode": "match"
      }
    },
    {
      "fullUrl": "http://num-fhirserver.distan.medicsh.de:8080/fhir/Observation/VIT-8f269519fb1bb64b24c4cde037e9dc61c6b42b484a1ade5f4df27855",
      "resource": {
        "resourceType": "Observation",
        "id": "VIT-8f269519fb1bb64b24c4cde037e9dc61c6b42b484a1ade5f4df27855",
        "meta": {
          "versionId": "241986287",
          "lastUpdated": "2025-03-21T02:38:08.560Z",
          "profile": [
            "https://www.medizininformatik-initiative.de/fhir/core/modul-person/StructureDefinition/Vitalstatus|2025.0.1"
          ]
        },
        "status": "final",
        "category": [
          {
            "coding": [
              {
                "system": "http://terminology.hl7.org/CodeSystem/observation-category",
                "code": "survey"
              }
            ]
          }
        ],
        "code": {
          "coding": [
            {
              "system": "http://loinc.org",
              "code": "67162-8"
            }
          ]
        },
        "subject": {
          "reference": "Patient/PID-599c8534000e264ff6f0adbdee429b9e596bd8fea225fd9b8ac20318"
        },
        "effectiveDateTime": "2023-12-31T23:59:59+01:00",
        "valueCodeableConcept": {
          "coding": [
            {
              "system": "https://www.medizininformatik-initiative.de/fhir/core/modul-person/CodeSystem/Vitalstatus",
              "code": "L"
            }
          ]
        }
      },
      "search": {
        "mode": "match"
      }
    },
    {
      "fullUrl": "http://num-fhirserver.distan.medicsh.de:8080/fhir/Observation/VIT-bdeb94c57c317f7c91c71bdb9233a4d5e5c016a126013a7ac5f7d886",
      "resource": {
        "resourceType": "Observation",
        "id": "VIT-bdeb94c57c317f7c91c71bdb9233a4d5e5c016a126013a7ac5f7d886",
        "meta": {
          "versionId": "240707694",
          "lastUpdated": "2025-03-20T20:39:03.418Z",
          "profile": [
            "https://www.medizininformatik-initiative.de/fhir/core/modul-person/StructureDefinition/Vitalstatus|2025.0.1"
          ]
        },
        "status": "final",
        "category": [
          {
            "coding": [
              {
                "system": "http://terminology.hl7.org/CodeSystem/observation-category",
                "code": "survey"
              }
            ]
          }
        ],
        "code": {
          "coding": [
            {
              "system": "http://loinc.org",
              "code": "67162-8"
            }
          ]
        },
        "subject": {
          "reference": "Patient/PID-599c8534000e264ff6f0adbdee429b9e596bd8fea225fd9b8ac20318"
        },
        "effectiveDateTime": "2023-08-17T08:41:00+02:00",
        "valueCodeableConcept": {
          "coding": [
            {
              "system": "https://www.medizininformatik-initiative.de/fhir/core/modul-person/CodeSystem/Vitalstatus",
              "code": "L"
            }
          ]
        }
      },
      "search": {
        "mode": "match"
      }
    },
    {
      "fullUrl": "http://num-fhirserver.distan.medicsh.de:8080/fhir/Observation/VIT-f6ead2061174b595116235ef54607547b5cda8bf3d73725b8532952e",
      "resource": {
        "resourceType": "Observation",
        "id": "VIT-f6ead2061174b595116235ef54607547b5cda8bf3d73725b8532952e",
        "meta": {
          "versionId": "241986286",
          "lastUpdated": "2025-03-21T02:38:08.545Z",
          "profile": [
            "https://www.medizininformatik-initiative.de/fhir/core/modul-person/StructureDefinition/Vitalstatus|2025.0.1"
          ]
        },
        "status": "final",
        "category": [
          {
            "coding": [
              {
                "system": "http://terminology.hl7.org/CodeSystem/observation-category",
                "code": "survey"
              }
            ]
          }
        ],
        "code": {
          "coding": [
            {
              "system": "http://loinc.org",
              "code": "67162-8"
            }
          ]
        },
        "subject": {
          "reference": "Patient/PID-599c8534000e264ff6f0adbdee429b9e596bd8fea225fd9b8ac20318"
        },
        "effectiveDateTime": "2023-11-30T10:04:00+01:00",
        "valueCodeableConcept": {
          "coding": [
            {
              "system": "https://www.medizininformatik-initiative.de/fhir/core/modul-person/CodeSystem/Vitalstatus",
              "code": "L"
            }
          ]
        }
      },
      "search": {
        "mode": "match"
      }
    }
  ]
}
