{
  "resourceType": "Bundle",
  "id": "DGTUX5UHRV2UZJUZ",
  "type": "searchset",
  "total": 11,
  "entry": [
    {
      "fullUrl": "http://num-fhirserver.distan.medicsh.de:8080/fhir/Patient/PID-5ac00f937614d6555c18ec687b546a3fd79e67deeb61737ccd700f4d",
      "resource": {
        "resourceType": "Patient",
        "id": "PID-5ac00f937614d6555c18ec687b546a3fd79e67deeb61737ccd700f4d",
        "meta": {
          "versionId": "396237986",
          "lastUpdated": "2025-10-30T04:16:16.862Z",
          "profile": [
            "https://www.medizininformatik-initiative.de/fhir/core/modul-person/StructureDefinition/PatientPseudonymisiert|2025.0.1"
          ]
        },
        "identifier": [
          {
            "use": "usual",
            "type": {
              "coding": [
                {
                  "system": "http://terminology.hl7.org/CodeSystem/v3-ObservationValue",
                  "code": "PSEUDED"
                }
              ]
            },
            "system": "https://www.medizininformatik-initiative.de/fhir/sid/pseudonym",
            "value": "5ac00f937614d6555c18ec687b546a3fd79e67deeb61737ccd700f4d"
          }
        ],
        "gender": "male",
        "birthDate": "2010-04"
      },
      "search": {
        "mode": "match"
      }
    },
    {
      "fullUrl": "http://num-fhirserver.distan.medicsh.de:8080/fhir/Encounter/PV-26025db69b054a9e8ef9f0aaaf4d0a51c6fd2f0bf70d1606d27ccdd0",
      "resource": {
        "resourceType": "Encounter",
        "id": "PV-26025db69b054a9e8ef9f0aaaf4d0a51c6fd2f0bf70d1606d27ccdd0",
        "meta": {
          "versionId": "396237987",
          "lastUpdated": "2025-10-30T04:16:16.924Z",
          "source": "http://medic.uksh.de/source/orbis/adt",
          "profile": [
            "https://www.medizininformatik-initiative.de/fhir/core/modul-fall/StructureDefinition/KontaktGesundheitseinrichtung|2025.0.0"
          ]
        },
        "identifier": [
          {
            "use": "official",
            "type": {
              "coding": [
                {
                  "system": "http://terminology.hl7.org/CodeSystem/v2-0203",
                  "code": "VN"
                }
              ]
            },
            "system": "http://medic.uksh.de/fhir/Encounter",
            "value": "26025db69b054a9e8ef9f0aaaf4d0a51c6fd2f0bf70d1606d27ccdd0"
          }
        ],
        "status": "in-progress",
        "class": {
          "system": "http://terminology.hl7.org/CodeSystem/v3-ActCode",
          "code": "AMB"
        },
        "type": [
          {
            "coding": [
              {
                "system": "http://fhir.de/CodeSystem/Kontaktebene",
                "code": "einrichtungskontakt"
              }
            ]
          }
        ],
        "subject": {
          "reference": "Patient/PID-5ac00f937614d6555c18ec687b546a3fd79e67deeb61737ccd700f4d"
        },
        "period": {
          "start": "2025-10-29T08:20:00+01:00",
          "end": "2025-12-31T23:59:59+01:00"
        }
      },
      "search": {
        "mode": "match"
      }
    },
    {
      "fullUrl": "http://num-fhirserver.distan.medicsh.de:8080/fhir/Encounter/PV-67dd9bfee98c83e5aa18c35a65c82b52d968a429526523c45ac47ba1",
      "resource": {
        "resourceType": "Encounter",
        "id": "PV-67dd9bfee98c83e5aa18c35a65c82b52d968a429526523c45ac47ba1",
        "meta": {
          "versionId": "244594654",
          "lastUpdated": "2025-03-22T00:31:42.848Z",
          "source": "http://medic.uksh.de/source/orbis/adt",
          "profile": [
            "https://www.medizininformatik-initiative.de/fhir/core/modul-fall/StructureDefinition/KontaktGesundheitseinrichtung|2025.0.0"
          ]
        },
        "identifier": [
          {
            "use": "official",
            "type": {
              "coding": [
                {
                  "system": "http://terminology.hl7.org/CodeSystem/v2-0203",
                  "code": "VN"
                }
              ]
            },
            "system": "http://medic.uksh.de/fhir/Encounter",
            "value": "67dd9bfee98c83e5aa18c35a65c82b52d968a429526523c45ac47ba1"
          }
        ],
        "status": "finished",
        "class": {
          "system": "http://terminology.hl7.org/CodeSystem/v3-ActCode",
          "code": "AMB"
        },
        "type": [
          {
            "coding": [
              {
                "system": "http://fhir.de/CodeSystem/Kontaktebene",
                "code": "einrichtungskontakt"
              }
            ]
          }
        ],
        "subject": {
          "reference": "Patient/PID-5ac00f937614d6555c18ec687b546a3fd79e67deeb61737ccd700f4d"
        },
        "period": {
          "start": "2024-09-16T13:01:00+02:00",
          "end": "2024-09-30T23:59:59+02:00"
        }
      },
      "search": {
        "mode": "match"
      }
    },
    {
      "fullUrl": "http://num-fhirserver.distan.medicsh.de:8080/fhir/Encounter/PV-8e3b410276d848a3da4da3366eef7a682ae9a8b071242766b66a175c",
      "resource": {
        "resourceType": "Encounter",
        "id": "PV-8e3b410276d848a3da4da3366eef7a682ae9a8b071242766b66a175c",
        "meta": {
          "versionId": "309995644",
          "lastUpdated": "2025-04-04T03:29:08.164Z",
          "source": "http://medic.uksh.de/source/orbis/adt",
          "profile": [
            "https://www.medizininformatik-initiative.de/fhir/core/modul-fall/StructureDefinition/KontaktGesundheitseinrichtung|2025.0.0"
          ]
        },
        "identifier": [
          {
            "use": "official",
            "type": {
              "coding": [
                {
                  "system": "http://terminology.hl7.org/CodeSystem/v2-0203",
                  "code": "VN"
                }
              ]
            },
            "system": "http://medic.uksh.de/fhir/Encounter",
            "value": "8e3b410276d848a3da4da3366eef7a682ae9a8b071242766b66a175c"
          }
        ],
        "status": "in-progress",
        "class": {
          "system": "http://terminology.hl7.org/CodeSystem/v3-ActCode",
          "code": "AMB"
        },
        "type": [
          {
            "coding": [
              {
                "system": "http://fhir.de/CodeSystem/Kontaktebene",
                "code": "einrichtungskontakt"
              }
            ]
          }
        ],
        "subject": {
          "reference": "Patient/PID-5ac00f937614d6555c18ec687b546a3fd79e67deeb61737ccd700f4d"
        },
        "period": {
          "start": "2025-04-03T13:27:00+02:00",
          "end": "2025-06-30T23:59:59+02:00"
        }
      },
      "search": {
        "mode": "match"
      }
    },
    {
      "fullUrl": "http://num-fhirserver.distan.medicsh.de:8080/fhir/Encounter/PV-9b2939837c613e2b44d099e6890b383ffcaae73e224ea69db032dcc1",
      "resource": {
        "resourceType": "Encounter",
        "id": "PV-9b2939837c613e2b44d099e6890b383ffcaae73e224ea69db032dcc1",
        "meta": {
          "versionId": "243094800",
          "lastUpdated": "2025-03-21T14:39:50.708Z",
          "source": "http://medic.uksh.de/source/orbis/adt",
          "profile": [
            "https://www.medizininformatik-initiative.de/fhir/core/modul-fall/StructureDefinition/KontaktGesundheitseinrichtung|2025.0.0"
          ]
        },
        "identifier": [
          {
            "use": "official",
            "type": {
              "coding": [
                {
                  "system": "http://terminology.hl7.org/CodeSystem/v2-0203",
                  "code": "VN"
                }
              ]
            },
            "system": "http://medic.uksh.de/fhir/Encounter",
            "value": "9b2939837c613e2b44d099e6890b383ffcaae73e224ea69db032dcc1"
          }
        ],
        "status": "finished",
        "class": {
          "system": "http://terminology.hl7.org/CodeSystem/v3-ActCode",
          "code": "AMB"
        },
        "type": [
          {
            "coding": [
              {
                "system": "http://fhir.de/CodeSystem/Kontaktebene",
                "code": "einrichtungskontakt"
              }
            ]
          }
        ],
        "subject": {
          "reference": "Patient/PID-5ac00f937614d6555c18ec687b546a3fd79e67deeb61737ccd700f4d"
        },
        "period": {
          "start": "2024-04-03T16:42:00+02:00",
          "end": "2024-06-30T23:59:59+02:00"
        }
      },
      "search": {
        "mode": "match"
      }
    },
    {
      "fullUrl": "http://num-fhirserver.distan.medicsh.de:8080/fhir/Observation/VIT-0622f3cb435ac307e489ad2a96027912d72939e0237a05f26f10debf",
      "resource": {
        "resourceType": "Observation",
        "id": "VIT-0622f3cb435ac307e489ad2a96027912d72939e0237a05f26f10debf",
        "meta": {
          "versionId": "243094801",
          "lastUpdated": "2025-03-21T14:39:50.727Z",
          "profile": [
            "https://www.medizininformatik-initiative.de/fhir/core/modul-person/StructureDefinition/Vitalstatus|2025.0.1"
          ]
        },
        "status": "final",
        "category": [
          {
            "coding": [
              {
                "system": "http://terminology.hl7.org/CodeSystem/observation-category",
                "code": "survey"
              }
            ]
          }
        ],
        "code": {
          "coding": [
            {
              "system": "http://loinc.org",
              "code": "67162-8"
            }
          ]
        },
        "subject": {
          "reference": "Patient/PID-5ac00f937614d6555c18ec687b546a3fd79e67deeb61737ccd700f4d"
        },
        "effectiveDateTime": "2024-04-03T16:42:00+02:00",
        "valueCodeableConcept": {
          "coding": [
            {
              "system": "https://www.medizininformatik-initiative.de/fhir/core/modul-person/CodeSystem/Vitalstatus",
              "code": "L"
            }
          ]
        }
      },
      "search": {
        "mode": "match"
      }
    },
    {
      "fullUrl": "http://num-fhirserver.distan.medicsh.de:8080/fhir/Observation/VIT-0995ad320bf4085c41ac5a7442bb34344df04031b5d558c40af9c4c4",
      "resource": {
        "resourceType": "Observation",
        "id": "VIT-0995ad320bf4085c41ac5a7442bb34344df04031b5d558c40af9c4c4",
        "meta": {
          "versionId": "309995645",
          "lastUpdated": "2025-04-04T03:29:08.183Z",
          "profile": [
            "https://www.medizininformatik-initiative.de/fhir/core/modul-person/StructureDefinition/Vitalstatus|2025.0.1"
          ]
        },
        "status": "final",
        "category": [
          {
            "coding": [
              {
                "system": "http://terminology.hl7.org/CodeSystem/observation-category",
                "code": "survey"
              }
            ]
          }
        ],
        "code": {
          "coding": [
            {
              "system": "http://loinc.org",
              "code": "67162-8"
            }
          ]
        },
        "subject": {
          "reference": "Patient/PID-5ac00f937614d6555c18ec687b546a3fd79e67deeb61737ccd700f4d"
        },
        "effectiveDateTime": "2025-04-03T13:27:00+02:00",
        "valueCodeableConcept": {
          "coding": [
            {
              "system": "https://www.medizininformatik-initiative.de/fhir/core/modul-person/CodeSystem/Vitalstatus",
              "code": "L"
            }
          ]
        }
      },
      "search": {
        "mode": "match"
      }
    },
    {
      "fullUrl": "http://num-fhirserver.distan.medicsh.de:8080/fhir/Observation/VIT-6edd9787d2354a51d03ad06195980bc8cecc35616d91cadb3311f4a6",
      "resource": {
        "resourceType": "Observation",
        "id": "VIT-6edd9787d2354a51d03ad06195980bc8cecc35616d91cadb3311f4a6",
        "meta": {
          "versionId": "244594656",
          "lastUpdated": "2025-03-22T00:31:42.887Z",
          "profile": [
            "https://www.medizininformatik-initiative.de/fhir/core/modul-person/StructureDefinition/Vitalstatus|2025.0.1"
          ]
        },
        "status": "final",
        "category": [
          {
            "coding": [
              {
                "system": "http://terminology.hl7.org/CodeSystem/observation-category",
                "code": "survey"
              }
            ]
          }
        ],
        "code": {
          "coding": [
            {
              "system": "http://loinc.org",
              "code": "67162-8"
            }
          ]
        },
        "subject": {
          "reference": "Patient/PID-5ac00f937614d6555c18ec687b546a3fd79e67deeb61737ccd700f4d"
        },
        "effectiveDateTime": "2024-09-30T23:59:59+02:00",
        "valueCodeableConcept": {
          "coding": [
            {
              "system": "https://www.medizininformatik-initiative.de/fhir/core/modul-person/CodeSystem/Vitalstatus",
              "code": "L"
            }
          ]
        }
      },
      "search": {
        "mode": "match"
      }
    },
    {
      "fullUrl": "http://num-fhirserver.distan.medicsh.de:8080/fhir/Observation/VIT-78c924525b8068ee8da5416cfdb35b7d271f06c8905787e6d0f967b6",
      "resource": {
        "resourceType": "Observation",
        "id": "VIT-78c924525b8068ee8da5416cfdb35b7d271f06c8905787e6d0f967b6",
        "meta": {
          "versionId": "396237988",
          "lastUpdated": "2025-10-30T04:16:16.944Z",
          "profile": [
            "https://www.medizininformatik-initiative.de/fhir/core/modul-person/StructureDefinition/Vitalstatus|2025.0.1"
          ]
        },
        "status": "final",
        "category": [
          {
            "coding": [
              {
                "system": "http://terminology.hl7.org/CodeSystem/observation-category",
                "code": "survey"
              }
            ]
          }
        ],
        "code": {
          "coding": [
            {
              "system": "http://loinc.org",
              "code": "67162-8"
            }
          ]
        },
        "subject": {
          "reference": "Patient/PID-5ac00f937614d6555c18ec687b546a3fd79e67deeb61737ccd700f4d"
        },
        "effectiveDateTime": "2025-10-29T08:20:00+01:00",
        "valueCodeableConcept": {
          "coding": [
            {
              "system": "https://www.medizininformatik-initiative.de/fhir/core/modul-person/CodeSystem/Vitalstatus",
              "code": "L"
            }
          ]
        }
      },
      "search": {
        "mode": "match"
      }
    },
    {
      "fullUrl": "http://num-fhirserver.distan.medicsh.de:8080/fhir/Observation/VIT-b25d93d940cfcd15fc2e96983d88f47e678e8a1435237006325d1cc1",
      "resource": {
        "resourceType": "Observation",
        "id": "VIT-b25d93d940cfcd15fc2e96983d88f47e678e8a1435237006325d1cc1",
        "meta": {
          "versionId": "244594655",
          "lastUpdated": "2025-03-22T00:31:42.867Z",
          "profile": [
            "https://www.medizininformatik-initiative.de/fhir/core/modul-person/StructureDefinition/Vitalstatus|2025.0.1"
          ]
        },
        "status": "final",
        "category": [
          {
            "coding": [
              {
                "system": "http://terminology.hl7.org/CodeSystem/observation-category",
                "code": "survey"
              }
            ]
          }
        ],
        "code": {
          "coding": [
            {
              "system": "http://loinc.org",
              "code": "67162-8"
            }
          ]
        },
        "subject": {
          "reference": "Patient/PID-5ac00f937614d6555c18ec687b546a3fd79e67deeb61737ccd700f4d"
        },
        "effectiveDateTime": "2024-09-16T13:01:00+02:00",
        "valueCodeableConcept": {
          "coding": [
            {
              "system": "https://www.medizininformatik-initiative.de/fhir/core/modul-person/CodeSystem/Vitalstatus",
              "code": "L"
            }
          ]
        }
      },
      "search": {
        "mode": "match"
      }
    },
    {
      "fullUrl": "http://num-fhirserver.distan.medicsh.de:8080/fhir/Observation/VIT-de286d9b090fcff13f519a586ed9f19f14e54c21885966ac7828c1d9",
      "resource": {
        "resourceType": "Observation",
        "id": "VIT-de286d9b090fcff13f519a586ed9f19f14e54c21885966ac7828c1d9",
        "meta": {
          "versionId": "243094802",
          "lastUpdated": "2025-03-21T14:39:50.748Z",
          "profile": [
            "https://www.medizininformatik-initiative.de/fhir/core/modul-person/StructureDefinition/Vitalstatus|2025.0.1"
          ]
        },
        "status": "final",
        "category": [
          {
            "coding": [
              {
                "system": "http://terminology.hl7.org/CodeSystem/observation-category",
                "code": "survey"
              }
            ]
          }
        ],
        "code": {
          "coding": [
            {
              "system": "http://loinc.org",
              "code": "67162-8"
            }
          ]
        },
        "subject": {
          "reference": "Patient/PID-5ac00f937614d6555c18ec687b546a3fd79e67deeb61737ccd700f4d"
        },
        "effectiveDateTime": "2024-06-30T23:59:59+02:00",
        "valueCodeableConcept": {
          "coding": [
            {
              "system": "https://www.medizininformatik-initiative.de/fhir/core/modul-person/CodeSystem/Vitalstatus",
              "code": "L"
            }
          ]
        }
      },
      "search": {
        "mode": "match"
      }
    }
  ]
}
