{
  "resourceType": "Bundle",
  "id": "DGTUX6T2ZQRIGVQ3",
  "type": "searchset",
  "total": 5,
  "entry": [
    {
      "fullUrl": "http://num-fhirserver.distan.medicsh.de:8080/fhir/Patient/PID-5cb211b44a1ed873d5c6ab3f6ce591cbd0313226b1712a36f99846ad",
      "resource": {
        "resourceType": "Patient",
        "id": "PID-5cb211b44a1ed873d5c6ab3f6ce591cbd0313226b1712a36f99846ad",
        "meta": {
          "versionId": "159384744",
          "lastUpdated": "2025-03-15T19:31:29.355Z",
          "profile": [
            "https://www.medizininformatik-initiative.de/fhir/core/modul-person/StructureDefinition/PatientPseudonymisiert|2025.0.1"
          ]
        },
        "identifier": [
          {
            "use": "usual",
            "type": {
              "coding": [
                {
                  "system": "http://terminology.hl7.org/CodeSystem/v3-ObservationValue",
                  "code": "PSEUDED"
                }
              ]
            },
            "system": "https://www.medizininformatik-initiative.de/fhir/sid/pseudonym",
            "value": "5cb211b44a1ed873d5c6ab3f6ce591cbd0313226b1712a36f99846ad"
          }
        ],
        "gender": "male",
        "birthDate": "1970-05",
        "deceasedBoolean": true
      },
      "search": {
        "mode": "match"
      }
    },
    {
      "fullUrl": "http://num-fhirserver.distan.medicsh.de:8080/fhir/Encounter/PV-4d27415606affa9612a17a4fdf1d51d77cda8d3930e49b63f7fc6eb9",
      "resource": {
        "resourceType": "Encounter",
        "id": "PV-4d27415606affa9612a17a4fdf1d51d77cda8d3930e49b63f7fc6eb9",
        "meta": {
          "versionId": "159384607",
          "lastUpdated": "2025-03-15T19:31:29.083Z",
          "source": "http://medic.uksh.de/source/orbis/legacy",
          "profile": [
            "https://www.medizininformatik-initiative.de/fhir/core/modul-fall/StructureDefinition/KontaktGesundheitseinrichtung|2025.0.0"
          ]
        },
        "identifier": [
          {
            "use": "official",
            "type": {
              "coding": [
                {
                  "system": "http://terminology.hl7.org/CodeSystem/v2-0203",
                  "code": "VN"
                }
              ]
            },
            "system": "http://medic.uksh.de/fhir/Encounter",
            "value": "4d27415606affa9612a17a4fdf1d51d77cda8d3930e49b63f7fc6eb9"
          }
        ],
        "status": "finished",
        "class": {
          "system": "http://terminology.hl7.org/CodeSystem/v3-ActCode",
          "code": "AMB"
        },
        "type": [
          {
            "coding": [
              {
                "system": "http://fhir.de/CodeSystem/Kontaktebene",
                "code": "einrichtungskontakt"
              }
            ]
          }
        ],
        "subject": {
          "reference": "Patient/PID-5cb211b44a1ed873d5c6ab3f6ce591cbd0313226b1712a36f99846ad"
        },
        "period": {
          "start": "2018-07-09T15:51:00+02:00",
          "end": "2018-09-30T23:59:59+02:00"
        },
        "hospitalization": {
          "admitSource": {
            "coding": [
              {
                "system": "http://fhir.de/CodeSystem/dgkev/Aufnahmeanlass",
                "code": "E"
              }
            ]
          }
        }
      },
      "search": {
        "mode": "match"
      }
    },
    {
      "fullUrl": "http://num-fhirserver.distan.medicsh.de:8080/fhir/Encounter/PV-eade8291d71517d5dab08217c4ccffe57e38b0b0d6154df1c8218c78",
      "resource": {
        "resourceType": "Encounter",
        "id": "PV-eade8291d71517d5dab08217c4ccffe57e38b0b0d6154df1c8218c78",
        "meta": {
          "versionId": "159384709",
          "lastUpdated": "2025-03-15T19:31:29.290Z",
          "source": "http://medic.uksh.de/source/orbis/legacy",
          "profile": [
            "https://www.medizininformatik-initiative.de/fhir/core/modul-fall/StructureDefinition/KontaktGesundheitseinrichtung|2025.0.0"
          ]
        },
        "identifier": [
          {
            "use": "official",
            "type": {
              "coding": [
                {
                  "system": "http://terminology.hl7.org/CodeSystem/v2-0203",
                  "code": "VN"
                }
              ]
            },
            "system": "http://medic.uksh.de/fhir/Encounter",
            "value": "eade8291d71517d5dab08217c4ccffe57e38b0b0d6154df1c8218c78"
          }
        ],
        "status": "finished",
        "class": {
          "system": "http://terminology.hl7.org/CodeSystem/v3-ActCode",
          "code": "AMB"
        },
        "type": [
          {
            "coding": [
              {
                "system": "http://fhir.de/CodeSystem/Kontaktebene",
                "code": "einrichtungskontakt"
              }
            ]
          }
        ],
        "subject": {
          "reference": "Patient/PID-5cb211b44a1ed873d5c6ab3f6ce591cbd0313226b1712a36f99846ad"
        },
        "period": {
          "start": "2018-07-09T15:49:00+02:00",
          "end": "2018-09-30T23:59:59+02:00"
        },
        "hospitalization": {
          "admitSource": {
            "coding": [
              {
                "system": "http://fhir.de/CodeSystem/dgkev/Aufnahmeanlass",
                "code": "E"
              }
            ]
          }
        }
      },
      "search": {
        "mode": "match"
      }
    },
    {
      "fullUrl": "http://num-fhirserver.distan.medicsh.de:8080/fhir/Observation/VIT-1b872729be4091102df82ddca7f1ecb10bd7b7443f0f26af74a6e804",
      "resource": {
        "resourceType": "Observation",
        "id": "VIT-1b872729be4091102df82ddca7f1ecb10bd7b7443f0f26af74a6e804",
        "meta": {
          "versionId": "159384719",
          "lastUpdated": "2025-03-15T19:31:29.309Z",
          "profile": [
            "https://www.medizininformatik-initiative.de/fhir/core/modul-person/StructureDefinition/Vitalstatus|2025.0.1"
          ]
        },
        "status": "final",
        "category": [
          {
            "coding": [
              {
                "system": "http://terminology.hl7.org/CodeSystem/observation-category",
                "code": "survey"
              }
            ]
          }
        ],
        "code": {
          "coding": [
            {
              "system": "http://loinc.org",
              "code": "67162-8"
            }
          ]
        },
        "subject": {
          "reference": "Patient/PID-5cb211b44a1ed873d5c6ab3f6ce591cbd0313226b1712a36f99846ad"
        },
        "effectiveDateTime": "2018-07-09T15:49:00+02:00",
        "valueCodeableConcept": {
          "coding": [
            {
              "system": "https://www.medizininformatik-initiative.de/fhir/core/modul-person/CodeSystem/Vitalstatus",
              "code": "L"
            }
          ]
        }
      },
      "search": {
        "mode": "match"
      }
    },
    {
      "fullUrl": "http://num-fhirserver.distan.medicsh.de:8080/fhir/Observation/VIT-643c69aa9444ac4956bc527c6871ef0b0b85f74fbde48d1721f0aa9e",
      "resource": {
        "resourceType": "Observation",
        "id": "VIT-643c69aa9444ac4956bc527c6871ef0b0b85f74fbde48d1721f0aa9e",
        "meta": {
          "versionId": "159384616",
          "lastUpdated": "2025-03-15T19:31:29.098Z",
          "profile": [
            "https://www.medizininformatik-initiative.de/fhir/core/modul-person/StructureDefinition/Vitalstatus|2025.0.1"
          ]
        },
        "status": "final",
        "category": [
          {
            "coding": [
              {
                "system": "http://terminology.hl7.org/CodeSystem/observation-category",
                "code": "survey"
              }
            ]
          }
        ],
        "code": {
          "coding": [
            {
              "system": "http://loinc.org",
              "code": "67162-8"
            }
          ]
        },
        "subject": {
          "reference": "Patient/PID-5cb211b44a1ed873d5c6ab3f6ce591cbd0313226b1712a36f99846ad"
        },
        "effectiveDateTime": "2018-07-09T15:51:00+02:00",
        "valueCodeableConcept": {
          "coding": [
            {
              "system": "https://www.medizininformatik-initiative.de/fhir/core/modul-person/CodeSystem/Vitalstatus",
              "code": "L"
            }
          ]
        }
      },
      "search": {
        "mode": "match"
      }
    }
  ]
}
