{
  "resourceType": "Bundle",
  "id": "DGTUX4NWBYOLNVR6",
  "type": "searchset",
  "total": 3,
  "entry": [
    {
      "fullUrl": "http://num-fhirserver.distan.medicsh.de:8080/fhir/Patient/PID-5f3e459aac2c19b02ca32f7d0a13cfe8a39b2981a167882753b3909d",
      "resource": {
        "resourceType": "Patient",
        "id": "PID-5f3e459aac2c19b02ca32f7d0a13cfe8a39b2981a167882753b3909d",
        "meta": {
          "versionId": "183490690",
          "lastUpdated": "2025-03-17T19:54:03.563Z",
          "profile": [
            "https://www.medizininformatik-initiative.de/fhir/core/modul-person/StructureDefinition/PatientPseudonymisiert|2025.0.1"
          ]
        },
        "identifier": [
          {
            "use": "usual",
            "type": {
              "coding": [
                {
                  "system": "http://terminology.hl7.org/CodeSystem/v3-ObservationValue",
                  "code": "PSEUDED"
                }
              ]
            },
            "system": "https://www.medizininformatik-initiative.de/fhir/sid/pseudonym",
            "value": "5f3e459aac2c19b02ca32f7d0a13cfe8a39b2981a167882753b3909d"
          }
        ],
        "gender": "male",
        "birthDate": "2006-01",
        "deceasedBoolean": true
      },
      "search": {
        "mode": "match"
      }
    },
    {
      "fullUrl": "http://num-fhirserver.distan.medicsh.de:8080/fhir/Encounter/PV-baa9804c1f69af213832f00d33a45a64088fecdb44126ae743172cd9",
      "resource": {
        "resourceType": "Encounter",
        "id": "PV-baa9804c1f69af213832f00d33a45a64088fecdb44126ae743172cd9",
        "meta": {
          "versionId": "183490627",
          "lastUpdated": "2025-03-17T19:54:03.405Z",
          "source": "http://medic.uksh.de/source/orbis/legacy",
          "profile": [
            "https://www.medizininformatik-initiative.de/fhir/core/modul-fall/StructureDefinition/KontaktGesundheitseinrichtung|2025.0.0"
          ]
        },
        "identifier": [
          {
            "use": "official",
            "type": {
              "coding": [
                {
                  "system": "http://terminology.hl7.org/CodeSystem/v2-0203",
                  "code": "VN"
                }
              ]
            },
            "system": "http://medic.uksh.de/fhir/Encounter",
            "value": "baa9804c1f69af213832f00d33a45a64088fecdb44126ae743172cd9"
          }
        ],
        "status": "finished",
        "class": {
          "system": "http://terminology.hl7.org/CodeSystem/v3-ActCode",
          "code": "AMB"
        },
        "type": [
          {
            "coding": [
              {
                "system": "http://fhir.de/CodeSystem/Kontaktebene",
                "code": "einrichtungskontakt"
              }
            ]
          }
        ],
        "subject": {
          "reference": "Patient/PID-5f3e459aac2c19b02ca32f7d0a13cfe8a39b2981a167882753b3909d"
        },
        "period": {
          "start": "2006-01-01T09:00:00+01:00",
          "end": "2006-03-31T23:59:59+02:00"
        }
      },
      "search": {
        "mode": "match"
      }
    },
    {
      "fullUrl": "http://num-fhirserver.distan.medicsh.de:8080/fhir/Observation/VIT-d7b204f6178bf1601078e27bca34a4927022a0fdfe2003c2d4747fe9",
      "resource": {
        "resourceType": "Observation",
        "id": "VIT-d7b204f6178bf1601078e27bca34a4927022a0fdfe2003c2d4747fe9",
        "meta": {
          "versionId": "183490637",
          "lastUpdated": "2025-03-17T19:54:03.426Z",
          "profile": [
            "https://www.medizininformatik-initiative.de/fhir/core/modul-person/StructureDefinition/Vitalstatus|2025.0.1"
          ]
        },
        "status": "final",
        "category": [
          {
            "coding": [
              {
                "system": "http://terminology.hl7.org/CodeSystem/observation-category",
                "code": "survey"
              }
            ]
          }
        ],
        "code": {
          "coding": [
            {
              "system": "http://loinc.org",
              "code": "67162-8"
            }
          ]
        },
        "subject": {
          "reference": "Patient/PID-5f3e459aac2c19b02ca32f7d0a13cfe8a39b2981a167882753b3909d"
        },
        "effectiveDateTime": "2006-01-01T09:00:00+01:00",
        "valueCodeableConcept": {
          "coding": [
            {
              "system": "https://www.medizininformatik-initiative.de/fhir/core/modul-person/CodeSystem/Vitalstatus",
              "code": "L"
            }
          ]
        }
      },
      "search": {
        "mode": "match"
      }
    }
  ]
}
