{
  "resourceType": "Bundle",
  "id": "DGTUX4RSQ7OOUPW4",
  "type": "searchset",
  "total": 4,
  "entry": [
    {
      "fullUrl": "http://num-fhirserver.distan.medicsh.de:8080/fhir/Patient/PID-62740f49f4eb74e3298d6d7912925fa37fa79b1de13e67b42ced0ac5",
      "resource": {
        "resourceType": "Patient",
        "id": "PID-62740f49f4eb74e3298d6d7912925fa37fa79b1de13e67b42ced0ac5",
        "meta": {
          "versionId": "234608229",
          "lastUpdated": "2025-03-19T13:58:31.361Z",
          "profile": [
            "https://www.medizininformatik-initiative.de/fhir/core/modul-person/StructureDefinition/PatientPseudonymisiert|2025.0.1"
          ]
        },
        "identifier": [
          {
            "use": "usual",
            "type": {
              "coding": [
                {
                  "system": "http://terminology.hl7.org/CodeSystem/v3-ObservationValue",
                  "code": "PSEUDED"
                }
              ]
            },
            "system": "https://www.medizininformatik-initiative.de/fhir/sid/pseudonym",
            "value": "62740f49f4eb74e3298d6d7912925fa37fa79b1de13e67b42ced0ac5"
          }
        ],
        "gender": "female",
        "birthDate": "2001-01",
        "deceasedBoolean": true
      },
      "search": {
        "mode": "match"
      }
    },
    {
      "fullUrl": "http://num-fhirserver.distan.medicsh.de:8080/fhir/Encounter/PV-3fd1d047769ac0901c89fb0d39f35498e99aaa3fe7d700e759db187a",
      "resource": {
        "resourceType": "Encounter",
        "id": "PV-3fd1d047769ac0901c89fb0d39f35498e99aaa3fe7d700e759db187a",
        "meta": {
          "versionId": "234158733",
          "lastUpdated": "2025-03-19T13:44:07.073Z",
          "source": "http://medic.uksh.de/source/orbis/adt",
          "profile": [
            "https://www.medizininformatik-initiative.de/fhir/core/modul-fall/StructureDefinition/KontaktGesundheitseinrichtung|2025.0.0"
          ]
        },
        "identifier": [
          {
            "use": "official",
            "type": {
              "coding": [
                {
                  "system": "http://terminology.hl7.org/CodeSystem/v2-0203",
                  "code": "VN"
                }
              ]
            },
            "system": "http://medic.uksh.de/fhir/Encounter",
            "value": "3fd1d047769ac0901c89fb0d39f35498e99aaa3fe7d700e759db187a"
          }
        ],
        "status": "finished",
        "class": {
          "system": "http://terminology.hl7.org/CodeSystem/v3-ActCode",
          "code": "AMB"
        },
        "type": [
          {
            "coding": [
              {
                "system": "http://fhir.de/CodeSystem/Kontaktebene",
                "code": "einrichtungskontakt"
              }
            ]
          }
        ],
        "subject": {
          "reference": "Patient/PID-62740f49f4eb74e3298d6d7912925fa37fa79b1de13e67b42ced0ac5"
        },
        "period": {
          "start": "2022-03-24T14:41:00+01:00",
          "end": "2022-03-31T23:59:59+02:00"
        }
      },
      "search": {
        "mode": "match"
      }
    },
    {
      "fullUrl": "http://num-fhirserver.distan.medicsh.de:8080/fhir/Observation/VIT-44377d3735bba87c1567bfc69fca6348b59d8d933cd221fdb49e5caa",
      "resource": {
        "resourceType": "Observation",
        "id": "VIT-44377d3735bba87c1567bfc69fca6348b59d8d933cd221fdb49e5caa",
        "meta": {
          "versionId": "234158748",
          "lastUpdated": "2025-03-19T13:44:07.103Z",
          "profile": [
            "https://www.medizininformatik-initiative.de/fhir/core/modul-person/StructureDefinition/Vitalstatus|2025.0.1"
          ]
        },
        "status": "final",
        "category": [
          {
            "coding": [
              {
                "system": "http://terminology.hl7.org/CodeSystem/observation-category",
                "code": "survey"
              }
            ]
          }
        ],
        "code": {
          "coding": [
            {
              "system": "http://loinc.org",
              "code": "67162-8"
            }
          ]
        },
        "subject": {
          "reference": "Patient/PID-62740f49f4eb74e3298d6d7912925fa37fa79b1de13e67b42ced0ac5"
        },
        "effectiveDateTime": "2022-03-31T23:59:59+02:00",
        "valueCodeableConcept": {
          "coding": [
            {
              "system": "https://www.medizininformatik-initiative.de/fhir/core/modul-person/CodeSystem/Vitalstatus",
              "code": "L"
            }
          ]
        }
      },
      "search": {
        "mode": "match"
      }
    },
    {
      "fullUrl": "http://num-fhirserver.distan.medicsh.de:8080/fhir/Observation/VIT-f7cf8026fcc4ae1fb14dea524228218da34b4ff6bdca10a124dbae07",
      "resource": {
        "resourceType": "Observation",
        "id": "VIT-f7cf8026fcc4ae1fb14dea524228218da34b4ff6bdca10a124dbae07",
        "meta": {
          "versionId": "234158742",
          "lastUpdated": "2025-03-19T13:44:07.090Z",
          "profile": [
            "https://www.medizininformatik-initiative.de/fhir/core/modul-person/StructureDefinition/Vitalstatus|2025.0.1"
          ]
        },
        "status": "final",
        "category": [
          {
            "coding": [
              {
                "system": "http://terminology.hl7.org/CodeSystem/observation-category",
                "code": "survey"
              }
            ]
          }
        ],
        "code": {
          "coding": [
            {
              "system": "http://loinc.org",
              "code": "67162-8"
            }
          ]
        },
        "subject": {
          "reference": "Patient/PID-62740f49f4eb74e3298d6d7912925fa37fa79b1de13e67b42ced0ac5"
        },
        "effectiveDateTime": "2022-03-24T14:41:00+01:00",
        "valueCodeableConcept": {
          "coding": [
            {
              "system": "https://www.medizininformatik-initiative.de/fhir/core/modul-person/CodeSystem/Vitalstatus",
              "code": "L"
            }
          ]
        }
      },
      "search": {
        "mode": "match"
      }
    }
  ]
}
