{
  "resourceType": "Bundle",
  "id": "DGTUX6BXOORHXRGB",
  "type": "searchset",
  "total": 9,
  "entry": [
    {
      "fullUrl": "http://num-fhirserver.distan.medicsh.de:8080/fhir/Patient/PID-647b1c67dfbaef02e9d56a8fcb33effb8cb37349b47d78732b5fb1c3",
      "resource": {
        "resourceType": "Patient",
        "id": "PID-647b1c67dfbaef02e9d56a8fcb33effb8cb37349b47d78732b5fb1c3",
        "meta": {
          "versionId": "241791448",
          "lastUpdated": "2025-03-21T02:23:39.898Z",
          "profile": [
            "https://www.medizininformatik-initiative.de/fhir/core/modul-person/StructureDefinition/PatientPseudonymisiert|2025.0.1"
          ]
        },
        "identifier": [
          {
            "use": "usual",
            "type": {
              "coding": [
                {
                  "system": "http://terminology.hl7.org/CodeSystem/v3-ObservationValue",
                  "code": "PSEUDED"
                }
              ]
            },
            "system": "https://www.medizininformatik-initiative.de/fhir/sid/pseudonym",
            "value": "647b1c67dfbaef02e9d56a8fcb33effb8cb37349b47d78732b5fb1c3"
          }
        ],
        "gender": "male",
        "birthDate": "1964-07",
        "deceasedBoolean": true,
        "address": [
          {
            "type": "both",
            "postalCode": "237",
            "country": "DE"
          }
        ]
      },
      "search": {
        "mode": "match"
      }
    },
    {
      "fullUrl": "http://num-fhirserver.distan.medicsh.de:8080/fhir/Condition/CON-24fa7254ccb1575b6137d77b9785d0914614fdcff48ad881af928067",
      "resource": {
        "resourceType": "Condition",
        "id": "CON-24fa7254ccb1575b6137d77b9785d0914614fdcff48ad881af928067",
        "meta": {
          "versionId": "16618511",
          "lastUpdated": "2025-03-11T01:03:20.103Z",
          "profile": [
            "https://www.medizininformatik-initiative.de/fhir/core/modul-diagnose/StructureDefinition/Diagnose|2025.0.0"
          ]
        },
        "code": {
          "coding": [
            {
              "system": "http://fhir.de/CodeSystem/bfarm/icd-10-gm",
              "version": "2023",
              "code": "L89.16"
            }
          ]
        },
        "subject": {
          "reference": "Patient/PID-647b1c67dfbaef02e9d56a8fcb33effb8cb37349b47d78732b5fb1c3"
        },
        "encounter": {
          "reference": "Encounter/PV-db0db0ebd157256f94c6e614312b753d9c1772d3d3c37cb4b75d535a"
        },
        "recordedDate": "2023-11-27T11:53:00+01:00"
      },
      "search": {
        "mode": "match"
      }
    },
    {
      "fullUrl": "http://num-fhirserver.distan.medicsh.de:8080/fhir/Condition/CON-b4afc4025437c44a8a7ff1407601bcdf905c63830c74bc9e8e890397",
      "resource": {
        "resourceType": "Condition",
        "id": "CON-b4afc4025437c44a8a7ff1407601bcdf905c63830c74bc9e8e890397",
        "meta": {
          "versionId": "16621771",
          "lastUpdated": "2025-03-11T01:03:28.214Z",
          "profile": [
            "https://www.medizininformatik-initiative.de/fhir/core/modul-diagnose/StructureDefinition/Diagnose|2025.0.0"
          ]
        },
        "code": {
          "coding": [
            {
              "system": "http://fhir.de/CodeSystem/bfarm/icd-10-gm",
              "version": "2023",
              "code": "L89.16"
            }
          ]
        },
        "subject": {
          "reference": "Patient/PID-647b1c67dfbaef02e9d56a8fcb33effb8cb37349b47d78732b5fb1c3"
        },
        "encounter": {
          "reference": "Encounter/PV-db0db0ebd157256f94c6e614312b753d9c1772d3d3c37cb4b75d535a"
        },
        "recordedDate": "2023-11-27T09:33:00+01:00"
      },
      "search": {
        "mode": "match"
      }
    },
    {
      "fullUrl": "http://num-fhirserver.distan.medicsh.de:8080/fhir/Condition/CON-b4bc2f2371988064309a252b081b90ff2ec86c10f93bf3c6f7dd9c4f",
      "resource": {
        "resourceType": "Condition",
        "id": "CON-b4bc2f2371988064309a252b081b90ff2ec86c10f93bf3c6f7dd9c4f",
        "meta": {
          "versionId": "16878400",
          "lastUpdated": "2025-03-11T01:13:08.255Z",
          "profile": [
            "https://www.medizininformatik-initiative.de/fhir/core/modul-diagnose/StructureDefinition/Diagnose|2025.0.0"
          ]
        },
        "code": {
          "coding": [
            {
              "system": "http://fhir.de/CodeSystem/bfarm/icd-10-gm",
              "version": "2023",
              "code": "G82.39"
            }
          ]
        },
        "subject": {
          "reference": "Patient/PID-647b1c67dfbaef02e9d56a8fcb33effb8cb37349b47d78732b5fb1c3"
        },
        "encounter": {
          "reference": "Encounter/PV-db0db0ebd157256f94c6e614312b753d9c1772d3d3c37cb4b75d535a"
        },
        "recordedDate": "2023-11-27T09:52:00+01:00"
      },
      "search": {
        "mode": "match"
      }
    },
    {
      "fullUrl": "http://num-fhirserver.distan.medicsh.de:8080/fhir/Encounter/PV-AK-086658a5de1c6f76af25872f15ca720d8ffd0e11942acc641c9fe60b",
      "resource": {
        "resourceType": "Encounter",
        "id": "PV-AK-086658a5de1c6f76af25872f15ca720d8ffd0e11942acc641c9fe60b",
        "meta": {
          "versionId": "241791453",
          "lastUpdated": "2025-03-21T02:23:39.920Z",
          "source": "http://medic.uksh.de/source/orbis/adt",
          "profile": [
            "https://www.medizininformatik-initiative.de/fhir/core/modul-fall/StructureDefinition/KontaktGesundheitseinrichtung|2025.0.0"
          ]
        },
        "identifier": [
          {
            "use": "official",
            "type": {
              "coding": [
                {
                  "system": "http://terminology.hl7.org/CodeSystem/v2-0203",
                  "code": "VN"
                }
              ]
            },
            "system": "http://medic.uksh.de/fhir/Encounter",
            "value": "db0db0ebd157256f94c6e614312b753d9c1772d3d3c37cb4b75d535a"
          },
          {
            "use": "secondary",
            "type": {
              "coding": [
                {
                  "system": "http://terminology.hl7.org/CodeSystem/v2-0203",
                  "code": "U"
                }
              ]
            },
            "system": "http://medic.uksh.de.de/fhir/Encounter/department",
            "value": "LDERM.2023-11-27T08:11:00"
          }
        ],
        "status": "in-progress",
        "class": {
          "system": "http://terminology.hl7.org/CodeSystem/v3-ActCode",
          "code": "IMP"
        },
        "type": [
          {
            "coding": [
              {
                "system": "http://fhir.de/CodeSystem/Kontaktebene",
                "code": "abteilungskontakt"
              }
            ]
          }
        ],
        "subject": {
          "reference": "Patient/PID-647b1c67dfbaef02e9d56a8fcb33effb8cb37349b47d78732b5fb1c3"
        },
        "period": {
          "start": "2023-11-27T08:11:00+01:00"
        },
        "location": [
          {
            "location": {
              "reference": "Location/LDERM-LB901"
            },
            "status": "active",
            "physicalType": {
              "coding": [
                {
                  "system": "http://terminology.hl7.org/CodeSystem/location-physical-type",
                  "code": "wa"
                }
              ]
            },
            "period": {
              "start": "2023-11-27T08:11:00+01:00"
            }
          }
        ],
        "partOf": {
          "reference": "Encounter/PV-db0db0ebd157256f94c6e614312b753d9c1772d3d3c37cb4b75d535a"
        }
      },
      "search": {
        "mode": "match"
      }
    },
    {
      "fullUrl": "http://num-fhirserver.distan.medicsh.de:8080/fhir/Location/LDERM-LB901",
      "resource": {
        "resourceType": "Location",
        "id": "LDERM-LB901",
        "meta": {
          "versionId": "37520426",
          "lastUpdated": "2025-03-11T15:52:14.527Z"
        },
        "name": "HL - Station B9.01",
        "type": [
          {
            "coding": [
              {
                "system": "http://terminology.hl7.org/CodeSystem/v3-RoleCode",
                "code": "HOSP"
              }
            ]
          }
        ],
        "physicalType": {
          "coding": [
            {
              "system": "http://terminology.hl7.org/CodeSystem/location-physical-type",
              "code": "wa",
              "display": "Ward"
            }
          ]
        },
        "partOf": {
          "reference": "Location/LDERM"
        }
      },
      "search": {
        "mode": "match"
      }
    },
    {
      "fullUrl": "http://num-fhirserver.distan.medicsh.de:8080/fhir/Encounter/PV-VK-834fca97d9838cd986b04f0a2fefb401330e5bc55dbce9efbec72300",
      "resource": {
        "resourceType": "Encounter",
        "id": "PV-VK-834fca97d9838cd986b04f0a2fefb401330e5bc55dbce9efbec72300",
        "meta": {
          "versionId": "241791443",
          "lastUpdated": "2025-03-21T02:23:39.879Z",
          "source": "http://medic.uksh.de/source/orbis/adt",
          "profile": [
            "https://www.medizininformatik-initiative.de/fhir/core/modul-fall/StructureDefinition/KontaktGesundheitseinrichtung|2025.0.0"
          ]
        },
        "identifier": [
          {
            "use": "official",
            "type": {
              "coding": [
                {
                  "system": "http://terminology.hl7.org/CodeSystem/v2-0203",
                  "code": "VN"
                }
              ]
            },
            "system": "http://medic.uksh.de/fhir/Encounter",
            "value": "db0db0ebd157256f94c6e614312b753d9c1772d3d3c37cb4b75d535a"
          },
          {
            "use": "secondary",
            "type": {
              "coding": [
                {
                  "system": "http://terminology.hl7.org/CodeSystem/v2-0203",
                  "code": "U"
                }
              ]
            },
            "system": "http://medic.uksh.de.de/fhir/Encounter/department",
            "value": "LDERM.LB901.2023-11-27T08:11:00"
          }
        ],
        "status": "in-progress",
        "class": {
          "system": "http://terminology.hl7.org/CodeSystem/v3-ActCode",
          "code": "IMP"
        },
        "type": [
          {
            "coding": [
              {
                "system": "http://fhir.de/CodeSystem/Kontaktebene",
                "code": "versorgungsstellenkontakt"
              }
            ]
          }
        ],
        "subject": {
          "reference": "Patient/PID-647b1c67dfbaef02e9d56a8fcb33effb8cb37349b47d78732b5fb1c3"
        },
        "period": {
          "start": "2023-11-27T08:11:00+01:00"
        },
        "location": [
          {
            "location": {
              "reference": "Location/LDERM-LB901"
            },
            "status": "active",
            "physicalType": {
              "coding": [
                {
                  "system": "http://terminology.hl7.org/CodeSystem/location-physical-type",
                  "code": "wa"
                }
              ]
            },
            "period": {
              "start": "2023-11-27T08:11:00+01:00"
            }
          }
        ],
        "partOf": {
          "reference": "Encounter/PV-AK-086658a5de1c6f76af25872f15ca720d8ffd0e11942acc641c9fe60b"
        }
      },
      "search": {
        "mode": "match"
      }
    },
    {
      "fullUrl": "http://num-fhirserver.distan.medicsh.de:8080/fhir/Encounter/PV-db0db0ebd157256f94c6e614312b753d9c1772d3d3c37cb4b75d535a",
      "resource": {
        "resourceType": "Encounter",
        "id": "PV-db0db0ebd157256f94c6e614312b753d9c1772d3d3c37cb4b75d535a",
        "meta": {
          "versionId": "241791425",
          "lastUpdated": "2025-03-21T02:23:39.830Z",
          "source": "http://medic.uksh.de/source/orbis/adt",
          "profile": [
            "https://www.medizininformatik-initiative.de/fhir/core/modul-fall/StructureDefinition/KontaktGesundheitseinrichtung|2025.0.0"
          ]
        },
        "identifier": [
          {
            "use": "official",
            "type": {
              "coding": [
                {
                  "system": "http://terminology.hl7.org/CodeSystem/v2-0203",
                  "code": "VN"
                }
              ]
            },
            "system": "http://medic.uksh.de/fhir/Encounter",
            "value": "db0db0ebd157256f94c6e614312b753d9c1772d3d3c37cb4b75d535a"
          }
        ],
        "status": "in-progress",
        "class": {
          "system": "http://terminology.hl7.org/CodeSystem/v3-ActCode",
          "code": "IMP"
        },
        "type": [
          {
            "coding": [
              {
                "system": "http://fhir.de/CodeSystem/Kontaktebene",
                "code": "einrichtungskontakt"
              }
            ]
          }
        ],
        "subject": {
          "reference": "Patient/PID-647b1c67dfbaef02e9d56a8fcb33effb8cb37349b47d78732b5fb1c3"
        },
        "period": {
          "start": "2023-11-27T08:11:00+01:00"
        }
      },
      "search": {
        "mode": "match"
      }
    },
    {
      "fullUrl": "http://num-fhirserver.distan.medicsh.de:8080/fhir/Observation/VIT-c817342265e40a6df3bad79e5220f9c397b12aff25d2aa54f1ce28c7",
      "resource": {
        "resourceType": "Observation",
        "id": "VIT-c817342265e40a6df3bad79e5220f9c397b12aff25d2aa54f1ce28c7",
        "meta": {
          "versionId": "241791434",
          "lastUpdated": "2025-03-21T02:23:39.862Z",
          "profile": [
            "https://www.medizininformatik-initiative.de/fhir/core/modul-person/StructureDefinition/Vitalstatus|2025.0.1"
          ]
        },
        "status": "final",
        "category": [
          {
            "coding": [
              {
                "system": "http://terminology.hl7.org/CodeSystem/observation-category",
                "code": "survey"
              }
            ]
          }
        ],
        "code": {
          "coding": [
            {
              "system": "http://loinc.org",
              "code": "67162-8"
            }
          ]
        },
        "subject": {
          "reference": "Patient/PID-647b1c67dfbaef02e9d56a8fcb33effb8cb37349b47d78732b5fb1c3"
        },
        "effectiveDateTime": "2023-11-27T08:11:00+01:00",
        "valueCodeableConcept": {
          "coding": [
            {
              "system": "https://www.medizininformatik-initiative.de/fhir/core/modul-person/CodeSystem/Vitalstatus",
              "code": "L"
            }
          ]
        }
      },
      "search": {
        "mode": "match"
      }
    }
  ]
}
