{
  "resourceType": "Bundle",
  "id": "DGTUX6YTO3UBSPPG",
  "type": "searchset",
  "total": 17,
  "entry": [
    {
      "fullUrl": "http://num-fhirserver.distan.medicsh.de:8080/fhir/Patient/PID-65a5403136969f1710ebc20de0561e21676267853ac87395969a0ecb",
      "resource": {
        "resourceType": "Patient",
        "id": "PID-65a5403136969f1710ebc20de0561e21676267853ac87395969a0ecb",
        "meta": {
          "versionId": "167730434",
          "lastUpdated": "2025-03-17T04:31:38.623Z",
          "profile": [
            "https://www.medizininformatik-initiative.de/fhir/core/modul-person/StructureDefinition/PatientPseudonymisiert|2025.0.1"
          ]
        },
        "identifier": [
          {
            "use": "usual",
            "type": {
              "coding": [
                {
                  "system": "http://terminology.hl7.org/CodeSystem/v3-ObservationValue",
                  "code": "PSEUDED"
                }
              ]
            },
            "system": "https://www.medizininformatik-initiative.de/fhir/sid/pseudonym",
            "value": "65a5403136969f1710ebc20de0561e21676267853ac87395969a0ecb"
          }
        ],
        "gender": "male",
        "birthDate": "2001-01",
        "deceasedBoolean": true,
        "address": [
          {
            "type": "both",
            "postalCode": "235",
            "country": "DE"
          }
        ]
      },
      "search": {
        "mode": "match"
      }
    },
    {
      "fullUrl": "http://num-fhirserver.distan.medicsh.de:8080/fhir/Encounter/PV-329decb827cd9909e36264000305c69d28527100950edd59a19f911b",
      "resource": {
        "resourceType": "Encounter",
        "id": "PV-329decb827cd9909e36264000305c69d28527100950edd59a19f911b",
        "meta": {
          "versionId": "236392498",
          "lastUpdated": "2025-03-19T18:19:32.878Z",
          "source": "http://medic.uksh.de/source/orbis/adt",
          "profile": [
            "https://www.medizininformatik-initiative.de/fhir/core/modul-fall/StructureDefinition/KontaktGesundheitseinrichtung|2025.0.0"
          ]
        },
        "identifier": [
          {
            "use": "official",
            "type": {
              "coding": [
                {
                  "system": "http://terminology.hl7.org/CodeSystem/v2-0203",
                  "code": "VN"
                }
              ]
            },
            "system": "http://medic.uksh.de/fhir/Encounter",
            "value": "329decb827cd9909e36264000305c69d28527100950edd59a19f911b"
          }
        ],
        "status": "finished",
        "class": {
          "system": "http://terminology.hl7.org/CodeSystem/v3-ActCode",
          "code": "AMB"
        },
        "type": [
          {
            "coding": [
              {
                "system": "http://fhir.de/CodeSystem/Kontaktebene",
                "code": "einrichtungskontakt"
              }
            ]
          }
        ],
        "subject": {
          "reference": "Patient/PID-65a5403136969f1710ebc20de0561e21676267853ac87395969a0ecb"
        },
        "period": {
          "start": "2023-01-03T08:39:00+01:00",
          "end": "2023-03-31T23:59:59+02:00"
        }
      },
      "search": {
        "mode": "match"
      }
    },
    {
      "fullUrl": "http://num-fhirserver.distan.medicsh.de:8080/fhir/Encounter/PV-35fd26b53a6218cb1365cc576462a01fcfeff3bd80088fa570c3f8b4",
      "resource": {
        "resourceType": "Encounter",
        "id": "PV-35fd26b53a6218cb1365cc576462a01fcfeff3bd80088fa570c3f8b4",
        "meta": {
          "versionId": "244262084",
          "lastUpdated": "2025-03-21T22:25:09.392Z",
          "source": "http://medic.uksh.de/source/orbis/adt",
          "profile": [
            "https://www.medizininformatik-initiative.de/fhir/core/modul-fall/StructureDefinition/KontaktGesundheitseinrichtung|2025.0.0"
          ]
        },
        "identifier": [
          {
            "use": "official",
            "type": {
              "coding": [
                {
                  "system": "http://terminology.hl7.org/CodeSystem/v2-0203",
                  "code": "VN"
                }
              ]
            },
            "system": "http://medic.uksh.de/fhir/Encounter",
            "value": "35fd26b53a6218cb1365cc576462a01fcfeff3bd80088fa570c3f8b4"
          }
        ],
        "status": "in-progress",
        "class": {
          "system": "http://terminology.hl7.org/CodeSystem/v3-ActCode",
          "code": "IMP"
        },
        "type": [
          {
            "coding": [
              {
                "system": "http://fhir.de/CodeSystem/Kontaktebene",
                "code": "einrichtungskontakt"
              }
            ]
          }
        ],
        "subject": {
          "reference": "Patient/PID-65a5403136969f1710ebc20de0561e21676267853ac87395969a0ecb"
        },
        "period": {
          "start": "2024-08-06T10:41:00+02:00"
        }
      },
      "search": {
        "mode": "match"
      }
    },
    {
      "fullUrl": "http://num-fhirserver.distan.medicsh.de:8080/fhir/Encounter/PV-AK-2f428eecac67797c0de8fbd0c4b6906c115a8b445b79d86a228411f4",
      "resource": {
        "resourceType": "Encounter",
        "id": "PV-AK-2f428eecac67797c0de8fbd0c4b6906c115a8b445b79d86a228411f4",
        "meta": {
          "versionId": "305190908",
          "lastUpdated": "2025-03-31T03:05:12.422Z",
          "source": "http://medic.uksh.de/source/orbis/adt",
          "profile": [
            "https://www.medizininformatik-initiative.de/fhir/core/modul-fall/StructureDefinition/KontaktGesundheitseinrichtung|2025.0.0"
          ]
        },
        "identifier": [
          {
            "use": "official",
            "type": {
              "coding": [
                {
                  "system": "http://terminology.hl7.org/CodeSystem/v2-0203",
                  "code": "VN"
                }
              ]
            },
            "system": "http://medic.uksh.de/fhir/Encounter",
            "value": "c4ed8a3e2f43d553f2c454b77b3c1c2e565a6a8119747941a73b7642"
          },
          {
            "use": "secondary",
            "type": {
              "coding": [
                {
                  "system": "http://terminology.hl7.org/CodeSystem/v2-0203",
                  "code": "U"
                }
              ]
            },
            "system": "http://medic.uksh.de.de/fhir/Encounter/department",
            "value": "KPSYCH.2025-03-24T11:56:00"
          }
        ],
        "status": "finished",
        "class": {
          "system": "http://terminology.hl7.org/CodeSystem/v3-ActCode",
          "code": "IMP"
        },
        "type": [
          {
            "coding": [
              {
                "system": "http://fhir.de/CodeSystem/Kontaktebene",
                "code": "abteilungskontakt"
              }
            ]
          }
        ],
        "subject": {
          "reference": "Patient/PID-65a5403136969f1710ebc20de0561e21676267853ac87395969a0ecb"
        },
        "period": {
          "start": "2025-03-24T11:56:00+01:00",
          "end": "2025-03-25T00:00:00+01:00"
        },
        "location": [
          {
            "location": {
              "reference": "Location/KPSYCH-Z51SP6"
            },
            "status": "completed",
            "physicalType": {
              "coding": [
                {
                  "system": "http://terminology.hl7.org/CodeSystem/location-physical-type",
                  "code": "wa"
                }
              ]
            },
            "period": {
              "start": "2025-03-24T11:56:00+01:00",
              "end": "2025-03-25T00:00:00+01:00"
            }
          }
        ],
        "partOf": {
          "reference": "Encounter/PV-c4ed8a3e2f43d553f2c454b77b3c1c2e565a6a8119747941a73b7642"
        }
      },
      "search": {
        "mode": "match"
      }
    },
    {
      "fullUrl": "http://num-fhirserver.distan.medicsh.de:8080/fhir/Location/KPSYCH-Z51SP6",
      "resource": {
        "resourceType": "Location",
        "id": "KPSYCH-Z51SP6",
        "meta": {
          "versionId": "37666849",
          "lastUpdated": "2025-03-11T15:56:20.367Z"
        },
        "name": "Station P6",
        "type": [
          {
            "coding": [
              {
                "system": "http://terminology.hl7.org/CodeSystem/v3-RoleCode",
                "code": "HOSP"
              }
            ]
          }
        ],
        "physicalType": {
          "coding": [
            {
              "system": "http://terminology.hl7.org/CodeSystem/location-physical-type",
              "code": "wa",
              "display": "Ward"
            }
          ]
        },
        "partOf": {
          "reference": "Location/KPSYCH"
        }
      },
      "search": {
        "mode": "match"
      }
    },
    {
      "fullUrl": "http://num-fhirserver.distan.medicsh.de:8080/fhir/Encounter/PV-AK-6eb9ec391a12c32b7d57801d9238b03b5a293617ac1300c48d27aaf1",
      "resource": {
        "resourceType": "Encounter",
        "id": "PV-AK-6eb9ec391a12c32b7d57801d9238b03b5a293617ac1300c48d27aaf1",
        "meta": {
          "versionId": "244262088",
          "lastUpdated": "2025-03-21T22:25:09.450Z",
          "source": "http://medic.uksh.de/source/orbis/adt",
          "profile": [
            "https://www.medizininformatik-initiative.de/fhir/core/modul-fall/StructureDefinition/KontaktGesundheitseinrichtung|2025.0.0"
          ]
        },
        "identifier": [
          {
            "use": "official",
            "type": {
              "coding": [
                {
                  "system": "http://terminology.hl7.org/CodeSystem/v2-0203",
                  "code": "VN"
                }
              ]
            },
            "system": "http://medic.uksh.de/fhir/Encounter",
            "value": "35fd26b53a6218cb1365cc576462a01fcfeff3bd80088fa570c3f8b4"
          },
          {
            "use": "secondary",
            "type": {
              "coding": [
                {
                  "system": "http://terminology.hl7.org/CodeSystem/v2-0203",
                  "code": "U"
                }
              ]
            },
            "system": "http://medic.uksh.de.de/fhir/Encounter/department",
            "value": "LDERM.2024-08-06T10:41:00"
          }
        ],
        "status": "in-progress",
        "class": {
          "system": "http://terminology.hl7.org/CodeSystem/v3-ActCode",
          "code": "IMP"
        },
        "type": [
          {
            "coding": [
              {
                "system": "http://fhir.de/CodeSystem/Kontaktebene",
                "code": "abteilungskontakt"
              }
            ]
          }
        ],
        "subject": {
          "reference": "Patient/PID-65a5403136969f1710ebc20de0561e21676267853ac87395969a0ecb"
        },
        "period": {
          "start": "2024-08-06T10:41:00+02:00"
        },
        "location": [
          {
            "location": {
              "reference": "Location/LDERM-LB901"
            },
            "status": "active",
            "physicalType": {
              "coding": [
                {
                  "system": "http://terminology.hl7.org/CodeSystem/location-physical-type",
                  "code": "wa"
                }
              ]
            },
            "period": {
              "start": "2024-08-06T10:41:00+02:00"
            }
          }
        ],
        "partOf": {
          "reference": "Encounter/PV-35fd26b53a6218cb1365cc576462a01fcfeff3bd80088fa570c3f8b4"
        }
      },
      "search": {
        "mode": "match"
      }
    },
    {
      "fullUrl": "http://num-fhirserver.distan.medicsh.de:8080/fhir/Location/LDERM-LB901",
      "resource": {
        "resourceType": "Location",
        "id": "LDERM-LB901",
        "meta": {
          "versionId": "37520426",
          "lastUpdated": "2025-03-11T15:52:14.527Z"
        },
        "name": "HL - Station B9.01",
        "type": [
          {
            "coding": [
              {
                "system": "http://terminology.hl7.org/CodeSystem/v3-RoleCode",
                "code": "HOSP"
              }
            ]
          }
        ],
        "physicalType": {
          "coding": [
            {
              "system": "http://terminology.hl7.org/CodeSystem/location-physical-type",
              "code": "wa",
              "display": "Ward"
            }
          ]
        },
        "partOf": {
          "reference": "Location/LDERM"
        }
      },
      "search": {
        "mode": "match"
      }
    },
    {
      "fullUrl": "http://num-fhirserver.distan.medicsh.de:8080/fhir/Encounter/PV-VK-0fc982527c29d787460d2c3feded23e5ade1e3e91c3ec49bca951cbe",
      "resource": {
        "resourceType": "Encounter",
        "id": "PV-VK-0fc982527c29d787460d2c3feded23e5ade1e3e91c3ec49bca951cbe",
        "meta": {
          "versionId": "244262087",
          "lastUpdated": "2025-03-21T22:25:09.432Z",
          "source": "http://medic.uksh.de/source/orbis/adt",
          "profile": [
            "https://www.medizininformatik-initiative.de/fhir/core/modul-fall/StructureDefinition/KontaktGesundheitseinrichtung|2025.0.0"
          ]
        },
        "identifier": [
          {
            "use": "official",
            "type": {
              "coding": [
                {
                  "system": "http://terminology.hl7.org/CodeSystem/v2-0203",
                  "code": "VN"
                }
              ]
            },
            "system": "http://medic.uksh.de/fhir/Encounter",
            "value": "35fd26b53a6218cb1365cc576462a01fcfeff3bd80088fa570c3f8b4"
          },
          {
            "use": "secondary",
            "type": {
              "coding": [
                {
                  "system": "http://terminology.hl7.org/CodeSystem/v2-0203",
                  "code": "U"
                }
              ]
            },
            "system": "http://medic.uksh.de.de/fhir/Encounter/department",
            "value": "LDERM.LB901.2024-08-06T10:41:00"
          }
        ],
        "status": "in-progress",
        "class": {
          "system": "http://terminology.hl7.org/CodeSystem/v3-ActCode",
          "code": "IMP"
        },
        "type": [
          {
            "coding": [
              {
                "system": "http://fhir.de/CodeSystem/Kontaktebene",
                "code": "versorgungsstellenkontakt"
              }
            ]
          }
        ],
        "subject": {
          "reference": "Patient/PID-65a5403136969f1710ebc20de0561e21676267853ac87395969a0ecb"
        },
        "period": {
          "start": "2024-08-06T10:41:00+02:00"
        },
        "location": [
          {
            "location": {
              "reference": "Location/LDERM-LB901"
            },
            "status": "active",
            "physicalType": {
              "coding": [
                {
                  "system": "http://terminology.hl7.org/CodeSystem/location-physical-type",
                  "code": "wa"
                }
              ]
            },
            "period": {
              "start": "2024-08-06T10:41:00+02:00"
            }
          }
        ],
        "partOf": {
          "reference": "Encounter/PV-AK-6eb9ec391a12c32b7d57801d9238b03b5a293617ac1300c48d27aaf1"
        }
      },
      "search": {
        "mode": "match"
      }
    },
    {
      "fullUrl": "http://num-fhirserver.distan.medicsh.de:8080/fhir/Encounter/PV-VK-ceca98dbc63e959122d9b9f12703b8251ac7c7b3e91274a898db5ae0",
      "resource": {
        "resourceType": "Encounter",
        "id": "PV-VK-ceca98dbc63e959122d9b9f12703b8251ac7c7b3e91274a898db5ae0",
        "meta": {
          "versionId": "305190907",
          "lastUpdated": "2025-03-31T03:05:12.401Z",
          "source": "http://medic.uksh.de/source/orbis/adt",
          "profile": [
            "https://www.medizininformatik-initiative.de/fhir/core/modul-fall/StructureDefinition/KontaktGesundheitseinrichtung|2025.0.0"
          ]
        },
        "identifier": [
          {
            "use": "official",
            "type": {
              "coding": [
                {
                  "system": "http://terminology.hl7.org/CodeSystem/v2-0203",
                  "code": "VN"
                }
              ]
            },
            "system": "http://medic.uksh.de/fhir/Encounter",
            "value": "c4ed8a3e2f43d553f2c454b77b3c1c2e565a6a8119747941a73b7642"
          },
          {
            "use": "secondary",
            "type": {
              "coding": [
                {
                  "system": "http://terminology.hl7.org/CodeSystem/v2-0203",
                  "code": "U"
                }
              ]
            },
            "system": "http://medic.uksh.de.de/fhir/Encounter/department",
            "value": "KPSYCH.Z51SP6.2025-03-24T11:56:00"
          }
        ],
        "status": "finished",
        "class": {
          "system": "http://terminology.hl7.org/CodeSystem/v3-ActCode",
          "code": "IMP"
        },
        "type": [
          {
            "coding": [
              {
                "system": "http://fhir.de/CodeSystem/Kontaktebene",
                "code": "versorgungsstellenkontakt"
              }
            ]
          }
        ],
        "subject": {
          "reference": "Patient/PID-65a5403136969f1710ebc20de0561e21676267853ac87395969a0ecb"
        },
        "period": {
          "start": "2025-03-24T11:56:00+01:00",
          "end": "2025-03-25T00:00:00+01:00"
        },
        "location": [
          {
            "location": {
              "reference": "Location/KPSYCH-Z51SP6"
            },
            "status": "completed",
            "physicalType": {
              "coding": [
                {
                  "system": "http://terminology.hl7.org/CodeSystem/location-physical-type",
                  "code": "wa"
                }
              ]
            },
            "period": {
              "start": "2025-03-24T11:56:00+01:00",
              "end": "2025-03-25T00:00:00+01:00"
            }
          }
        ],
        "partOf": {
          "reference": "Encounter/PV-AK-2f428eecac67797c0de8fbd0c4b6906c115a8b445b79d86a228411f4"
        }
      },
      "search": {
        "mode": "match"
      }
    },
    {
      "fullUrl": "http://num-fhirserver.distan.medicsh.de:8080/fhir/Encounter/PV-adfa2a21866a83f6712e718833cb4a8bc680e648f61578ff2a8f0ef0",
      "resource": {
        "resourceType": "Encounter",
        "id": "PV-adfa2a21866a83f6712e718833cb4a8bc680e648f61578ff2a8f0ef0",
        "meta": {
          "versionId": "167730427",
          "lastUpdated": "2025-03-17T04:31:38.312Z",
          "source": "http://medic.uksh.de/source/orbis/legacy",
          "profile": [
            "https://www.medizininformatik-initiative.de/fhir/core/modul-fall/StructureDefinition/KontaktGesundheitseinrichtung|2025.0.0"
          ]
        },
        "identifier": [
          {
            "use": "official",
            "type": {
              "coding": [
                {
                  "system": "http://terminology.hl7.org/CodeSystem/v2-0203",
                  "code": "VN"
                }
              ]
            },
            "system": "http://medic.uksh.de/fhir/Encounter",
            "value": "adfa2a21866a83f6712e718833cb4a8bc680e648f61578ff2a8f0ef0"
          }
        ],
        "status": "finished",
        "class": {
          "system": "http://terminology.hl7.org/CodeSystem/v3-ActCode",
          "code": "AMB"
        },
        "type": [
          {
            "coding": [
              {
                "system": "http://fhir.de/CodeSystem/Kontaktebene",
                "code": "einrichtungskontakt"
              }
            ]
          }
        ],
        "subject": {
          "reference": "Patient/PID-65a5403136969f1710ebc20de0561e21676267853ac87395969a0ecb"
        },
        "period": {
          "start": "2021-09-21T07:14:00+02:00",
          "end": "2021-09-30T23:59:59+02:00"
        }
      },
      "search": {
        "mode": "match"
      }
    },
    {
      "fullUrl": "http://num-fhirserver.distan.medicsh.de:8080/fhir/Encounter/PV-c4ed8a3e2f43d553f2c454b77b3c1c2e565a6a8119747941a73b7642",
      "resource": {
        "resourceType": "Encounter",
        "id": "PV-c4ed8a3e2f43d553f2c454b77b3c1c2e565a6a8119747941a73b7642",
        "meta": {
          "versionId": "305190904",
          "lastUpdated": "2025-03-31T03:05:12.340Z",
          "source": "http://medic.uksh.de/source/orbis/adt",
          "profile": [
            "https://www.medizininformatik-initiative.de/fhir/core/modul-fall/StructureDefinition/KontaktGesundheitseinrichtung|2025.0.0"
          ]
        },
        "identifier": [
          {
            "use": "official",
            "type": {
              "coding": [
                {
                  "system": "http://terminology.hl7.org/CodeSystem/v2-0203",
                  "code": "VN"
                }
              ]
            },
            "system": "http://medic.uksh.de/fhir/Encounter",
            "value": "c4ed8a3e2f43d553f2c454b77b3c1c2e565a6a8119747941a73b7642"
          }
        ],
        "status": "finished",
        "class": {
          "system": "http://terminology.hl7.org/CodeSystem/v3-ActCode",
          "code": "IMP"
        },
        "type": [
          {
            "coding": [
              {
                "system": "http://fhir.de/CodeSystem/Kontaktebene",
                "code": "einrichtungskontakt"
              }
            ]
          }
        ],
        "subject": {
          "reference": "Patient/PID-65a5403136969f1710ebc20de0561e21676267853ac87395969a0ecb"
        },
        "period": {
          "start": "2025-03-24T11:56:00+01:00",
          "end": "2025-03-25T00:00:00+01:00"
        }
      },
      "search": {
        "mode": "match"
      }
    },
    {
      "fullUrl": "http://num-fhirserver.distan.medicsh.de:8080/fhir/Observation/VIT-7407225e11cfdc8d7612c1db0b72aee00fdb2b3c7e8e88e6ad93e9ab",
      "resource": {
        "resourceType": "Observation",
        "id": "VIT-7407225e11cfdc8d7612c1db0b72aee00fdb2b3c7e8e88e6ad93e9ab",
        "meta": {
          "versionId": "236392501",
          "lastUpdated": "2025-03-19T18:19:32.917Z",
          "profile": [
            "https://www.medizininformatik-initiative.de/fhir/core/modul-person/StructureDefinition/Vitalstatus|2025.0.1"
          ]
        },
        "status": "final",
        "category": [
          {
            "coding": [
              {
                "system": "http://terminology.hl7.org/CodeSystem/observation-category",
                "code": "survey"
              }
            ]
          }
        ],
        "code": {
          "coding": [
            {
              "system": "http://loinc.org",
              "code": "67162-8"
            }
          ]
        },
        "subject": {
          "reference": "Patient/PID-65a5403136969f1710ebc20de0561e21676267853ac87395969a0ecb"
        },
        "effectiveDateTime": "2023-03-31T23:59:59+02:00",
        "valueCodeableConcept": {
          "coding": [
            {
              "system": "https://www.medizininformatik-initiative.de/fhir/core/modul-person/CodeSystem/Vitalstatus",
              "code": "L"
            }
          ]
        }
      },
      "search": {
        "mode": "match"
      }
    },
    {
      "fullUrl": "http://num-fhirserver.distan.medicsh.de:8080/fhir/Observation/VIT-863ca7f2e33e488e370449ccbd4673082f52d06da556632ed13d8c77",
      "resource": {
        "resourceType": "Observation",
        "id": "VIT-863ca7f2e33e488e370449ccbd4673082f52d06da556632ed13d8c77",
        "meta": {
          "versionId": "244262085",
          "lastUpdated": "2025-03-21T22:25:09.410Z",
          "profile": [
            "https://www.medizininformatik-initiative.de/fhir/core/modul-person/StructureDefinition/Vitalstatus|2025.0.1"
          ]
        },
        "status": "final",
        "category": [
          {
            "coding": [
              {
                "system": "http://terminology.hl7.org/CodeSystem/observation-category",
                "code": "survey"
              }
            ]
          }
        ],
        "code": {
          "coding": [
            {
              "system": "http://loinc.org",
              "code": "67162-8"
            }
          ]
        },
        "subject": {
          "reference": "Patient/PID-65a5403136969f1710ebc20de0561e21676267853ac87395969a0ecb"
        },
        "effectiveDateTime": "2024-08-06T10:41:00+02:00",
        "valueCodeableConcept": {
          "coding": [
            {
              "system": "https://www.medizininformatik-initiative.de/fhir/core/modul-person/CodeSystem/Vitalstatus",
              "code": "L"
            }
          ]
        }
      },
      "search": {
        "mode": "match"
      }
    },
    {
      "fullUrl": "http://num-fhirserver.distan.medicsh.de:8080/fhir/Observation/VIT-88ca641ed78442f354a58a17b705ef25361ab9eb609cfee7198fa5a0",
      "resource": {
        "resourceType": "Observation",
        "id": "VIT-88ca641ed78442f354a58a17b705ef25361ab9eb609cfee7198fa5a0",
        "meta": {
          "versionId": "250424490",
          "lastUpdated": "2025-03-28T10:16:03.282Z",
          "profile": [
            "https://www.medizininformatik-initiative.de/fhir/core/modul-person/StructureDefinition/Vitalstatus|2025.0.1"
          ]
        },
        "status": "final",
        "category": [
          {
            "coding": [
              {
                "system": "http://terminology.hl7.org/CodeSystem/observation-category",
                "code": "survey"
              }
            ]
          }
        ],
        "code": {
          "coding": [
            {
              "system": "http://loinc.org",
              "code": "67162-8"
            }
          ]
        },
        "subject": {
          "reference": "Patient/PID-65a5403136969f1710ebc20de0561e21676267853ac87395969a0ecb"
        },
        "effectiveDateTime": "2025-03-24T11:56:00+01:00",
        "valueCodeableConcept": {
          "coding": [
            {
              "system": "https://www.medizininformatik-initiative.de/fhir/core/modul-person/CodeSystem/Vitalstatus",
              "code": "L"
            }
          ]
        }
      },
      "search": {
        "mode": "match"
      }
    },
    {
      "fullUrl": "http://num-fhirserver.distan.medicsh.de:8080/fhir/Observation/VIT-9de55ae27bf991971216a5b12cbc1caf5f339b58aa6d99c5847e97e1",
      "resource": {
        "resourceType": "Observation",
        "id": "VIT-9de55ae27bf991971216a5b12cbc1caf5f339b58aa6d99c5847e97e1",
        "meta": {
          "versionId": "167730429",
          "lastUpdated": "2025-03-17T04:31:38.333Z",
          "profile": [
            "https://www.medizininformatik-initiative.de/fhir/core/modul-person/StructureDefinition/Vitalstatus|2025.0.1"
          ]
        },
        "status": "final",
        "category": [
          {
            "coding": [
              {
                "system": "http://terminology.hl7.org/CodeSystem/observation-category",
                "code": "survey"
              }
            ]
          }
        ],
        "code": {
          "coding": [
            {
              "system": "http://loinc.org",
              "code": "67162-8"
            }
          ]
        },
        "subject": {
          "reference": "Patient/PID-65a5403136969f1710ebc20de0561e21676267853ac87395969a0ecb"
        },
        "effectiveDateTime": "2021-09-21T07:14:00+02:00",
        "valueCodeableConcept": {
          "coding": [
            {
              "system": "https://www.medizininformatik-initiative.de/fhir/core/modul-person/CodeSystem/Vitalstatus",
              "code": "L"
            }
          ]
        }
      },
      "search": {
        "mode": "match"
      }
    },
    {
      "fullUrl": "http://num-fhirserver.distan.medicsh.de:8080/fhir/Observation/VIT-cf8675950bd6e1ee018db8cac2b62b7aadea1fd1928cc88ec468dff6",
      "resource": {
        "resourceType": "Observation",
        "id": "VIT-cf8675950bd6e1ee018db8cac2b62b7aadea1fd1928cc88ec468dff6",
        "meta": {
          "versionId": "236392500",
          "lastUpdated": "2025-03-19T18:19:32.897Z",
          "profile": [
            "https://www.medizininformatik-initiative.de/fhir/core/modul-person/StructureDefinition/Vitalstatus|2025.0.1"
          ]
        },
        "status": "final",
        "category": [
          {
            "coding": [
              {
                "system": "http://terminology.hl7.org/CodeSystem/observation-category",
                "code": "survey"
              }
            ]
          }
        ],
        "code": {
          "coding": [
            {
              "system": "http://loinc.org",
              "code": "67162-8"
            }
          ]
        },
        "subject": {
          "reference": "Patient/PID-65a5403136969f1710ebc20de0561e21676267853ac87395969a0ecb"
        },
        "effectiveDateTime": "2023-01-03T08:39:00+01:00",
        "valueCodeableConcept": {
          "coding": [
            {
              "system": "https://www.medizininformatik-initiative.de/fhir/core/modul-person/CodeSystem/Vitalstatus",
              "code": "L"
            }
          ]
        }
      },
      "search": {
        "mode": "match"
      }
    },
    {
      "fullUrl": "http://num-fhirserver.distan.medicsh.de:8080/fhir/Observation/VIT-de653f2d585279f2dc4808bb68d974dac62f84f6e410b836ed2cd627",
      "resource": {
        "resourceType": "Observation",
        "id": "VIT-de653f2d585279f2dc4808bb68d974dac62f84f6e410b836ed2cd627",
        "meta": {
          "versionId": "250427497",
          "lastUpdated": "2025-03-28T10:17:41.744Z",
          "profile": [
            "https://www.medizininformatik-initiative.de/fhir/core/modul-person/StructureDefinition/Vitalstatus|2025.0.1"
          ]
        },
        "status": "final",
        "category": [
          {
            "coding": [
              {
                "system": "http://terminology.hl7.org/CodeSystem/observation-category",
                "code": "survey"
              }
            ]
          }
        ],
        "code": {
          "coding": [
            {
              "system": "http://loinc.org",
              "code": "67162-8"
            }
          ]
        },
        "subject": {
          "reference": "Patient/PID-65a5403136969f1710ebc20de0561e21676267853ac87395969a0ecb"
        },
        "effectiveDateTime": "2025-03-25T00:00:00+01:00",
        "valueCodeableConcept": {
          "coding": [
            {
              "system": "https://www.medizininformatik-initiative.de/fhir/core/modul-person/CodeSystem/Vitalstatus",
              "code": "L"
            }
          ]
        }
      },
      "search": {
        "mode": "match"
      }
    }
  ]
}
