{
  "resourceType": "Bundle",
  "id": "DGTUX53MFJ4SNR23",
  "type": "searchset",
  "total": 4,
  "entry": [
    {
      "fullUrl": "http://num-fhirserver.distan.medicsh.de:8080/fhir/Patient/PID-66a646aa9bac3f5ff1f1af835bf1fafed1b49807599eb0bf2531682e",
      "resource": {
        "resourceType": "Patient",
        "id": "PID-66a646aa9bac3f5ff1f1af835bf1fafed1b49807599eb0bf2531682e",
        "meta": {
          "versionId": "243127241",
          "lastUpdated": "2025-03-21T14:54:20.511Z",
          "profile": [
            "https://www.medizininformatik-initiative.de/fhir/core/modul-person/StructureDefinition/PatientPseudonymisiert|2025.0.1"
          ]
        },
        "identifier": [
          {
            "use": "usual",
            "type": {
              "coding": [
                {
                  "system": "http://terminology.hl7.org/CodeSystem/v3-ObservationValue",
                  "code": "PSEUDED"
                }
              ]
            },
            "system": "https://www.medizininformatik-initiative.de/fhir/sid/pseudonym",
            "value": "66a646aa9bac3f5ff1f1af835bf1fafed1b49807599eb0bf2531682e"
          }
        ],
        "gender": "female",
        "birthDate": "1996-01",
        "deceasedBoolean": true
      },
      "search": {
        "mode": "match"
      }
    },
    {
      "fullUrl": "http://num-fhirserver.distan.medicsh.de:8080/fhir/Encounter/PV-e7b4fe68dd323f70afeb47b7b22a8e8946ecd26005c14e2be2e197d6",
      "resource": {
        "resourceType": "Encounter",
        "id": "PV-e7b4fe68dd323f70afeb47b7b22a8e8946ecd26005c14e2be2e197d6",
        "meta": {
          "versionId": "243127243",
          "lastUpdated": "2025-03-21T14:54:20.565Z",
          "source": "http://medic.uksh.de/source/orbis/adt",
          "profile": [
            "https://www.medizininformatik-initiative.de/fhir/core/modul-fall/StructureDefinition/KontaktGesundheitseinrichtung|2025.0.0"
          ]
        },
        "identifier": [
          {
            "use": "official",
            "type": {
              "coding": [
                {
                  "system": "http://terminology.hl7.org/CodeSystem/v2-0203",
                  "code": "VN"
                }
              ]
            },
            "system": "http://medic.uksh.de/fhir/Encounter",
            "value": "e7b4fe68dd323f70afeb47b7b22a8e8946ecd26005c14e2be2e197d6"
          }
        ],
        "status": "finished",
        "class": {
          "system": "http://terminology.hl7.org/CodeSystem/v3-ActCode",
          "code": "AMB"
        },
        "type": [
          {
            "coding": [
              {
                "system": "http://fhir.de/CodeSystem/Kontaktebene",
                "code": "einrichtungskontakt"
              }
            ]
          }
        ],
        "subject": {
          "reference": "Patient/PID-66a646aa9bac3f5ff1f1af835bf1fafed1b49807599eb0bf2531682e"
        },
        "period": {
          "start": "2024-04-07T07:45:00+02:00",
          "end": "2024-06-30T23:59:59+02:00"
        }
      },
      "search": {
        "mode": "match"
      }
    },
    {
      "fullUrl": "http://num-fhirserver.distan.medicsh.de:8080/fhir/Observation/VIT-d71a1a001f2d3e99140ca537e6c4c5715df0569bfe6ecb31f9a7cba3",
      "resource": {
        "resourceType": "Observation",
        "id": "VIT-d71a1a001f2d3e99140ca537e6c4c5715df0569bfe6ecb31f9a7cba3",
        "meta": {
          "versionId": "243127245",
          "lastUpdated": "2025-03-21T14:54:20.604Z",
          "profile": [
            "https://www.medizininformatik-initiative.de/fhir/core/modul-person/StructureDefinition/Vitalstatus|2025.0.1"
          ]
        },
        "status": "final",
        "category": [
          {
            "coding": [
              {
                "system": "http://terminology.hl7.org/CodeSystem/observation-category",
                "code": "survey"
              }
            ]
          }
        ],
        "code": {
          "coding": [
            {
              "system": "http://loinc.org",
              "code": "67162-8"
            }
          ]
        },
        "subject": {
          "reference": "Patient/PID-66a646aa9bac3f5ff1f1af835bf1fafed1b49807599eb0bf2531682e"
        },
        "effectiveDateTime": "2024-06-30T23:59:59+02:00",
        "valueCodeableConcept": {
          "coding": [
            {
              "system": "https://www.medizininformatik-initiative.de/fhir/core/modul-person/CodeSystem/Vitalstatus",
              "code": "L"
            }
          ]
        }
      },
      "search": {
        "mode": "match"
      }
    },
    {
      "fullUrl": "http://num-fhirserver.distan.medicsh.de:8080/fhir/Observation/VIT-f7baa1e0a8a1f8755c79d5094f9fd4cb9353952c6bc47bb1377ba98d",
      "resource": {
        "resourceType": "Observation",
        "id": "VIT-f7baa1e0a8a1f8755c79d5094f9fd4cb9353952c6bc47bb1377ba98d",
        "meta": {
          "versionId": "243127244",
          "lastUpdated": "2025-03-21T14:54:20.583Z",
          "profile": [
            "https://www.medizininformatik-initiative.de/fhir/core/modul-person/StructureDefinition/Vitalstatus|2025.0.1"
          ]
        },
        "status": "final",
        "category": [
          {
            "coding": [
              {
                "system": "http://terminology.hl7.org/CodeSystem/observation-category",
                "code": "survey"
              }
            ]
          }
        ],
        "code": {
          "coding": [
            {
              "system": "http://loinc.org",
              "code": "67162-8"
            }
          ]
        },
        "subject": {
          "reference": "Patient/PID-66a646aa9bac3f5ff1f1af835bf1fafed1b49807599eb0bf2531682e"
        },
        "effectiveDateTime": "2024-04-07T07:45:00+02:00",
        "valueCodeableConcept": {
          "coding": [
            {
              "system": "https://www.medizininformatik-initiative.de/fhir/core/modul-person/CodeSystem/Vitalstatus",
              "code": "L"
            }
          ]
        }
      },
      "search": {
        "mode": "match"
      }
    }
  ]
}
