{
  "resourceType": "Bundle",
  "id": "DGTUX4Y3MB7YBAHG",
  "type": "searchset",
  "total": 3,
  "entry": [
    {
      "fullUrl": "http://num-fhirserver.distan.medicsh.de:8080/fhir/Patient/PID-67568560f8f75d0698e8fc0944ccd120867fc57459dac0e64becbfec",
      "resource": {
        "resourceType": "Patient",
        "id": "PID-67568560f8f75d0698e8fc0944ccd120867fc57459dac0e64becbfec",
        "meta": {
          "versionId": "112422173",
          "lastUpdated": "2025-03-14T09:51:15.256Z",
          "profile": [
            "https://www.medizininformatik-initiative.de/fhir/core/modul-person/StructureDefinition/PatientPseudonymisiert|2025.0.1"
          ]
        },
        "identifier": [
          {
            "use": "usual",
            "type": {
              "coding": [
                {
                  "system": "http://terminology.hl7.org/CodeSystem/v3-ObservationValue",
                  "code": "PSEUDED"
                }
              ]
            },
            "system": "https://www.medizininformatik-initiative.de/fhir/sid/pseudonym",
            "value": "67568560f8f75d0698e8fc0944ccd120867fc57459dac0e64becbfec"
          }
        ],
        "gender": "male",
        "birthDate": "2008-02",
        "deceasedBoolean": true
      },
      "search": {
        "mode": "match"
      }
    },
    {
      "fullUrl": "http://num-fhirserver.distan.medicsh.de:8080/fhir/Encounter/PV-ad610c8fd6d040c8dac57b118faa050f04b079443cca8517ed4c4985",
      "resource": {
        "resourceType": "Encounter",
        "id": "PV-ad610c8fd6d040c8dac57b118faa050f04b079443cca8517ed4c4985",
        "meta": {
          "versionId": "112422038",
          "lastUpdated": "2025-03-14T09:51:14.889Z",
          "source": "http://medic.uksh.de/source/orbis/legacy",
          "profile": [
            "https://www.medizininformatik-initiative.de/fhir/core/modul-fall/StructureDefinition/KontaktGesundheitseinrichtung|2025.0.0"
          ]
        },
        "identifier": [
          {
            "use": "official",
            "type": {
              "coding": [
                {
                  "system": "http://terminology.hl7.org/CodeSystem/v2-0203",
                  "code": "VN"
                }
              ]
            },
            "system": "http://medic.uksh.de/fhir/Encounter",
            "value": "ad610c8fd6d040c8dac57b118faa050f04b079443cca8517ed4c4985"
          }
        ],
        "status": "finished",
        "class": {
          "system": "http://terminology.hl7.org/CodeSystem/v3-ActCode",
          "code": "AMB"
        },
        "type": [
          {
            "coding": [
              {
                "system": "http://fhir.de/CodeSystem/Kontaktebene",
                "code": "einrichtungskontakt"
              }
            ]
          }
        ],
        "subject": {
          "reference": "Patient/PID-67568560f8f75d0698e8fc0944ccd120867fc57459dac0e64becbfec"
        },
        "period": {
          "start": "2008-02-01T09:45:00+01:00",
          "end": "2008-03-31T23:59:59+02:00"
        }
      },
      "search": {
        "mode": "match"
      }
    },
    {
      "fullUrl": "http://num-fhirserver.distan.medicsh.de:8080/fhir/Observation/VIT-bc359a75476d85bf6ca6e9586b11d18539e1fbddb40c777e97848699",
      "resource": {
        "resourceType": "Observation",
        "id": "VIT-bc359a75476d85bf6ca6e9586b11d18539e1fbddb40c777e97848699",
        "meta": {
          "versionId": "112422045",
          "lastUpdated": "2025-03-14T09:51:14.905Z",
          "profile": [
            "https://www.medizininformatik-initiative.de/fhir/core/modul-person/StructureDefinition/Vitalstatus|2025.0.1"
          ]
        },
        "status": "final",
        "category": [
          {
            "coding": [
              {
                "system": "http://terminology.hl7.org/CodeSystem/observation-category",
                "code": "survey"
              }
            ]
          }
        ],
        "code": {
          "coding": [
            {
              "system": "http://loinc.org",
              "code": "67162-8"
            }
          ]
        },
        "subject": {
          "reference": "Patient/PID-67568560f8f75d0698e8fc0944ccd120867fc57459dac0e64becbfec"
        },
        "effectiveDateTime": "2008-02-01T09:45:00+01:00",
        "valueCodeableConcept": {
          "coding": [
            {
              "system": "https://www.medizininformatik-initiative.de/fhir/core/modul-person/CodeSystem/Vitalstatus",
              "code": "L"
            }
          ]
        }
      },
      "search": {
        "mode": "match"
      }
    }
  ]
}
