{
  "resourceType": "Bundle",
  "id": "DGTUX4WKLNFVDTOX",
  "type": "searchset",
  "total": 22,
  "entry": [
    {
      "fullUrl": "http://num-fhirserver.distan.medicsh.de:8080/fhir/Patient/PID-6aa4992801998f580de917b3fd829b93520162e194531790620c0efe",
      "resource": {
        "resourceType": "Patient",
        "id": "PID-6aa4992801998f580de917b3fd829b93520162e194531790620c0efe",
        "meta": {
          "versionId": "238883328",
          "lastUpdated": "2025-03-20T04:19:15.591Z",
          "profile": [
            "https://www.medizininformatik-initiative.de/fhir/core/modul-person/StructureDefinition/PatientPseudonymisiert|2025.0.1"
          ]
        },
        "identifier": [
          {
            "use": "usual",
            "type": {
              "coding": [
                {
                  "system": "http://terminology.hl7.org/CodeSystem/v3-ObservationValue",
                  "code": "PSEUDED"
                }
              ]
            },
            "system": "https://www.medizininformatik-initiative.de/fhir/sid/pseudonym",
            "value": "6aa4992801998f580de917b3fd829b93520162e194531790620c0efe"
          }
        ],
        "gender": "female",
        "birthDate": "1981-03",
        "deceasedBoolean": true,
        "address": [
          {
            "type": "both",
            "postalCode": "235",
            "country": "DE"
          }
        ]
      },
      "search": {
        "mode": "match"
      }
    },
    {
      "fullUrl": "http://num-fhirserver.distan.medicsh.de:8080/fhir/DiagnosticReport/REP-40aeb448ce72b48533741460ca4918ce162c7c4c18745ad7203c99ba",
      "resource": {
        "resourceType": "DiagnosticReport",
        "id": "REP-40aeb448ce72b48533741460ca4918ce162c7c4c18745ad7203c99ba",
        "meta": {
          "versionId": "1559214",
          "lastUpdated": "2025-03-10T16:35:05.524Z",
          "profile": [
            "https://www.medizininformatik-initiative.de/fhir/core/modul-labor/StructureDefinition/DiagnosticReportLab|2025.0.2"
          ]
        },
        "identifier": [
          {
            "type": {
              "coding": [
                {
                  "system": "http://terminology.hl7.org/CodeSystem/v2-0203",
                  "code": "FILL"
                }
              ]
            },
            "system": "http://medic.uksh.de/fhir/DiagnosticReport",
            "value": "40aeb448ce72b48533741460ca4918ce162c7c4c18745ad7203c99ba",
            "assigner": {
              "identifier": {
                "system": "https://www.medizininformatik-initiative.de/fhir/core/CodeSystem/core-location-identifier",
                "value": "UKSH"
              },
              "display": "Universitätsklinikum Schleswig-Holstein"
            }
          }
        ],
        "basedOn": [
          {
            "reference": "ServiceRequest/LSR-66b26cea2c5872a1e5539fd4e0aaa475644b0dd079efd5dd7afa9894"
          }
        ],
        "status": "final",
        "category": [
          {
            "coding": [
              {
                "system": "http://loinc.org",
                "code": "26436-6",
                "display": "Laboratory studies (set)"
              },
              {
                "system": "http://terminology.hl7.org/CodeSystem/v2-0074",
                "code": "LAB"
              }
            ]
          }
        ],
        "code": {
          "coding": [
            {
              "system": "http://loinc.org",
              "code": "11502-2",
              "display": "Laboratory report"
            }
          ]
        },
        "subject": {
          "reference": "Patient/PID-6aa4992801998f580de917b3fd829b93520162e194531790620c0efe"
        },
        "encounter": {
          "reference": "Encounter/PV-2b44c687b0c9e0afb8203ce01cf39313cf04fd69f830415ea9f49e8c"
        },
        "effectiveDateTime": "2023-05-26T12:19:41+02:00",
        "issued": "2023-05-26T12:20:40+02:00",
        "result": [
          {
            "reference": "Observation/LAB-ca43ac95b7898e9bd6a04883073c192ac7b66e8763a3b5565e5c8fc6"
          },
          {
            "reference": "Observation/LAB-7c447232490ac1452bc835c3b8e5076fdfa2bec7c7e10fa43a46a11b"
          },
          {
            "reference": "Observation/LAB-ac417c0552735531db8ff7350064ad2fff0b995f1b64aafcc23cd4a5"
          },
          {
            "reference": "Observation/LAB-76908cc38008060a779f12bd5aa48eccf30163aa8904fd8d33f7d6ea"
          },
          {
            "reference": "Observation/LAB-b0d2b81bb401f5f6b9c598ee8e5c5be025840540fa4704da208b3d0c"
          },
          {
            "reference": "Observation/LAB-19418f7e02282e5d9927af81104e6aef4cf100b9d8e4dcdda151e3f3"
          },
          {
            "reference": "Observation/LAB-2d9606963a3783bcfd50cdac6ccf7c50e4f0939bad85852ebd33a5bc"
          }
        ]
      },
      "search": {
        "mode": "match"
      }
    },
    {
      "fullUrl": "http://num-fhirserver.distan.medicsh.de:8080/fhir/Encounter/PV-2b44c687b0c9e0afb8203ce01cf39313cf04fd69f830415ea9f49e8c",
      "resource": {
        "resourceType": "Encounter",
        "id": "PV-2b44c687b0c9e0afb8203ce01cf39313cf04fd69f830415ea9f49e8c",
        "meta": {
          "versionId": "238883320",
          "lastUpdated": "2025-03-20T04:19:15.521Z",
          "source": "http://medic.uksh.de/source/orbis/adt",
          "profile": [
            "https://www.medizininformatik-initiative.de/fhir/core/modul-fall/StructureDefinition/KontaktGesundheitseinrichtung|2025.0.0"
          ]
        },
        "identifier": [
          {
            "use": "official",
            "type": {
              "coding": [
                {
                  "system": "http://terminology.hl7.org/CodeSystem/v2-0203",
                  "code": "VN"
                }
              ]
            },
            "system": "http://medic.uksh.de/fhir/Encounter",
            "value": "2b44c687b0c9e0afb8203ce01cf39313cf04fd69f830415ea9f49e8c"
          }
        ],
        "status": "finished",
        "class": {
          "system": "http://terminology.hl7.org/CodeSystem/v3-ActCode",
          "code": "AMB"
        },
        "type": [
          {
            "coding": [
              {
                "system": "http://fhir.de/CodeSystem/Kontaktebene",
                "code": "einrichtungskontakt"
              }
            ]
          }
        ],
        "subject": {
          "reference": "Patient/PID-6aa4992801998f580de917b3fd829b93520162e194531790620c0efe"
        },
        "period": {
          "start": "2023-03-27T10:34:00+02:00",
          "end": "2023-03-31T23:59:59+02:00"
        }
      },
      "search": {
        "mode": "match"
      }
    },
    {
      "fullUrl": "http://num-fhirserver.distan.medicsh.de:8080/fhir/Encounter/PV-7877d4087b517d9a2006a34e9beed7090c97a9477b77869f3a8f3324",
      "resource": {
        "resourceType": "Encounter",
        "id": "PV-7877d4087b517d9a2006a34e9beed7090c97a9477b77869f3a8f3324",
        "meta": {
          "versionId": "349957702",
          "lastUpdated": "2025-07-01T03:04:42.360Z",
          "source": "http://medic.uksh.de/source/orbis/adt",
          "profile": [
            "https://www.medizininformatik-initiative.de/fhir/core/modul-fall/StructureDefinition/KontaktGesundheitseinrichtung|2025.0.0"
          ]
        },
        "identifier": [
          {
            "use": "official",
            "type": {
              "coding": [
                {
                  "system": "http://terminology.hl7.org/CodeSystem/v2-0203",
                  "code": "VN"
                }
              ]
            },
            "system": "http://medic.uksh.de/fhir/Encounter",
            "value": "7877d4087b517d9a2006a34e9beed7090c97a9477b77869f3a8f3324"
          }
        ],
        "status": "finished",
        "class": {
          "system": "http://terminology.hl7.org/CodeSystem/v3-ActCode",
          "code": "AMB"
        },
        "type": [
          {
            "coding": [
              {
                "system": "http://fhir.de/CodeSystem/Kontaktebene",
                "code": "einrichtungskontakt"
              }
            ]
          }
        ],
        "subject": {
          "reference": "Patient/PID-6aa4992801998f580de917b3fd829b93520162e194531790620c0efe"
        },
        "period": {
          "start": "2025-06-25T08:46:00+02:00",
          "end": "2025-06-30T23:59:59+02:00"
        }
      },
      "search": {
        "mode": "match"
      }
    },
    {
      "fullUrl": "http://num-fhirserver.distan.medicsh.de:8080/fhir/Encounter/PV-c1ba8cd215dd070cd0e2cfcd7cc5ebe5eeb4f31fe45b0f4b2a790e6f",
      "resource": {
        "resourceType": "Encounter",
        "id": "PV-c1ba8cd215dd070cd0e2cfcd7cc5ebe5eeb4f31fe45b0f4b2a790e6f",
        "meta": {
          "versionId": "245697772",
          "lastUpdated": "2025-03-22T07:38:42.442Z",
          "source": "http://medic.uksh.de/source/orbis/adt",
          "profile": [
            "https://www.medizininformatik-initiative.de/fhir/core/modul-fall/StructureDefinition/KontaktGesundheitseinrichtung|2025.0.0"
          ]
        },
        "identifier": [
          {
            "use": "official",
            "type": {
              "coding": [
                {
                  "system": "http://terminology.hl7.org/CodeSystem/v2-0203",
                  "code": "VN"
                }
              ]
            },
            "system": "http://medic.uksh.de/fhir/Encounter",
            "value": "c1ba8cd215dd070cd0e2cfcd7cc5ebe5eeb4f31fe45b0f4b2a790e6f"
          }
        ],
        "status": "finished",
        "class": {
          "system": "http://terminology.hl7.org/CodeSystem/v3-ActCode",
          "code": "AMB"
        },
        "type": [
          {
            "coding": [
              {
                "system": "http://fhir.de/CodeSystem/Kontaktebene",
                "code": "einrichtungskontakt"
              }
            ]
          }
        ],
        "subject": {
          "reference": "Patient/PID-6aa4992801998f580de917b3fd829b93520162e194531790620c0efe"
        },
        "period": {
          "start": "2023-08-30T11:33:00+02:00",
          "end": "2023-09-30T23:59:59+02:00"
        }
      },
      "search": {
        "mode": "match"
      }
    },
    {
      "fullUrl": "http://num-fhirserver.distan.medicsh.de:8080/fhir/Encounter/PV-c6bd4d6e10ab259f13eb63bb294e6d2a14cc03db4d0e6037925a3f2e",
      "resource": {
        "resourceType": "Encounter",
        "id": "PV-c6bd4d6e10ab259f13eb63bb294e6d2a14cc03db4d0e6037925a3f2e",
        "meta": {
          "versionId": "245154399",
          "lastUpdated": "2025-03-22T03:53:43.004Z",
          "source": "http://medic.uksh.de/source/orbis/adt",
          "profile": [
            "https://www.medizininformatik-initiative.de/fhir/core/modul-fall/StructureDefinition/KontaktGesundheitseinrichtung|2025.0.0"
          ]
        },
        "identifier": [
          {
            "use": "official",
            "type": {
              "coding": [
                {
                  "system": "http://terminology.hl7.org/CodeSystem/v2-0203",
                  "code": "VN"
                }
              ]
            },
            "system": "http://medic.uksh.de/fhir/Encounter",
            "value": "c6bd4d6e10ab259f13eb63bb294e6d2a14cc03db4d0e6037925a3f2e"
          }
        ],
        "status": "finished",
        "class": {
          "system": "http://terminology.hl7.org/CodeSystem/v3-ActCode",
          "code": "AMB"
        },
        "type": [
          {
            "coding": [
              {
                "system": "http://fhir.de/CodeSystem/Kontaktebene",
                "code": "einrichtungskontakt"
              }
            ]
          }
        ],
        "subject": {
          "reference": "Patient/PID-6aa4992801998f580de917b3fd829b93520162e194531790620c0efe"
        },
        "period": {
          "start": "2024-11-11T15:40:00+01:00",
          "end": "2024-12-31T23:59:59+01:00"
        }
      },
      "search": {
        "mode": "match"
      }
    },
    {
      "fullUrl": "http://num-fhirserver.distan.medicsh.de:8080/fhir/Observation/LAB-19418f7e02282e5d9927af81104e6aef4cf100b9d8e4dcdda151e3f3",
      "resource": {
        "resourceType": "Observation",
        "id": "LAB-19418f7e02282e5d9927af81104e6aef4cf100b9d8e4dcdda151e3f3",
        "meta": {
          "versionId": "1559167",
          "lastUpdated": "2025-03-10T16:35:05.455Z",
          "profile": [
            "https://www.medizininformatik-initiative.de/fhir/core/modul-labor/StructureDefinition/ObservationLab|2025.0.2"
          ]
        },
        "identifier": [
          {
            "type": {
              "coding": [
                {
                  "system": "http://terminology.hl7.org/CodeSystem/v2-0203",
                  "code": "OBI"
                }
              ]
            },
            "system": "http://medic.uksh.de/fhir/Observation",
            "value": "66b26cea2c5872a1e5539fd4e0aaa475644b0dd079efd5dd7afa9894-LAB_throe",
            "assigner": {
              "identifier": {
                "system": "https://www.medizininformatik-initiative.de/fhir/core/CodeSystem/core-location-identifier",
                "value": "UKSH"
              },
              "display": "Universitätsklinikum Schleswig-Holstein"
            }
          }
        ],
        "status": "final",
        "category": [
          {
            "coding": [
              {
                "system": "http://loinc.org",
                "code": "26436-6",
                "display": "Laboratory studies (set)"
              },
              {
                "system": "http://terminology.hl7.org/CodeSystem/observation-category",
                "code": "laboratory",
                "display": "Laboratory"
              }
            ]
          }
        ],
        "code": {
          "coding": [
            {
              "system": "http://medic.uksh.de/fhir/CodeSystem/Laborparameter",
              "code": "LAB_throe"
            },
            {
              "system": "http://loinc.org",
              "code": "777-3"
            }
          ]
        },
        "subject": {
          "reference": "Patient/PID-6aa4992801998f580de917b3fd829b93520162e194531790620c0efe"
        },
        "encounter": {
          "reference": "Encounter/PV-2b44c687b0c9e0afb8203ce01cf39313cf04fd69f830415ea9f49e8c"
        },
        "effectiveDateTime": "2023-05-26T12:19:41+02:00",
        "valueQuantity": {
          "value": 274.0,
          "unit": "x10^9/l",
          "system": "http://unitsofmeasure.org",
          "code": "10*9/L"
        },
        "interpretation": [
          {
            "coding": [
              {
                "system": "http://terminology.hl7.org/CodeSystem/v3-ObservationInterpretation",
                "code": "N"
              }
            ]
          }
        ],
        "referenceRange": [
          {
            "low": {
              "value": 150.0,
              "unit": "x10^9/l",
              "system": "http://unitsofmeasure.org",
              "code": "10*9/L"
            },
            "high": {
              "value": 370.0,
              "unit": "x10^9/l",
              "system": "http://unitsofmeasure.org",
              "code": "10*9/L"
            },
            "type": {
              "coding": [
                {
                  "system": "http://terminology.hl7.org/CodeSystem/referencerange-meaning",
                  "code": "normal"
                }
              ]
            }
          }
        ]
      },
      "search": {
        "mode": "match"
      }
    },
    {
      "fullUrl": "http://num-fhirserver.distan.medicsh.de:8080/fhir/Observation/LAB-2d9606963a3783bcfd50cdac6ccf7c50e4f0939bad85852ebd33a5bc",
      "resource": {
        "resourceType": "Observation",
        "id": "LAB-2d9606963a3783bcfd50cdac6ccf7c50e4f0939bad85852ebd33a5bc",
        "meta": {
          "versionId": "1559184",
          "lastUpdated": "2025-03-10T16:35:05.487Z",
          "profile": [
            "https://www.medizininformatik-initiative.de/fhir/core/modul-labor/StructureDefinition/ObservationLab|2025.0.2"
          ]
        },
        "identifier": [
          {
            "type": {
              "coding": [
                {
                  "system": "http://terminology.hl7.org/CodeSystem/v2-0203",
                  "code": "OBI"
                }
              ]
            },
            "system": "http://medic.uksh.de/fhir/Observation",
            "value": "66b26cea2c5872a1e5539fd4e0aaa475644b0dd079efd5dd7afa9894-LAB_hbe",
            "assigner": {
              "identifier": {
                "system": "https://www.medizininformatik-initiative.de/fhir/core/CodeSystem/core-location-identifier",
                "value": "UKSH"
              },
              "display": "Universitätsklinikum Schleswig-Holstein"
            }
          }
        ],
        "status": "final",
        "category": [
          {
            "coding": [
              {
                "system": "http://loinc.org",
                "code": "26436-6",
                "display": "Laboratory studies (set)"
              },
              {
                "system": "http://terminology.hl7.org/CodeSystem/observation-category",
                "code": "laboratory",
                "display": "Laboratory"
              }
            ]
          }
        ],
        "code": {
          "coding": [
            {
              "system": "http://medic.uksh.de/fhir/CodeSystem/Laborparameter",
              "code": "LAB_hbe"
            },
            {
              "system": "http://loinc.org",
              "code": "718-7"
            }
          ]
        },
        "subject": {
          "reference": "Patient/PID-6aa4992801998f580de917b3fd829b93520162e194531790620c0efe"
        },
        "encounter": {
          "reference": "Encounter/PV-2b44c687b0c9e0afb8203ce01cf39313cf04fd69f830415ea9f49e8c"
        },
        "effectiveDateTime": "2023-05-26T12:19:41+02:00",
        "valueQuantity": {
          "value": 14.3,
          "unit": "g/dl",
          "system": "http://unitsofmeasure.org",
          "code": "g/dL"
        },
        "interpretation": [
          {
            "coding": [
              {
                "system": "http://terminology.hl7.org/CodeSystem/v3-ObservationInterpretation",
                "code": "N"
              }
            ]
          }
        ],
        "referenceRange": [
          {
            "low": {
              "value": 12.0,
              "unit": "g/dl",
              "system": "http://unitsofmeasure.org",
              "code": "g/dL"
            },
            "high": {
              "value": 15.4,
              "unit": "g/dl",
              "system": "http://unitsofmeasure.org",
              "code": "g/dL"
            },
            "type": {
              "coding": [
                {
                  "system": "http://terminology.hl7.org/CodeSystem/referencerange-meaning",
                  "code": "normal"
                }
              ]
            }
          }
        ]
      },
      "search": {
        "mode": "match"
      }
    },
    {
      "fullUrl": "http://num-fhirserver.distan.medicsh.de:8080/fhir/Observation/LAB-76908cc38008060a779f12bd5aa48eccf30163aa8904fd8d33f7d6ea",
      "resource": {
        "resourceType": "Observation",
        "id": "LAB-76908cc38008060a779f12bd5aa48eccf30163aa8904fd8d33f7d6ea",
        "meta": {
          "versionId": "1559133",
          "lastUpdated": "2025-03-10T16:35:05.404Z",
          "profile": [
            "https://www.medizininformatik-initiative.de/fhir/core/modul-labor/StructureDefinition/ObservationLab|2025.0.2"
          ]
        },
        "identifier": [
          {
            "type": {
              "coding": [
                {
                  "system": "http://terminology.hl7.org/CodeSystem/v2-0203",
                  "code": "OBI"
                }
              ]
            },
            "system": "http://medic.uksh.de/fhir/Observation",
            "value": "66b26cea2c5872a1e5539fd4e0aaa475644b0dd079efd5dd7afa9894-LAB_hkte",
            "assigner": {
              "identifier": {
                "system": "https://www.medizininformatik-initiative.de/fhir/core/CodeSystem/core-location-identifier",
                "value": "UKSH"
              },
              "display": "Universitätsklinikum Schleswig-Holstein"
            }
          }
        ],
        "status": "final",
        "category": [
          {
            "coding": [
              {
                "system": "http://loinc.org",
                "code": "26436-6",
                "display": "Laboratory studies (set)"
              },
              {
                "system": "http://terminology.hl7.org/CodeSystem/observation-category",
                "code": "laboratory",
                "display": "Laboratory"
              }
            ]
          }
        ],
        "code": {
          "coding": [
            {
              "system": "http://medic.uksh.de/fhir/CodeSystem/Laborparameter",
              "code": "LAB_hkte"
            },
            {
              "system": "http://loinc.org",
              "code": "4544-3"
            }
          ]
        },
        "subject": {
          "reference": "Patient/PID-6aa4992801998f580de917b3fd829b93520162e194531790620c0efe"
        },
        "encounter": {
          "reference": "Encounter/PV-2b44c687b0c9e0afb8203ce01cf39313cf04fd69f830415ea9f49e8c"
        },
        "effectiveDateTime": "2023-05-26T12:19:41+02:00",
        "valueQuantity": {
          "value": 39.9,
          "unit": "%",
          "system": "http://unitsofmeasure.org",
          "code": "%"
        },
        "interpretation": [
          {
            "coding": [
              {
                "system": "http://terminology.hl7.org/CodeSystem/v3-ObservationInterpretation",
                "code": "N"
              }
            ]
          }
        ],
        "referenceRange": [
          {
            "low": {
              "value": 35.5,
              "unit": "%",
              "system": "http://unitsofmeasure.org",
              "code": "%"
            },
            "high": {
              "value": 45.0,
              "unit": "%",
              "system": "http://unitsofmeasure.org",
              "code": "%"
            },
            "type": {
              "coding": [
                {
                  "system": "http://terminology.hl7.org/CodeSystem/referencerange-meaning",
                  "code": "normal"
                }
              ]
            }
          }
        ]
      },
      "search": {
        "mode": "match"
      }
    },
    {
      "fullUrl": "http://num-fhirserver.distan.medicsh.de:8080/fhir/Observation/LAB-7c447232490ac1452bc835c3b8e5076fdfa2bec7c7e10fa43a46a11b",
      "resource": {
        "resourceType": "Observation",
        "id": "LAB-7c447232490ac1452bc835c3b8e5076fdfa2bec7c7e10fa43a46a11b",
        "meta": {
          "versionId": "1559101",
          "lastUpdated": "2025-03-10T16:35:05.340Z",
          "profile": [
            "https://www.medizininformatik-initiative.de/fhir/core/modul-labor/StructureDefinition/ObservationLab|2025.0.2"
          ]
        },
        "identifier": [
          {
            "type": {
              "coding": [
                {
                  "system": "http://terminology.hl7.org/CodeSystem/v2-0203",
                  "code": "OBI"
                }
              ]
            },
            "system": "http://medic.uksh.de/fhir/Observation",
            "value": "66b26cea2c5872a1e5539fd4e0aaa475644b0dd079efd5dd7afa9894-LAB_mche",
            "assigner": {
              "identifier": {
                "system": "https://www.medizininformatik-initiative.de/fhir/core/CodeSystem/core-location-identifier",
                "value": "UKSH"
              },
              "display": "Universitätsklinikum Schleswig-Holstein"
            }
          }
        ],
        "status": "final",
        "category": [
          {
            "coding": [
              {
                "system": "http://loinc.org",
                "code": "26436-6",
                "display": "Laboratory studies (set)"
              },
              {
                "system": "http://terminology.hl7.org/CodeSystem/observation-category",
                "code": "laboratory",
                "display": "Laboratory"
              }
            ]
          }
        ],
        "code": {
          "coding": [
            {
              "system": "http://medic.uksh.de/fhir/CodeSystem/Laborparameter",
              "code": "LAB_mche"
            },
            {
              "system": "http://loinc.org",
              "code": "785-6"
            }
          ]
        },
        "subject": {
          "reference": "Patient/PID-6aa4992801998f580de917b3fd829b93520162e194531790620c0efe"
        },
        "encounter": {
          "reference": "Encounter/PV-2b44c687b0c9e0afb8203ce01cf39313cf04fd69f830415ea9f49e8c"
        },
        "effectiveDateTime": "2023-05-26T12:19:41+02:00",
        "valueQuantity": {
          "value": 32.5,
          "unit": "pg",
          "system": "http://unitsofmeasure.org",
          "code": "pg"
        },
        "interpretation": [
          {
            "coding": [
              {
                "system": "http://terminology.hl7.org/CodeSystem/v3-ObservationInterpretation",
                "code": "N"
              }
            ]
          }
        ],
        "referenceRange": [
          {
            "low": {
              "value": 27.0,
              "unit": "pg",
              "system": "http://unitsofmeasure.org",
              "code": "pg"
            },
            "high": {
              "value": 33.5,
              "unit": "pg",
              "system": "http://unitsofmeasure.org",
              "code": "pg"
            },
            "type": {
              "coding": [
                {
                  "system": "http://terminology.hl7.org/CodeSystem/referencerange-meaning",
                  "code": "normal"
                }
              ]
            }
          }
        ]
      },
      "search": {
        "mode": "match"
      }
    },
    {
      "fullUrl": "http://num-fhirserver.distan.medicsh.de:8080/fhir/Observation/LAB-ac417c0552735531db8ff7350064ad2fff0b995f1b64aafcc23cd4a5",
      "resource": {
        "resourceType": "Observation",
        "id": "LAB-ac417c0552735531db8ff7350064ad2fff0b995f1b64aafcc23cd4a5",
        "meta": {
          "versionId": "1559117",
          "lastUpdated": "2025-03-10T16:35:05.369Z",
          "profile": [
            "https://www.medizininformatik-initiative.de/fhir/core/modul-labor/StructureDefinition/ObservationLab|2025.0.2"
          ]
        },
        "identifier": [
          {
            "type": {
              "coding": [
                {
                  "system": "http://terminology.hl7.org/CodeSystem/v2-0203",
                  "code": "OBI"
                }
              ]
            },
            "system": "http://medic.uksh.de/fhir/Observation",
            "value": "66b26cea2c5872a1e5539fd4e0aaa475644b0dd079efd5dd7afa9894-LAB_erye",
            "assigner": {
              "identifier": {
                "system": "https://www.medizininformatik-initiative.de/fhir/core/CodeSystem/core-location-identifier",
                "value": "UKSH"
              },
              "display": "Universitätsklinikum Schleswig-Holstein"
            }
          }
        ],
        "status": "final",
        "category": [
          {
            "coding": [
              {
                "system": "http://loinc.org",
                "code": "26436-6",
                "display": "Laboratory studies (set)"
              },
              {
                "system": "http://terminology.hl7.org/CodeSystem/observation-category",
                "code": "laboratory",
                "display": "Laboratory"
              }
            ]
          }
        ],
        "code": {
          "coding": [
            {
              "system": "http://medic.uksh.de/fhir/CodeSystem/Laborparameter",
              "code": "LAB_erye"
            },
            {
              "system": "http://loinc.org",
              "code": "789-8"
            }
          ]
        },
        "subject": {
          "reference": "Patient/PID-6aa4992801998f580de917b3fd829b93520162e194531790620c0efe"
        },
        "encounter": {
          "reference": "Encounter/PV-2b44c687b0c9e0afb8203ce01cf39313cf04fd69f830415ea9f49e8c"
        },
        "effectiveDateTime": "2023-05-26T12:19:41+02:00",
        "valueQuantity": {
          "value": 5.05,
          "unit": "x10^12/l",
          "system": "http://unitsofmeasure.org",
          "code": "10*12/L"
        },
        "interpretation": [
          {
            "coding": [
              {
                "system": "http://terminology.hl7.org/CodeSystem/v3-ObservationInterpretation",
                "code": "N"
              }
            ]
          }
        ],
        "referenceRange": [
          {
            "low": {
              "value": 3.9,
              "unit": "x10^12/l",
              "system": "http://unitsofmeasure.org",
              "code": "10*12/L"
            },
            "high": {
              "value": 5.15,
              "unit": "x10^12/l",
              "system": "http://unitsofmeasure.org",
              "code": "10*12/L"
            },
            "type": {
              "coding": [
                {
                  "system": "http://terminology.hl7.org/CodeSystem/referencerange-meaning",
                  "code": "normal"
                }
              ]
            }
          }
        ]
      },
      "search": {
        "mode": "match"
      }
    },
    {
      "fullUrl": "http://num-fhirserver.distan.medicsh.de:8080/fhir/Observation/LAB-b0d2b81bb401f5f6b9c598ee8e5c5be025840540fa4704da208b3d0c",
      "resource": {
        "resourceType": "Observation",
        "id": "LAB-b0d2b81bb401f5f6b9c598ee8e5c5be025840540fa4704da208b3d0c",
        "meta": {
          "versionId": "1559150",
          "lastUpdated": "2025-03-10T16:35:05.434Z",
          "profile": [
            "https://www.medizininformatik-initiative.de/fhir/core/modul-labor/StructureDefinition/ObservationLab|2025.0.2"
          ]
        },
        "identifier": [
          {
            "type": {
              "coding": [
                {
                  "system": "http://terminology.hl7.org/CodeSystem/v2-0203",
                  "code": "OBI"
                }
              ]
            },
            "system": "http://medic.uksh.de/fhir/Observation",
            "value": "66b26cea2c5872a1e5539fd4e0aaa475644b0dd079efd5dd7afa9894-LAB_leuke",
            "assigner": {
              "identifier": {
                "system": "https://www.medizininformatik-initiative.de/fhir/core/CodeSystem/core-location-identifier",
                "value": "UKSH"
              },
              "display": "Universitätsklinikum Schleswig-Holstein"
            }
          }
        ],
        "status": "final",
        "category": [
          {
            "coding": [
              {
                "system": "http://loinc.org",
                "code": "26436-6",
                "display": "Laboratory studies (set)"
              },
              {
                "system": "http://terminology.hl7.org/CodeSystem/observation-category",
                "code": "laboratory",
                "display": "Laboratory"
              }
            ]
          }
        ],
        "code": {
          "coding": [
            {
              "system": "http://medic.uksh.de/fhir/CodeSystem/Laborparameter",
              "code": "LAB_leuke"
            },
            {
              "system": "http://loinc.org",
              "code": "6690-2"
            }
          ]
        },
        "subject": {
          "reference": "Patient/PID-6aa4992801998f580de917b3fd829b93520162e194531790620c0efe"
        },
        "encounter": {
          "reference": "Encounter/PV-2b44c687b0c9e0afb8203ce01cf39313cf04fd69f830415ea9f49e8c"
        },
        "effectiveDateTime": "2023-05-26T12:19:41+02:00",
        "valueQuantity": {
          "value": 9.5,
          "unit": "x10^9/l",
          "system": "http://unitsofmeasure.org",
          "code": "10*9/L"
        },
        "interpretation": [
          {
            "coding": [
              {
                "system": "http://terminology.hl7.org/CodeSystem/v3-ObservationInterpretation",
                "code": "N"
              }
            ]
          }
        ],
        "referenceRange": [
          {
            "low": {
              "value": 3.9,
              "unit": "x10^9/l",
              "system": "http://unitsofmeasure.org",
              "code": "10*9/L"
            },
            "high": {
              "value": 10.2,
              "unit": "x10^9/l",
              "system": "http://unitsofmeasure.org",
              "code": "10*9/L"
            },
            "type": {
              "coding": [
                {
                  "system": "http://terminology.hl7.org/CodeSystem/referencerange-meaning",
                  "code": "normal"
                }
              ]
            }
          }
        ]
      },
      "search": {
        "mode": "match"
      }
    },
    {
      "fullUrl": "http://num-fhirserver.distan.medicsh.de:8080/fhir/Observation/LAB-ca43ac95b7898e9bd6a04883073c192ac7b66e8763a3b5565e5c8fc6",
      "resource": {
        "resourceType": "Observation",
        "id": "LAB-ca43ac95b7898e9bd6a04883073c192ac7b66e8763a3b5565e5c8fc6",
        "meta": {
          "versionId": "1559085",
          "lastUpdated": "2025-03-10T16:35:05.303Z",
          "profile": [
            "https://www.medizininformatik-initiative.de/fhir/core/modul-labor/StructureDefinition/ObservationLab|2025.0.2"
          ]
        },
        "identifier": [
          {
            "type": {
              "coding": [
                {
                  "system": "http://terminology.hl7.org/CodeSystem/v2-0203",
                  "code": "OBI"
                }
              ]
            },
            "system": "http://medic.uksh.de/fhir/Observation",
            "value": "66b26cea2c5872a1e5539fd4e0aaa475644b0dd079efd5dd7afa9894-LAB_mchce",
            "assigner": {
              "identifier": {
                "system": "https://www.medizininformatik-initiative.de/fhir/core/CodeSystem/core-location-identifier",
                "value": "UKSH"
              },
              "display": "Universitätsklinikum Schleswig-Holstein"
            }
          }
        ],
        "status": "final",
        "category": [
          {
            "coding": [
              {
                "system": "http://loinc.org",
                "code": "26436-6",
                "display": "Laboratory studies (set)"
              },
              {
                "system": "http://terminology.hl7.org/CodeSystem/observation-category",
                "code": "laboratory",
                "display": "Laboratory"
              }
            ]
          }
        ],
        "code": {
          "coding": [
            {
              "system": "http://medic.uksh.de/fhir/CodeSystem/Laborparameter",
              "code": "LAB_mchce"
            },
            {
              "system": "http://loinc.org",
              "code": "786-4"
            }
          ]
        },
        "subject": {
          "reference": "Patient/PID-6aa4992801998f580de917b3fd829b93520162e194531790620c0efe"
        },
        "encounter": {
          "reference": "Encounter/PV-2b44c687b0c9e0afb8203ce01cf39313cf04fd69f830415ea9f49e8c"
        },
        "effectiveDateTime": "2023-05-26T12:19:41+02:00",
        "valueQuantity": {
          "value": 33.4,
          "unit": "g/dl",
          "system": "http://unitsofmeasure.org",
          "code": "g/dL"
        },
        "interpretation": [
          {
            "coding": [
              {
                "system": "http://terminology.hl7.org/CodeSystem/v3-ObservationInterpretation",
                "code": "N"
              }
            ]
          }
        ],
        "referenceRange": [
          {
            "low": {
              "value": 31.5,
              "unit": "g/dl",
              "system": "http://unitsofmeasure.org",
              "code": "g/dL"
            },
            "high": {
              "value": 36.0,
              "unit": "g/dl",
              "system": "http://unitsofmeasure.org",
              "code": "g/dL"
            },
            "type": {
              "coding": [
                {
                  "system": "http://terminology.hl7.org/CodeSystem/referencerange-meaning",
                  "code": "normal"
                }
              ]
            }
          }
        ]
      },
      "search": {
        "mode": "match"
      }
    },
    {
      "fullUrl": "http://num-fhirserver.distan.medicsh.de:8080/fhir/Observation/VIT-01eb4c66ce4268a1039710733858e29faf41ca75b44bb33f36a7ba3e",
      "resource": {
        "resourceType": "Observation",
        "id": "VIT-01eb4c66ce4268a1039710733858e29faf41ca75b44bb33f36a7ba3e",
        "meta": {
          "versionId": "238883325",
          "lastUpdated": "2025-03-20T04:19:15.562Z",
          "profile": [
            "https://www.medizininformatik-initiative.de/fhir/core/modul-person/StructureDefinition/Vitalstatus|2025.0.1"
          ]
        },
        "status": "final",
        "category": [
          {
            "coding": [
              {
                "system": "http://terminology.hl7.org/CodeSystem/observation-category",
                "code": "survey"
              }
            ]
          }
        ],
        "code": {
          "coding": [
            {
              "system": "http://loinc.org",
              "code": "67162-8"
            }
          ]
        },
        "subject": {
          "reference": "Patient/PID-6aa4992801998f580de917b3fd829b93520162e194531790620c0efe"
        },
        "effectiveDateTime": "2023-03-31T23:59:59+02:00",
        "valueCodeableConcept": {
          "coding": [
            {
              "system": "https://www.medizininformatik-initiative.de/fhir/core/modul-person/CodeSystem/Vitalstatus",
              "code": "L"
            }
          ]
        }
      },
      "search": {
        "mode": "match"
      }
    },
    {
      "fullUrl": "http://num-fhirserver.distan.medicsh.de:8080/fhir/Observation/VIT-21f5a0c47284a6b246f11fdec034c06fb23f5a125c363185b272d1b3",
      "resource": {
        "resourceType": "Observation",
        "id": "VIT-21f5a0c47284a6b246f11fdec034c06fb23f5a125c363185b272d1b3",
        "meta": {
          "versionId": "245697773",
          "lastUpdated": "2025-03-22T07:38:42.463Z",
          "profile": [
            "https://www.medizininformatik-initiative.de/fhir/core/modul-person/StructureDefinition/Vitalstatus|2025.0.1"
          ]
        },
        "status": "final",
        "category": [
          {
            "coding": [
              {
                "system": "http://terminology.hl7.org/CodeSystem/observation-category",
                "code": "survey"
              }
            ]
          }
        ],
        "code": {
          "coding": [
            {
              "system": "http://loinc.org",
              "code": "67162-8"
            }
          ]
        },
        "subject": {
          "reference": "Patient/PID-6aa4992801998f580de917b3fd829b93520162e194531790620c0efe"
        },
        "effectiveDateTime": "2023-08-30T11:33:00+02:00",
        "valueCodeableConcept": {
          "coding": [
            {
              "system": "https://www.medizininformatik-initiative.de/fhir/core/modul-person/CodeSystem/Vitalstatus",
              "code": "L"
            }
          ]
        }
      },
      "search": {
        "mode": "match"
      }
    },
    {
      "fullUrl": "http://num-fhirserver.distan.medicsh.de:8080/fhir/Observation/VIT-66f1bb2d0c16893d2086a56c95fb6756841a6340be98c1827a53ccc1",
      "resource": {
        "resourceType": "Observation",
        "id": "VIT-66f1bb2d0c16893d2086a56c95fb6756841a6340be98c1827a53ccc1",
        "meta": {
          "versionId": "349957704",
          "lastUpdated": "2025-07-01T03:04:42.401Z",
          "profile": [
            "https://www.medizininformatik-initiative.de/fhir/core/modul-person/StructureDefinition/Vitalstatus|2025.0.1"
          ]
        },
        "status": "final",
        "category": [
          {
            "coding": [
              {
                "system": "http://terminology.hl7.org/CodeSystem/observation-category",
                "code": "survey"
              }
            ]
          }
        ],
        "code": {
          "coding": [
            {
              "system": "http://loinc.org",
              "code": "67162-8"
            }
          ]
        },
        "subject": {
          "reference": "Patient/PID-6aa4992801998f580de917b3fd829b93520162e194531790620c0efe"
        },
        "effectiveDateTime": "2025-06-30T23:59:59+02:00",
        "valueCodeableConcept": {
          "coding": [
            {
              "system": "https://www.medizininformatik-initiative.de/fhir/core/modul-person/CodeSystem/Vitalstatus",
              "code": "L"
            }
          ]
        }
      },
      "search": {
        "mode": "match"
      }
    },
    {
      "fullUrl": "http://num-fhirserver.distan.medicsh.de:8080/fhir/Observation/VIT-722116755cc95cdd9b0774b6f84fe5758fe5bfea9af2ada99a730dad",
      "resource": {
        "resourceType": "Observation",
        "id": "VIT-722116755cc95cdd9b0774b6f84fe5758fe5bfea9af2ada99a730dad",
        "meta": {
          "versionId": "245154402",
          "lastUpdated": "2025-03-22T03:53:43.043Z",
          "profile": [
            "https://www.medizininformatik-initiative.de/fhir/core/modul-person/StructureDefinition/Vitalstatus|2025.0.1"
          ]
        },
        "status": "final",
        "category": [
          {
            "coding": [
              {
                "system": "http://terminology.hl7.org/CodeSystem/observation-category",
                "code": "survey"
              }
            ]
          }
        ],
        "code": {
          "coding": [
            {
              "system": "http://loinc.org",
              "code": "67162-8"
            }
          ]
        },
        "subject": {
          "reference": "Patient/PID-6aa4992801998f580de917b3fd829b93520162e194531790620c0efe"
        },
        "effectiveDateTime": "2024-12-31T23:59:59+01:00",
        "valueCodeableConcept": {
          "coding": [
            {
              "system": "https://www.medizininformatik-initiative.de/fhir/core/modul-person/CodeSystem/Vitalstatus",
              "code": "L"
            }
          ]
        }
      },
      "search": {
        "mode": "match"
      }
    },
    {
      "fullUrl": "http://num-fhirserver.distan.medicsh.de:8080/fhir/Observation/VIT-9734b8626d10e0d36adaa2aa8cf1f224777a28e4ee40a41b78df8a92",
      "resource": {
        "resourceType": "Observation",
        "id": "VIT-9734b8626d10e0d36adaa2aa8cf1f224777a28e4ee40a41b78df8a92",
        "meta": {
          "versionId": "348918215",
          "lastUpdated": "2025-06-26T04:18:55.119Z",
          "profile": [
            "https://www.medizininformatik-initiative.de/fhir/core/modul-person/StructureDefinition/Vitalstatus|2025.0.1"
          ]
        },
        "status": "final",
        "category": [
          {
            "coding": [
              {
                "system": "http://terminology.hl7.org/CodeSystem/observation-category",
                "code": "survey"
              }
            ]
          }
        ],
        "code": {
          "coding": [
            {
              "system": "http://loinc.org",
              "code": "67162-8"
            }
          ]
        },
        "subject": {
          "reference": "Patient/PID-6aa4992801998f580de917b3fd829b93520162e194531790620c0efe"
        },
        "effectiveDateTime": "2025-06-25T08:46:00+02:00",
        "valueCodeableConcept": {
          "coding": [
            {
              "system": "https://www.medizininformatik-initiative.de/fhir/core/modul-person/CodeSystem/Vitalstatus",
              "code": "L"
            }
          ]
        }
      },
      "search": {
        "mode": "match"
      }
    },
    {
      "fullUrl": "http://num-fhirserver.distan.medicsh.de:8080/fhir/Observation/VIT-97cdf9e164e69b9ae09618ff10669289af19bb73ff682c4dd44c0f6f",
      "resource": {
        "resourceType": "Observation",
        "id": "VIT-97cdf9e164e69b9ae09618ff10669289af19bb73ff682c4dd44c0f6f",
        "meta": {
          "versionId": "245697774",
          "lastUpdated": "2025-03-22T07:38:42.483Z",
          "profile": [
            "https://www.medizininformatik-initiative.de/fhir/core/modul-person/StructureDefinition/Vitalstatus|2025.0.1"
          ]
        },
        "status": "final",
        "category": [
          {
            "coding": [
              {
                "system": "http://terminology.hl7.org/CodeSystem/observation-category",
                "code": "survey"
              }
            ]
          }
        ],
        "code": {
          "coding": [
            {
              "system": "http://loinc.org",
              "code": "67162-8"
            }
          ]
        },
        "subject": {
          "reference": "Patient/PID-6aa4992801998f580de917b3fd829b93520162e194531790620c0efe"
        },
        "effectiveDateTime": "2023-09-30T23:59:59+02:00",
        "valueCodeableConcept": {
          "coding": [
            {
              "system": "https://www.medizininformatik-initiative.de/fhir/core/modul-person/CodeSystem/Vitalstatus",
              "code": "L"
            }
          ]
        }
      },
      "search": {
        "mode": "match"
      }
    },
    {
      "fullUrl": "http://num-fhirserver.distan.medicsh.de:8080/fhir/Observation/VIT-afc5f155c1ced808dc1f0bba92dc5bb0728f9455f81ebb259870ffab",
      "resource": {
        "resourceType": "Observation",
        "id": "VIT-afc5f155c1ced808dc1f0bba92dc5bb0728f9455f81ebb259870ffab",
        "meta": {
          "versionId": "245154400",
          "lastUpdated": "2025-03-22T03:53:43.021Z",
          "profile": [
            "https://www.medizininformatik-initiative.de/fhir/core/modul-person/StructureDefinition/Vitalstatus|2025.0.1"
          ]
        },
        "status": "final",
        "category": [
          {
            "coding": [
              {
                "system": "http://terminology.hl7.org/CodeSystem/observation-category",
                "code": "survey"
              }
            ]
          }
        ],
        "code": {
          "coding": [
            {
              "system": "http://loinc.org",
              "code": "67162-8"
            }
          ]
        },
        "subject": {
          "reference": "Patient/PID-6aa4992801998f580de917b3fd829b93520162e194531790620c0efe"
        },
        "effectiveDateTime": "2024-11-11T15:40:00+01:00",
        "valueCodeableConcept": {
          "coding": [
            {
              "system": "https://www.medizininformatik-initiative.de/fhir/core/modul-person/CodeSystem/Vitalstatus",
              "code": "L"
            }
          ]
        }
      },
      "search": {
        "mode": "match"
      }
    },
    {
      "fullUrl": "http://num-fhirserver.distan.medicsh.de:8080/fhir/Observation/VIT-de5a85cc153e72ef48044a779e986eb75a0faa82cf4279e57d30ef6e",
      "resource": {
        "resourceType": "Observation",
        "id": "VIT-de5a85cc153e72ef48044a779e986eb75a0faa82cf4279e57d30ef6e",
        "meta": {
          "versionId": "238883322",
          "lastUpdated": "2025-03-20T04:19:15.545Z",
          "profile": [
            "https://www.medizininformatik-initiative.de/fhir/core/modul-person/StructureDefinition/Vitalstatus|2025.0.1"
          ]
        },
        "status": "final",
        "category": [
          {
            "coding": [
              {
                "system": "http://terminology.hl7.org/CodeSystem/observation-category",
                "code": "survey"
              }
            ]
          }
        ],
        "code": {
          "coding": [
            {
              "system": "http://loinc.org",
              "code": "67162-8"
            }
          ]
        },
        "subject": {
          "reference": "Patient/PID-6aa4992801998f580de917b3fd829b93520162e194531790620c0efe"
        },
        "effectiveDateTime": "2023-03-27T10:34:00+02:00",
        "valueCodeableConcept": {
          "coding": [
            {
              "system": "https://www.medizininformatik-initiative.de/fhir/core/modul-person/CodeSystem/Vitalstatus",
              "code": "L"
            }
          ]
        }
      },
      "search": {
        "mode": "match"
      }
    },
    {
      "fullUrl": "http://num-fhirserver.distan.medicsh.de:8080/fhir/ServiceRequest/LSR-66b26cea2c5872a1e5539fd4e0aaa475644b0dd079efd5dd7afa9894",
      "resource": {
        "resourceType": "ServiceRequest",
        "id": "LSR-66b26cea2c5872a1e5539fd4e0aaa475644b0dd079efd5dd7afa9894",
        "meta": {
          "versionId": "1559198",
          "lastUpdated": "2025-03-10T16:35:05.504Z",
          "profile": [
            "https://www.medizininformatik-initiative.de/fhir/core/modul-labor/StructureDefinition/ServiceRequestLab|2025.0.2"
          ]
        },
        "identifier": [
          {
            "type": {
              "coding": [
                {
                  "system": "http://terminology.hl7.org/CodeSystem/v2-0203",
                  "code": "PLAC"
                }
              ]
            },
            "system": "http://medic.uksh.de/fhir/ServiceRequest",
            "value": "66b26cea2c5872a1e5539fd4e0aaa475644b0dd079efd5dd7afa9894",
            "assigner": {
              "identifier": {
                "system": "https://www.medizininformatik-initiative.de/fhir/core/CodeSystem/core-location-identifier",
                "value": "UKSH"
              },
              "display": "Universitätsklinikum Schleswig-Holstein"
            }
          }
        ],
        "status": "completed",
        "intent": "order",
        "category": [
          {
            "coding": [
              {
                "system": "http://terminology.hl7.org/CodeSystem/observation-category",
                "code": "laboratory"
              }
            ]
          }
        ],
        "code": {
          "coding": [
            {
              "system": "http://medic.uksh.de/fhir/CodeSystem/LabTests",
              "code": "16"
            }
          ]
        },
        "subject": {
          "reference": "Patient/PID-6aa4992801998f580de917b3fd829b93520162e194531790620c0efe"
        },
        "encounter": {
          "reference": "Encounter/PV-2b44c687b0c9e0afb8203ce01cf39313cf04fd69f830415ea9f49e8c"
        },
        "authoredOn": "2023-05-26T12:19:41+02:00"
      },
      "search": {
        "mode": "match"
      }
    }
  ]
}
