{
  "resourceType": "Bundle",
  "id": "DGTUYBE2PA45LM2Y",
  "type": "searchset",
  "total": 9,
  "entry": [
    {
      "fullUrl": "http://num-fhirserver.distan.medicsh.de:8080/fhir/Patient/PID-6aae17e22c3b46f482dc24a64c143b39532dcfedce05941fbbfa6668",
      "resource": {
        "resourceType": "Patient",
        "id": "PID-6aae17e22c3b46f482dc24a64c143b39532dcfedce05941fbbfa6668",
        "meta": {
          "versionId": "96417140",
          "lastUpdated": "2025-03-13T22:20:08.321Z",
          "profile": [
            "https://www.medizininformatik-initiative.de/fhir/core/modul-person/StructureDefinition/PatientPseudonymisiert|2025.0.1"
          ]
        },
        "identifier": [
          {
            "use": "usual",
            "type": {
              "coding": [
                {
                  "system": "http://terminology.hl7.org/CodeSystem/v3-ObservationValue",
                  "code": "PSEUDED"
                }
              ]
            },
            "system": "https://www.medizininformatik-initiative.de/fhir/sid/pseudonym",
            "value": "6aae17e22c3b46f482dc24a64c143b39532dcfedce05941fbbfa6668"
          }
        ],
        "gender": "female",
        "birthDate": "1990-01",
        "deceasedBoolean": true,
        "address": [
          {
            "type": "both",
            "postalCode": "241",
            "country": "DE"
          }
        ]
      },
      "search": {
        "mode": "match"
      }
    },
    {
      "fullUrl": "http://num-fhirserver.distan.medicsh.de:8080/fhir/Encounter/PV-4afb9d414c88ebd5dcf0d706ac2f2965af0eeb5841d54e3c504636fb",
      "resource": {
        "resourceType": "Encounter",
        "id": "PV-4afb9d414c88ebd5dcf0d706ac2f2965af0eeb5841d54e3c504636fb",
        "meta": {
          "versionId": "345112753",
          "lastUpdated": "2025-06-12T03:19:03.078Z",
          "source": "http://medic.uksh.de/source/orbis/adt",
          "profile": [
            "https://www.medizininformatik-initiative.de/fhir/core/modul-fall/StructureDefinition/KontaktGesundheitseinrichtung|2025.0.0"
          ]
        },
        "identifier": [
          {
            "use": "official",
            "type": {
              "coding": [
                {
                  "system": "http://terminology.hl7.org/CodeSystem/v2-0203",
                  "code": "VN"
                }
              ]
            },
            "system": "http://medic.uksh.de/fhir/Encounter",
            "value": "4afb9d414c88ebd5dcf0d706ac2f2965af0eeb5841d54e3c504636fb"
          }
        ],
        "status": "in-progress",
        "class": {
          "system": "http://terminology.hl7.org/CodeSystem/v3-ActCode",
          "code": "AMB"
        },
        "type": [
          {
            "coding": [
              {
                "system": "http://fhir.de/CodeSystem/Kontaktebene",
                "code": "einrichtungskontakt"
              }
            ]
          }
        ],
        "subject": {
          "reference": "Patient/PID-6aae17e22c3b46f482dc24a64c143b39532dcfedce05941fbbfa6668"
        },
        "period": {
          "start": "2025-06-11T22:18:00+02:00",
          "end": "2025-06-30T23:59:59+02:00"
        }
      },
      "search": {
        "mode": "match"
      }
    },
    {
      "fullUrl": "http://num-fhirserver.distan.medicsh.de:8080/fhir/Encounter/PV-c5a155aabdaad5aafbe7d5b7f9dd005409b1d857a8a3efb96da876bd",
      "resource": {
        "resourceType": "Encounter",
        "id": "PV-c5a155aabdaad5aafbe7d5b7f9dd005409b1d857a8a3efb96da876bd",
        "meta": {
          "versionId": "354108434",
          "lastUpdated": "2025-07-19T03:23:17.384Z",
          "source": "http://medic.uksh.de/source/orbis/adt",
          "profile": [
            "https://www.medizininformatik-initiative.de/fhir/core/modul-fall/StructureDefinition/KontaktGesundheitseinrichtung|2025.0.0"
          ]
        },
        "identifier": [
          {
            "use": "official",
            "type": {
              "coding": [
                {
                  "system": "http://terminology.hl7.org/CodeSystem/v2-0203",
                  "code": "VN"
                }
              ]
            },
            "system": "http://medic.uksh.de/fhir/Encounter",
            "value": "c5a155aabdaad5aafbe7d5b7f9dd005409b1d857a8a3efb96da876bd"
          }
        ],
        "status": "in-progress",
        "class": {
          "system": "http://terminology.hl7.org/CodeSystem/v3-ActCode",
          "code": "AMB"
        },
        "type": [
          {
            "coding": [
              {
                "system": "http://fhir.de/CodeSystem/Kontaktebene",
                "code": "einrichtungskontakt"
              }
            ]
          }
        ],
        "subject": {
          "reference": "Patient/PID-6aae17e22c3b46f482dc24a64c143b39532dcfedce05941fbbfa6668"
        },
        "period": {
          "start": "2025-07-18T10:17:00+02:00",
          "end": "2025-09-30T23:59:59+02:00"
        }
      },
      "search": {
        "mode": "match"
      }
    },
    {
      "fullUrl": "http://num-fhirserver.distan.medicsh.de:8080/fhir/Encounter/PV-d4f9159faaa4bdb8ea02d8b0558da42294c1e8bce1434ca95e62a806",
      "resource": {
        "resourceType": "Encounter",
        "id": "PV-d4f9159faaa4bdb8ea02d8b0558da42294c1e8bce1434ca95e62a806",
        "meta": {
          "versionId": "96417381",
          "lastUpdated": "2025-03-13T22:20:08.767Z",
          "source": "http://medic.uksh.de/source/orbis/legacy",
          "profile": [
            "https://www.medizininformatik-initiative.de/fhir/core/modul-fall/StructureDefinition/KontaktGesundheitseinrichtung|2025.0.0"
          ]
        },
        "identifier": [
          {
            "use": "official",
            "type": {
              "coding": [
                {
                  "system": "http://terminology.hl7.org/CodeSystem/v2-0203",
                  "code": "VN"
                }
              ]
            },
            "system": "http://medic.uksh.de/fhir/Encounter",
            "value": "d4f9159faaa4bdb8ea02d8b0558da42294c1e8bce1434ca95e62a806"
          }
        ],
        "status": "finished",
        "class": {
          "system": "http://terminology.hl7.org/CodeSystem/v3-ActCode",
          "code": "AMB"
        },
        "type": [
          {
            "coding": [
              {
                "system": "http://fhir.de/CodeSystem/Kontaktebene",
                "code": "einrichtungskontakt"
              }
            ]
          }
        ],
        "subject": {
          "reference": "Patient/PID-6aae17e22c3b46f482dc24a64c143b39532dcfedce05941fbbfa6668"
        },
        "period": {
          "start": "2013-10-25T13:44:00+02:00",
          "end": "2013-12-31T23:59:59+01:00"
        },
        "hospitalization": {
          "admitSource": {
            "coding": [
              {
                "system": "http://fhir.de/CodeSystem/dgkev/Aufnahmeanlass",
                "code": "E"
              }
            ]
          }
        }
      },
      "search": {
        "mode": "match"
      }
    },
    {
      "fullUrl": "http://num-fhirserver.distan.medicsh.de:8080/fhir/Encounter/PV-daf616204671c4ddc0a71ac368dd5c09328e4bebcb0d42a0e4613928",
      "resource": {
        "resourceType": "Encounter",
        "id": "PV-daf616204671c4ddc0a71ac368dd5c09328e4bebcb0d42a0e4613928",
        "meta": {
          "versionId": "96417147",
          "lastUpdated": "2025-03-13T22:20:08.330Z",
          "source": "http://medic.uksh.de/source/orbis/legacy",
          "profile": [
            "https://www.medizininformatik-initiative.de/fhir/core/modul-fall/StructureDefinition/KontaktGesundheitseinrichtung|2025.0.0"
          ]
        },
        "identifier": [
          {
            "use": "official",
            "type": {
              "coding": [
                {
                  "system": "http://terminology.hl7.org/CodeSystem/v2-0203",
                  "code": "VN"
                }
              ]
            },
            "system": "http://medic.uksh.de/fhir/Encounter",
            "value": "daf616204671c4ddc0a71ac368dd5c09328e4bebcb0d42a0e4613928"
          }
        ],
        "status": "finished",
        "class": {
          "system": "http://terminology.hl7.org/CodeSystem/v3-ActCode",
          "code": "AMB"
        },
        "type": [
          {
            "coding": [
              {
                "system": "http://fhir.de/CodeSystem/Kontaktebene",
                "code": "einrichtungskontakt"
              }
            ]
          }
        ],
        "subject": {
          "reference": "Patient/PID-6aae17e22c3b46f482dc24a64c143b39532dcfedce05941fbbfa6668"
        },
        "period": {
          "start": "2020-07-20T12:39:00+02:00",
          "end": "2020-09-30T23:59:59+02:00"
        }
      },
      "search": {
        "mode": "match"
      }
    },
    {
      "fullUrl": "http://num-fhirserver.distan.medicsh.de:8080/fhir/Observation/VIT-1916f316dd18cbc7c78e1fd7b057560bd7df65d52494bace01617efa",
      "resource": {
        "resourceType": "Observation",
        "id": "VIT-1916f316dd18cbc7c78e1fd7b057560bd7df65d52494bace01617efa",
        "meta": {
          "versionId": "96417161",
          "lastUpdated": "2025-03-13T22:20:08.361Z",
          "profile": [
            "https://www.medizininformatik-initiative.de/fhir/core/modul-person/StructureDefinition/Vitalstatus|2025.0.1"
          ]
        },
        "status": "final",
        "category": [
          {
            "coding": [
              {
                "system": "http://terminology.hl7.org/CodeSystem/observation-category",
                "code": "survey"
              }
            ]
          }
        ],
        "code": {
          "coding": [
            {
              "system": "http://loinc.org",
              "code": "67162-8"
            }
          ]
        },
        "subject": {
          "reference": "Patient/PID-6aae17e22c3b46f482dc24a64c143b39532dcfedce05941fbbfa6668"
        },
        "effectiveDateTime": "2020-07-20T12:39:00+02:00",
        "valueCodeableConcept": {
          "coding": [
            {
              "system": "https://www.medizininformatik-initiative.de/fhir/core/modul-person/CodeSystem/Vitalstatus",
              "code": "L"
            }
          ]
        }
      },
      "search": {
        "mode": "match"
      }
    },
    {
      "fullUrl": "http://num-fhirserver.distan.medicsh.de:8080/fhir/Observation/VIT-1f46f8b0d8222ca065d47bdbcd63f8a68a09ccf0d2adaa82667f0d92",
      "resource": {
        "resourceType": "Observation",
        "id": "VIT-1f46f8b0d8222ca065d47bdbcd63f8a68a09ccf0d2adaa82667f0d92",
        "meta": {
          "versionId": "345112754",
          "lastUpdated": "2025-06-12T03:19:03.121Z",
          "profile": [
            "https://www.medizininformatik-initiative.de/fhir/core/modul-person/StructureDefinition/Vitalstatus|2025.0.1"
          ]
        },
        "status": "final",
        "category": [
          {
            "coding": [
              {
                "system": "http://terminology.hl7.org/CodeSystem/observation-category",
                "code": "survey"
              }
            ]
          }
        ],
        "code": {
          "coding": [
            {
              "system": "http://loinc.org",
              "code": "67162-8"
            }
          ]
        },
        "subject": {
          "reference": "Patient/PID-6aae17e22c3b46f482dc24a64c143b39532dcfedce05941fbbfa6668"
        },
        "effectiveDateTime": "2025-06-11T22:18:00+02:00",
        "valueCodeableConcept": {
          "coding": [
            {
              "system": "https://www.medizininformatik-initiative.de/fhir/core/modul-person/CodeSystem/Vitalstatus",
              "code": "L"
            }
          ]
        }
      },
      "search": {
        "mode": "match"
      }
    },
    {
      "fullUrl": "http://num-fhirserver.distan.medicsh.de:8080/fhir/Observation/VIT-752c5ead30417fba042f785e3834e02e4495bb4fb6bcbc8c14ebe4f3",
      "resource": {
        "resourceType": "Observation",
        "id": "VIT-752c5ead30417fba042f785e3834e02e4495bb4fb6bcbc8c14ebe4f3",
        "meta": {
          "versionId": "354108435",
          "lastUpdated": "2025-07-19T03:23:17.402Z",
          "profile": [
            "https://www.medizininformatik-initiative.de/fhir/core/modul-person/StructureDefinition/Vitalstatus|2025.0.1"
          ]
        },
        "status": "final",
        "category": [
          {
            "coding": [
              {
                "system": "http://terminology.hl7.org/CodeSystem/observation-category",
                "code": "survey"
              }
            ]
          }
        ],
        "code": {
          "coding": [
            {
              "system": "http://loinc.org",
              "code": "67162-8"
            }
          ]
        },
        "subject": {
          "reference": "Patient/PID-6aae17e22c3b46f482dc24a64c143b39532dcfedce05941fbbfa6668"
        },
        "effectiveDateTime": "2025-07-18T10:17:00+02:00",
        "valueCodeableConcept": {
          "coding": [
            {
              "system": "https://www.medizininformatik-initiative.de/fhir/core/modul-person/CodeSystem/Vitalstatus",
              "code": "L"
            }
          ]
        }
      },
      "search": {
        "mode": "match"
      }
    },
    {
      "fullUrl": "http://num-fhirserver.distan.medicsh.de:8080/fhir/Observation/VIT-c7c604ff7d077d5c5d384d48e3898c8994004b6f9b9634db0bf26736",
      "resource": {
        "resourceType": "Observation",
        "id": "VIT-c7c604ff7d077d5c5d384d48e3898c8994004b6f9b9634db0bf26736",
        "meta": {
          "versionId": "96417398",
          "lastUpdated": "2025-03-13T22:20:08.792Z",
          "profile": [
            "https://www.medizininformatik-initiative.de/fhir/core/modul-person/StructureDefinition/Vitalstatus|2025.0.1"
          ]
        },
        "status": "final",
        "category": [
          {
            "coding": [
              {
                "system": "http://terminology.hl7.org/CodeSystem/observation-category",
                "code": "survey"
              }
            ]
          }
        ],
        "code": {
          "coding": [
            {
              "system": "http://loinc.org",
              "code": "67162-8"
            }
          ]
        },
        "subject": {
          "reference": "Patient/PID-6aae17e22c3b46f482dc24a64c143b39532dcfedce05941fbbfa6668"
        },
        "effectiveDateTime": "2013-10-25T13:44:00+02:00",
        "valueCodeableConcept": {
          "coding": [
            {
              "system": "https://www.medizininformatik-initiative.de/fhir/core/modul-person/CodeSystem/Vitalstatus",
              "code": "L"
            }
          ]
        }
      },
      "search": {
        "mode": "match"
      }
    }
  ]
}
