{
  "resourceType": "Bundle",
  "id": "DGTUX5KKRF7BGIDD",
  "type": "searchset",
  "total": 3,
  "entry": [
    {
      "fullUrl": "http://num-fhirserver.distan.medicsh.de:8080/fhir/Patient/PID-6b4e00d1b4036002e2c45e6918bad709a6f66b0ce0d811a6d631084a",
      "resource": {
        "resourceType": "Patient",
        "id": "PID-6b4e00d1b4036002e2c45e6918bad709a6f66b0ce0d811a6d631084a",
        "meta": {
          "versionId": "59935687",
          "lastUpdated": "2025-03-12T15:41:12.826Z",
          "profile": [
            "https://www.medizininformatik-initiative.de/fhir/core/modul-person/StructureDefinition/PatientPseudonymisiert|2025.0.1"
          ]
        },
        "identifier": [
          {
            "use": "usual",
            "type": {
              "coding": [
                {
                  "system": "http://terminology.hl7.org/CodeSystem/v3-ObservationValue",
                  "code": "PSEUDED"
                }
              ]
            },
            "system": "https://www.medizininformatik-initiative.de/fhir/sid/pseudonym",
            "value": "6b4e00d1b4036002e2c45e6918bad709a6f66b0ce0d811a6d631084a"
          }
        ],
        "gender": "male",
        "birthDate": "2006-06",
        "deceasedBoolean": true
      },
      "search": {
        "mode": "match"
      }
    },
    {
      "fullUrl": "http://num-fhirserver.distan.medicsh.de:8080/fhir/Encounter/PV-4f7950ce1d8ba56e586000122096864213c44256d918a79e978a51f2",
      "resource": {
        "resourceType": "Encounter",
        "id": "PV-4f7950ce1d8ba56e586000122096864213c44256d918a79e978a51f2",
        "meta": {
          "versionId": "59934964",
          "lastUpdated": "2025-03-12T15:41:11.155Z",
          "source": "http://medic.uksh.de/source/orbis/legacy",
          "profile": [
            "https://www.medizininformatik-initiative.de/fhir/core/modul-fall/StructureDefinition/KontaktGesundheitseinrichtung|2025.0.0"
          ]
        },
        "identifier": [
          {
            "use": "official",
            "type": {
              "coding": [
                {
                  "system": "http://terminology.hl7.org/CodeSystem/v2-0203",
                  "code": "VN"
                }
              ]
            },
            "system": "http://medic.uksh.de/fhir/Encounter",
            "value": "4f7950ce1d8ba56e586000122096864213c44256d918a79e978a51f2"
          }
        ],
        "status": "finished",
        "class": {
          "system": "http://terminology.hl7.org/CodeSystem/v3-ActCode",
          "code": "AMB"
        },
        "type": [
          {
            "coding": [
              {
                "system": "http://fhir.de/CodeSystem/Kontaktebene",
                "code": "einrichtungskontakt"
              }
            ]
          }
        ],
        "subject": {
          "reference": "Patient/PID-6b4e00d1b4036002e2c45e6918bad709a6f66b0ce0d811a6d631084a"
        },
        "period": {
          "start": "2006-06-01T08:14:00+02:00",
          "end": "2006-06-30T23:59:59+02:00"
        }
      },
      "search": {
        "mode": "match"
      }
    },
    {
      "fullUrl": "http://num-fhirserver.distan.medicsh.de:8080/fhir/Observation/VIT-7479db6f6dad3c2993765c772e397e11d0950ca9936f85971d7e156e",
      "resource": {
        "resourceType": "Observation",
        "id": "VIT-7479db6f6dad3c2993765c772e397e11d0950ca9936f85971d7e156e",
        "meta": {
          "versionId": "59934983",
          "lastUpdated": "2025-03-12T15:41:11.177Z",
          "profile": [
            "https://www.medizininformatik-initiative.de/fhir/core/modul-person/StructureDefinition/Vitalstatus|2025.0.1"
          ]
        },
        "status": "final",
        "category": [
          {
            "coding": [
              {
                "system": "http://terminology.hl7.org/CodeSystem/observation-category",
                "code": "survey"
              }
            ]
          }
        ],
        "code": {
          "coding": [
            {
              "system": "http://loinc.org",
              "code": "67162-8"
            }
          ]
        },
        "subject": {
          "reference": "Patient/PID-6b4e00d1b4036002e2c45e6918bad709a6f66b0ce0d811a6d631084a"
        },
        "effectiveDateTime": "2006-06-01T08:14:00+02:00",
        "valueCodeableConcept": {
          "coding": [
            {
              "system": "https://www.medizininformatik-initiative.de/fhir/core/modul-person/CodeSystem/Vitalstatus",
              "code": "L"
            }
          ]
        }
      },
      "search": {
        "mode": "match"
      }
    }
  ]
}
