{
  "resourceType": "Bundle",
  "id": "DGTUX6O2WRAYRROB",
  "type": "searchset",
  "total": 3,
  "entry": [
    {
      "fullUrl": "http://num-fhirserver.distan.medicsh.de:8080/fhir/Patient/PID-6b5807c41af088d468e746b7148bb98065c8da4d5cd6e80479f2887f",
      "resource": {
        "resourceType": "Patient",
        "id": "PID-6b5807c41af088d468e746b7148bb98065c8da4d5cd6e80479f2887f",
        "meta": {
          "versionId": "146891143",
          "lastUpdated": "2025-03-15T10:32:58.340Z",
          "profile": [
            "https://www.medizininformatik-initiative.de/fhir/core/modul-person/StructureDefinition/PatientPseudonymisiert|2025.0.1"
          ]
        },
        "identifier": [
          {
            "use": "usual",
            "type": {
              "coding": [
                {
                  "system": "http://terminology.hl7.org/CodeSystem/v3-ObservationValue",
                  "code": "PSEUDED"
                }
              ]
            },
            "system": "https://www.medizininformatik-initiative.de/fhir/sid/pseudonym",
            "value": "6b5807c41af088d468e746b7148bb98065c8da4d5cd6e80479f2887f"
          }
        ],
        "gender": "female",
        "birthDate": "1950-02",
        "deceasedBoolean": true,
        "address": [
          {
            "type": "both",
            "postalCode": "235",
            "country": "DE"
          }
        ]
      },
      "search": {
        "mode": "match"
      }
    },
    {
      "fullUrl": "http://num-fhirserver.distan.medicsh.de:8080/fhir/Encounter/PV-c90237dd8a88dc6f1222d1f2730e04a609ffde2f7286300044ac01fe",
      "resource": {
        "resourceType": "Encounter",
        "id": "PV-c90237dd8a88dc6f1222d1f2730e04a609ffde2f7286300044ac01fe",
        "meta": {
          "versionId": "146891754",
          "lastUpdated": "2025-03-15T10:32:59.465Z",
          "source": "http://medic.uksh.de/source/orbis/legacy",
          "profile": [
            "https://www.medizininformatik-initiative.de/fhir/core/modul-fall/StructureDefinition/KontaktGesundheitseinrichtung|2025.0.0"
          ]
        },
        "identifier": [
          {
            "use": "official",
            "type": {
              "coding": [
                {
                  "system": "http://terminology.hl7.org/CodeSystem/v2-0203",
                  "code": "VN"
                }
              ]
            },
            "system": "http://medic.uksh.de/fhir/Encounter",
            "value": "c90237dd8a88dc6f1222d1f2730e04a609ffde2f7286300044ac01fe"
          }
        ],
        "status": "finished",
        "class": {
          "system": "http://terminology.hl7.org/CodeSystem/v3-ActCode",
          "code": "AMB"
        },
        "type": [
          {
            "coding": [
              {
                "system": "http://fhir.de/CodeSystem/Kontaktebene",
                "code": "einrichtungskontakt"
              }
            ]
          }
        ],
        "subject": {
          "reference": "Patient/PID-6b5807c41af088d468e746b7148bb98065c8da4d5cd6e80479f2887f"
        },
        "period": {
          "start": "2015-01-30T12:01:00+01:00",
          "end": "2015-03-31T23:59:59+02:00"
        },
        "hospitalization": {
          "admitSource": {
            "coding": [
              {
                "system": "http://fhir.de/CodeSystem/dgkev/Aufnahmeanlass",
                "code": "E"
              }
            ]
          }
        }
      },
      "search": {
        "mode": "match"
      }
    },
    {
      "fullUrl": "http://num-fhirserver.distan.medicsh.de:8080/fhir/Observation/VIT-03420b7dd9f9062a99fdced7cc1105265a67ab6e3cc88d4d8d297b0a",
      "resource": {
        "resourceType": "Observation",
        "id": "VIT-03420b7dd9f9062a99fdced7cc1105265a67ab6e3cc88d4d8d297b0a",
        "meta": {
          "versionId": "146891771",
          "lastUpdated": "2025-03-15T10:32:59.517Z",
          "profile": [
            "https://www.medizininformatik-initiative.de/fhir/core/modul-person/StructureDefinition/Vitalstatus|2025.0.1"
          ]
        },
        "status": "final",
        "category": [
          {
            "coding": [
              {
                "system": "http://terminology.hl7.org/CodeSystem/observation-category",
                "code": "survey"
              }
            ]
          }
        ],
        "code": {
          "coding": [
            {
              "system": "http://loinc.org",
              "code": "67162-8"
            }
          ]
        },
        "subject": {
          "reference": "Patient/PID-6b5807c41af088d468e746b7148bb98065c8da4d5cd6e80479f2887f"
        },
        "effectiveDateTime": "2015-01-30T12:01:00+01:00",
        "valueCodeableConcept": {
          "coding": [
            {
              "system": "https://www.medizininformatik-initiative.de/fhir/core/modul-person/CodeSystem/Vitalstatus",
              "code": "L"
            }
          ]
        }
      },
      "search": {
        "mode": "match"
      }
    }
  ]
}
