{
  "resourceType": "Bundle",
  "id": "DGTUX5RJKBUCS4XW",
  "type": "searchset",
  "total": 3,
  "entry": [
    {
      "fullUrl": "http://num-fhirserver.distan.medicsh.de:8080/fhir/Patient/PID-6c608cf1a0791a969af6c60f14ebe971f5dd1448e91e0fdd7029ba1a",
      "resource": {
        "resourceType": "Patient",
        "id": "PID-6c608cf1a0791a969af6c60f14ebe971f5dd1448e91e0fdd7029ba1a",
        "meta": {
          "versionId": "63416092",
          "lastUpdated": "2025-03-12T19:32:58.805Z",
          "profile": [
            "https://www.medizininformatik-initiative.de/fhir/core/modul-person/StructureDefinition/PatientPseudonymisiert|2025.0.1"
          ]
        },
        "identifier": [
          {
            "use": "usual",
            "type": {
              "coding": [
                {
                  "system": "http://terminology.hl7.org/CodeSystem/v3-ObservationValue",
                  "code": "PSEUDED"
                }
              ]
            },
            "system": "https://www.medizininformatik-initiative.de/fhir/sid/pseudonym",
            "value": "6c608cf1a0791a969af6c60f14ebe971f5dd1448e91e0fdd7029ba1a"
          }
        ],
        "gender": "female",
        "birthDate": "1995-10",
        "deceasedBoolean": true
      },
      "search": {
        "mode": "match"
      }
    },
    {
      "fullUrl": "http://num-fhirserver.distan.medicsh.de:8080/fhir/Encounter/PV-6e45c5766df06f64c5df4a9cd86d74ce813475424af50177c203aff5",
      "resource": {
        "resourceType": "Encounter",
        "id": "PV-6e45c5766df06f64c5df4a9cd86d74ce813475424af50177c203aff5",
        "meta": {
          "versionId": "63416094",
          "lastUpdated": "2025-03-12T19:32:58.814Z",
          "source": "http://medic.uksh.de/source/orbis/legacy",
          "profile": [
            "https://www.medizininformatik-initiative.de/fhir/core/modul-fall/StructureDefinition/KontaktGesundheitseinrichtung|2025.0.0"
          ]
        },
        "identifier": [
          {
            "use": "official",
            "type": {
              "coding": [
                {
                  "system": "http://terminology.hl7.org/CodeSystem/v2-0203",
                  "code": "VN"
                }
              ]
            },
            "system": "http://medic.uksh.de/fhir/Encounter",
            "value": "6e45c5766df06f64c5df4a9cd86d74ce813475424af50177c203aff5"
          }
        ],
        "status": "finished",
        "class": {
          "system": "http://terminology.hl7.org/CodeSystem/v3-ActCode",
          "code": "AMB"
        },
        "type": [
          {
            "coding": [
              {
                "system": "http://fhir.de/CodeSystem/Kontaktebene",
                "code": "einrichtungskontakt"
              }
            ]
          }
        ],
        "subject": {
          "reference": "Patient/PID-6c608cf1a0791a969af6c60f14ebe971f5dd1448e91e0fdd7029ba1a"
        },
        "period": {
          "start": "2021-06-24T15:18:00+02:00",
          "end": "2021-06-30T23:59:59+02:00"
        }
      },
      "search": {
        "mode": "match"
      }
    },
    {
      "fullUrl": "http://num-fhirserver.distan.medicsh.de:8080/fhir/Observation/VIT-613d0dbcd006c1ba206dc8a37ccb4a64a3cd1b0f5e572ece17272e22",
      "resource": {
        "resourceType": "Observation",
        "id": "VIT-613d0dbcd006c1ba206dc8a37ccb4a64a3cd1b0f5e572ece17272e22",
        "meta": {
          "versionId": "63416103",
          "lastUpdated": "2025-03-12T19:32:58.836Z",
          "profile": [
            "https://www.medizininformatik-initiative.de/fhir/core/modul-person/StructureDefinition/Vitalstatus|2025.0.1"
          ]
        },
        "status": "final",
        "category": [
          {
            "coding": [
              {
                "system": "http://terminology.hl7.org/CodeSystem/observation-category",
                "code": "survey"
              }
            ]
          }
        ],
        "code": {
          "coding": [
            {
              "system": "http://loinc.org",
              "code": "67162-8"
            }
          ]
        },
        "subject": {
          "reference": "Patient/PID-6c608cf1a0791a969af6c60f14ebe971f5dd1448e91e0fdd7029ba1a"
        },
        "effectiveDateTime": "2021-06-24T15:18:00+02:00",
        "valueCodeableConcept": {
          "coding": [
            {
              "system": "https://www.medizininformatik-initiative.de/fhir/core/modul-person/CodeSystem/Vitalstatus",
              "code": "L"
            }
          ]
        }
      },
      "search": {
        "mode": "match"
      }
    }
  ]
}
