{
  "resourceType": "Bundle",
  "id": "DGTUX5JJWYDFFMI7",
  "type": "searchset",
  "total": 3,
  "entry": [
    {
      "fullUrl": "http://num-fhirserver.distan.medicsh.de:8080/fhir/Patient/PID-6cf741d69ea1ca41d70be7efe534e5ea25d1edd90c9e6e2c294adb54",
      "resource": {
        "resourceType": "Patient",
        "id": "PID-6cf741d69ea1ca41d70be7efe534e5ea25d1edd90c9e6e2c294adb54",
        "meta": {
          "versionId": "105004279",
          "lastUpdated": "2025-03-14T04:27:48.128Z",
          "profile": [
            "https://www.medizininformatik-initiative.de/fhir/core/modul-person/StructureDefinition/PatientPseudonymisiert|2025.0.1"
          ]
        },
        "identifier": [
          {
            "use": "usual",
            "type": {
              "coding": [
                {
                  "system": "http://terminology.hl7.org/CodeSystem/v3-ObservationValue",
                  "code": "PSEUDED"
                }
              ]
            },
            "system": "https://www.medizininformatik-initiative.de/fhir/sid/pseudonym",
            "value": "6cf741d69ea1ca41d70be7efe534e5ea25d1edd90c9e6e2c294adb54"
          }
        ],
        "gender": "male",
        "birthDate": "2006-05",
        "deceasedBoolean": true
      },
      "search": {
        "mode": "match"
      }
    },
    {
      "fullUrl": "http://num-fhirserver.distan.medicsh.de:8080/fhir/Encounter/PV-46a883f192b6db28eff25e9ff9e81d49cec44a594267ad0ae3e9358a",
      "resource": {
        "resourceType": "Encounter",
        "id": "PV-46a883f192b6db28eff25e9ff9e81d49cec44a594267ad0ae3e9358a",
        "meta": {
          "versionId": "105004161",
          "lastUpdated": "2025-03-14T04:27:47.890Z",
          "source": "http://medic.uksh.de/source/orbis/legacy",
          "profile": [
            "https://www.medizininformatik-initiative.de/fhir/core/modul-fall/StructureDefinition/KontaktGesundheitseinrichtung|2025.0.0"
          ]
        },
        "identifier": [
          {
            "use": "official",
            "type": {
              "coding": [
                {
                  "system": "http://terminology.hl7.org/CodeSystem/v2-0203",
                  "code": "VN"
                }
              ]
            },
            "system": "http://medic.uksh.de/fhir/Encounter",
            "value": "46a883f192b6db28eff25e9ff9e81d49cec44a594267ad0ae3e9358a"
          }
        ],
        "status": "finished",
        "class": {
          "system": "http://terminology.hl7.org/CodeSystem/v3-ActCode",
          "code": "AMB"
        },
        "type": [
          {
            "coding": [
              {
                "system": "http://fhir.de/CodeSystem/Kontaktebene",
                "code": "einrichtungskontakt"
              }
            ]
          }
        ],
        "subject": {
          "reference": "Patient/PID-6cf741d69ea1ca41d70be7efe534e5ea25d1edd90c9e6e2c294adb54"
        },
        "period": {
          "start": "2006-05-01T10:05:00+02:00",
          "end": "2006-06-30T23:59:59+02:00"
        }
      },
      "search": {
        "mode": "match"
      }
    },
    {
      "fullUrl": "http://num-fhirserver.distan.medicsh.de:8080/fhir/Observation/VIT-e24276296219a3d7f29ab2f3f8b46494bcbb684c556515befe68bc90",
      "resource": {
        "resourceType": "Observation",
        "id": "VIT-e24276296219a3d7f29ab2f3f8b46494bcbb684c556515befe68bc90",
        "meta": {
          "versionId": "105004180",
          "lastUpdated": "2025-03-14T04:27:47.923Z",
          "profile": [
            "https://www.medizininformatik-initiative.de/fhir/core/modul-person/StructureDefinition/Vitalstatus|2025.0.1"
          ]
        },
        "status": "final",
        "category": [
          {
            "coding": [
              {
                "system": "http://terminology.hl7.org/CodeSystem/observation-category",
                "code": "survey"
              }
            ]
          }
        ],
        "code": {
          "coding": [
            {
              "system": "http://loinc.org",
              "code": "67162-8"
            }
          ]
        },
        "subject": {
          "reference": "Patient/PID-6cf741d69ea1ca41d70be7efe534e5ea25d1edd90c9e6e2c294adb54"
        },
        "effectiveDateTime": "2006-05-01T10:05:00+02:00",
        "valueCodeableConcept": {
          "coding": [
            {
              "system": "https://www.medizininformatik-initiative.de/fhir/core/modul-person/CodeSystem/Vitalstatus",
              "code": "L"
            }
          ]
        }
      },
      "search": {
        "mode": "match"
      }
    }
  ]
}
