{
  "resourceType": "Bundle",
  "id": "DGTUX57YICHLXONC",
  "type": "searchset",
  "total": 4,
  "entry": [
    {
      "fullUrl": "http://num-fhirserver.distan.medicsh.de:8080/fhir/Patient/PID-6d738de7c7df179890f4e3e985cbf2f38444f806126ea55b515c2415",
      "resource": {
        "resourceType": "Patient",
        "id": "PID-6d738de7c7df179890f4e3e985cbf2f38444f806126ea55b515c2415",
        "meta": {
          "versionId": "235682751",
          "lastUpdated": "2025-03-19T14:38:25.915Z",
          "profile": [
            "https://www.medizininformatik-initiative.de/fhir/core/modul-person/StructureDefinition/PatientPseudonymisiert|2025.0.1"
          ]
        },
        "identifier": [
          {
            "use": "usual",
            "type": {
              "coding": [
                {
                  "system": "http://terminology.hl7.org/CodeSystem/v3-ObservationValue",
                  "code": "PSEUDED"
                }
              ]
            },
            "system": "https://www.medizininformatik-initiative.de/fhir/sid/pseudonym",
            "value": "6d738de7c7df179890f4e3e985cbf2f38444f806126ea55b515c2415"
          }
        ],
        "birthDate": "1965-10",
        "deceasedBoolean": true,
        "address": [
          {
            "type": "both",
            "postalCode": "391",
            "country": "DE"
          }
        ]
      },
      "search": {
        "mode": "match"
      }
    },
    {
      "fullUrl": "http://num-fhirserver.distan.medicsh.de:8080/fhir/Encounter/PV-1cbdedba7bfccd9f26d13b9eacdb1d537dacbe2b957c26f1ebb6b033",
      "resource": {
        "resourceType": "Encounter",
        "id": "PV-1cbdedba7bfccd9f26d13b9eacdb1d537dacbe2b957c26f1ebb6b033",
        "meta": {
          "versionId": "234965310",
          "lastUpdated": "2025-03-19T14:09:52.443Z",
          "source": "http://medic.uksh.de/source/orbis/adt",
          "profile": [
            "https://www.medizininformatik-initiative.de/fhir/core/modul-fall/StructureDefinition/KontaktGesundheitseinrichtung|2025.0.0"
          ]
        },
        "identifier": [
          {
            "use": "official",
            "type": {
              "coding": [
                {
                  "system": "http://terminology.hl7.org/CodeSystem/v2-0203",
                  "code": "VN"
                }
              ]
            },
            "system": "http://medic.uksh.de/fhir/Encounter",
            "value": "1cbdedba7bfccd9f26d13b9eacdb1d537dacbe2b957c26f1ebb6b033"
          }
        ],
        "status": "finished",
        "class": {
          "system": "http://terminology.hl7.org/CodeSystem/v3-ActCode",
          "code": "AMB"
        },
        "type": [
          {
            "coding": [
              {
                "system": "http://fhir.de/CodeSystem/Kontaktebene",
                "code": "einrichtungskontakt"
              }
            ]
          }
        ],
        "subject": {
          "reference": "Patient/PID-6d738de7c7df179890f4e3e985cbf2f38444f806126ea55b515c2415"
        },
        "period": {
          "start": "2022-07-20T11:44:00+02:00",
          "end": "2022-09-30T23:59:59+02:00"
        }
      },
      "search": {
        "mode": "match"
      }
    },
    {
      "fullUrl": "http://num-fhirserver.distan.medicsh.de:8080/fhir/Observation/VIT-b84e9f845d08379b14f39f6205a2a91b3f653ab470aa393c095f2df9",
      "resource": {
        "resourceType": "Observation",
        "id": "VIT-b84e9f845d08379b14f39f6205a2a91b3f653ab470aa393c095f2df9",
        "meta": {
          "versionId": "234965325",
          "lastUpdated": "2025-03-19T14:09:52.473Z",
          "profile": [
            "https://www.medizininformatik-initiative.de/fhir/core/modul-person/StructureDefinition/Vitalstatus|2025.0.1"
          ]
        },
        "status": "final",
        "category": [
          {
            "coding": [
              {
                "system": "http://terminology.hl7.org/CodeSystem/observation-category",
                "code": "survey"
              }
            ]
          }
        ],
        "code": {
          "coding": [
            {
              "system": "http://loinc.org",
              "code": "67162-8"
            }
          ]
        },
        "subject": {
          "reference": "Patient/PID-6d738de7c7df179890f4e3e985cbf2f38444f806126ea55b515c2415"
        },
        "effectiveDateTime": "2022-09-30T23:59:59+02:00",
        "valueCodeableConcept": {
          "coding": [
            {
              "system": "https://www.medizininformatik-initiative.de/fhir/core/modul-person/CodeSystem/Vitalstatus",
              "code": "L"
            }
          ]
        }
      },
      "search": {
        "mode": "match"
      }
    },
    {
      "fullUrl": "http://num-fhirserver.distan.medicsh.de:8080/fhir/Observation/VIT-c45dc20db654a7295a037b02642317ca94c7c59dcf32b3c201713667",
      "resource": {
        "resourceType": "Observation",
        "id": "VIT-c45dc20db654a7295a037b02642317ca94c7c59dcf32b3c201713667",
        "meta": {
          "versionId": "234965317",
          "lastUpdated": "2025-03-19T14:09:52.459Z",
          "profile": [
            "https://www.medizininformatik-initiative.de/fhir/core/modul-person/StructureDefinition/Vitalstatus|2025.0.1"
          ]
        },
        "status": "final",
        "category": [
          {
            "coding": [
              {
                "system": "http://terminology.hl7.org/CodeSystem/observation-category",
                "code": "survey"
              }
            ]
          }
        ],
        "code": {
          "coding": [
            {
              "system": "http://loinc.org",
              "code": "67162-8"
            }
          ]
        },
        "subject": {
          "reference": "Patient/PID-6d738de7c7df179890f4e3e985cbf2f38444f806126ea55b515c2415"
        },
        "effectiveDateTime": "2022-07-20T11:44:00+02:00",
        "valueCodeableConcept": {
          "coding": [
            {
              "system": "https://www.medizininformatik-initiative.de/fhir/core/modul-person/CodeSystem/Vitalstatus",
              "code": "L"
            }
          ]
        }
      },
      "search": {
        "mode": "match"
      }
    }
  ]
}
