{
  "resourceType": "Bundle",
  "id": "DGTUX6UO3ZWA5L7W",
  "type": "searchset",
  "total": 5,
  "entry": [
    {
      "fullUrl": "http://num-fhirserver.distan.medicsh.de:8080/fhir/Patient/PID-6f8b872acf42502c9da47b4560718520316062947897502c9c37264d",
      "resource": {
        "resourceType": "Patient",
        "id": "PID-6f8b872acf42502c9da47b4560718520316062947897502c9c37264d",
        "meta": {
          "versionId": "193365092",
          "lastUpdated": "2025-03-18T02:48:28.039Z",
          "profile": [
            "https://www.medizininformatik-initiative.de/fhir/core/modul-person/StructureDefinition/PatientPseudonymisiert|2025.0.1"
          ]
        },
        "identifier": [
          {
            "use": "usual",
            "type": {
              "coding": [
                {
                  "system": "http://terminology.hl7.org/CodeSystem/v3-ObservationValue",
                  "code": "PSEUDED"
                }
              ]
            },
            "system": "https://www.medizininformatik-initiative.de/fhir/sid/pseudonym",
            "value": "6f8b872acf42502c9da47b4560718520316062947897502c9c37264d"
          }
        ],
        "gender": "male",
        "birthDate": "1970-01",
        "deceasedBoolean": true
      },
      "search": {
        "mode": "match"
      }
    },
    {
      "fullUrl": "http://num-fhirserver.distan.medicsh.de:8080/fhir/Encounter/PV-3bf2e8ff030371dc046e61a86c70308d0bafe5bfa4ef4011e3c4a3e0",
      "resource": {
        "resourceType": "Encounter",
        "id": "PV-3bf2e8ff030371dc046e61a86c70308d0bafe5bfa4ef4011e3c4a3e0",
        "meta": {
          "versionId": "193365042",
          "lastUpdated": "2025-03-18T02:48:27.867Z",
          "source": "http://medic.uksh.de/source/orbis/legacy",
          "profile": [
            "https://www.medizininformatik-initiative.de/fhir/core/modul-fall/StructureDefinition/KontaktGesundheitseinrichtung|2025.0.0"
          ]
        },
        "identifier": [
          {
            "use": "official",
            "type": {
              "coding": [
                {
                  "system": "http://terminology.hl7.org/CodeSystem/v2-0203",
                  "code": "VN"
                }
              ]
            },
            "system": "http://medic.uksh.de/fhir/Encounter",
            "value": "3bf2e8ff030371dc046e61a86c70308d0bafe5bfa4ef4011e3c4a3e0"
          }
        ],
        "status": "finished",
        "class": {
          "system": "http://terminology.hl7.org/CodeSystem/v3-ActCode",
          "code": "AMB"
        },
        "type": [
          {
            "coding": [
              {
                "system": "http://fhir.de/CodeSystem/Kontaktebene",
                "code": "einrichtungskontakt"
              }
            ]
          }
        ],
        "subject": {
          "reference": "Patient/PID-6f8b872acf42502c9da47b4560718520316062947897502c9c37264d"
        },
        "period": {
          "start": "2018-07-09T13:50:00+02:00",
          "end": "2018-09-30T23:59:59+02:00"
        },
        "hospitalization": {
          "admitSource": {
            "coding": [
              {
                "system": "http://fhir.de/CodeSystem/dgkev/Aufnahmeanlass",
                "code": "E"
              }
            ]
          }
        }
      },
      "search": {
        "mode": "match"
      }
    },
    {
      "fullUrl": "http://num-fhirserver.distan.medicsh.de:8080/fhir/Encounter/PV-4d705e19ea0825454ed24e4b8c6b68bd9e5d715aaa47722ed3f36658",
      "resource": {
        "resourceType": "Encounter",
        "id": "PV-4d705e19ea0825454ed24e4b8c6b68bd9e5d715aaa47722ed3f36658",
        "meta": {
          "versionId": "193364996",
          "lastUpdated": "2025-03-18T02:48:27.727Z",
          "source": "http://medic.uksh.de/source/orbis/legacy",
          "profile": [
            "https://www.medizininformatik-initiative.de/fhir/core/modul-fall/StructureDefinition/KontaktGesundheitseinrichtung|2025.0.0"
          ]
        },
        "identifier": [
          {
            "use": "official",
            "type": {
              "coding": [
                {
                  "system": "http://terminology.hl7.org/CodeSystem/v2-0203",
                  "code": "VN"
                }
              ]
            },
            "system": "http://medic.uksh.de/fhir/Encounter",
            "value": "4d705e19ea0825454ed24e4b8c6b68bd9e5d715aaa47722ed3f36658"
          }
        ],
        "status": "finished",
        "class": {
          "system": "http://terminology.hl7.org/CodeSystem/v3-ActCode",
          "code": "AMB"
        },
        "type": [
          {
            "coding": [
              {
                "system": "http://fhir.de/CodeSystem/Kontaktebene",
                "code": "einrichtungskontakt"
              }
            ]
          }
        ],
        "subject": {
          "reference": "Patient/PID-6f8b872acf42502c9da47b4560718520316062947897502c9c37264d"
        },
        "period": {
          "start": "2018-07-09T13:52:00+02:00",
          "end": "2018-09-30T23:59:59+02:00"
        },
        "hospitalization": {
          "admitSource": {
            "coding": [
              {
                "system": "http://fhir.de/CodeSystem/dgkev/Aufnahmeanlass",
                "code": "E"
              }
            ]
          }
        }
      },
      "search": {
        "mode": "match"
      }
    },
    {
      "fullUrl": "http://num-fhirserver.distan.medicsh.de:8080/fhir/Observation/VIT-cc955b2ba537d9b39df0184551a25b35e23e086491403773cdbf2cbe",
      "resource": {
        "resourceType": "Observation",
        "id": "VIT-cc955b2ba537d9b39df0184551a25b35e23e086491403773cdbf2cbe",
        "meta": {
          "versionId": "193365051",
          "lastUpdated": "2025-03-18T02:48:27.896Z",
          "profile": [
            "https://www.medizininformatik-initiative.de/fhir/core/modul-person/StructureDefinition/Vitalstatus|2025.0.1"
          ]
        },
        "status": "final",
        "category": [
          {
            "coding": [
              {
                "system": "http://terminology.hl7.org/CodeSystem/observation-category",
                "code": "survey"
              }
            ]
          }
        ],
        "code": {
          "coding": [
            {
              "system": "http://loinc.org",
              "code": "67162-8"
            }
          ]
        },
        "subject": {
          "reference": "Patient/PID-6f8b872acf42502c9da47b4560718520316062947897502c9c37264d"
        },
        "effectiveDateTime": "2018-07-09T13:50:00+02:00",
        "valueCodeableConcept": {
          "coding": [
            {
              "system": "https://www.medizininformatik-initiative.de/fhir/core/modul-person/CodeSystem/Vitalstatus",
              "code": "L"
            }
          ]
        }
      },
      "search": {
        "mode": "match"
      }
    },
    {
      "fullUrl": "http://num-fhirserver.distan.medicsh.de:8080/fhir/Observation/VIT-f475a30d4f3ba1165c5927bd1f7c3f3c9c10cabbac3d9016f298d99a",
      "resource": {
        "resourceType": "Observation",
        "id": "VIT-f475a30d4f3ba1165c5927bd1f7c3f3c9c10cabbac3d9016f298d99a",
        "meta": {
          "versionId": "193365006",
          "lastUpdated": "2025-03-18T02:48:27.752Z",
          "profile": [
            "https://www.medizininformatik-initiative.de/fhir/core/modul-person/StructureDefinition/Vitalstatus|2025.0.1"
          ]
        },
        "status": "final",
        "category": [
          {
            "coding": [
              {
                "system": "http://terminology.hl7.org/CodeSystem/observation-category",
                "code": "survey"
              }
            ]
          }
        ],
        "code": {
          "coding": [
            {
              "system": "http://loinc.org",
              "code": "67162-8"
            }
          ]
        },
        "subject": {
          "reference": "Patient/PID-6f8b872acf42502c9da47b4560718520316062947897502c9c37264d"
        },
        "effectiveDateTime": "2018-07-09T13:52:00+02:00",
        "valueCodeableConcept": {
          "coding": [
            {
              "system": "https://www.medizininformatik-initiative.de/fhir/core/modul-person/CodeSystem/Vitalstatus",
              "code": "L"
            }
          ]
        }
      },
      "search": {
        "mode": "match"
      }
    }
  ]
}
