{
  "resourceType": "Bundle",
  "id": "DGTUX5B7P66GXTF5",
  "type": "searchset",
  "total": 3,
  "entry": [
    {
      "fullUrl": "http://num-fhirserver.distan.medicsh.de:8080/fhir/Patient/PID-6fe470708897a3b5f06636ef7cc0dffc97f2b422430b3784900a9b67",
      "resource": {
        "resourceType": "Patient",
        "id": "PID-6fe470708897a3b5f06636ef7cc0dffc97f2b422430b3784900a9b67",
        "meta": {
          "versionId": "139247441",
          "lastUpdated": "2025-03-15T05:06:23.928Z",
          "profile": [
            "https://www.medizininformatik-initiative.de/fhir/core/modul-person/StructureDefinition/PatientPseudonymisiert|2025.0.1"
          ]
        },
        "identifier": [
          {
            "use": "usual",
            "type": {
              "coding": [
                {
                  "system": "http://terminology.hl7.org/CodeSystem/v3-ObservationValue",
                  "code": "PSEUDED"
                }
              ]
            },
            "system": "https://www.medizininformatik-initiative.de/fhir/sid/pseudonym",
            "value": "6fe470708897a3b5f06636ef7cc0dffc97f2b422430b3784900a9b67"
          }
        ],
        "gender": "male",
        "birthDate": "2007-04",
        "deceasedBoolean": true
      },
      "search": {
        "mode": "match"
      }
    },
    {
      "fullUrl": "http://num-fhirserver.distan.medicsh.de:8080/fhir/Encounter/PV-4ff871fce919d520c111cc8ba87faaa9b394a4925582a5e0fb26e8fa",
      "resource": {
        "resourceType": "Encounter",
        "id": "PV-4ff871fce919d520c111cc8ba87faaa9b394a4925582a5e0fb26e8fa",
        "meta": {
          "versionId": "139246674",
          "lastUpdated": "2025-03-15T05:06:22.188Z",
          "source": "http://medic.uksh.de/source/orbis/legacy",
          "profile": [
            "https://www.medizininformatik-initiative.de/fhir/core/modul-fall/StructureDefinition/KontaktGesundheitseinrichtung|2025.0.0"
          ]
        },
        "identifier": [
          {
            "use": "official",
            "type": {
              "coding": [
                {
                  "system": "http://terminology.hl7.org/CodeSystem/v2-0203",
                  "code": "VN"
                }
              ]
            },
            "system": "http://medic.uksh.de/fhir/Encounter",
            "value": "4ff871fce919d520c111cc8ba87faaa9b394a4925582a5e0fb26e8fa"
          }
        ],
        "status": "finished",
        "class": {
          "system": "http://terminology.hl7.org/CodeSystem/v3-ActCode",
          "code": "AMB"
        },
        "type": [
          {
            "coding": [
              {
                "system": "http://fhir.de/CodeSystem/Kontaktebene",
                "code": "einrichtungskontakt"
              }
            ]
          }
        ],
        "subject": {
          "reference": "Patient/PID-6fe470708897a3b5f06636ef7cc0dffc97f2b422430b3784900a9b67"
        },
        "period": {
          "start": "2007-04-01T07:47:00+02:00",
          "end": "2007-06-30T23:59:59+02:00"
        }
      },
      "search": {
        "mode": "match"
      }
    },
    {
      "fullUrl": "http://num-fhirserver.distan.medicsh.de:8080/fhir/Observation/VIT-0d327ef90f93d0685c65b1efa9e11a1ab3595c8c7c27e46b3512dfa9",
      "resource": {
        "resourceType": "Observation",
        "id": "VIT-0d327ef90f93d0685c65b1efa9e11a1ab3595c8c7c27e46b3512dfa9",
        "meta": {
          "versionId": "139246692",
          "lastUpdated": "2025-03-15T05:06:22.224Z",
          "profile": [
            "https://www.medizininformatik-initiative.de/fhir/core/modul-person/StructureDefinition/Vitalstatus|2025.0.1"
          ]
        },
        "status": "final",
        "category": [
          {
            "coding": [
              {
                "system": "http://terminology.hl7.org/CodeSystem/observation-category",
                "code": "survey"
              }
            ]
          }
        ],
        "code": {
          "coding": [
            {
              "system": "http://loinc.org",
              "code": "67162-8"
            }
          ]
        },
        "subject": {
          "reference": "Patient/PID-6fe470708897a3b5f06636ef7cc0dffc97f2b422430b3784900a9b67"
        },
        "effectiveDateTime": "2007-04-01T07:47:00+02:00",
        "valueCodeableConcept": {
          "coding": [
            {
              "system": "https://www.medizininformatik-initiative.de/fhir/core/modul-person/CodeSystem/Vitalstatus",
              "code": "L"
            }
          ]
        }
      },
      "search": {
        "mode": "match"
      }
    }
  ]
}
