{
  "resourceType": "Bundle",
  "id": "DGTUYBVK52R4FRP6",
  "type": "searchset",
  "total": 9,
  "entry": [
    {
      "fullUrl": "http://num-fhirserver.distan.medicsh.de:8080/fhir/Patient/PID-7005791c093b9a7c3a98e9365d0868e511333f9f8b44866aa0550732",
      "resource": {
        "resourceType": "Patient",
        "id": "PID-7005791c093b9a7c3a98e9365d0868e511333f9f8b44866aa0550732",
        "meta": {
          "versionId": "357783776",
          "lastUpdated": "2025-08-06T10:12:53.222Z",
          "profile": [
            "https://www.medizininformatik-initiative.de/fhir/core/modul-person/StructureDefinition/PatientPseudonymisiert|2025.0.1"
          ]
        },
        "identifier": [
          {
            "use": "usual",
            "type": {
              "coding": [
                {
                  "system": "http://terminology.hl7.org/CodeSystem/v3-ObservationValue",
                  "code": "PSEUDED"
                }
              ]
            },
            "system": "https://www.medizininformatik-initiative.de/fhir/sid/pseudonym",
            "value": "7005791c093b9a7c3a98e9365d0868e511333f9f8b44866aa0550732"
          }
        ],
        "birthDate": "1990-01"
      },
      "search": {
        "mode": "match"
      }
    },
    {
      "fullUrl": "http://num-fhirserver.distan.medicsh.de:8080/fhir/Encounter/PV-1f0c122054c429a9f0beea34514c8bc0f5c9b9947a69a7eb4bac3081",
      "resource": {
        "resourceType": "Encounter",
        "id": "PV-1f0c122054c429a9f0beea34514c8bc0f5c9b9947a69a7eb4bac3081",
        "meta": {
          "versionId": "356134566",
          "lastUpdated": "2025-07-30T03:20:29.540Z",
          "source": "http://medic.uksh.de/source/orbis/adt",
          "profile": [
            "https://www.medizininformatik-initiative.de/fhir/core/modul-fall/StructureDefinition/KontaktGesundheitseinrichtung|2025.0.0"
          ]
        },
        "identifier": [
          {
            "use": "official",
            "type": {
              "coding": [
                {
                  "system": "http://terminology.hl7.org/CodeSystem/v2-0203",
                  "code": "VN"
                }
              ]
            },
            "system": "http://medic.uksh.de/fhir/Encounter",
            "value": "1f0c122054c429a9f0beea34514c8bc0f5c9b9947a69a7eb4bac3081"
          }
        ],
        "status": "in-progress",
        "class": {
          "system": "http://terminology.hl7.org/CodeSystem/v3-ActCode",
          "code": "AMB"
        },
        "type": [
          {
            "coding": [
              {
                "system": "http://fhir.de/CodeSystem/Kontaktebene",
                "code": "einrichtungskontakt"
              }
            ]
          }
        ],
        "subject": {
          "reference": "Patient/PID-7005791c093b9a7c3a98e9365d0868e511333f9f8b44866aa0550732"
        },
        "period": {
          "start": "2025-07-29T08:05:00+02:00",
          "end": "2025-09-30T23:59:59+02:00"
        }
      },
      "search": {
        "mode": "match"
      }
    },
    {
      "fullUrl": "http://num-fhirserver.distan.medicsh.de:8080/fhir/Encounter/PV-592010ce60cfc026b57ad555afc50bc20d511426c72a540cdf91b7f2",
      "resource": {
        "resourceType": "Encounter",
        "id": "PV-592010ce60cfc026b57ad555afc50bc20d511426c72a540cdf91b7f2",
        "meta": {
          "versionId": "356366912",
          "lastUpdated": "2025-07-31T03:20:48.152Z",
          "source": "http://medic.uksh.de/source/orbis/adt",
          "profile": [
            "https://www.medizininformatik-initiative.de/fhir/core/modul-fall/StructureDefinition/KontaktGesundheitseinrichtung|2025.0.0"
          ]
        },
        "identifier": [
          {
            "use": "official",
            "type": {
              "coding": [
                {
                  "system": "http://terminology.hl7.org/CodeSystem/v2-0203",
                  "code": "VN"
                }
              ]
            },
            "system": "http://medic.uksh.de/fhir/Encounter",
            "value": "592010ce60cfc026b57ad555afc50bc20d511426c72a540cdf91b7f2"
          }
        ],
        "status": "in-progress",
        "class": {
          "system": "http://terminology.hl7.org/CodeSystem/v3-ActCode",
          "code": "AMB"
        },
        "type": [
          {
            "coding": [
              {
                "system": "http://fhir.de/CodeSystem/Kontaktebene",
                "code": "einrichtungskontakt"
              }
            ]
          }
        ],
        "subject": {
          "reference": "Patient/PID-7005791c093b9a7c3a98e9365d0868e511333f9f8b44866aa0550732"
        },
        "period": {
          "start": "2025-07-30T08:17:00+02:00",
          "end": "2025-09-30T23:59:59+02:00"
        }
      },
      "search": {
        "mode": "match"
      }
    },
    {
      "fullUrl": "http://num-fhirserver.distan.medicsh.de:8080/fhir/Encounter/PV-8096eb30f7b0f35c191a997767cba466da49694b8bc2e4c66b104bf8",
      "resource": {
        "resourceType": "Encounter",
        "id": "PV-8096eb30f7b0f35c191a997767cba466da49694b8bc2e4c66b104bf8",
        "meta": {
          "versionId": "245985884",
          "lastUpdated": "2025-03-22T11:48:21.131Z",
          "source": "http://medic.uksh.de/source/orbis/adt",
          "profile": [
            "https://www.medizininformatik-initiative.de/fhir/core/modul-fall/StructureDefinition/KontaktGesundheitseinrichtung|2025.0.0"
          ]
        },
        "identifier": [
          {
            "use": "official",
            "type": {
              "coding": [
                {
                  "system": "http://terminology.hl7.org/CodeSystem/v2-0203",
                  "code": "VN"
                }
              ]
            },
            "system": "http://medic.uksh.de/fhir/Encounter",
            "value": "8096eb30f7b0f35c191a997767cba466da49694b8bc2e4c66b104bf8"
          }
        ],
        "status": "in-progress",
        "class": {
          "system": "http://terminology.hl7.org/CodeSystem/v3-ActCode",
          "code": "AMB"
        },
        "type": [
          {
            "coding": [
              {
                "system": "http://fhir.de/CodeSystem/Kontaktebene",
                "code": "einrichtungskontakt"
              }
            ]
          }
        ],
        "subject": {
          "reference": "Patient/PID-7005791c093b9a7c3a98e9365d0868e511333f9f8b44866aa0550732"
        },
        "period": {
          "start": "2025-02-21T14:59:00+01:00",
          "end": "2025-03-31T23:59:59+02:00"
        }
      },
      "search": {
        "mode": "match"
      }
    },
    {
      "fullUrl": "http://num-fhirserver.distan.medicsh.de:8080/fhir/Encounter/PV-f42d045f40c6811e78ba0bfcf589bfde4cfb6de4d7bfcc1abe0d06fe",
      "resource": {
        "resourceType": "Encounter",
        "id": "PV-f42d045f40c6811e78ba0bfcf589bfde4cfb6de4d7bfcc1abe0d06fe",
        "meta": {
          "versionId": "356134660",
          "lastUpdated": "2025-07-30T03:20:33.334Z",
          "source": "http://medic.uksh.de/source/orbis/adt",
          "profile": [
            "https://www.medizininformatik-initiative.de/fhir/core/modul-fall/StructureDefinition/KontaktGesundheitseinrichtung|2025.0.0"
          ]
        },
        "identifier": [
          {
            "use": "official",
            "type": {
              "coding": [
                {
                  "system": "http://terminology.hl7.org/CodeSystem/v2-0203",
                  "code": "VN"
                }
              ]
            },
            "system": "http://medic.uksh.de/fhir/Encounter",
            "value": "f42d045f40c6811e78ba0bfcf589bfde4cfb6de4d7bfcc1abe0d06fe"
          }
        ],
        "status": "in-progress",
        "class": {
          "system": "http://terminology.hl7.org/CodeSystem/v3-ActCode",
          "code": "AMB"
        },
        "type": [
          {
            "coding": [
              {
                "system": "http://fhir.de/CodeSystem/Kontaktebene",
                "code": "einrichtungskontakt"
              }
            ]
          }
        ],
        "subject": {
          "reference": "Patient/PID-7005791c093b9a7c3a98e9365d0868e511333f9f8b44866aa0550732"
        },
        "period": {
          "start": "2025-07-29T08:09:00+02:00",
          "end": "2025-09-30T23:59:59+02:00"
        }
      },
      "search": {
        "mode": "match"
      }
    },
    {
      "fullUrl": "http://num-fhirserver.distan.medicsh.de:8080/fhir/Observation/VIT-13266460f692ee96b58f1340444966e281a3865b2a8bbcd14a746733",
      "resource": {
        "resourceType": "Observation",
        "id": "VIT-13266460f692ee96b58f1340444966e281a3865b2a8bbcd14a746733",
        "meta": {
          "versionId": "245985886",
          "lastUpdated": "2025-03-22T11:48:21.151Z",
          "profile": [
            "https://www.medizininformatik-initiative.de/fhir/core/modul-person/StructureDefinition/Vitalstatus|2025.0.1"
          ]
        },
        "status": "final",
        "category": [
          {
            "coding": [
              {
                "system": "http://terminology.hl7.org/CodeSystem/observation-category",
                "code": "survey"
              }
            ]
          }
        ],
        "code": {
          "coding": [
            {
              "system": "http://loinc.org",
              "code": "67162-8"
            }
          ]
        },
        "subject": {
          "reference": "Patient/PID-7005791c093b9a7c3a98e9365d0868e511333f9f8b44866aa0550732"
        },
        "effectiveDateTime": "2025-02-21T14:59:00+01:00",
        "valueCodeableConcept": {
          "coding": [
            {
              "system": "https://www.medizininformatik-initiative.de/fhir/core/modul-person/CodeSystem/Vitalstatus",
              "code": "L"
            }
          ]
        }
      },
      "search": {
        "mode": "match"
      }
    },
    {
      "fullUrl": "http://num-fhirserver.distan.medicsh.de:8080/fhir/Observation/VIT-4f31db37ce1a5a07dcd30aa72113a58f098f9acb039a21ef1fcaf223",
      "resource": {
        "resourceType": "Observation",
        "id": "VIT-4f31db37ce1a5a07dcd30aa72113a58f098f9acb039a21ef1fcaf223",
        "meta": {
          "versionId": "356366914",
          "lastUpdated": "2025-07-31T03:20:48.167Z",
          "profile": [
            "https://www.medizininformatik-initiative.de/fhir/core/modul-person/StructureDefinition/Vitalstatus|2025.0.1"
          ]
        },
        "status": "final",
        "category": [
          {
            "coding": [
              {
                "system": "http://terminology.hl7.org/CodeSystem/observation-category",
                "code": "survey"
              }
            ]
          }
        ],
        "code": {
          "coding": [
            {
              "system": "http://loinc.org",
              "code": "67162-8"
            }
          ]
        },
        "subject": {
          "reference": "Patient/PID-7005791c093b9a7c3a98e9365d0868e511333f9f8b44866aa0550732"
        },
        "effectiveDateTime": "2025-07-30T08:17:00+02:00",
        "valueCodeableConcept": {
          "coding": [
            {
              "system": "https://www.medizininformatik-initiative.de/fhir/core/modul-person/CodeSystem/Vitalstatus",
              "code": "L"
            }
          ]
        }
      },
      "search": {
        "mode": "match"
      }
    },
    {
      "fullUrl": "http://num-fhirserver.distan.medicsh.de:8080/fhir/Observation/VIT-5fc8262a6a89e0b56429735e590c824867a356a53987040beb426245",
      "resource": {
        "resourceType": "Observation",
        "id": "VIT-5fc8262a6a89e0b56429735e590c824867a356a53987040beb426245",
        "meta": {
          "versionId": "356134661",
          "lastUpdated": "2025-07-30T03:20:33.354Z",
          "profile": [
            "https://www.medizininformatik-initiative.de/fhir/core/modul-person/StructureDefinition/Vitalstatus|2025.0.1"
          ]
        },
        "status": "final",
        "category": [
          {
            "coding": [
              {
                "system": "http://terminology.hl7.org/CodeSystem/observation-category",
                "code": "survey"
              }
            ]
          }
        ],
        "code": {
          "coding": [
            {
              "system": "http://loinc.org",
              "code": "67162-8"
            }
          ]
        },
        "subject": {
          "reference": "Patient/PID-7005791c093b9a7c3a98e9365d0868e511333f9f8b44866aa0550732"
        },
        "effectiveDateTime": "2025-07-29T08:09:00+02:00",
        "valueCodeableConcept": {
          "coding": [
            {
              "system": "https://www.medizininformatik-initiative.de/fhir/core/modul-person/CodeSystem/Vitalstatus",
              "code": "L"
            }
          ]
        }
      },
      "search": {
        "mode": "match"
      }
    },
    {
      "fullUrl": "http://num-fhirserver.distan.medicsh.de:8080/fhir/Observation/VIT-de9a21c1763f043307079de9384d79a09b28a29a9cba52779fba49d7",
      "resource": {
        "resourceType": "Observation",
        "id": "VIT-de9a21c1763f043307079de9384d79a09b28a29a9cba52779fba49d7",
        "meta": {
          "versionId": "356134568",
          "lastUpdated": "2025-07-30T03:20:29.562Z",
          "profile": [
            "https://www.medizininformatik-initiative.de/fhir/core/modul-person/StructureDefinition/Vitalstatus|2025.0.1"
          ]
        },
        "status": "final",
        "category": [
          {
            "coding": [
              {
                "system": "http://terminology.hl7.org/CodeSystem/observation-category",
                "code": "survey"
              }
            ]
          }
        ],
        "code": {
          "coding": [
            {
              "system": "http://loinc.org",
              "code": "67162-8"
            }
          ]
        },
        "subject": {
          "reference": "Patient/PID-7005791c093b9a7c3a98e9365d0868e511333f9f8b44866aa0550732"
        },
        "effectiveDateTime": "2025-07-29T08:05:00+02:00",
        "valueCodeableConcept": {
          "coding": [
            {
              "system": "https://www.medizininformatik-initiative.de/fhir/core/modul-person/CodeSystem/Vitalstatus",
              "code": "L"
            }
          ]
        }
      },
      "search": {
        "mode": "match"
      }
    }
  ]
}
