{
  "resourceType": "Bundle",
  "id": "DGTUX4KDAD3O6HYC",
  "type": "searchset",
  "total": 3,
  "entry": [
    {
      "fullUrl": "http://num-fhirserver.distan.medicsh.de:8080/fhir/Patient/PID-7082640b668879e89528815ed68c6cb23805204742a611d838d3f9cb",
      "resource": {
        "resourceType": "Patient",
        "id": "PID-7082640b668879e89528815ed68c6cb23805204742a611d838d3f9cb",
        "meta": {
          "versionId": "122760148",
          "lastUpdated": "2025-03-14T17:18:20.770Z",
          "profile": [
            "https://www.medizininformatik-initiative.de/fhir/core/modul-person/StructureDefinition/PatientPseudonymisiert|2025.0.1"
          ]
        },
        "identifier": [
          {
            "use": "usual",
            "type": {
              "coding": [
                {
                  "system": "http://terminology.hl7.org/CodeSystem/v3-ObservationValue",
                  "code": "PSEUDED"
                }
              ]
            },
            "system": "https://www.medizininformatik-initiative.de/fhir/sid/pseudonym",
            "value": "7082640b668879e89528815ed68c6cb23805204742a611d838d3f9cb"
          }
        ],
        "gender": "female",
        "birthDate": "2006-07",
        "deceasedBoolean": true
      },
      "search": {
        "mode": "match"
      }
    },
    {
      "fullUrl": "http://num-fhirserver.distan.medicsh.de:8080/fhir/Encounter/PV-6d0bc1af3a29120e4260c619d439dd2db4713bee054cb6ef265440a6",
      "resource": {
        "resourceType": "Encounter",
        "id": "PV-6d0bc1af3a29120e4260c619d439dd2db4713bee054cb6ef265440a6",
        "meta": {
          "versionId": "122760137",
          "lastUpdated": "2025-03-14T17:18:20.750Z",
          "source": "http://medic.uksh.de/source/orbis/legacy",
          "profile": [
            "https://www.medizininformatik-initiative.de/fhir/core/modul-fall/StructureDefinition/KontaktGesundheitseinrichtung|2025.0.0"
          ]
        },
        "identifier": [
          {
            "use": "official",
            "type": {
              "coding": [
                {
                  "system": "http://terminology.hl7.org/CodeSystem/v2-0203",
                  "code": "VN"
                }
              ]
            },
            "system": "http://medic.uksh.de/fhir/Encounter",
            "value": "6d0bc1af3a29120e4260c619d439dd2db4713bee054cb6ef265440a6"
          }
        ],
        "status": "finished",
        "class": {
          "system": "http://terminology.hl7.org/CodeSystem/v3-ActCode",
          "code": "AMB"
        },
        "type": [
          {
            "coding": [
              {
                "system": "http://fhir.de/CodeSystem/Kontaktebene",
                "code": "einrichtungskontakt"
              }
            ]
          }
        ],
        "subject": {
          "reference": "Patient/PID-7082640b668879e89528815ed68c6cb23805204742a611d838d3f9cb"
        },
        "period": {
          "start": "2006-07-01T09:00:00+02:00",
          "end": "2006-09-30T23:59:59+02:00"
        }
      },
      "search": {
        "mode": "match"
      }
    },
    {
      "fullUrl": "http://num-fhirserver.distan.medicsh.de:8080/fhir/Observation/VIT-ba93375bcf1215e3d4884b5f7be215f224ce76d9eab0a93eeb07f59f",
      "resource": {
        "resourceType": "Observation",
        "id": "VIT-ba93375bcf1215e3d4884b5f7be215f224ce76d9eab0a93eeb07f59f",
        "meta": {
          "versionId": "122760154",
          "lastUpdated": "2025-03-14T17:18:20.785Z",
          "profile": [
            "https://www.medizininformatik-initiative.de/fhir/core/modul-person/StructureDefinition/Vitalstatus|2025.0.1"
          ]
        },
        "status": "final",
        "category": [
          {
            "coding": [
              {
                "system": "http://terminology.hl7.org/CodeSystem/observation-category",
                "code": "survey"
              }
            ]
          }
        ],
        "code": {
          "coding": [
            {
              "system": "http://loinc.org",
              "code": "67162-8"
            }
          ]
        },
        "subject": {
          "reference": "Patient/PID-7082640b668879e89528815ed68c6cb23805204742a611d838d3f9cb"
        },
        "effectiveDateTime": "2006-07-01T09:00:00+02:00",
        "valueCodeableConcept": {
          "coding": [
            {
              "system": "https://www.medizininformatik-initiative.de/fhir/core/modul-person/CodeSystem/Vitalstatus",
              "code": "L"
            }
          ]
        }
      },
      "search": {
        "mode": "match"
      }
    }
  ]
}
