{
  "resourceType": "Bundle",
  "id": "DGTUX4LPTY5I7WEQ",
  "type": "searchset",
  "total": 3,
  "entry": [
    {
      "fullUrl": "http://num-fhirserver.distan.medicsh.de:8080/fhir/Patient/PID-722f7d6d686c03370436ef7bfa8fd9d0d683142faccd0ba7cf7ed45c",
      "resource": {
        "resourceType": "Patient",
        "id": "PID-722f7d6d686c03370436ef7bfa8fd9d0d683142faccd0ba7cf7ed45c",
        "meta": {
          "versionId": "59710730",
          "lastUpdated": "2025-03-12T15:26:30.242Z",
          "profile": [
            "https://www.medizininformatik-initiative.de/fhir/core/modul-person/StructureDefinition/PatientPseudonymisiert|2025.0.1"
          ]
        },
        "identifier": [
          {
            "use": "usual",
            "type": {
              "coding": [
                {
                  "system": "http://terminology.hl7.org/CodeSystem/v3-ObservationValue",
                  "code": "PSEUDED"
                }
              ]
            },
            "system": "https://www.medizininformatik-initiative.de/fhir/sid/pseudonym",
            "value": "722f7d6d686c03370436ef7bfa8fd9d0d683142faccd0ba7cf7ed45c"
          }
        ],
        "gender": "male",
        "birthDate": "2006-02",
        "deceasedBoolean": true
      },
      "search": {
        "mode": "match"
      }
    },
    {
      "fullUrl": "http://num-fhirserver.distan.medicsh.de:8080/fhir/Encounter/PV-388900c507caf15e2e2259d8b99dca4c2672054219f671f2a74b8c4b",
      "resource": {
        "resourceType": "Encounter",
        "id": "PV-388900c507caf15e2e2259d8b99dca4c2672054219f671f2a74b8c4b",
        "meta": {
          "versionId": "59712430",
          "lastUpdated": "2025-03-12T15:26:37.104Z",
          "source": "http://medic.uksh.de/source/orbis/legacy",
          "profile": [
            "https://www.medizininformatik-initiative.de/fhir/core/modul-fall/StructureDefinition/KontaktGesundheitseinrichtung|2025.0.0"
          ]
        },
        "identifier": [
          {
            "use": "official",
            "type": {
              "coding": [
                {
                  "system": "http://terminology.hl7.org/CodeSystem/v2-0203",
                  "code": "VN"
                }
              ]
            },
            "system": "http://medic.uksh.de/fhir/Encounter",
            "value": "388900c507caf15e2e2259d8b99dca4c2672054219f671f2a74b8c4b"
          }
        ],
        "status": "finished",
        "class": {
          "system": "http://terminology.hl7.org/CodeSystem/v3-ActCode",
          "code": "AMB"
        },
        "type": [
          {
            "coding": [
              {
                "system": "http://fhir.de/CodeSystem/Kontaktebene",
                "code": "einrichtungskontakt"
              }
            ]
          }
        ],
        "subject": {
          "reference": "Patient/PID-722f7d6d686c03370436ef7bfa8fd9d0d683142faccd0ba7cf7ed45c"
        },
        "period": {
          "start": "2006-02-01T09:00:00+01:00",
          "end": "2006-03-31T23:59:59+02:00"
        }
      },
      "search": {
        "mode": "match"
      }
    },
    {
      "fullUrl": "http://num-fhirserver.distan.medicsh.de:8080/fhir/Observation/VIT-f5b88731d5e3697d8e2d065ce1d4d744e74332f7750c80b8211fbf2b",
      "resource": {
        "resourceType": "Observation",
        "id": "VIT-f5b88731d5e3697d8e2d065ce1d4d744e74332f7750c80b8211fbf2b",
        "meta": {
          "versionId": "59712448",
          "lastUpdated": "2025-03-12T15:26:37.145Z",
          "profile": [
            "https://www.medizininformatik-initiative.de/fhir/core/modul-person/StructureDefinition/Vitalstatus|2025.0.1"
          ]
        },
        "status": "final",
        "category": [
          {
            "coding": [
              {
                "system": "http://terminology.hl7.org/CodeSystem/observation-category",
                "code": "survey"
              }
            ]
          }
        ],
        "code": {
          "coding": [
            {
              "system": "http://loinc.org",
              "code": "67162-8"
            }
          ]
        },
        "subject": {
          "reference": "Patient/PID-722f7d6d686c03370436ef7bfa8fd9d0d683142faccd0ba7cf7ed45c"
        },
        "effectiveDateTime": "2006-02-01T09:00:00+01:00",
        "valueCodeableConcept": {
          "coding": [
            {
              "system": "https://www.medizininformatik-initiative.de/fhir/core/modul-person/CodeSystem/Vitalstatus",
              "code": "L"
            }
          ]
        }
      },
      "search": {
        "mode": "match"
      }
    }
  ]
}
