{
  "resourceType": "Bundle",
  "id": "DGTUYBWWZW5P7YD5",
  "type": "searchset",
  "total": 3,
  "entry": [
    {
      "fullUrl": "http://num-fhirserver.distan.medicsh.de:8080/fhir/Patient/PID-74c2775bb2a41115da0769b5d243d5eea8ec25e325ed0d542487757c",
      "resource": {
        "resourceType": "Patient",
        "id": "PID-74c2775bb2a41115da0769b5d243d5eea8ec25e325ed0d542487757c",
        "meta": {
          "versionId": "75491378",
          "lastUpdated": "2025-03-13T07:14:31.298Z",
          "profile": [
            "https://www.medizininformatik-initiative.de/fhir/core/modul-person/StructureDefinition/PatientPseudonymisiert|2025.0.1"
          ]
        },
        "identifier": [
          {
            "use": "usual",
            "type": {
              "coding": [
                {
                  "system": "http://terminology.hl7.org/CodeSystem/v3-ObservationValue",
                  "code": "PSEUDED"
                }
              ]
            },
            "system": "https://www.medizininformatik-initiative.de/fhir/sid/pseudonym",
            "value": "74c2775bb2a41115da0769b5d243d5eea8ec25e325ed0d542487757c"
          }
        ],
        "gender": "male",
        "birthDate": "2020-01",
        "deceasedBoolean": true,
        "address": [
          {
            "type": "both",
            "postalCode": "241",
            "country": "DE"
          }
        ]
      },
      "search": {
        "mode": "match"
      }
    },
    {
      "fullUrl": "http://num-fhirserver.distan.medicsh.de:8080/fhir/Encounter/PV-edc39c63dbb142d560090ce8555f1d1d9d910aec3084d9c5f9c33c89",
      "resource": {
        "resourceType": "Encounter",
        "id": "PV-edc39c63dbb142d560090ce8555f1d1d9d910aec3084d9c5f9c33c89",
        "meta": {
          "versionId": "75491368",
          "lastUpdated": "2025-03-13T07:14:31.277Z",
          "source": "http://medic.uksh.de/source/orbis/legacy",
          "profile": [
            "https://www.medizininformatik-initiative.de/fhir/core/modul-fall/StructureDefinition/KontaktGesundheitseinrichtung|2025.0.0"
          ]
        },
        "identifier": [
          {
            "use": "official",
            "type": {
              "coding": [
                {
                  "system": "http://terminology.hl7.org/CodeSystem/v2-0203",
                  "code": "VN"
                }
              ]
            },
            "system": "http://medic.uksh.de/fhir/Encounter",
            "value": "edc39c63dbb142d560090ce8555f1d1d9d910aec3084d9c5f9c33c89"
          }
        ],
        "status": "finished",
        "class": {
          "system": "http://terminology.hl7.org/CodeSystem/v3-ActCode",
          "code": "AMB"
        },
        "type": [
          {
            "coding": [
              {
                "system": "http://fhir.de/CodeSystem/Kontaktebene",
                "code": "einrichtungskontakt"
              }
            ]
          }
        ],
        "subject": {
          "reference": "Patient/PID-74c2775bb2a41115da0769b5d243d5eea8ec25e325ed0d542487757c"
        },
        "period": {
          "start": "2020-09-15T16:39:00+02:00",
          "end": "2020-09-30T23:59:59+02:00"
        }
      },
      "search": {
        "mode": "match"
      }
    },
    {
      "fullUrl": "http://num-fhirserver.distan.medicsh.de:8080/fhir/Observation/VIT-571695d782e5c681ab9b645907a1974bdfa723a4cc5ecf22701c0f72",
      "resource": {
        "resourceType": "Observation",
        "id": "VIT-571695d782e5c681ab9b645907a1974bdfa723a4cc5ecf22701c0f72",
        "meta": {
          "versionId": "75491377",
          "lastUpdated": "2025-03-13T07:14:31.294Z",
          "profile": [
            "https://www.medizininformatik-initiative.de/fhir/core/modul-person/StructureDefinition/Vitalstatus|2025.0.1"
          ]
        },
        "status": "final",
        "category": [
          {
            "coding": [
              {
                "system": "http://terminology.hl7.org/CodeSystem/observation-category",
                "code": "survey"
              }
            ]
          }
        ],
        "code": {
          "coding": [
            {
              "system": "http://loinc.org",
              "code": "67162-8"
            }
          ]
        },
        "subject": {
          "reference": "Patient/PID-74c2775bb2a41115da0769b5d243d5eea8ec25e325ed0d542487757c"
        },
        "effectiveDateTime": "2020-09-15T16:39:00+02:00",
        "valueCodeableConcept": {
          "coding": [
            {
              "system": "https://www.medizininformatik-initiative.de/fhir/core/modul-person/CodeSystem/Vitalstatus",
              "code": "L"
            }
          ]
        }
      },
      "search": {
        "mode": "match"
      }
    }
  ]
}
