{
  "resourceType": "Bundle",
  "id": "DGTUX43VQHIWUQXI",
  "type": "searchset",
  "total": 3,
  "entry": [
    {
      "fullUrl": "http://num-fhirserver.distan.medicsh.de:8080/fhir/Patient/PID-74f93cb0307b6ad4305a7351832b05a77312bc6374a95c9cd9fce7db",
      "resource": {
        "resourceType": "Patient",
        "id": "PID-74f93cb0307b6ad4305a7351832b05a77312bc6374a95c9cd9fce7db",
        "meta": {
          "versionId": "168273562",
          "lastUpdated": "2025-03-17T08:02:57.856Z",
          "profile": [
            "https://www.medizininformatik-initiative.de/fhir/core/modul-person/StructureDefinition/PatientPseudonymisiert|2025.0.1"
          ]
        },
        "identifier": [
          {
            "use": "usual",
            "type": {
              "coding": [
                {
                  "system": "http://terminology.hl7.org/CodeSystem/v3-ObservationValue",
                  "code": "PSEUDED"
                }
              ]
            },
            "system": "https://www.medizininformatik-initiative.de/fhir/sid/pseudonym",
            "value": "74f93cb0307b6ad4305a7351832b05a77312bc6374a95c9cd9fce7db"
          }
        ],
        "gender": "male",
        "birthDate": "2007-02",
        "deceasedBoolean": true
      },
      "search": {
        "mode": "match"
      }
    },
    {
      "fullUrl": "http://num-fhirserver.distan.medicsh.de:8080/fhir/Encounter/PV-34b041d0327e08e9ff56d203fe05567577598f7af379977e8a3e68d1",
      "resource": {
        "resourceType": "Encounter",
        "id": "PV-34b041d0327e08e9ff56d203fe05567577598f7af379977e8a3e68d1",
        "meta": {
          "versionId": "168273366",
          "lastUpdated": "2025-03-17T08:02:57.376Z",
          "source": "http://medic.uksh.de/source/orbis/legacy",
          "profile": [
            "https://www.medizininformatik-initiative.de/fhir/core/modul-fall/StructureDefinition/KontaktGesundheitseinrichtung|2025.0.0"
          ]
        },
        "identifier": [
          {
            "use": "official",
            "type": {
              "coding": [
                {
                  "system": "http://terminology.hl7.org/CodeSystem/v2-0203",
                  "code": "VN"
                }
              ]
            },
            "system": "http://medic.uksh.de/fhir/Encounter",
            "value": "34b041d0327e08e9ff56d203fe05567577598f7af379977e8a3e68d1"
          }
        ],
        "status": "finished",
        "class": {
          "system": "http://terminology.hl7.org/CodeSystem/v3-ActCode",
          "code": "AMB"
        },
        "type": [
          {
            "coding": [
              {
                "system": "http://fhir.de/CodeSystem/Kontaktebene",
                "code": "einrichtungskontakt"
              }
            ]
          }
        ],
        "subject": {
          "reference": "Patient/PID-74f93cb0307b6ad4305a7351832b05a77312bc6374a95c9cd9fce7db"
        },
        "period": {
          "start": "2007-02-01T08:03:00+01:00",
          "end": "2007-03-31T23:59:59+02:00"
        }
      },
      "search": {
        "mode": "match"
      }
    },
    {
      "fullUrl": "http://num-fhirserver.distan.medicsh.de:8080/fhir/Observation/VIT-1831dd994488ddd41d16e068a94890b6d52c151dbbda15c7944f7e7d",
      "resource": {
        "resourceType": "Observation",
        "id": "VIT-1831dd994488ddd41d16e068a94890b6d52c151dbbda15c7944f7e7d",
        "meta": {
          "versionId": "168273375",
          "lastUpdated": "2025-03-17T08:02:57.399Z",
          "profile": [
            "https://www.medizininformatik-initiative.de/fhir/core/modul-person/StructureDefinition/Vitalstatus|2025.0.1"
          ]
        },
        "status": "final",
        "category": [
          {
            "coding": [
              {
                "system": "http://terminology.hl7.org/CodeSystem/observation-category",
                "code": "survey"
              }
            ]
          }
        ],
        "code": {
          "coding": [
            {
              "system": "http://loinc.org",
              "code": "67162-8"
            }
          ]
        },
        "subject": {
          "reference": "Patient/PID-74f93cb0307b6ad4305a7351832b05a77312bc6374a95c9cd9fce7db"
        },
        "effectiveDateTime": "2007-02-01T08:03:00+01:00",
        "valueCodeableConcept": {
          "coding": [
            {
              "system": "https://www.medizininformatik-initiative.de/fhir/core/modul-person/CodeSystem/Vitalstatus",
              "code": "L"
            }
          ]
        }
      },
      "search": {
        "mode": "match"
      }
    }
  ]
}
