{
  "resourceType": "Bundle",
  "id": "DGTUYASRGOAZAXQK",
  "type": "searchset",
  "total": 3,
  "entry": [
    {
      "fullUrl": "http://num-fhirserver.distan.medicsh.de:8080/fhir/Patient/PID-751ab2e0b59872aba512cd7069c57e2290ebbdbce3b06c85322037c0",
      "resource": {
        "resourceType": "Patient",
        "id": "PID-751ab2e0b59872aba512cd7069c57e2290ebbdbce3b06c85322037c0",
        "meta": {
          "versionId": "164329784",
          "lastUpdated": "2025-03-16T08:12:20.091Z",
          "profile": [
            "https://www.medizininformatik-initiative.de/fhir/core/modul-person/StructureDefinition/PatientPseudonymisiert|2025.0.1"
          ]
        },
        "identifier": [
          {
            "use": "usual",
            "type": {
              "coding": [
                {
                  "system": "http://terminology.hl7.org/CodeSystem/v3-ObservationValue",
                  "code": "PSEUDED"
                }
              ]
            },
            "system": "https://www.medizininformatik-initiative.de/fhir/sid/pseudonym",
            "value": "751ab2e0b59872aba512cd7069c57e2290ebbdbce3b06c85322037c0"
          }
        ],
        "birthDate": "2017-09",
        "deceasedBoolean": true
      },
      "search": {
        "mode": "match"
      }
    },
    {
      "fullUrl": "http://num-fhirserver.distan.medicsh.de:8080/fhir/Encounter/PV-593adf2da38116e73fab4692c4150270beb1a9c38409df6770389b9c",
      "resource": {
        "resourceType": "Encounter",
        "id": "PV-593adf2da38116e73fab4692c4150270beb1a9c38409df6770389b9c",
        "meta": {
          "versionId": "164329736",
          "lastUpdated": "2025-03-16T08:12:19.941Z",
          "source": "http://medic.uksh.de/source/orbis/legacy",
          "profile": [
            "https://www.medizininformatik-initiative.de/fhir/core/modul-fall/StructureDefinition/KontaktGesundheitseinrichtung|2025.0.0"
          ]
        },
        "identifier": [
          {
            "use": "official",
            "type": {
              "coding": [
                {
                  "system": "http://terminology.hl7.org/CodeSystem/v2-0203",
                  "code": "VN"
                }
              ]
            },
            "system": "http://medic.uksh.de/fhir/Encounter",
            "value": "593adf2da38116e73fab4692c4150270beb1a9c38409df6770389b9c"
          }
        ],
        "status": "finished",
        "class": {
          "system": "http://terminology.hl7.org/CodeSystem/v3-ActCode",
          "code": "AMB"
        },
        "type": [
          {
            "coding": [
              {
                "system": "http://fhir.de/CodeSystem/Kontaktebene",
                "code": "einrichtungskontakt"
              }
            ]
          }
        ],
        "subject": {
          "reference": "Patient/PID-751ab2e0b59872aba512cd7069c57e2290ebbdbce3b06c85322037c0"
        },
        "period": {
          "start": "2017-09-11T15:18:00+02:00",
          "end": "2017-09-30T23:59:59+02:00"
        },
        "hospitalization": {
          "admitSource": {
            "coding": [
              {
                "system": "http://fhir.de/CodeSystem/dgkev/Aufnahmeanlass",
                "code": "E"
              }
            ]
          }
        }
      },
      "search": {
        "mode": "match"
      }
    },
    {
      "fullUrl": "http://num-fhirserver.distan.medicsh.de:8080/fhir/Observation/VIT-deb019ee2c07ce108379469fab52a295891561d1de6a4b24c7c2341f",
      "resource": {
        "resourceType": "Observation",
        "id": "VIT-deb019ee2c07ce108379469fab52a295891561d1de6a4b24c7c2341f",
        "meta": {
          "versionId": "164329741",
          "lastUpdated": "2025-03-16T08:12:19.956Z",
          "profile": [
            "https://www.medizininformatik-initiative.de/fhir/core/modul-person/StructureDefinition/Vitalstatus|2025.0.1"
          ]
        },
        "status": "final",
        "category": [
          {
            "coding": [
              {
                "system": "http://terminology.hl7.org/CodeSystem/observation-category",
                "code": "survey"
              }
            ]
          }
        ],
        "code": {
          "coding": [
            {
              "system": "http://loinc.org",
              "code": "67162-8"
            }
          ]
        },
        "subject": {
          "reference": "Patient/PID-751ab2e0b59872aba512cd7069c57e2290ebbdbce3b06c85322037c0"
        },
        "effectiveDateTime": "2017-09-11T15:18:00+02:00",
        "valueCodeableConcept": {
          "coding": [
            {
              "system": "https://www.medizininformatik-initiative.de/fhir/core/modul-person/CodeSystem/Vitalstatus",
              "code": "L"
            }
          ]
        }
      },
      "search": {
        "mode": "match"
      }
    }
  ]
}
