{
  "resourceType": "Bundle",
  "id": "DGTUX4L2476YGYCN",
  "type": "searchset",
  "total": 3,
  "entry": [
    {
      "fullUrl": "http://num-fhirserver.distan.medicsh.de:8080/fhir/Patient/PID-77b17662a15ec94f8b519d3d4fc08dc21e57b3021f492f71533d967b",
      "resource": {
        "resourceType": "Patient",
        "id": "PID-77b17662a15ec94f8b519d3d4fc08dc21e57b3021f492f71533d967b",
        "meta": {
          "versionId": "167873011",
          "lastUpdated": "2025-03-17T05:22:33.681Z",
          "profile": [
            "https://www.medizininformatik-initiative.de/fhir/core/modul-person/StructureDefinition/PatientPseudonymisiert|2025.0.1"
          ]
        },
        "identifier": [
          {
            "use": "usual",
            "type": {
              "coding": [
                {
                  "system": "http://terminology.hl7.org/CodeSystem/v3-ObservationValue",
                  "code": "PSEUDED"
                }
              ]
            },
            "system": "https://www.medizininformatik-initiative.de/fhir/sid/pseudonym",
            "value": "77b17662a15ec94f8b519d3d4fc08dc21e57b3021f492f71533d967b"
          }
        ],
        "gender": "male",
        "birthDate": "2006-03",
        "deceasedBoolean": true
      },
      "search": {
        "mode": "match"
      }
    },
    {
      "fullUrl": "http://num-fhirserver.distan.medicsh.de:8080/fhir/Encounter/PV-afbc70273f2ad5fcfd4d0cf11803510c54635b2b8c49f31384281660",
      "resource": {
        "resourceType": "Encounter",
        "id": "PV-afbc70273f2ad5fcfd4d0cf11803510c54635b2b8c49f31384281660",
        "meta": {
          "versionId": "167872979",
          "lastUpdated": "2025-03-17T05:22:32.878Z",
          "source": "http://medic.uksh.de/source/orbis/legacy",
          "profile": [
            "https://www.medizininformatik-initiative.de/fhir/core/modul-fall/StructureDefinition/KontaktGesundheitseinrichtung|2025.0.0"
          ]
        },
        "identifier": [
          {
            "use": "official",
            "type": {
              "coding": [
                {
                  "system": "http://terminology.hl7.org/CodeSystem/v2-0203",
                  "code": "VN"
                }
              ]
            },
            "system": "http://medic.uksh.de/fhir/Encounter",
            "value": "afbc70273f2ad5fcfd4d0cf11803510c54635b2b8c49f31384281660"
          }
        ],
        "status": "finished",
        "class": {
          "system": "http://terminology.hl7.org/CodeSystem/v3-ActCode",
          "code": "AMB"
        },
        "type": [
          {
            "coding": [
              {
                "system": "http://fhir.de/CodeSystem/Kontaktebene",
                "code": "einrichtungskontakt"
              }
            ]
          }
        ],
        "subject": {
          "reference": "Patient/PID-77b17662a15ec94f8b519d3d4fc08dc21e57b3021f492f71533d967b"
        },
        "period": {
          "start": "2006-03-01T09:00:00+01:00",
          "end": "2006-03-31T23:59:59+02:00"
        }
      },
      "search": {
        "mode": "match"
      }
    },
    {
      "fullUrl": "http://num-fhirserver.distan.medicsh.de:8080/fhir/Observation/VIT-c5dec9c478f7a01b838304814610f682718aa223e81c9ed79eff356e",
      "resource": {
        "resourceType": "Observation",
        "id": "VIT-c5dec9c478f7a01b838304814610f682718aa223e81c9ed79eff356e",
        "meta": {
          "versionId": "167872980",
          "lastUpdated": "2025-03-17T05:22:32.897Z",
          "profile": [
            "https://www.medizininformatik-initiative.de/fhir/core/modul-person/StructureDefinition/Vitalstatus|2025.0.1"
          ]
        },
        "status": "final",
        "category": [
          {
            "coding": [
              {
                "system": "http://terminology.hl7.org/CodeSystem/observation-category",
                "code": "survey"
              }
            ]
          }
        ],
        "code": {
          "coding": [
            {
              "system": "http://loinc.org",
              "code": "67162-8"
            }
          ]
        },
        "subject": {
          "reference": "Patient/PID-77b17662a15ec94f8b519d3d4fc08dc21e57b3021f492f71533d967b"
        },
        "effectiveDateTime": "2006-03-01T09:00:00+01:00",
        "valueCodeableConcept": {
          "coding": [
            {
              "system": "https://www.medizininformatik-initiative.de/fhir/core/modul-person/CodeSystem/Vitalstatus",
              "code": "L"
            }
          ]
        }
      },
      "search": {
        "mode": "match"
      }
    }
  ]
}
