{
  "resourceType": "Bundle",
  "id": "DGTUYATXOB3Y26KS",
  "type": "searchset",
  "total": 3,
  "entry": [
    {
      "fullUrl": "http://num-fhirserver.distan.medicsh.de:8080/fhir/Patient/PID-78af44667690fe964d6b449750d0da2d1b316c1fba3d1297f2d51616",
      "resource": {
        "resourceType": "Patient",
        "id": "PID-78af44667690fe964d6b449750d0da2d1b316c1fba3d1297f2d51616",
        "meta": {
          "versionId": "170368233",
          "lastUpdated": "2025-03-17T10:53:39.108Z",
          "profile": [
            "https://www.medizininformatik-initiative.de/fhir/core/modul-person/StructureDefinition/PatientPseudonymisiert|2025.0.1"
          ]
        },
        "identifier": [
          {
            "use": "usual",
            "type": {
              "coding": [
                {
                  "system": "http://terminology.hl7.org/CodeSystem/v3-ObservationValue",
                  "code": "PSEUDED"
                }
              ]
            },
            "system": "https://www.medizininformatik-initiative.de/fhir/sid/pseudonym",
            "value": "78af44667690fe964d6b449750d0da2d1b316c1fba3d1297f2d51616"
          }
        ],
        "birthDate": "1990-01",
        "deceasedBoolean": true
      },
      "search": {
        "mode": "match"
      }
    },
    {
      "fullUrl": "http://num-fhirserver.distan.medicsh.de:8080/fhir/Encounter/PV-de47ddf09f0acbe2c3289f3a66b8c080885dc2ab365df914ac18bd06",
      "resource": {
        "resourceType": "Encounter",
        "id": "PV-de47ddf09f0acbe2c3289f3a66b8c080885dc2ab365df914ac18bd06",
        "meta": {
          "versionId": "170368234",
          "lastUpdated": "2025-03-17T10:53:39.108Z",
          "source": "http://medic.uksh.de/source/orbis/legacy",
          "profile": [
            "https://www.medizininformatik-initiative.de/fhir/core/modul-fall/StructureDefinition/KontaktGesundheitseinrichtung|2025.0.0"
          ]
        },
        "identifier": [
          {
            "use": "official",
            "type": {
              "coding": [
                {
                  "system": "http://terminology.hl7.org/CodeSystem/v2-0203",
                  "code": "VN"
                }
              ]
            },
            "system": "http://medic.uksh.de/fhir/Encounter",
            "value": "de47ddf09f0acbe2c3289f3a66b8c080885dc2ab365df914ac18bd06"
          }
        ],
        "status": "finished",
        "class": {
          "system": "http://terminology.hl7.org/CodeSystem/v3-ActCode",
          "code": "AMB"
        },
        "type": [
          {
            "coding": [
              {
                "system": "http://fhir.de/CodeSystem/Kontaktebene",
                "code": "einrichtungskontakt"
              }
            ]
          }
        ],
        "subject": {
          "reference": "Patient/PID-78af44667690fe964d6b449750d0da2d1b316c1fba3d1297f2d51616"
        },
        "period": {
          "start": "2017-08-31T21:01:00+02:00",
          "end": "2017-09-30T23:59:59+02:00"
        },
        "hospitalization": {
          "admitSource": {
            "coding": [
              {
                "system": "http://fhir.de/CodeSystem/dgkev/Aufnahmeanlass",
                "code": "E"
              }
            ]
          }
        }
      },
      "search": {
        "mode": "match"
      }
    },
    {
      "fullUrl": "http://num-fhirserver.distan.medicsh.de:8080/fhir/Observation/VIT-cdeb705d66bf79da3a1c0f8b9b1ba2a24fce3b4e8934b6f001d29180",
      "resource": {
        "resourceType": "Observation",
        "id": "VIT-cdeb705d66bf79da3a1c0f8b9b1ba2a24fce3b4e8934b6f001d29180",
        "meta": {
          "versionId": "170368245",
          "lastUpdated": "2025-03-17T10:53:39.125Z",
          "profile": [
            "https://www.medizininformatik-initiative.de/fhir/core/modul-person/StructureDefinition/Vitalstatus|2025.0.1"
          ]
        },
        "status": "final",
        "category": [
          {
            "coding": [
              {
                "system": "http://terminology.hl7.org/CodeSystem/observation-category",
                "code": "survey"
              }
            ]
          }
        ],
        "code": {
          "coding": [
            {
              "system": "http://loinc.org",
              "code": "67162-8"
            }
          ]
        },
        "subject": {
          "reference": "Patient/PID-78af44667690fe964d6b449750d0da2d1b316c1fba3d1297f2d51616"
        },
        "effectiveDateTime": "2017-08-31T21:01:00+02:00",
        "valueCodeableConcept": {
          "coding": [
            {
              "system": "https://www.medizininformatik-initiative.de/fhir/core/modul-person/CodeSystem/Vitalstatus",
              "code": "L"
            }
          ]
        }
      },
      "search": {
        "mode": "match"
      }
    }
  ]
}
