{
  "resourceType": "Bundle",
  "id": "DGTUX5NG2V5BV457",
  "type": "searchset",
  "total": 3,
  "entry": [
    {
      "fullUrl": "http://num-fhirserver.distan.medicsh.de:8080/fhir/Patient/PID-7a2a9c99b25e3aeac8195dd6d7e0b9f64fee59732585e35bfade20a4",
      "resource": {
        "resourceType": "Patient",
        "id": "PID-7a2a9c99b25e3aeac8195dd6d7e0b9f64fee59732585e35bfade20a4",
        "meta": {
          "versionId": "165960665",
          "lastUpdated": "2025-03-16T18:06:38.563Z",
          "profile": [
            "https://www.medizininformatik-initiative.de/fhir/core/modul-person/StructureDefinition/PatientPseudonymisiert|2025.0.1"
          ]
        },
        "identifier": [
          {
            "use": "usual",
            "type": {
              "coding": [
                {
                  "system": "http://terminology.hl7.org/CodeSystem/v3-ObservationValue",
                  "code": "PSEUDED"
                }
              ]
            },
            "system": "https://www.medizininformatik-initiative.de/fhir/sid/pseudonym",
            "value": "7a2a9c99b25e3aeac8195dd6d7e0b9f64fee59732585e35bfade20a4"
          }
        ],
        "gender": "male",
        "birthDate": "2006-06",
        "deceasedBoolean": true
      },
      "search": {
        "mode": "match"
      }
    },
    {
      "fullUrl": "http://num-fhirserver.distan.medicsh.de:8080/fhir/Encounter/PV-2b272b1c75ea4d81af837bedadc4387ee49edc5a1137295c4b12b828",
      "resource": {
        "resourceType": "Encounter",
        "id": "PV-2b272b1c75ea4d81af837bedadc4387ee49edc5a1137295c4b12b828",
        "meta": {
          "versionId": "165960663",
          "lastUpdated": "2025-03-16T18:06:38.556Z",
          "source": "http://medic.uksh.de/source/orbis/legacy",
          "profile": [
            "https://www.medizininformatik-initiative.de/fhir/core/modul-fall/StructureDefinition/KontaktGesundheitseinrichtung|2025.0.0"
          ]
        },
        "identifier": [
          {
            "use": "official",
            "type": {
              "coding": [
                {
                  "system": "http://terminology.hl7.org/CodeSystem/v2-0203",
                  "code": "VN"
                }
              ]
            },
            "system": "http://medic.uksh.de/fhir/Encounter",
            "value": "2b272b1c75ea4d81af837bedadc4387ee49edc5a1137295c4b12b828"
          }
        ],
        "status": "finished",
        "class": {
          "system": "http://terminology.hl7.org/CodeSystem/v3-ActCode",
          "code": "AMB"
        },
        "type": [
          {
            "coding": [
              {
                "system": "http://fhir.de/CodeSystem/Kontaktebene",
                "code": "einrichtungskontakt"
              }
            ]
          }
        ],
        "subject": {
          "reference": "Patient/PID-7a2a9c99b25e3aeac8195dd6d7e0b9f64fee59732585e35bfade20a4"
        },
        "period": {
          "start": "2006-06-01T08:36:00+02:00",
          "end": "2006-06-30T23:59:59+02:00"
        }
      },
      "search": {
        "mode": "match"
      }
    },
    {
      "fullUrl": "http://num-fhirserver.distan.medicsh.de:8080/fhir/Observation/VIT-17d49e17f7fb1d5abd69d0125e700ac6408af39b3d4f2250c8997afc",
      "resource": {
        "resourceType": "Observation",
        "id": "VIT-17d49e17f7fb1d5abd69d0125e700ac6408af39b3d4f2250c8997afc",
        "meta": {
          "versionId": "165960668",
          "lastUpdated": "2025-03-16T18:06:38.572Z",
          "profile": [
            "https://www.medizininformatik-initiative.de/fhir/core/modul-person/StructureDefinition/Vitalstatus|2025.0.1"
          ]
        },
        "status": "final",
        "category": [
          {
            "coding": [
              {
                "system": "http://terminology.hl7.org/CodeSystem/observation-category",
                "code": "survey"
              }
            ]
          }
        ],
        "code": {
          "coding": [
            {
              "system": "http://loinc.org",
              "code": "67162-8"
            }
          ]
        },
        "subject": {
          "reference": "Patient/PID-7a2a9c99b25e3aeac8195dd6d7e0b9f64fee59732585e35bfade20a4"
        },
        "effectiveDateTime": "2006-06-01T08:36:00+02:00",
        "valueCodeableConcept": {
          "coding": [
            {
              "system": "https://www.medizininformatik-initiative.de/fhir/core/modul-person/CodeSystem/Vitalstatus",
              "code": "L"
            }
          ]
        }
      },
      "search": {
        "mode": "match"
      }
    }
  ]
}
