{
  "resourceType": "Bundle",
  "id": "DGTUX5HEQVQUXFO3",
  "type": "searchset",
  "total": 3,
  "entry": [
    {
      "fullUrl": "http://num-fhirserver.distan.medicsh.de:8080/fhir/Patient/PID-7ab6937abdfcea4e50b8a551dde2b51b6b18b64a0ae34af24cc6911a",
      "resource": {
        "resourceType": "Patient",
        "id": "PID-7ab6937abdfcea4e50b8a551dde2b51b6b18b64a0ae34af24cc6911a",
        "meta": {
          "versionId": "206454964",
          "lastUpdated": "2025-03-18T12:20:11.854Z",
          "profile": [
            "https://www.medizininformatik-initiative.de/fhir/core/modul-person/StructureDefinition/PatientPseudonymisiert|2025.0.1"
          ]
        },
        "identifier": [
          {
            "use": "usual",
            "type": {
              "coding": [
                {
                  "system": "http://terminology.hl7.org/CodeSystem/v3-ObservationValue",
                  "code": "PSEUDED"
                }
              ]
            },
            "system": "https://www.medizininformatik-initiative.de/fhir/sid/pseudonym",
            "value": "7ab6937abdfcea4e50b8a551dde2b51b6b18b64a0ae34af24cc6911a"
          }
        ],
        "gender": "male",
        "birthDate": "2007-01",
        "deceasedBoolean": true
      },
      "search": {
        "mode": "match"
      }
    },
    {
      "fullUrl": "http://num-fhirserver.distan.medicsh.de:8080/fhir/Encounter/PV-05877906ae7729f20c798958105ea5246dde480fc92b4f2d32d1bbf3",
      "resource": {
        "resourceType": "Encounter",
        "id": "PV-05877906ae7729f20c798958105ea5246dde480fc92b4f2d32d1bbf3",
        "meta": {
          "versionId": "206454996",
          "lastUpdated": "2025-03-18T12:20:11.945Z",
          "source": "http://medic.uksh.de/source/orbis/legacy",
          "profile": [
            "https://www.medizininformatik-initiative.de/fhir/core/modul-fall/StructureDefinition/KontaktGesundheitseinrichtung|2025.0.0"
          ]
        },
        "identifier": [
          {
            "use": "official",
            "type": {
              "coding": [
                {
                  "system": "http://terminology.hl7.org/CodeSystem/v2-0203",
                  "code": "VN"
                }
              ]
            },
            "system": "http://medic.uksh.de/fhir/Encounter",
            "value": "05877906ae7729f20c798958105ea5246dde480fc92b4f2d32d1bbf3"
          }
        ],
        "status": "finished",
        "class": {
          "system": "http://terminology.hl7.org/CodeSystem/v3-ActCode",
          "code": "AMB"
        },
        "type": [
          {
            "coding": [
              {
                "system": "http://fhir.de/CodeSystem/Kontaktebene",
                "code": "einrichtungskontakt"
              }
            ]
          }
        ],
        "subject": {
          "reference": "Patient/PID-7ab6937abdfcea4e50b8a551dde2b51b6b18b64a0ae34af24cc6911a"
        },
        "period": {
          "start": "2007-01-01T07:51:00+01:00",
          "end": "2007-03-31T23:59:59+02:00"
        }
      },
      "search": {
        "mode": "match"
      }
    },
    {
      "fullUrl": "http://num-fhirserver.distan.medicsh.de:8080/fhir/Observation/VIT-a6e1f498e42b145931bb81f089ba79f0b0b47b0c8ce0d574127f98dd",
      "resource": {
        "resourceType": "Observation",
        "id": "VIT-a6e1f498e42b145931bb81f089ba79f0b0b47b0c8ce0d574127f98dd",
        "meta": {
          "versionId": "206455004",
          "lastUpdated": "2025-03-18T12:20:11.961Z",
          "profile": [
            "https://www.medizininformatik-initiative.de/fhir/core/modul-person/StructureDefinition/Vitalstatus|2025.0.1"
          ]
        },
        "status": "final",
        "category": [
          {
            "coding": [
              {
                "system": "http://terminology.hl7.org/CodeSystem/observation-category",
                "code": "survey"
              }
            ]
          }
        ],
        "code": {
          "coding": [
            {
              "system": "http://loinc.org",
              "code": "67162-8"
            }
          ]
        },
        "subject": {
          "reference": "Patient/PID-7ab6937abdfcea4e50b8a551dde2b51b6b18b64a0ae34af24cc6911a"
        },
        "effectiveDateTime": "2007-01-01T07:51:00+01:00",
        "valueCodeableConcept": {
          "coding": [
            {
              "system": "https://www.medizininformatik-initiative.de/fhir/core/modul-person/CodeSystem/Vitalstatus",
              "code": "L"
            }
          ]
        }
      },
      "search": {
        "mode": "match"
      }
    }
  ]
}
