{
  "resourceType": "Bundle",
  "id": "DGTUYBWA2YTFDFIX",
  "type": "searchset",
  "total": 5,
  "entry": [
    {
      "fullUrl": "http://num-fhirserver.distan.medicsh.de:8080/fhir/Patient/PID-7d5416ee6db1d12abd4c34297d5d063bd430e0045603a85bbe4e269b",
      "resource": {
        "resourceType": "Patient",
        "id": "PID-7d5416ee6db1d12abd4c34297d5d063bd430e0045603a85bbe4e269b",
        "meta": {
          "versionId": "163018736",
          "lastUpdated": "2025-03-16T00:22:51.045Z",
          "profile": [
            "https://www.medizininformatik-initiative.de/fhir/core/modul-person/StructureDefinition/PatientPseudonymisiert|2025.0.1"
          ]
        },
        "identifier": [
          {
            "use": "usual",
            "type": {
              "coding": [
                {
                  "system": "http://terminology.hl7.org/CodeSystem/v3-ObservationValue",
                  "code": "PSEUDED"
                }
              ]
            },
            "system": "https://www.medizininformatik-initiative.de/fhir/sid/pseudonym",
            "value": "7d5416ee6db1d12abd4c34297d5d063bd430e0045603a85bbe4e269b"
          }
        ],
        "birthDate": "2016-11",
        "deceasedBoolean": true
      },
      "search": {
        "mode": "match"
      }
    },
    {
      "fullUrl": "http://num-fhirserver.distan.medicsh.de:8080/fhir/Encounter/PV-1507b6b00e0682ef4a2374e66947a58e9b737eecb2cd13a0092e59c1",
      "resource": {
        "resourceType": "Encounter",
        "id": "PV-1507b6b00e0682ef4a2374e66947a58e9b737eecb2cd13a0092e59c1",
        "meta": {
          "versionId": "163018594",
          "lastUpdated": "2025-03-16T00:22:50.403Z",
          "source": "http://medic.uksh.de/source/orbis/legacy",
          "profile": [
            "https://www.medizininformatik-initiative.de/fhir/core/modul-fall/StructureDefinition/KontaktGesundheitseinrichtung|2025.0.0"
          ]
        },
        "identifier": [
          {
            "use": "official",
            "type": {
              "coding": [
                {
                  "system": "http://terminology.hl7.org/CodeSystem/v2-0203",
                  "code": "VN"
                }
              ]
            },
            "system": "http://medic.uksh.de/fhir/Encounter",
            "value": "1507b6b00e0682ef4a2374e66947a58e9b737eecb2cd13a0092e59c1"
          }
        ],
        "status": "finished",
        "class": {
          "system": "http://terminology.hl7.org/CodeSystem/v3-ActCode",
          "code": "AMB"
        },
        "type": [
          {
            "coding": [
              {
                "system": "http://fhir.de/CodeSystem/Kontaktebene",
                "code": "einrichtungskontakt"
              }
            ]
          }
        ],
        "subject": {
          "reference": "Patient/PID-7d5416ee6db1d12abd4c34297d5d063bd430e0045603a85bbe4e269b"
        },
        "period": {
          "start": "2016-11-10T15:53:00+01:00",
          "end": "2016-12-31T23:59:59+01:00"
        },
        "hospitalization": {
          "admitSource": {
            "coding": [
              {
                "system": "http://fhir.de/CodeSystem/dgkev/Aufnahmeanlass",
                "code": "E"
              }
            ]
          }
        }
      },
      "search": {
        "mode": "match"
      }
    },
    {
      "fullUrl": "http://num-fhirserver.distan.medicsh.de:8080/fhir/Encounter/PV-d9edeedf775cdb25cf9bf9915576ba171f0d7e8f5ce1aaeb7105c198",
      "resource": {
        "resourceType": "Encounter",
        "id": "PV-d9edeedf775cdb25cf9bf9915576ba171f0d7e8f5ce1aaeb7105c198",
        "meta": {
          "versionId": "343611630",
          "lastUpdated": "2025-06-07T03:20:05.298Z",
          "source": "http://medic.uksh.de/source/orbis/adt",
          "profile": [
            "https://www.medizininformatik-initiative.de/fhir/core/modul-fall/StructureDefinition/KontaktGesundheitseinrichtung|2025.0.0"
          ]
        },
        "identifier": [
          {
            "use": "official",
            "type": {
              "coding": [
                {
                  "system": "http://terminology.hl7.org/CodeSystem/v2-0203",
                  "code": "VN"
                }
              ]
            },
            "system": "http://medic.uksh.de/fhir/Encounter",
            "value": "d9edeedf775cdb25cf9bf9915576ba171f0d7e8f5ce1aaeb7105c198"
          }
        ],
        "status": "in-progress",
        "class": {
          "system": "http://terminology.hl7.org/CodeSystem/v3-ActCode",
          "code": "AMB"
        },
        "type": [
          {
            "coding": [
              {
                "system": "http://fhir.de/CodeSystem/Kontaktebene",
                "code": "einrichtungskontakt"
              }
            ]
          }
        ],
        "subject": {
          "reference": "Patient/PID-7d5416ee6db1d12abd4c34297d5d063bd430e0045603a85bbe4e269b"
        },
        "period": {
          "start": "2025-06-06T11:08:00+02:00",
          "end": "2025-06-30T23:59:59+02:00"
        }
      },
      "search": {
        "mode": "match"
      }
    },
    {
      "fullUrl": "http://num-fhirserver.distan.medicsh.de:8080/fhir/Observation/VIT-dd134d37b57194db426f8fa42866653767f189105d5599c47c0b0e3e",
      "resource": {
        "resourceType": "Observation",
        "id": "VIT-dd134d37b57194db426f8fa42866653767f189105d5599c47c0b0e3e",
        "meta": {
          "versionId": "163018600",
          "lastUpdated": "2025-03-16T00:22:50.417Z",
          "profile": [
            "https://www.medizininformatik-initiative.de/fhir/core/modul-person/StructureDefinition/Vitalstatus|2025.0.1"
          ]
        },
        "status": "final",
        "category": [
          {
            "coding": [
              {
                "system": "http://terminology.hl7.org/CodeSystem/observation-category",
                "code": "survey"
              }
            ]
          }
        ],
        "code": {
          "coding": [
            {
              "system": "http://loinc.org",
              "code": "67162-8"
            }
          ]
        },
        "subject": {
          "reference": "Patient/PID-7d5416ee6db1d12abd4c34297d5d063bd430e0045603a85bbe4e269b"
        },
        "effectiveDateTime": "2016-11-10T15:53:00+01:00",
        "valueCodeableConcept": {
          "coding": [
            {
              "system": "https://www.medizininformatik-initiative.de/fhir/core/modul-person/CodeSystem/Vitalstatus",
              "code": "L"
            }
          ]
        }
      },
      "search": {
        "mode": "match"
      }
    },
    {
      "fullUrl": "http://num-fhirserver.distan.medicsh.de:8080/fhir/Observation/VIT-e4e57cc11dce0d223c921ad5562422c8208fc4e65a02fdac2d3813df",
      "resource": {
        "resourceType": "Observation",
        "id": "VIT-e4e57cc11dce0d223c921ad5562422c8208fc4e65a02fdac2d3813df",
        "meta": {
          "versionId": "343611631",
          "lastUpdated": "2025-06-07T03:20:05.319Z",
          "profile": [
            "https://www.medizininformatik-initiative.de/fhir/core/modul-person/StructureDefinition/Vitalstatus|2025.0.1"
          ]
        },
        "status": "final",
        "category": [
          {
            "coding": [
              {
                "system": "http://terminology.hl7.org/CodeSystem/observation-category",
                "code": "survey"
              }
            ]
          }
        ],
        "code": {
          "coding": [
            {
              "system": "http://loinc.org",
              "code": "67162-8"
            }
          ]
        },
        "subject": {
          "reference": "Patient/PID-7d5416ee6db1d12abd4c34297d5d063bd430e0045603a85bbe4e269b"
        },
        "effectiveDateTime": "2025-06-06T11:08:00+02:00",
        "valueCodeableConcept": {
          "coding": [
            {
              "system": "https://www.medizininformatik-initiative.de/fhir/core/modul-person/CodeSystem/Vitalstatus",
              "code": "L"
            }
          ]
        }
      },
      "search": {
        "mode": "match"
      }
    }
  ]
}
