{
  "resourceType": "Bundle",
  "id": "DGTUX5DIJH3LQOQP",
  "type": "searchset",
  "total": 3,
  "entry": [
    {
      "fullUrl": "http://num-fhirserver.distan.medicsh.de:8080/fhir/Patient/PID-7df54ec3bc67d9647b67a297a74217ddeb15110f9212fabd30d794ef",
      "resource": {
        "resourceType": "Patient",
        "id": "PID-7df54ec3bc67d9647b67a297a74217ddeb15110f9212fabd30d794ef",
        "meta": {
          "versionId": "165942236",
          "lastUpdated": "2025-03-16T18:00:14.203Z",
          "profile": [
            "https://www.medizininformatik-initiative.de/fhir/core/modul-person/StructureDefinition/PatientPseudonymisiert|2025.0.1"
          ]
        },
        "identifier": [
          {
            "use": "usual",
            "type": {
              "coding": [
                {
                  "system": "http://terminology.hl7.org/CodeSystem/v3-ObservationValue",
                  "code": "PSEUDED"
                }
              ]
            },
            "system": "https://www.medizininformatik-initiative.de/fhir/sid/pseudonym",
            "value": "7df54ec3bc67d9647b67a297a74217ddeb15110f9212fabd30d794ef"
          }
        ],
        "gender": "male",
        "birthDate": "2007-12",
        "deceasedBoolean": true
      },
      "search": {
        "mode": "match"
      }
    },
    {
      "fullUrl": "http://num-fhirserver.distan.medicsh.de:8080/fhir/Encounter/PV-1a530a7199e5c342e2f66ce4c58bac7d97dc6b4b2e0554ab43299120",
      "resource": {
        "resourceType": "Encounter",
        "id": "PV-1a530a7199e5c342e2f66ce4c58bac7d97dc6b4b2e0554ab43299120",
        "meta": {
          "versionId": "165942193",
          "lastUpdated": "2025-03-16T18:00:14.078Z",
          "source": "http://medic.uksh.de/source/orbis/legacy",
          "profile": [
            "https://www.medizininformatik-initiative.de/fhir/core/modul-fall/StructureDefinition/KontaktGesundheitseinrichtung|2025.0.0"
          ]
        },
        "identifier": [
          {
            "use": "official",
            "type": {
              "coding": [
                {
                  "system": "http://terminology.hl7.org/CodeSystem/v2-0203",
                  "code": "VN"
                }
              ]
            },
            "system": "http://medic.uksh.de/fhir/Encounter",
            "value": "1a530a7199e5c342e2f66ce4c58bac7d97dc6b4b2e0554ab43299120"
          }
        ],
        "status": "finished",
        "class": {
          "system": "http://terminology.hl7.org/CodeSystem/v3-ActCode",
          "code": "AMB"
        },
        "type": [
          {
            "coding": [
              {
                "system": "http://fhir.de/CodeSystem/Kontaktebene",
                "code": "einrichtungskontakt"
              }
            ]
          }
        ],
        "subject": {
          "reference": "Patient/PID-7df54ec3bc67d9647b67a297a74217ddeb15110f9212fabd30d794ef"
        },
        "period": {
          "start": "2007-12-01T09:19:00+01:00",
          "end": "2007-12-31T23:59:59+01:00"
        }
      },
      "search": {
        "mode": "match"
      }
    },
    {
      "fullUrl": "http://num-fhirserver.distan.medicsh.de:8080/fhir/Observation/VIT-f8be6c5a0fefb7e274ff86e9a32120aa4c21fe9cade30733a8520722",
      "resource": {
        "resourceType": "Observation",
        "id": "VIT-f8be6c5a0fefb7e274ff86e9a32120aa4c21fe9cade30733a8520722",
        "meta": {
          "versionId": "165942200",
          "lastUpdated": "2025-03-16T18:00:14.099Z",
          "profile": [
            "https://www.medizininformatik-initiative.de/fhir/core/modul-person/StructureDefinition/Vitalstatus|2025.0.1"
          ]
        },
        "status": "final",
        "category": [
          {
            "coding": [
              {
                "system": "http://terminology.hl7.org/CodeSystem/observation-category",
                "code": "survey"
              }
            ]
          }
        ],
        "code": {
          "coding": [
            {
              "system": "http://loinc.org",
              "code": "67162-8"
            }
          ]
        },
        "subject": {
          "reference": "Patient/PID-7df54ec3bc67d9647b67a297a74217ddeb15110f9212fabd30d794ef"
        },
        "effectiveDateTime": "2007-12-01T09:19:00+01:00",
        "valueCodeableConcept": {
          "coding": [
            {
              "system": "https://www.medizininformatik-initiative.de/fhir/core/modul-person/CodeSystem/Vitalstatus",
              "code": "L"
            }
          ]
        }
      },
      "search": {
        "mode": "match"
      }
    }
  ]
}
