{
  "resourceType": "Bundle",
  "id": "DGTUX6GTJ7EWP5CC",
  "type": "searchset",
  "total": 7,
  "entry": [
    {
      "fullUrl": "http://num-fhirserver.distan.medicsh.de:8080/fhir/Patient/PID-7f1babf806dddb3a1b5640741ed2ffc7fd7ff6a9264c340384725f22",
      "resource": {
        "resourceType": "Patient",
        "id": "PID-7f1babf806dddb3a1b5640741ed2ffc7fd7ff6a9264c340384725f22",
        "meta": {
          "versionId": "240870382",
          "lastUpdated": "2025-03-20T21:41:19.130Z",
          "profile": [
            "https://www.medizininformatik-initiative.de/fhir/core/modul-person/StructureDefinition/PatientPseudonymisiert|2025.0.1"
          ]
        },
        "identifier": [
          {
            "use": "usual",
            "type": {
              "coding": [
                {
                  "system": "http://terminology.hl7.org/CodeSystem/v3-ObservationValue",
                  "code": "PSEUDED"
                }
              ]
            },
            "system": "https://www.medizininformatik-initiative.de/fhir/sid/pseudonym",
            "value": "7f1babf806dddb3a1b5640741ed2ffc7fd7ff6a9264c340384725f22"
          }
        ],
        "gender": "male",
        "birthDate": "2021-10",
        "deceasedBoolean": true
      },
      "search": {
        "mode": "match"
      }
    },
    {
      "fullUrl": "http://num-fhirserver.distan.medicsh.de:8080/fhir/Encounter/PV-a1e8ddcd9022f2dbe8228a6d2bded8f5764d65e12eed88747e66b8e9",
      "resource": {
        "resourceType": "Encounter",
        "id": "PV-a1e8ddcd9022f2dbe8228a6d2bded8f5764d65e12eed88747e66b8e9",
        "meta": {
          "versionId": "240870383",
          "lastUpdated": "2025-03-20T21:41:19.142Z",
          "source": "http://medic.uksh.de/source/orbis/adt",
          "profile": [
            "https://www.medizininformatik-initiative.de/fhir/core/modul-fall/StructureDefinition/KontaktGesundheitseinrichtung|2025.0.0"
          ]
        },
        "identifier": [
          {
            "use": "official",
            "type": {
              "coding": [
                {
                  "system": "http://terminology.hl7.org/CodeSystem/v2-0203",
                  "code": "VN"
                }
              ]
            },
            "system": "http://medic.uksh.de/fhir/Encounter",
            "value": "a1e8ddcd9022f2dbe8228a6d2bded8f5764d65e12eed88747e66b8e9"
          }
        ],
        "status": "finished",
        "class": {
          "system": "http://terminology.hl7.org/CodeSystem/v3-ActCode",
          "code": "AMB"
        },
        "type": [
          {
            "coding": [
              {
                "system": "http://fhir.de/CodeSystem/Kontaktebene",
                "code": "einrichtungskontakt"
              }
            ]
          }
        ],
        "subject": {
          "reference": "Patient/PID-7f1babf806dddb3a1b5640741ed2ffc7fd7ff6a9264c340384725f22"
        },
        "period": {
          "start": "2023-09-06T08:21:00+02:00",
          "end": "2023-09-30T23:59:59+02:00"
        }
      },
      "search": {
        "mode": "match"
      }
    },
    {
      "fullUrl": "http://num-fhirserver.distan.medicsh.de:8080/fhir/Encounter/PV-a5ce2a8b40f234a023162a96346b547f3744bdcfc7562b551dddd697",
      "resource": {
        "resourceType": "Encounter",
        "id": "PV-a5ce2a8b40f234a023162a96346b547f3744bdcfc7562b551dddd697",
        "meta": {
          "versionId": "308492333",
          "lastUpdated": "2025-04-01T03:08:15.390Z",
          "source": "http://medic.uksh.de/source/orbis/adt",
          "profile": [
            "https://www.medizininformatik-initiative.de/fhir/core/modul-fall/StructureDefinition/KontaktGesundheitseinrichtung|2025.0.0"
          ]
        },
        "identifier": [
          {
            "use": "official",
            "type": {
              "coding": [
                {
                  "system": "http://terminology.hl7.org/CodeSystem/v2-0203",
                  "code": "VN"
                }
              ]
            },
            "system": "http://medic.uksh.de/fhir/Encounter",
            "value": "a5ce2a8b40f234a023162a96346b547f3744bdcfc7562b551dddd697"
          }
        ],
        "status": "finished",
        "class": {
          "system": "http://terminology.hl7.org/CodeSystem/v3-ActCode",
          "code": "AMB"
        },
        "type": [
          {
            "coding": [
              {
                "system": "http://fhir.de/CodeSystem/Kontaktebene",
                "code": "einrichtungskontakt"
              }
            ]
          }
        ],
        "subject": {
          "reference": "Patient/PID-7f1babf806dddb3a1b5640741ed2ffc7fd7ff6a9264c340384725f22"
        },
        "period": {
          "start": "2025-03-26T15:37:00+01:00",
          "end": "2025-03-31T23:59:59+02:00"
        }
      },
      "search": {
        "mode": "match"
      }
    },
    {
      "fullUrl": "http://num-fhirserver.distan.medicsh.de:8080/fhir/Observation/VIT-530265523823e109c55ee99a72b3fefc0ff272bdf65c33c26ce840b1",
      "resource": {
        "resourceType": "Observation",
        "id": "VIT-530265523823e109c55ee99a72b3fefc0ff272bdf65c33c26ce840b1",
        "meta": {
          "versionId": "240870385",
          "lastUpdated": "2025-03-20T21:41:19.171Z",
          "profile": [
            "https://www.medizininformatik-initiative.de/fhir/core/modul-person/StructureDefinition/Vitalstatus|2025.0.1"
          ]
        },
        "status": "final",
        "category": [
          {
            "coding": [
              {
                "system": "http://terminology.hl7.org/CodeSystem/observation-category",
                "code": "survey"
              }
            ]
          }
        ],
        "code": {
          "coding": [
            {
              "system": "http://loinc.org",
              "code": "67162-8"
            }
          ]
        },
        "subject": {
          "reference": "Patient/PID-7f1babf806dddb3a1b5640741ed2ffc7fd7ff6a9264c340384725f22"
        },
        "effectiveDateTime": "2023-09-30T23:59:59+02:00",
        "valueCodeableConcept": {
          "coding": [
            {
              "system": "https://www.medizininformatik-initiative.de/fhir/core/modul-person/CodeSystem/Vitalstatus",
              "code": "L"
            }
          ]
        }
      },
      "search": {
        "mode": "match"
      }
    },
    {
      "fullUrl": "http://num-fhirserver.distan.medicsh.de:8080/fhir/Observation/VIT-a4cc3761e1e879a430997bc25780613a32cd65e46026c3b699ba11af",
      "resource": {
        "resourceType": "Observation",
        "id": "VIT-a4cc3761e1e879a430997bc25780613a32cd65e46026c3b699ba11af",
        "meta": {
          "versionId": "250440786",
          "lastUpdated": "2025-03-28T10:25:22.802Z",
          "profile": [
            "https://www.medizininformatik-initiative.de/fhir/core/modul-person/StructureDefinition/Vitalstatus|2025.0.1"
          ]
        },
        "status": "final",
        "category": [
          {
            "coding": [
              {
                "system": "http://terminology.hl7.org/CodeSystem/observation-category",
                "code": "survey"
              }
            ]
          }
        ],
        "code": {
          "coding": [
            {
              "system": "http://loinc.org",
              "code": "67162-8"
            }
          ]
        },
        "subject": {
          "reference": "Patient/PID-7f1babf806dddb3a1b5640741ed2ffc7fd7ff6a9264c340384725f22"
        },
        "effectiveDateTime": "2025-03-26T15:37:00+01:00",
        "valueCodeableConcept": {
          "coding": [
            {
              "system": "https://www.medizininformatik-initiative.de/fhir/core/modul-person/CodeSystem/Vitalstatus",
              "code": "L"
            }
          ]
        }
      },
      "search": {
        "mode": "match"
      }
    },
    {
      "fullUrl": "http://num-fhirserver.distan.medicsh.de:8080/fhir/Observation/VIT-d75b4025bfc8e7826e68df6ca4283fa7aac8de8ccc583b28658a679e",
      "resource": {
        "resourceType": "Observation",
        "id": "VIT-d75b4025bfc8e7826e68df6ca4283fa7aac8de8ccc583b28658a679e",
        "meta": {
          "versionId": "240870384",
          "lastUpdated": "2025-03-20T21:41:19.155Z",
          "profile": [
            "https://www.medizininformatik-initiative.de/fhir/core/modul-person/StructureDefinition/Vitalstatus|2025.0.1"
          ]
        },
        "status": "final",
        "category": [
          {
            "coding": [
              {
                "system": "http://terminology.hl7.org/CodeSystem/observation-category",
                "code": "survey"
              }
            ]
          }
        ],
        "code": {
          "coding": [
            {
              "system": "http://loinc.org",
              "code": "67162-8"
            }
          ]
        },
        "subject": {
          "reference": "Patient/PID-7f1babf806dddb3a1b5640741ed2ffc7fd7ff6a9264c340384725f22"
        },
        "effectiveDateTime": "2023-09-06T08:21:00+02:00",
        "valueCodeableConcept": {
          "coding": [
            {
              "system": "https://www.medizininformatik-initiative.de/fhir/core/modul-person/CodeSystem/Vitalstatus",
              "code": "L"
            }
          ]
        }
      },
      "search": {
        "mode": "match"
      }
    },
    {
      "fullUrl": "http://num-fhirserver.distan.medicsh.de:8080/fhir/Observation/VIT-f8aa67803b64f676c281cbf6fb1b126ccc4f5aabffda2e5789d4f0f7",
      "resource": {
        "resourceType": "Observation",
        "id": "VIT-f8aa67803b64f676c281cbf6fb1b126ccc4f5aabffda2e5789d4f0f7",
        "meta": {
          "versionId": "308492335",
          "lastUpdated": "2025-04-01T03:08:15.430Z",
          "profile": [
            "https://www.medizininformatik-initiative.de/fhir/core/modul-person/StructureDefinition/Vitalstatus|2025.0.1"
          ]
        },
        "status": "final",
        "category": [
          {
            "coding": [
              {
                "system": "http://terminology.hl7.org/CodeSystem/observation-category",
                "code": "survey"
              }
            ]
          }
        ],
        "code": {
          "coding": [
            {
              "system": "http://loinc.org",
              "code": "67162-8"
            }
          ]
        },
        "subject": {
          "reference": "Patient/PID-7f1babf806dddb3a1b5640741ed2ffc7fd7ff6a9264c340384725f22"
        },
        "effectiveDateTime": "2025-03-31T23:59:59+02:00",
        "valueCodeableConcept": {
          "coding": [
            {
              "system": "https://www.medizininformatik-initiative.de/fhir/core/modul-person/CodeSystem/Vitalstatus",
              "code": "L"
            }
          ]
        }
      },
      "search": {
        "mode": "match"
      }
    }
  ]
}
