{
  "resourceType": "Bundle",
  "id": "DGTUX53Y34AG5S2L",
  "type": "searchset",
  "total": 11,
  "entry": [
    {
      "fullUrl": "http://num-fhirserver.distan.medicsh.de:8080/fhir/Patient/PID-7fe183a61d8e1a8fff95a691d56c8eb33b8a9f28949c65a58f139963",
      "resource": {
        "resourceType": "Patient",
        "id": "PID-7fe183a61d8e1a8fff95a691d56c8eb33b8a9f28949c65a58f139963",
        "meta": {
          "versionId": "240054351",
          "lastUpdated": "2025-03-20T16:20:30.409Z",
          "profile": [
            "https://www.medizininformatik-initiative.de/fhir/core/modul-person/StructureDefinition/PatientPseudonymisiert|2025.0.1"
          ]
        },
        "identifier": [
          {
            "use": "usual",
            "type": {
              "coding": [
                {
                  "system": "http://terminology.hl7.org/CodeSystem/v3-ObservationValue",
                  "code": "PSEUDED"
                }
              ]
            },
            "system": "https://www.medizininformatik-initiative.de/fhir/sid/pseudonym",
            "value": "7fe183a61d8e1a8fff95a691d56c8eb33b8a9f28949c65a58f139963"
          }
        ],
        "gender": "male",
        "birthDate": "2000-01",
        "deceasedBoolean": true
      },
      "search": {
        "mode": "match"
      }
    },
    {
      "fullUrl": "http://num-fhirserver.distan.medicsh.de:8080/fhir/Consent/IC-bb4d71998cf3447330f1099baddfad1103febbcc0aa61e5625ee3b34",
      "resource": {
        "resourceType": "Consent",
        "id": "IC-bb4d71998cf3447330f1099baddfad1103febbcc0aa61e5625ee3b34",
        "meta": {
          "versionId": "205909",
          "lastUpdated": "2025-03-10T15:29:28.736Z",
          "profile": [
            "https://www.medizininformatik-initiative.de/fhir/modul-consent/StructureDefinition/mii-pr-consent-einwilligung|2025.0.1"
          ]
        },
        "status": "active",
        "scope": {
          "coding": [
            {
              "system": "http://terminology.hl7.org/CodeSystem/consentscope",
              "code": "research"
            }
          ]
        },
        "category": [
          {
            "coding": [
              {
                "system": "http://loinc.org",
                "code": "57016-8"
              }
            ]
          },
          {
            "coding": [
              {
                "system": "https://www.medizininformatik-initiative.de/fhir/modul-consent/CodeSystem/mii-cs-consent-consent_category",
                "code": "2.16.840.1.113883.3.1937.777.24.2.184"
              }
            ]
          }
        ],
        "patient": {
          "reference": "Patient/PID-7fe183a61d8e1a8fff95a691d56c8eb33b8a9f28949c65a58f139963"
        },
        "dateTime": "2023-06-16",
        "policy": [
          {
            "uri": "2.16.840.1.113883.3.1937.777.24.2.1791"
          }
        ],
        "provision": {
          "type": "deny",
          "period": {
            "start": "2023-06-16",
            "end": "3023-06-16"
          },
          "provision": [
            {
              "type": "permit",
              "period": {
                "start": "2023-06-16",
                "end": "3023-06-16"
              },
              "code": [
                {
                  "coding": [
                    {
                      "system": "urn:oid:2.16.840.1.113883.3.1937.777.24.5.3",
                      "code": "2.16.840.1.113883.3.1937.777.24.5.3.2",
                      "display": "IDAT erheben"
                    }
                  ]
                },
                {
                  "coding": [
                    {
                      "system": "urn:oid:2.16.840.1.113883.3.1937.777.24.5.3",
                      "code": "2.16.840.1.113883.3.1937.777.24.5.3.3",
                      "display": "IDAT speichern, verarbeiten"
                    }
                  ]
                },
                {
                  "coding": [
                    {
                      "system": "urn:oid:2.16.840.1.113883.3.1937.777.24.5.3",
                      "code": "2.16.840.1.113883.3.1937.777.24.5.3.4",
                      "display": "IDAT zusammenfuehren Dritte"
                    }
                  ]
                },
                {
                  "coding": [
                    {
                      "system": "urn:oid:2.16.840.1.113883.3.1937.777.24.5.3",
                      "code": "2.16.840.1.113883.3.1937.777.24.5.3.5",
                      "display": "IDAT bereitstellen EU DSGVO NIVEAU"
                    }
                  ]
                },
                {
                  "coding": [
                    {
                      "system": "urn:oid:2.16.840.1.113883.3.1937.777.24.5.3",
                      "code": "2.16.840.1.113883.3.1937.777.24.5.3.6",
                      "display": "MDAT erheben"
                    }
                  ]
                },
                {
                  "coding": [
                    {
                      "system": "urn:oid:2.16.840.1.113883.3.1937.777.24.5.3",
                      "code": "2.16.840.1.113883.3.1937.777.24.5.3.7",
                      "display": "MDAT speichern, verarbeiten"
                    }
                  ]
                },
                {
                  "coding": [
                    {
                      "system": "urn:oid:2.16.840.1.113883.3.1937.777.24.5.3",
                      "code": "2.16.840.1.113883.3.1937.777.24.5.3.8",
                      "display": "MDAT wissenschaftlich nutzen EU DSGVO NIVEAU"
                    }
                  ]
                },
                {
                  "coding": [
                    {
                      "system": "urn:oid:2.16.840.1.113883.3.1937.777.24.5.3",
                      "code": "2.16.840.1.113883.3.1937.777.24.5.3.9",
                      "display": "MDAT zusammenfuehren Dritte"
                    }
                  ]
                },
                {
                  "coding": [
                    {
                      "system": "urn:oid:2.16.840.1.113883.3.1937.777.24.5.3",
                      "code": "2.16.840.1.113883.3.1937.777.24.5.3.45",
                      "display": "MDAT retrospektiv speichern verarbeiten"
                    }
                  ]
                },
                {
                  "coding": [
                    {
                      "system": "urn:oid:2.16.840.1.113883.3.1937.777.24.5.3",
                      "code": "2.16.840.1.113883.3.1937.777.24.5.3.46",
                      "display": "MDAT retrospektiv wissenschaftlich nutzen EU DSGVO NIVEAU"
                    }
                  ]
                },
                {
                  "coding": [
                    {
                      "system": "urn:oid:2.16.840.1.113883.3.1937.777.24.5.3",
                      "code": "2.16.840.1.113883.3.1937.777.24.5.3.47",
                      "display": "MDAT retrospektiv zusammenfuehren Dritte"
                    }
                  ]
                },
                {
                  "coding": [
                    {
                      "system": "urn:oid:2.16.840.1.113883.3.1937.777.24.5.3",
                      "code": "2.16.840.1.113883.3.1937.777.24.5.3.19",
                      "display": "BIOMAT erheben"
                    }
                  ]
                },
                {
                  "coding": [
                    {
                      "system": "urn:oid:2.16.840.1.113883.3.1937.777.24.5.3",
                      "code": "2.16.840.1.113883.3.1937.777.24.5.3.20",
                      "display": "BIOMAT lagern verarbeiten"
                    }
                  ]
                },
                {
                  "coding": [
                    {
                      "system": "urn:oid:2.16.840.1.113883.3.1937.777.24.5.3",
                      "code": "2.16.840.1.113883.3.1937.777.24.5.3.21",
                      "display": "BIOMAT Eigentum übertragen"
                    }
                  ]
                },
                {
                  "coding": [
                    {
                      "system": "urn:oid:2.16.840.1.113883.3.1937.777.24.5.3",
                      "code": "2.16.840.1.113883.3.1937.777.24.5.3.22",
                      "display": "BIOMAT wissenschaftlich nutzen EU DSGVO NIVEAU"
                    }
                  ]
                },
                {
                  "coding": [
                    {
                      "system": "urn:oid:2.16.840.1.113883.3.1937.777.24.5.3",
                      "code": "2.16.840.1.113883.3.1937.777.24.5.3.23",
                      "display": "BIOMAT Analysedaten zusammenfuehren Dritte"
                    }
                  ]
                },
                {
                  "coding": [
                    {
                      "system": "urn:oid:2.16.840.1.113883.3.1937.777.24.5.3",
                      "code": "2.16.840.1.113883.3.1937.777.24.5.3.51",
                      "display": "BIOMAT retrospektiv lagern verarbeiten"
                    }
                  ]
                },
                {
                  "coding": [
                    {
                      "system": "urn:oid:2.16.840.1.113883.3.1937.777.24.5.3",
                      "code": "2.16.840.1.113883.3.1937.777.24.5.3.52",
                      "display": "BIOMAT retrospektiv wissenschaftlich nutzen EU DSGVO NIVEAU"
                    }
                  ]
                },
                {
                  "coding": [
                    {
                      "system": "urn:oid:2.16.840.1.113883.3.1937.777.24.5.3",
                      "code": "2.16.840.1.113883.3.1937.777.24.5.3.53",
                      "display": "BIOMAT retrospektiv Analysedaten zusammenfuehren Dritte"
                    }
                  ]
                },
                {
                  "coding": [
                    {
                      "system": "urn:oid:2.16.840.1.113883.3.1937.777.24.5.3",
                      "code": "2.16.840.1.113883.3.1937.777.24.5.3.37",
                      "display": "Rekontaktierung Ergebnisse erheblicher Bedeutung"
                    }
                  ]
                },
                {
                  "coding": [
                    {
                      "system": "urn:oid:2.16.840.1.113883.3.1937.777.24.5.3",
                      "code": "2.16.840.1.113883.3.1937.777.24.5.3.31",
                      "display": "Rekontaktierung Zusatzbefund"
                    }
                  ]
                },
                {
                  "coding": [
                    {
                      "system": "urn:oid:2.16.840.1.113883.3.1937.777.24.5.3",
                      "code": "2.16.840.1.113883.3.1937.777.24.5.3.28",
                      "display": "Rekontaktierung weitere Erhebung"
                    }
                  ]
                },
                {
                  "coding": [
                    {
                      "system": "urn:oid:2.16.840.1.113883.3.1937.777.24.5.3",
                      "code": "2.16.840.1.113883.3.1937.777.24.5.3.29",
                      "display": "Rekontaktierung weitere Studien"
                    }
                  ]
                }
              ]
            }
          ]
        }
      },
      "search": {
        "mode": "match"
      }
    },
    {
      "fullUrl": "http://num-fhirserver.distan.medicsh.de:8080/fhir/Encounter/PV-150306d5cde5450674ecec2f2f4548e58c4af68fb2025571d9ecb9c8",
      "resource": {
        "resourceType": "Encounter",
        "id": "PV-150306d5cde5450674ecec2f2f4548e58c4af68fb2025571d9ecb9c8",
        "meta": {
          "versionId": "242126144",
          "lastUpdated": "2025-03-21T03:38:29.122Z",
          "source": "http://medic.uksh.de/source/orbis/adt",
          "profile": [
            "https://www.medizininformatik-initiative.de/fhir/core/modul-fall/StructureDefinition/KontaktGesundheitseinrichtung|2025.0.0"
          ]
        },
        "identifier": [
          {
            "use": "official",
            "type": {
              "coding": [
                {
                  "system": "http://terminology.hl7.org/CodeSystem/v2-0203",
                  "code": "VN"
                }
              ]
            },
            "system": "http://medic.uksh.de/fhir/Encounter",
            "value": "150306d5cde5450674ecec2f2f4548e58c4af68fb2025571d9ecb9c8"
          }
        ],
        "status": "finished",
        "class": {
          "system": "http://terminology.hl7.org/CodeSystem/v3-ActCode",
          "code": "AMB"
        },
        "type": [
          {
            "coding": [
              {
                "system": "http://fhir.de/CodeSystem/Kontaktebene",
                "code": "einrichtungskontakt"
              }
            ]
          }
        ],
        "subject": {
          "reference": "Patient/PID-7fe183a61d8e1a8fff95a691d56c8eb33b8a9f28949c65a58f139963"
        },
        "period": {
          "start": "2023-12-18T08:32:00+01:00",
          "end": "2023-12-31T23:59:59+01:00"
        }
      },
      "search": {
        "mode": "match"
      }
    },
    {
      "fullUrl": "http://num-fhirserver.distan.medicsh.de:8080/fhir/Encounter/PV-38dc476aded0ee2a7e4a74ad18b01ab1c22ada17118b8634e5e28776",
      "resource": {
        "resourceType": "Encounter",
        "id": "PV-38dc476aded0ee2a7e4a74ad18b01ab1c22ada17118b8634e5e28776",
        "meta": {
          "versionId": "242125937",
          "lastUpdated": "2025-03-21T03:38:23.240Z",
          "source": "http://medic.uksh.de/source/orbis/adt",
          "profile": [
            "https://www.medizininformatik-initiative.de/fhir/core/modul-fall/StructureDefinition/KontaktGesundheitseinrichtung|2025.0.0"
          ]
        },
        "identifier": [
          {
            "use": "official",
            "type": {
              "coding": [
                {
                  "system": "http://terminology.hl7.org/CodeSystem/v2-0203",
                  "code": "VN"
                }
              ]
            },
            "system": "http://medic.uksh.de/fhir/Encounter",
            "value": "38dc476aded0ee2a7e4a74ad18b01ab1c22ada17118b8634e5e28776"
          }
        ],
        "status": "finished",
        "class": {
          "system": "http://terminology.hl7.org/CodeSystem/v3-ActCode",
          "code": "AMB"
        },
        "type": [
          {
            "coding": [
              {
                "system": "http://fhir.de/CodeSystem/Kontaktebene",
                "code": "einrichtungskontakt"
              }
            ]
          }
        ],
        "subject": {
          "reference": "Patient/PID-7fe183a61d8e1a8fff95a691d56c8eb33b8a9f28949c65a58f139963"
        },
        "period": {
          "start": "2023-12-18T08:22:00+01:00",
          "end": "2023-12-31T23:59:59+01:00"
        }
      },
      "search": {
        "mode": "match"
      }
    },
    {
      "fullUrl": "http://num-fhirserver.distan.medicsh.de:8080/fhir/Encounter/PV-640614ecdc06ac06beac1888c137015f9765fd3fa5f1921b657ca8d6",
      "resource": {
        "resourceType": "Encounter",
        "id": "PV-640614ecdc06ac06beac1888c137015f9765fd3fa5f1921b657ca8d6",
        "meta": {
          "versionId": "240054352",
          "lastUpdated": "2025-03-20T16:20:30.426Z",
          "source": "http://medic.uksh.de/source/orbis/adt",
          "profile": [
            "https://www.medizininformatik-initiative.de/fhir/core/modul-fall/StructureDefinition/KontaktGesundheitseinrichtung|2025.0.0"
          ]
        },
        "identifier": [
          {
            "use": "official",
            "type": {
              "coding": [
                {
                  "system": "http://terminology.hl7.org/CodeSystem/v2-0203",
                  "code": "VN"
                }
              ]
            },
            "system": "http://medic.uksh.de/fhir/Encounter",
            "value": "640614ecdc06ac06beac1888c137015f9765fd3fa5f1921b657ca8d6"
          }
        ],
        "status": "finished",
        "class": {
          "system": "http://terminology.hl7.org/CodeSystem/v3-ActCode",
          "code": "AMB"
        },
        "type": [
          {
            "coding": [
              {
                "system": "http://fhir.de/CodeSystem/Kontaktebene",
                "code": "einrichtungskontakt"
              }
            ]
          }
        ],
        "subject": {
          "reference": "Patient/PID-7fe183a61d8e1a8fff95a691d56c8eb33b8a9f28949c65a58f139963"
        },
        "period": {
          "start": "2023-06-16T09:04:00+02:00",
          "end": "2023-06-30T23:59:59+02:00"
        }
      },
      "search": {
        "mode": "match"
      }
    },
    {
      "fullUrl": "http://num-fhirserver.distan.medicsh.de:8080/fhir/Observation/VIT-21034597e7f3ccd22f9798b0a3e75c727ded4ab8f2e9c69e7f9094fa",
      "resource": {
        "resourceType": "Observation",
        "id": "VIT-21034597e7f3ccd22f9798b0a3e75c727ded4ab8f2e9c69e7f9094fa",
        "meta": {
          "versionId": "242125939",
          "lastUpdated": "2025-03-21T03:38:23.261Z",
          "profile": [
            "https://www.medizininformatik-initiative.de/fhir/core/modul-person/StructureDefinition/Vitalstatus|2025.0.1"
          ]
        },
        "status": "final",
        "category": [
          {
            "coding": [
              {
                "system": "http://terminology.hl7.org/CodeSystem/observation-category",
                "code": "survey"
              }
            ]
          }
        ],
        "code": {
          "coding": [
            {
              "system": "http://loinc.org",
              "code": "67162-8"
            }
          ]
        },
        "subject": {
          "reference": "Patient/PID-7fe183a61d8e1a8fff95a691d56c8eb33b8a9f28949c65a58f139963"
        },
        "effectiveDateTime": "2023-12-18T08:22:00+01:00",
        "valueCodeableConcept": {
          "coding": [
            {
              "system": "https://www.medizininformatik-initiative.de/fhir/core/modul-person/CodeSystem/Vitalstatus",
              "code": "L"
            }
          ]
        }
      },
      "search": {
        "mode": "match"
      }
    },
    {
      "fullUrl": "http://num-fhirserver.distan.medicsh.de:8080/fhir/Observation/VIT-28d2cc574f7abbd38785fbd42600969111c32fdadd54b16bb3f32f36",
      "resource": {
        "resourceType": "Observation",
        "id": "VIT-28d2cc574f7abbd38785fbd42600969111c32fdadd54b16bb3f32f36",
        "meta": {
          "versionId": "242125940",
          "lastUpdated": "2025-03-21T03:38:23.280Z",
          "profile": [
            "https://www.medizininformatik-initiative.de/fhir/core/modul-person/StructureDefinition/Vitalstatus|2025.0.1"
          ]
        },
        "status": "final",
        "category": [
          {
            "coding": [
              {
                "system": "http://terminology.hl7.org/CodeSystem/observation-category",
                "code": "survey"
              }
            ]
          }
        ],
        "code": {
          "coding": [
            {
              "system": "http://loinc.org",
              "code": "67162-8"
            }
          ]
        },
        "subject": {
          "reference": "Patient/PID-7fe183a61d8e1a8fff95a691d56c8eb33b8a9f28949c65a58f139963"
        },
        "effectiveDateTime": "2023-12-31T23:59:59+01:00",
        "valueCodeableConcept": {
          "coding": [
            {
              "system": "https://www.medizininformatik-initiative.de/fhir/core/modul-person/CodeSystem/Vitalstatus",
              "code": "L"
            }
          ]
        }
      },
      "search": {
        "mode": "match"
      }
    },
    {
      "fullUrl": "http://num-fhirserver.distan.medicsh.de:8080/fhir/Observation/VIT-2e13ed7076dac65072ed5c2c84b25e10b5d4a28ba885220ae0bd7022",
      "resource": {
        "resourceType": "Observation",
        "id": "VIT-2e13ed7076dac65072ed5c2c84b25e10b5d4a28ba885220ae0bd7022",
        "meta": {
          "versionId": "242126146",
          "lastUpdated": "2025-03-21T03:38:29.153Z",
          "profile": [
            "https://www.medizininformatik-initiative.de/fhir/core/modul-person/StructureDefinition/Vitalstatus|2025.0.1"
          ]
        },
        "status": "final",
        "category": [
          {
            "coding": [
              {
                "system": "http://terminology.hl7.org/CodeSystem/observation-category",
                "code": "survey"
              }
            ]
          }
        ],
        "code": {
          "coding": [
            {
              "system": "http://loinc.org",
              "code": "67162-8"
            }
          ]
        },
        "subject": {
          "reference": "Patient/PID-7fe183a61d8e1a8fff95a691d56c8eb33b8a9f28949c65a58f139963"
        },
        "effectiveDateTime": "2023-12-31T23:59:59+01:00",
        "valueCodeableConcept": {
          "coding": [
            {
              "system": "https://www.medizininformatik-initiative.de/fhir/core/modul-person/CodeSystem/Vitalstatus",
              "code": "L"
            }
          ]
        }
      },
      "search": {
        "mode": "match"
      }
    },
    {
      "fullUrl": "http://num-fhirserver.distan.medicsh.de:8080/fhir/Observation/VIT-6250c2845f4f7abefc5b537f92140f4040922dfd84264f90c070530a",
      "resource": {
        "resourceType": "Observation",
        "id": "VIT-6250c2845f4f7abefc5b537f92140f4040922dfd84264f90c070530a",
        "meta": {
          "versionId": "240054357",
          "lastUpdated": "2025-03-20T16:20:30.460Z",
          "profile": [
            "https://www.medizininformatik-initiative.de/fhir/core/modul-person/StructureDefinition/Vitalstatus|2025.0.1"
          ]
        },
        "status": "final",
        "category": [
          {
            "coding": [
              {
                "system": "http://terminology.hl7.org/CodeSystem/observation-category",
                "code": "survey"
              }
            ]
          }
        ],
        "code": {
          "coding": [
            {
              "system": "http://loinc.org",
              "code": "67162-8"
            }
          ]
        },
        "subject": {
          "reference": "Patient/PID-7fe183a61d8e1a8fff95a691d56c8eb33b8a9f28949c65a58f139963"
        },
        "effectiveDateTime": "2023-06-30T23:59:59+02:00",
        "valueCodeableConcept": {
          "coding": [
            {
              "system": "https://www.medizininformatik-initiative.de/fhir/core/modul-person/CodeSystem/Vitalstatus",
              "code": "L"
            }
          ]
        }
      },
      "search": {
        "mode": "match"
      }
    },
    {
      "fullUrl": "http://num-fhirserver.distan.medicsh.de:8080/fhir/Observation/VIT-697250bf5815a1064a75aa945c1d2cbbb57dd066fd40a48773cec8d3",
      "resource": {
        "resourceType": "Observation",
        "id": "VIT-697250bf5815a1064a75aa945c1d2cbbb57dd066fd40a48773cec8d3",
        "meta": {
          "versionId": "240054355",
          "lastUpdated": "2025-03-20T16:20:30.444Z",
          "profile": [
            "https://www.medizininformatik-initiative.de/fhir/core/modul-person/StructureDefinition/Vitalstatus|2025.0.1"
          ]
        },
        "status": "final",
        "category": [
          {
            "coding": [
              {
                "system": "http://terminology.hl7.org/CodeSystem/observation-category",
                "code": "survey"
              }
            ]
          }
        ],
        "code": {
          "coding": [
            {
              "system": "http://loinc.org",
              "code": "67162-8"
            }
          ]
        },
        "subject": {
          "reference": "Patient/PID-7fe183a61d8e1a8fff95a691d56c8eb33b8a9f28949c65a58f139963"
        },
        "effectiveDateTime": "2023-06-16T09:04:00+02:00",
        "valueCodeableConcept": {
          "coding": [
            {
              "system": "https://www.medizininformatik-initiative.de/fhir/core/modul-person/CodeSystem/Vitalstatus",
              "code": "L"
            }
          ]
        }
      },
      "search": {
        "mode": "match"
      }
    },
    {
      "fullUrl": "http://num-fhirserver.distan.medicsh.de:8080/fhir/Observation/VIT-c78e984c5a0dd6bbff781d2a57f975d5b2c0aad6116dbde59d47621d",
      "resource": {
        "resourceType": "Observation",
        "id": "VIT-c78e984c5a0dd6bbff781d2a57f975d5b2c0aad6116dbde59d47621d",
        "meta": {
          "versionId": "242126145",
          "lastUpdated": "2025-03-21T03:38:29.138Z",
          "profile": [
            "https://www.medizininformatik-initiative.de/fhir/core/modul-person/StructureDefinition/Vitalstatus|2025.0.1"
          ]
        },
        "status": "final",
        "category": [
          {
            "coding": [
              {
                "system": "http://terminology.hl7.org/CodeSystem/observation-category",
                "code": "survey"
              }
            ]
          }
        ],
        "code": {
          "coding": [
            {
              "system": "http://loinc.org",
              "code": "67162-8"
            }
          ]
        },
        "subject": {
          "reference": "Patient/PID-7fe183a61d8e1a8fff95a691d56c8eb33b8a9f28949c65a58f139963"
        },
        "effectiveDateTime": "2023-12-18T08:32:00+01:00",
        "valueCodeableConcept": {
          "coding": [
            {
              "system": "https://www.medizininformatik-initiative.de/fhir/core/modul-person/CodeSystem/Vitalstatus",
              "code": "L"
            }
          ]
        }
      },
      "search": {
        "mode": "match"
      }
    }
  ]
}
