{
  "resourceType": "Bundle",
  "id": "DGTUYATNHIWDMR53",
  "type": "searchset",
  "total": 3,
  "entry": [
    {
      "fullUrl": "http://num-fhirserver.distan.medicsh.de:8080/fhir/Patient/PID-7ff6be7c883c8ac28f5feff94b65894e114f5f827143ce78e8a354ce",
      "resource": {
        "resourceType": "Patient",
        "id": "PID-7ff6be7c883c8ac28f5feff94b65894e114f5f827143ce78e8a354ce",
        "meta": {
          "versionId": "81481047",
          "lastUpdated": "2025-03-13T11:37:18.861Z",
          "profile": [
            "https://www.medizininformatik-initiative.de/fhir/core/modul-person/StructureDefinition/PatientPseudonymisiert|2025.0.1"
          ]
        },
        "identifier": [
          {
            "use": "usual",
            "type": {
              "coding": [
                {
                  "system": "http://terminology.hl7.org/CodeSystem/v3-ObservationValue",
                  "code": "PSEUDED"
                }
              ]
            },
            "system": "https://www.medizininformatik-initiative.de/fhir/sid/pseudonym",
            "value": "7ff6be7c883c8ac28f5feff94b65894e114f5f827143ce78e8a354ce"
          }
        ],
        "gender": "male",
        "birthDate": "2001-08",
        "deceasedBoolean": true
      },
      "search": {
        "mode": "match"
      }
    },
    {
      "fullUrl": "http://num-fhirserver.distan.medicsh.de:8080/fhir/Encounter/PV-5e95d03107274359b65d6b25cab1ab92b87f10df586c0c9d95569212",
      "resource": {
        "resourceType": "Encounter",
        "id": "PV-5e95d03107274359b65d6b25cab1ab92b87f10df586c0c9d95569212",
        "meta": {
          "versionId": "81481049",
          "lastUpdated": "2025-03-13T11:37:18.865Z",
          "source": "http://medic.uksh.de/source/orbis/legacy",
          "profile": [
            "https://www.medizininformatik-initiative.de/fhir/core/modul-fall/StructureDefinition/KontaktGesundheitseinrichtung|2025.0.0"
          ]
        },
        "identifier": [
          {
            "use": "official",
            "type": {
              "coding": [
                {
                  "system": "http://terminology.hl7.org/CodeSystem/v2-0203",
                  "code": "VN"
                }
              ]
            },
            "system": "http://medic.uksh.de/fhir/Encounter",
            "value": "5e95d03107274359b65d6b25cab1ab92b87f10df586c0c9d95569212"
          }
        ],
        "status": "finished",
        "class": {
          "system": "http://terminology.hl7.org/CodeSystem/v3-ActCode",
          "code": "AMB"
        },
        "type": [
          {
            "coding": [
              {
                "system": "http://fhir.de/CodeSystem/Kontaktebene",
                "code": "einrichtungskontakt"
              }
            ]
          }
        ],
        "subject": {
          "reference": "Patient/PID-7ff6be7c883c8ac28f5feff94b65894e114f5f827143ce78e8a354ce"
        },
        "period": {
          "start": "2017-08-10T15:03:00+02:00",
          "end": "2017-09-30T23:59:59+02:00"
        },
        "hospitalization": {
          "admitSource": {
            "coding": [
              {
                "system": "http://fhir.de/CodeSystem/dgkev/Aufnahmeanlass",
                "code": "E"
              }
            ]
          }
        }
      },
      "search": {
        "mode": "match"
      }
    },
    {
      "fullUrl": "http://num-fhirserver.distan.medicsh.de:8080/fhir/Observation/VIT-553ce002197c9c863548a98502aaa68e36ff8ebed33b6ee936a4911e",
      "resource": {
        "resourceType": "Observation",
        "id": "VIT-553ce002197c9c863548a98502aaa68e36ff8ebed33b6ee936a4911e",
        "meta": {
          "versionId": "81481058",
          "lastUpdated": "2025-03-13T11:37:18.899Z",
          "profile": [
            "https://www.medizininformatik-initiative.de/fhir/core/modul-person/StructureDefinition/Vitalstatus|2025.0.1"
          ]
        },
        "status": "final",
        "category": [
          {
            "coding": [
              {
                "system": "http://terminology.hl7.org/CodeSystem/observation-category",
                "code": "survey"
              }
            ]
          }
        ],
        "code": {
          "coding": [
            {
              "system": "http://loinc.org",
              "code": "67162-8"
            }
          ]
        },
        "subject": {
          "reference": "Patient/PID-7ff6be7c883c8ac28f5feff94b65894e114f5f827143ce78e8a354ce"
        },
        "effectiveDateTime": "2017-08-10T15:03:00+02:00",
        "valueCodeableConcept": {
          "coding": [
            {
              "system": "https://www.medizininformatik-initiative.de/fhir/core/modul-person/CodeSystem/Vitalstatus",
              "code": "L"
            }
          ]
        }
      },
      "search": {
        "mode": "match"
      }
    }
  ]
}
