{
  "resourceType": "Bundle",
  "id": "DGTUX6DWNUE2FIR5",
  "type": "searchset",
  "total": 25,
  "entry": [
    {
      "fullUrl": "http://num-fhirserver.distan.medicsh.de:8080/fhir/Patient/PID-80a890c9ca5d9a06a1f75f86cb91c4e653c02f969da6fc26b4c89784",
      "resource": {
        "resourceType": "Patient",
        "id": "PID-80a890c9ca5d9a06a1f75f86cb91c4e653c02f969da6fc26b4c89784",
        "meta": {
          "versionId": "243267709",
          "lastUpdated": "2025-03-21T15:54:37.758Z",
          "profile": [
            "https://www.medizininformatik-initiative.de/fhir/core/modul-person/StructureDefinition/PatientPseudonymisiert|2025.0.1"
          ]
        },
        "identifier": [
          {
            "use": "usual",
            "type": {
              "coding": [
                {
                  "system": "http://terminology.hl7.org/CodeSystem/v3-ObservationValue",
                  "code": "PSEUDED"
                }
              ]
            },
            "system": "https://www.medizininformatik-initiative.de/fhir/sid/pseudonym",
            "value": "80a890c9ca5d9a06a1f75f86cb91c4e653c02f969da6fc26b4c89784"
          }
        ],
        "gender": "male",
        "birthDate": "1995-01",
        "deceasedBoolean": true,
        "address": [
          {
            "type": "both",
            "postalCode": "235",
            "country": "DE"
          }
        ]
      },
      "search": {
        "mode": "match"
      }
    },
    {
      "fullUrl": "http://num-fhirserver.distan.medicsh.de:8080/fhir/Encounter/PV-1e0452f2bcef6f786041dc1c6a424b9222d9e306e7a1f3e0737a794a",
      "resource": {
        "resourceType": "Encounter",
        "id": "PV-1e0452f2bcef6f786041dc1c6a424b9222d9e306e7a1f3e0737a794a",
        "meta": {
          "versionId": "243268003",
          "lastUpdated": "2025-03-21T15:54:43.755Z",
          "source": "http://medic.uksh.de/source/orbis/adt",
          "profile": [
            "https://www.medizininformatik-initiative.de/fhir/core/modul-fall/StructureDefinition/KontaktGesundheitseinrichtung|2025.0.0"
          ]
        },
        "identifier": [
          {
            "use": "official",
            "type": {
              "coding": [
                {
                  "system": "http://terminology.hl7.org/CodeSystem/v2-0203",
                  "code": "VN"
                }
              ]
            },
            "system": "http://medic.uksh.de/fhir/Encounter",
            "value": "1e0452f2bcef6f786041dc1c6a424b9222d9e306e7a1f3e0737a794a"
          }
        ],
        "status": "finished",
        "class": {
          "system": "http://terminology.hl7.org/CodeSystem/v3-ActCode",
          "code": "AMB"
        },
        "type": [
          {
            "coding": [
              {
                "system": "http://fhir.de/CodeSystem/Kontaktebene",
                "code": "einrichtungskontakt"
              }
            ]
          }
        ],
        "subject": {
          "reference": "Patient/PID-80a890c9ca5d9a06a1f75f86cb91c4e653c02f969da6fc26b4c89784"
        },
        "period": {
          "start": "2024-04-19T13:16:00+02:00",
          "end": "2024-06-30T23:59:59+02:00"
        }
      },
      "search": {
        "mode": "match"
      }
    },
    {
      "fullUrl": "http://num-fhirserver.distan.medicsh.de:8080/fhir/Encounter/PV-5cd31a469598f67069272170273895b55453922f2164b0a9bf2cc1de",
      "resource": {
        "resourceType": "Encounter",
        "id": "PV-5cd31a469598f67069272170273895b55453922f2164b0a9bf2cc1de",
        "meta": {
          "versionId": "243917839",
          "lastUpdated": "2025-03-21T20:13:16.407Z",
          "source": "http://medic.uksh.de/source/orbis/adt",
          "profile": [
            "https://www.medizininformatik-initiative.de/fhir/core/modul-fall/StructureDefinition/KontaktGesundheitseinrichtung|2025.0.0"
          ]
        },
        "identifier": [
          {
            "use": "official",
            "type": {
              "coding": [
                {
                  "system": "http://terminology.hl7.org/CodeSystem/v2-0203",
                  "code": "VN"
                }
              ]
            },
            "system": "http://medic.uksh.de/fhir/Encounter",
            "value": "5cd31a469598f67069272170273895b55453922f2164b0a9bf2cc1de"
          }
        ],
        "status": "finished",
        "class": {
          "system": "http://terminology.hl7.org/CodeSystem/v3-ActCode",
          "code": "AMB"
        },
        "type": [
          {
            "coding": [
              {
                "system": "http://fhir.de/CodeSystem/Kontaktebene",
                "code": "einrichtungskontakt"
              }
            ]
          }
        ],
        "subject": {
          "reference": "Patient/PID-80a890c9ca5d9a06a1f75f86cb91c4e653c02f969da6fc26b4c89784"
        },
        "period": {
          "start": "2024-07-02T11:17:00+02:00",
          "end": "2024-09-30T23:59:59+02:00"
        }
      },
      "search": {
        "mode": "match"
      }
    },
    {
      "fullUrl": "http://num-fhirserver.distan.medicsh.de:8080/fhir/Encounter/PV-8cd33e9d3e3c888fa9471d79a7ff04f6e90fa089a96488316f39021f",
      "resource": {
        "resourceType": "Encounter",
        "id": "PV-8cd33e9d3e3c888fa9471d79a7ff04f6e90fa089a96488316f39021f",
        "meta": {
          "versionId": "243268042",
          "lastUpdated": "2025-03-21T15:54:44.637Z",
          "source": "http://medic.uksh.de/source/orbis/adt",
          "profile": [
            "https://www.medizininformatik-initiative.de/fhir/core/modul-fall/StructureDefinition/KontaktGesundheitseinrichtung|2025.0.0"
          ]
        },
        "identifier": [
          {
            "use": "official",
            "type": {
              "coding": [
                {
                  "system": "http://terminology.hl7.org/CodeSystem/v2-0203",
                  "code": "VN"
                }
              ]
            },
            "system": "http://medic.uksh.de/fhir/Encounter",
            "value": "8cd33e9d3e3c888fa9471d79a7ff04f6e90fa089a96488316f39021f"
          }
        ],
        "status": "finished",
        "class": {
          "system": "http://terminology.hl7.org/CodeSystem/v3-ActCode",
          "code": "AMB"
        },
        "type": [
          {
            "coding": [
              {
                "system": "http://fhir.de/CodeSystem/Kontaktebene",
                "code": "einrichtungskontakt"
              }
            ]
          }
        ],
        "subject": {
          "reference": "Patient/PID-80a890c9ca5d9a06a1f75f86cb91c4e653c02f969da6fc26b4c89784"
        },
        "period": {
          "start": "2024-04-19T13:17:00+02:00",
          "end": "2024-06-30T23:59:59+02:00"
        }
      },
      "search": {
        "mode": "match"
      }
    },
    {
      "fullUrl": "http://num-fhirserver.distan.medicsh.de:8080/fhir/Encounter/PV-a6867bbb5bd1c40e71d2613440cb69cf6e51548a9dacf24e9cbdcf88",
      "resource": {
        "resourceType": "Encounter",
        "id": "PV-a6867bbb5bd1c40e71d2613440cb69cf6e51548a9dacf24e9cbdcf88",
        "meta": {
          "versionId": "243267950",
          "lastUpdated": "2025-03-21T15:54:42.919Z",
          "source": "http://medic.uksh.de/source/orbis/adt",
          "profile": [
            "https://www.medizininformatik-initiative.de/fhir/core/modul-fall/StructureDefinition/KontaktGesundheitseinrichtung|2025.0.0"
          ]
        },
        "identifier": [
          {
            "use": "official",
            "type": {
              "coding": [
                {
                  "system": "http://terminology.hl7.org/CodeSystem/v2-0203",
                  "code": "VN"
                }
              ]
            },
            "system": "http://medic.uksh.de/fhir/Encounter",
            "value": "a6867bbb5bd1c40e71d2613440cb69cf6e51548a9dacf24e9cbdcf88"
          }
        ],
        "status": "finished",
        "class": {
          "system": "http://terminology.hl7.org/CodeSystem/v3-ActCode",
          "code": "AMB"
        },
        "type": [
          {
            "coding": [
              {
                "system": "http://fhir.de/CodeSystem/Kontaktebene",
                "code": "einrichtungskontakt"
              }
            ]
          }
        ],
        "subject": {
          "reference": "Patient/PID-80a890c9ca5d9a06a1f75f86cb91c4e653c02f969da6fc26b4c89784"
        },
        "period": {
          "start": "2024-04-19T13:11:00+02:00",
          "end": "2024-06-30T23:59:59+02:00"
        }
      },
      "search": {
        "mode": "match"
      }
    },
    {
      "fullUrl": "http://num-fhirserver.distan.medicsh.de:8080/fhir/Encounter/PV-c15b5782deaad0f7e53f510376648c428fcfd822bde6ba370628bc74",
      "resource": {
        "resourceType": "Encounter",
        "id": "PV-c15b5782deaad0f7e53f510376648c428fcfd822bde6ba370628bc74",
        "meta": {
          "versionId": "243267708",
          "lastUpdated": "2025-03-21T15:54:37.742Z",
          "source": "http://medic.uksh.de/source/orbis/adt",
          "profile": [
            "https://www.medizininformatik-initiative.de/fhir/core/modul-fall/StructureDefinition/KontaktGesundheitseinrichtung|2025.0.0"
          ]
        },
        "identifier": [
          {
            "use": "official",
            "type": {
              "coding": [
                {
                  "system": "http://terminology.hl7.org/CodeSystem/v2-0203",
                  "code": "VN"
                }
              ]
            },
            "system": "http://medic.uksh.de/fhir/Encounter",
            "value": "c15b5782deaad0f7e53f510376648c428fcfd822bde6ba370628bc74"
          }
        ],
        "status": "finished",
        "class": {
          "system": "http://terminology.hl7.org/CodeSystem/v3-ActCode",
          "code": "AMB"
        },
        "type": [
          {
            "coding": [
              {
                "system": "http://fhir.de/CodeSystem/Kontaktebene",
                "code": "einrichtungskontakt"
              }
            ]
          }
        ],
        "subject": {
          "reference": "Patient/PID-80a890c9ca5d9a06a1f75f86cb91c4e653c02f969da6fc26b4c89784"
        },
        "period": {
          "start": "2024-04-19T12:54:00+02:00",
          "end": "2024-06-30T23:59:59+02:00"
        }
      },
      "search": {
        "mode": "match"
      }
    },
    {
      "fullUrl": "http://num-fhirserver.distan.medicsh.de:8080/fhir/Encounter/PV-d71f264e95dd5eb65bffa6a680c916369a94063d941cc0157a6a3253",
      "resource": {
        "resourceType": "Encounter",
        "id": "PV-d71f264e95dd5eb65bffa6a680c916369a94063d941cc0157a6a3253",
        "meta": {
          "versionId": "243267963",
          "lastUpdated": "2025-03-21T15:54:43.140Z",
          "source": "http://medic.uksh.de/source/orbis/adt",
          "profile": [
            "https://www.medizininformatik-initiative.de/fhir/core/modul-fall/StructureDefinition/KontaktGesundheitseinrichtung|2025.0.0"
          ]
        },
        "identifier": [
          {
            "use": "official",
            "type": {
              "coding": [
                {
                  "system": "http://terminology.hl7.org/CodeSystem/v2-0203",
                  "code": "VN"
                }
              ]
            },
            "system": "http://medic.uksh.de/fhir/Encounter",
            "value": "d71f264e95dd5eb65bffa6a680c916369a94063d941cc0157a6a3253"
          }
        ],
        "status": "finished",
        "class": {
          "system": "http://terminology.hl7.org/CodeSystem/v3-ActCode",
          "code": "AMB"
        },
        "type": [
          {
            "coding": [
              {
                "system": "http://fhir.de/CodeSystem/Kontaktebene",
                "code": "einrichtungskontakt"
              }
            ]
          }
        ],
        "subject": {
          "reference": "Patient/PID-80a890c9ca5d9a06a1f75f86cb91c4e653c02f969da6fc26b4c89784"
        },
        "period": {
          "start": "2024-04-19T13:14:00+02:00",
          "end": "2024-06-30T23:59:59+02:00"
        }
      },
      "search": {
        "mode": "match"
      }
    },
    {
      "fullUrl": "http://num-fhirserver.distan.medicsh.de:8080/fhir/Encounter/PV-ecd62e14652b2912d5cac4a6bd8101fec21d735dbc1916a8ae3d5a2e",
      "resource": {
        "resourceType": "Encounter",
        "id": "PV-ecd62e14652b2912d5cac4a6bd8101fec21d735dbc1916a8ae3d5a2e",
        "meta": {
          "versionId": "243268101",
          "lastUpdated": "2025-03-21T15:54:46.136Z",
          "source": "http://medic.uksh.de/source/orbis/adt",
          "profile": [
            "https://www.medizininformatik-initiative.de/fhir/core/modul-fall/StructureDefinition/KontaktGesundheitseinrichtung|2025.0.0"
          ]
        },
        "identifier": [
          {
            "use": "official",
            "type": {
              "coding": [
                {
                  "system": "http://terminology.hl7.org/CodeSystem/v2-0203",
                  "code": "VN"
                }
              ]
            },
            "system": "http://medic.uksh.de/fhir/Encounter",
            "value": "ecd62e14652b2912d5cac4a6bd8101fec21d735dbc1916a8ae3d5a2e"
          }
        ],
        "status": "finished",
        "class": {
          "system": "http://terminology.hl7.org/CodeSystem/v3-ActCode",
          "code": "AMB"
        },
        "type": [
          {
            "coding": [
              {
                "system": "http://fhir.de/CodeSystem/Kontaktebene",
                "code": "einrichtungskontakt"
              }
            ]
          }
        ],
        "subject": {
          "reference": "Patient/PID-80a890c9ca5d9a06a1f75f86cb91c4e653c02f969da6fc26b4c89784"
        },
        "period": {
          "start": "2024-04-19T13:18:00+02:00",
          "end": "2024-06-30T23:59:59+02:00"
        }
      },
      "search": {
        "mode": "match"
      }
    },
    {
      "fullUrl": "http://num-fhirserver.distan.medicsh.de:8080/fhir/Encounter/PV-f3d7faedffce2614d5273e6e16b53341e17210c9a6c9a239c4481957",
      "resource": {
        "resourceType": "Encounter",
        "id": "PV-f3d7faedffce2614d5273e6e16b53341e17210c9a6c9a239c4481957",
        "meta": {
          "versionId": "243267977",
          "lastUpdated": "2025-03-21T15:54:43.341Z",
          "source": "http://medic.uksh.de/source/orbis/adt",
          "profile": [
            "https://www.medizininformatik-initiative.de/fhir/core/modul-fall/StructureDefinition/KontaktGesundheitseinrichtung|2025.0.0"
          ]
        },
        "identifier": [
          {
            "use": "official",
            "type": {
              "coding": [
                {
                  "system": "http://terminology.hl7.org/CodeSystem/v2-0203",
                  "code": "VN"
                }
              ]
            },
            "system": "http://medic.uksh.de/fhir/Encounter",
            "value": "f3d7faedffce2614d5273e6e16b53341e17210c9a6c9a239c4481957"
          }
        ],
        "status": "finished",
        "class": {
          "system": "http://terminology.hl7.org/CodeSystem/v3-ActCode",
          "code": "AMB"
        },
        "type": [
          {
            "coding": [
              {
                "system": "http://fhir.de/CodeSystem/Kontaktebene",
                "code": "einrichtungskontakt"
              }
            ]
          }
        ],
        "subject": {
          "reference": "Patient/PID-80a890c9ca5d9a06a1f75f86cb91c4e653c02f969da6fc26b4c89784"
        },
        "period": {
          "start": "2024-04-19T13:15:00+02:00",
          "end": "2024-06-30T23:59:59+02:00"
        }
      },
      "search": {
        "mode": "match"
      }
    },
    {
      "fullUrl": "http://num-fhirserver.distan.medicsh.de:8080/fhir/Observation/VIT-05bbf5eb31800202bdf41ab6960847e144910eb3d403c6efa7681d0b",
      "resource": {
        "resourceType": "Observation",
        "id": "VIT-05bbf5eb31800202bdf41ab6960847e144910eb3d403c6efa7681d0b",
        "meta": {
          "versionId": "243268044",
          "lastUpdated": "2025-03-21T15:54:44.671Z",
          "profile": [
            "https://www.medizininformatik-initiative.de/fhir/core/modul-person/StructureDefinition/Vitalstatus|2025.0.1"
          ]
        },
        "status": "final",
        "category": [
          {
            "coding": [
              {
                "system": "http://terminology.hl7.org/CodeSystem/observation-category",
                "code": "survey"
              }
            ]
          }
        ],
        "code": {
          "coding": [
            {
              "system": "http://loinc.org",
              "code": "67162-8"
            }
          ]
        },
        "subject": {
          "reference": "Patient/PID-80a890c9ca5d9a06a1f75f86cb91c4e653c02f969da6fc26b4c89784"
        },
        "effectiveDateTime": "2024-06-30T23:59:59+02:00",
        "valueCodeableConcept": {
          "coding": [
            {
              "system": "https://www.medizininformatik-initiative.de/fhir/core/modul-person/CodeSystem/Vitalstatus",
              "code": "L"
            }
          ]
        }
      },
      "search": {
        "mode": "match"
      }
    },
    {
      "fullUrl": "http://num-fhirserver.distan.medicsh.de:8080/fhir/Observation/VIT-1c020d4aa5ae4273a1ad04c6a7ac3e05d2e016f2ebb3245599e2d717",
      "resource": {
        "resourceType": "Observation",
        "id": "VIT-1c020d4aa5ae4273a1ad04c6a7ac3e05d2e016f2ebb3245599e2d717",
        "meta": {
          "versionId": "243267710",
          "lastUpdated": "2025-03-21T15:54:37.760Z",
          "profile": [
            "https://www.medizininformatik-initiative.de/fhir/core/modul-person/StructureDefinition/Vitalstatus|2025.0.1"
          ]
        },
        "status": "final",
        "category": [
          {
            "coding": [
              {
                "system": "http://terminology.hl7.org/CodeSystem/observation-category",
                "code": "survey"
              }
            ]
          }
        ],
        "code": {
          "coding": [
            {
              "system": "http://loinc.org",
              "code": "67162-8"
            }
          ]
        },
        "subject": {
          "reference": "Patient/PID-80a890c9ca5d9a06a1f75f86cb91c4e653c02f969da6fc26b4c89784"
        },
        "effectiveDateTime": "2024-04-19T12:54:00+02:00",
        "valueCodeableConcept": {
          "coding": [
            {
              "system": "https://www.medizininformatik-initiative.de/fhir/core/modul-person/CodeSystem/Vitalstatus",
              "code": "L"
            }
          ]
        }
      },
      "search": {
        "mode": "match"
      }
    },
    {
      "fullUrl": "http://num-fhirserver.distan.medicsh.de:8080/fhir/Observation/VIT-26a7079c32c9b789c1ffdfc9dc6920bca265fd24e5a5337f95b3cb2f",
      "resource": {
        "resourceType": "Observation",
        "id": "VIT-26a7079c32c9b789c1ffdfc9dc6920bca265fd24e5a5337f95b3cb2f",
        "meta": {
          "versionId": "243267978",
          "lastUpdated": "2025-03-21T15:54:43.357Z",
          "profile": [
            "https://www.medizininformatik-initiative.de/fhir/core/modul-person/StructureDefinition/Vitalstatus|2025.0.1"
          ]
        },
        "status": "final",
        "category": [
          {
            "coding": [
              {
                "system": "http://terminology.hl7.org/CodeSystem/observation-category",
                "code": "survey"
              }
            ]
          }
        ],
        "code": {
          "coding": [
            {
              "system": "http://loinc.org",
              "code": "67162-8"
            }
          ]
        },
        "subject": {
          "reference": "Patient/PID-80a890c9ca5d9a06a1f75f86cb91c4e653c02f969da6fc26b4c89784"
        },
        "effectiveDateTime": "2024-04-19T13:15:00+02:00",
        "valueCodeableConcept": {
          "coding": [
            {
              "system": "https://www.medizininformatik-initiative.de/fhir/core/modul-person/CodeSystem/Vitalstatus",
              "code": "L"
            }
          ]
        }
      },
      "search": {
        "mode": "match"
      }
    },
    {
      "fullUrl": "http://num-fhirserver.distan.medicsh.de:8080/fhir/Observation/VIT-2c2a46fef4942b9b45c586e3ca1997d7c4f6423e2c2cd72e77d0e14b",
      "resource": {
        "resourceType": "Observation",
        "id": "VIT-2c2a46fef4942b9b45c586e3ca1997d7c4f6423e2c2cd72e77d0e14b",
        "meta": {
          "versionId": "243268004",
          "lastUpdated": "2025-03-21T15:54:43.775Z",
          "profile": [
            "https://www.medizininformatik-initiative.de/fhir/core/modul-person/StructureDefinition/Vitalstatus|2025.0.1"
          ]
        },
        "status": "final",
        "category": [
          {
            "coding": [
              {
                "system": "http://terminology.hl7.org/CodeSystem/observation-category",
                "code": "survey"
              }
            ]
          }
        ],
        "code": {
          "coding": [
            {
              "system": "http://loinc.org",
              "code": "67162-8"
            }
          ]
        },
        "subject": {
          "reference": "Patient/PID-80a890c9ca5d9a06a1f75f86cb91c4e653c02f969da6fc26b4c89784"
        },
        "effectiveDateTime": "2024-04-19T13:16:00+02:00",
        "valueCodeableConcept": {
          "coding": [
            {
              "system": "https://www.medizininformatik-initiative.de/fhir/core/modul-person/CodeSystem/Vitalstatus",
              "code": "L"
            }
          ]
        }
      },
      "search": {
        "mode": "match"
      }
    },
    {
      "fullUrl": "http://num-fhirserver.distan.medicsh.de:8080/fhir/Observation/VIT-3154e288c4c7141e561a662f110c5c9c621f8e01ccda95ce53b6389f",
      "resource": {
        "resourceType": "Observation",
        "id": "VIT-3154e288c4c7141e561a662f110c5c9c621f8e01ccda95ce53b6389f",
        "meta": {
          "versionId": "243917841",
          "lastUpdated": "2025-03-21T20:13:16.428Z",
          "profile": [
            "https://www.medizininformatik-initiative.de/fhir/core/modul-person/StructureDefinition/Vitalstatus|2025.0.1"
          ]
        },
        "status": "final",
        "category": [
          {
            "coding": [
              {
                "system": "http://terminology.hl7.org/CodeSystem/observation-category",
                "code": "survey"
              }
            ]
          }
        ],
        "code": {
          "coding": [
            {
              "system": "http://loinc.org",
              "code": "67162-8"
            }
          ]
        },
        "subject": {
          "reference": "Patient/PID-80a890c9ca5d9a06a1f75f86cb91c4e653c02f969da6fc26b4c89784"
        },
        "effectiveDateTime": "2024-07-02T11:17:00+02:00",
        "valueCodeableConcept": {
          "coding": [
            {
              "system": "https://www.medizininformatik-initiative.de/fhir/core/modul-person/CodeSystem/Vitalstatus",
              "code": "L"
            }
          ]
        }
      },
      "search": {
        "mode": "match"
      }
    },
    {
      "fullUrl": "http://num-fhirserver.distan.medicsh.de:8080/fhir/Observation/VIT-53c2dc904198359594760acc94abc143a3d67995f55143656611e83a",
      "resource": {
        "resourceType": "Observation",
        "id": "VIT-53c2dc904198359594760acc94abc143a3d67995f55143656611e83a",
        "meta": {
          "versionId": "243268103",
          "lastUpdated": "2025-03-21T15:54:46.149Z",
          "profile": [
            "https://www.medizininformatik-initiative.de/fhir/core/modul-person/StructureDefinition/Vitalstatus|2025.0.1"
          ]
        },
        "status": "final",
        "category": [
          {
            "coding": [
              {
                "system": "http://terminology.hl7.org/CodeSystem/observation-category",
                "code": "survey"
              }
            ]
          }
        ],
        "code": {
          "coding": [
            {
              "system": "http://loinc.org",
              "code": "67162-8"
            }
          ]
        },
        "subject": {
          "reference": "Patient/PID-80a890c9ca5d9a06a1f75f86cb91c4e653c02f969da6fc26b4c89784"
        },
        "effectiveDateTime": "2024-04-19T13:18:00+02:00",
        "valueCodeableConcept": {
          "coding": [
            {
              "system": "https://www.medizininformatik-initiative.de/fhir/core/modul-person/CodeSystem/Vitalstatus",
              "code": "L"
            }
          ]
        }
      },
      "search": {
        "mode": "match"
      }
    },
    {
      "fullUrl": "http://num-fhirserver.distan.medicsh.de:8080/fhir/Observation/VIT-6ec310d168db0e4889323b7441c4ed9f3eaa4b2cf785bca2b02c4d23",
      "resource": {
        "resourceType": "Observation",
        "id": "VIT-6ec310d168db0e4889323b7441c4ed9f3eaa4b2cf785bca2b02c4d23",
        "meta": {
          "versionId": "243268104",
          "lastUpdated": "2025-03-21T15:54:46.167Z",
          "profile": [
            "https://www.medizininformatik-initiative.de/fhir/core/modul-person/StructureDefinition/Vitalstatus|2025.0.1"
          ]
        },
        "status": "final",
        "category": [
          {
            "coding": [
              {
                "system": "http://terminology.hl7.org/CodeSystem/observation-category",
                "code": "survey"
              }
            ]
          }
        ],
        "code": {
          "coding": [
            {
              "system": "http://loinc.org",
              "code": "67162-8"
            }
          ]
        },
        "subject": {
          "reference": "Patient/PID-80a890c9ca5d9a06a1f75f86cb91c4e653c02f969da6fc26b4c89784"
        },
        "effectiveDateTime": "2024-06-30T23:59:59+02:00",
        "valueCodeableConcept": {
          "coding": [
            {
              "system": "https://www.medizininformatik-initiative.de/fhir/core/modul-person/CodeSystem/Vitalstatus",
              "code": "L"
            }
          ]
        }
      },
      "search": {
        "mode": "match"
      }
    },
    {
      "fullUrl": "http://num-fhirserver.distan.medicsh.de:8080/fhir/Observation/VIT-83345f9c40523db909e60ea2f56bedb55e1c349f1a930eec432e94aa",
      "resource": {
        "resourceType": "Observation",
        "id": "VIT-83345f9c40523db909e60ea2f56bedb55e1c349f1a930eec432e94aa",
        "meta": {
          "versionId": "243267979",
          "lastUpdated": "2025-03-21T15:54:43.377Z",
          "profile": [
            "https://www.medizininformatik-initiative.de/fhir/core/modul-person/StructureDefinition/Vitalstatus|2025.0.1"
          ]
        },
        "status": "final",
        "category": [
          {
            "coding": [
              {
                "system": "http://terminology.hl7.org/CodeSystem/observation-category",
                "code": "survey"
              }
            ]
          }
        ],
        "code": {
          "coding": [
            {
              "system": "http://loinc.org",
              "code": "67162-8"
            }
          ]
        },
        "subject": {
          "reference": "Patient/PID-80a890c9ca5d9a06a1f75f86cb91c4e653c02f969da6fc26b4c89784"
        },
        "effectiveDateTime": "2024-06-30T23:59:59+02:00",
        "valueCodeableConcept": {
          "coding": [
            {
              "system": "https://www.medizininformatik-initiative.de/fhir/core/modul-person/CodeSystem/Vitalstatus",
              "code": "L"
            }
          ]
        }
      },
      "search": {
        "mode": "match"
      }
    },
    {
      "fullUrl": "http://num-fhirserver.distan.medicsh.de:8080/fhir/Observation/VIT-882711a938c07f8c2a92b561e701de8eddf7009f9b36d4a766e0c0ad",
      "resource": {
        "resourceType": "Observation",
        "id": "VIT-882711a938c07f8c2a92b561e701de8eddf7009f9b36d4a766e0c0ad",
        "meta": {
          "versionId": "243267965",
          "lastUpdated": "2025-03-21T15:54:43.161Z",
          "profile": [
            "https://www.medizininformatik-initiative.de/fhir/core/modul-person/StructureDefinition/Vitalstatus|2025.0.1"
          ]
        },
        "status": "final",
        "category": [
          {
            "coding": [
              {
                "system": "http://terminology.hl7.org/CodeSystem/observation-category",
                "code": "survey"
              }
            ]
          }
        ],
        "code": {
          "coding": [
            {
              "system": "http://loinc.org",
              "code": "67162-8"
            }
          ]
        },
        "subject": {
          "reference": "Patient/PID-80a890c9ca5d9a06a1f75f86cb91c4e653c02f969da6fc26b4c89784"
        },
        "effectiveDateTime": "2024-04-19T13:14:00+02:00",
        "valueCodeableConcept": {
          "coding": [
            {
              "system": "https://www.medizininformatik-initiative.de/fhir/core/modul-person/CodeSystem/Vitalstatus",
              "code": "L"
            }
          ]
        }
      },
      "search": {
        "mode": "match"
      }
    },
    {
      "fullUrl": "http://num-fhirserver.distan.medicsh.de:8080/fhir/Observation/VIT-944c87a044bafda47a8b706a519ad2276b2f53dc822ae0598b7d17cd",
      "resource": {
        "resourceType": "Observation",
        "id": "VIT-944c87a044bafda47a8b706a519ad2276b2f53dc822ae0598b7d17cd",
        "meta": {
          "versionId": "243268043",
          "lastUpdated": "2025-03-21T15:54:44.654Z",
          "profile": [
            "https://www.medizininformatik-initiative.de/fhir/core/modul-person/StructureDefinition/Vitalstatus|2025.0.1"
          ]
        },
        "status": "final",
        "category": [
          {
            "coding": [
              {
                "system": "http://terminology.hl7.org/CodeSystem/observation-category",
                "code": "survey"
              }
            ]
          }
        ],
        "code": {
          "coding": [
            {
              "system": "http://loinc.org",
              "code": "67162-8"
            }
          ]
        },
        "subject": {
          "reference": "Patient/PID-80a890c9ca5d9a06a1f75f86cb91c4e653c02f969da6fc26b4c89784"
        },
        "effectiveDateTime": "2024-04-19T13:17:00+02:00",
        "valueCodeableConcept": {
          "coding": [
            {
              "system": "https://www.medizininformatik-initiative.de/fhir/core/modul-person/CodeSystem/Vitalstatus",
              "code": "L"
            }
          ]
        }
      },
      "search": {
        "mode": "match"
      }
    },
    {
      "fullUrl": "http://num-fhirserver.distan.medicsh.de:8080/fhir/Observation/VIT-cc862399469ec9902b8a5582c19c6315f311cbda892836850028831e",
      "resource": {
        "resourceType": "Observation",
        "id": "VIT-cc862399469ec9902b8a5582c19c6315f311cbda892836850028831e",
        "meta": {
          "versionId": "243267954",
          "lastUpdated": "2025-03-21T15:54:42.954Z",
          "profile": [
            "https://www.medizininformatik-initiative.de/fhir/core/modul-person/StructureDefinition/Vitalstatus|2025.0.1"
          ]
        },
        "status": "final",
        "category": [
          {
            "coding": [
              {
                "system": "http://terminology.hl7.org/CodeSystem/observation-category",
                "code": "survey"
              }
            ]
          }
        ],
        "code": {
          "coding": [
            {
              "system": "http://loinc.org",
              "code": "67162-8"
            }
          ]
        },
        "subject": {
          "reference": "Patient/PID-80a890c9ca5d9a06a1f75f86cb91c4e653c02f969da6fc26b4c89784"
        },
        "effectiveDateTime": "2024-06-30T23:59:59+02:00",
        "valueCodeableConcept": {
          "coding": [
            {
              "system": "https://www.medizininformatik-initiative.de/fhir/core/modul-person/CodeSystem/Vitalstatus",
              "code": "L"
            }
          ]
        }
      },
      "search": {
        "mode": "match"
      }
    },
    {
      "fullUrl": "http://num-fhirserver.distan.medicsh.de:8080/fhir/Observation/VIT-cdf1105f47fc5e76bedd054e7cdc3cefa4d0a3efa21573644f64569b",
      "resource": {
        "resourceType": "Observation",
        "id": "VIT-cdf1105f47fc5e76bedd054e7cdc3cefa4d0a3efa21573644f64569b",
        "meta": {
          "versionId": "243268006",
          "lastUpdated": "2025-03-21T15:54:43.794Z",
          "profile": [
            "https://www.medizininformatik-initiative.de/fhir/core/modul-person/StructureDefinition/Vitalstatus|2025.0.1"
          ]
        },
        "status": "final",
        "category": [
          {
            "coding": [
              {
                "system": "http://terminology.hl7.org/CodeSystem/observation-category",
                "code": "survey"
              }
            ]
          }
        ],
        "code": {
          "coding": [
            {
              "system": "http://loinc.org",
              "code": "67162-8"
            }
          ]
        },
        "subject": {
          "reference": "Patient/PID-80a890c9ca5d9a06a1f75f86cb91c4e653c02f969da6fc26b4c89784"
        },
        "effectiveDateTime": "2024-06-30T23:59:59+02:00",
        "valueCodeableConcept": {
          "coding": [
            {
              "system": "https://www.medizininformatik-initiative.de/fhir/core/modul-person/CodeSystem/Vitalstatus",
              "code": "L"
            }
          ]
        }
      },
      "search": {
        "mode": "match"
      }
    },
    {
      "fullUrl": "http://num-fhirserver.distan.medicsh.de:8080/fhir/Observation/VIT-ec6eff2a3359cf4d0b3fa002cf3c9f861c01772b0b655a654a7b1a12",
      "resource": {
        "resourceType": "Observation",
        "id": "VIT-ec6eff2a3359cf4d0b3fa002cf3c9f861c01772b0b655a654a7b1a12",
        "meta": {
          "versionId": "243267711",
          "lastUpdated": "2025-03-21T15:54:37.779Z",
          "profile": [
            "https://www.medizininformatik-initiative.de/fhir/core/modul-person/StructureDefinition/Vitalstatus|2025.0.1"
          ]
        },
        "status": "final",
        "category": [
          {
            "coding": [
              {
                "system": "http://terminology.hl7.org/CodeSystem/observation-category",
                "code": "survey"
              }
            ]
          }
        ],
        "code": {
          "coding": [
            {
              "system": "http://loinc.org",
              "code": "67162-8"
            }
          ]
        },
        "subject": {
          "reference": "Patient/PID-80a890c9ca5d9a06a1f75f86cb91c4e653c02f969da6fc26b4c89784"
        },
        "effectiveDateTime": "2024-06-30T23:59:59+02:00",
        "valueCodeableConcept": {
          "coding": [
            {
              "system": "https://www.medizininformatik-initiative.de/fhir/core/modul-person/CodeSystem/Vitalstatus",
              "code": "L"
            }
          ]
        }
      },
      "search": {
        "mode": "match"
      }
    },
    {
      "fullUrl": "http://num-fhirserver.distan.medicsh.de:8080/fhir/Observation/VIT-ed4c2f5fe49b0a9b942b6380c7706a8e48570cd3b6f4aff60ee6490a",
      "resource": {
        "resourceType": "Observation",
        "id": "VIT-ed4c2f5fe49b0a9b942b6380c7706a8e48570cd3b6f4aff60ee6490a",
        "meta": {
          "versionId": "243267952",
          "lastUpdated": "2025-03-21T15:54:42.935Z",
          "profile": [
            "https://www.medizininformatik-initiative.de/fhir/core/modul-person/StructureDefinition/Vitalstatus|2025.0.1"
          ]
        },
        "status": "final",
        "category": [
          {
            "coding": [
              {
                "system": "http://terminology.hl7.org/CodeSystem/observation-category",
                "code": "survey"
              }
            ]
          }
        ],
        "code": {
          "coding": [
            {
              "system": "http://loinc.org",
              "code": "67162-8"
            }
          ]
        },
        "subject": {
          "reference": "Patient/PID-80a890c9ca5d9a06a1f75f86cb91c4e653c02f969da6fc26b4c89784"
        },
        "effectiveDateTime": "2024-04-19T13:11:00+02:00",
        "valueCodeableConcept": {
          "coding": [
            {
              "system": "https://www.medizininformatik-initiative.de/fhir/core/modul-person/CodeSystem/Vitalstatus",
              "code": "L"
            }
          ]
        }
      },
      "search": {
        "mode": "match"
      }
    },
    {
      "fullUrl": "http://num-fhirserver.distan.medicsh.de:8080/fhir/Observation/VIT-f649ede6cbe0d7656cd9ffb8c0b7cca99f018829f9c9bb17d0a75f7c",
      "resource": {
        "resourceType": "Observation",
        "id": "VIT-f649ede6cbe0d7656cd9ffb8c0b7cca99f018829f9c9bb17d0a75f7c",
        "meta": {
          "versionId": "243917842",
          "lastUpdated": "2025-03-21T20:13:16.449Z",
          "profile": [
            "https://www.medizininformatik-initiative.de/fhir/core/modul-person/StructureDefinition/Vitalstatus|2025.0.1"
          ]
        },
        "status": "final",
        "category": [
          {
            "coding": [
              {
                "system": "http://terminology.hl7.org/CodeSystem/observation-category",
                "code": "survey"
              }
            ]
          }
        ],
        "code": {
          "coding": [
            {
              "system": "http://loinc.org",
              "code": "67162-8"
            }
          ]
        },
        "subject": {
          "reference": "Patient/PID-80a890c9ca5d9a06a1f75f86cb91c4e653c02f969da6fc26b4c89784"
        },
        "effectiveDateTime": "2024-09-30T23:59:59+02:00",
        "valueCodeableConcept": {
          "coding": [
            {
              "system": "https://www.medizininformatik-initiative.de/fhir/core/modul-person/CodeSystem/Vitalstatus",
              "code": "L"
            }
          ]
        }
      },
      "search": {
        "mode": "match"
      }
    },
    {
      "fullUrl": "http://num-fhirserver.distan.medicsh.de:8080/fhir/Observation/VIT-f7ad63183420bccb9fddb2101089ec3915e59c9d729e243d897838dd",
      "resource": {
        "resourceType": "Observation",
        "id": "VIT-f7ad63183420bccb9fddb2101089ec3915e59c9d729e243d897838dd",
        "meta": {
          "versionId": "243267966",
          "lastUpdated": "2025-03-21T15:54:43.178Z",
          "profile": [
            "https://www.medizininformatik-initiative.de/fhir/core/modul-person/StructureDefinition/Vitalstatus|2025.0.1"
          ]
        },
        "status": "final",
        "category": [
          {
            "coding": [
              {
                "system": "http://terminology.hl7.org/CodeSystem/observation-category",
                "code": "survey"
              }
            ]
          }
        ],
        "code": {
          "coding": [
            {
              "system": "http://loinc.org",
              "code": "67162-8"
            }
          ]
        },
        "subject": {
          "reference": "Patient/PID-80a890c9ca5d9a06a1f75f86cb91c4e653c02f969da6fc26b4c89784"
        },
        "effectiveDateTime": "2024-06-30T23:59:59+02:00",
        "valueCodeableConcept": {
          "coding": [
            {
              "system": "https://www.medizininformatik-initiative.de/fhir/core/modul-person/CodeSystem/Vitalstatus",
              "code": "L"
            }
          ]
        }
      },
      "search": {
        "mode": "match"
      }
    }
  ]
}
