{
  "resourceType": "Bundle",
  "id": "DGTUX5QUKXKHDO2K",
  "type": "searchset",
  "total": 3,
  "entry": [
    {
      "fullUrl": "http://num-fhirserver.distan.medicsh.de:8080/fhir/Patient/PID-838009fd888269a267dc228782dd6d4115848822f50ab8c18d2f5322",
      "resource": {
        "resourceType": "Patient",
        "id": "PID-838009fd888269a267dc228782dd6d4115848822f50ab8c18d2f5322",
        "meta": {
          "versionId": "64222934",
          "lastUpdated": "2025-03-12T20:30:38.787Z",
          "profile": [
            "https://www.medizininformatik-initiative.de/fhir/core/modul-person/StructureDefinition/PatientPseudonymisiert|2025.0.1"
          ]
        },
        "identifier": [
          {
            "use": "usual",
            "type": {
              "coding": [
                {
                  "system": "http://terminology.hl7.org/CodeSystem/v3-ObservationValue",
                  "code": "PSEUDED"
                }
              ]
            },
            "system": "https://www.medizininformatik-initiative.de/fhir/sid/pseudonym",
            "value": "838009fd888269a267dc228782dd6d4115848822f50ab8c18d2f5322"
          }
        ],
        "gender": "male",
        "birthDate": "1990-01",
        "deceasedBoolean": true
      },
      "search": {
        "mode": "match"
      }
    },
    {
      "fullUrl": "http://num-fhirserver.distan.medicsh.de:8080/fhir/Encounter/PV-5432148f74578269ff8ab4455571fa4085b41808dfad150986201dc8",
      "resource": {
        "resourceType": "Encounter",
        "id": "PV-5432148f74578269ff8ab4455571fa4085b41808dfad150986201dc8",
        "meta": {
          "versionId": "64222937",
          "lastUpdated": "2025-03-12T20:30:38.793Z",
          "source": "http://medic.uksh.de/source/orbis/legacy",
          "profile": [
            "https://www.medizininformatik-initiative.de/fhir/core/modul-fall/StructureDefinition/KontaktGesundheitseinrichtung|2025.0.0"
          ]
        },
        "identifier": [
          {
            "use": "official",
            "type": {
              "coding": [
                {
                  "system": "http://terminology.hl7.org/CodeSystem/v2-0203",
                  "code": "VN"
                }
              ]
            },
            "system": "http://medic.uksh.de/fhir/Encounter",
            "value": "5432148f74578269ff8ab4455571fa4085b41808dfad150986201dc8"
          }
        ],
        "status": "finished",
        "class": {
          "system": "http://terminology.hl7.org/CodeSystem/v3-ActCode",
          "code": "AMB"
        },
        "type": [
          {
            "coding": [
              {
                "system": "http://fhir.de/CodeSystem/Kontaktebene",
                "code": "einrichtungskontakt"
              }
            ]
          }
        ],
        "subject": {
          "reference": "Patient/PID-838009fd888269a267dc228782dd6d4115848822f50ab8c18d2f5322"
        },
        "period": {
          "start": "2019-05-31T16:03:00+02:00",
          "end": "2019-06-30T23:59:59+02:00"
        },
        "hospitalization": {
          "admitSource": {
            "coding": [
              {
                "system": "http://fhir.de/CodeSystem/dgkev/Aufnahmeanlass",
                "code": "E"
              }
            ]
          }
        }
      },
      "search": {
        "mode": "match"
      }
    },
    {
      "fullUrl": "http://num-fhirserver.distan.medicsh.de:8080/fhir/Observation/VIT-e5935d2e7c807d09ac52e19282ff0fa61eadaada65e34d494fed8e98",
      "resource": {
        "resourceType": "Observation",
        "id": "VIT-e5935d2e7c807d09ac52e19282ff0fa61eadaada65e34d494fed8e98",
        "meta": {
          "versionId": "64222947",
          "lastUpdated": "2025-03-12T20:30:38.832Z",
          "profile": [
            "https://www.medizininformatik-initiative.de/fhir/core/modul-person/StructureDefinition/Vitalstatus|2025.0.1"
          ]
        },
        "status": "final",
        "category": [
          {
            "coding": [
              {
                "system": "http://terminology.hl7.org/CodeSystem/observation-category",
                "code": "survey"
              }
            ]
          }
        ],
        "code": {
          "coding": [
            {
              "system": "http://loinc.org",
              "code": "67162-8"
            }
          ]
        },
        "subject": {
          "reference": "Patient/PID-838009fd888269a267dc228782dd6d4115848822f50ab8c18d2f5322"
        },
        "effectiveDateTime": "2019-05-31T16:03:00+02:00",
        "valueCodeableConcept": {
          "coding": [
            {
              "system": "https://www.medizininformatik-initiative.de/fhir/core/modul-person/CodeSystem/Vitalstatus",
              "code": "L"
            }
          ]
        }
      },
      "search": {
        "mode": "match"
      }
    }
  ]
}
