{
  "resourceType": "Bundle",
  "id": "DGTUX5JUMRHX5F4V",
  "type": "searchset",
  "total": 3,
  "entry": [
    {
      "fullUrl": "http://num-fhirserver.distan.medicsh.de:8080/fhir/Patient/PID-84611438c71219cad4297c9e8e9e32e55a57c2041fb6c51c01280585",
      "resource": {
        "resourceType": "Patient",
        "id": "PID-84611438c71219cad4297c9e8e9e32e55a57c2041fb6c51c01280585",
        "meta": {
          "versionId": "149924450",
          "lastUpdated": "2025-03-15T12:47:58.151Z",
          "profile": [
            "https://www.medizininformatik-initiative.de/fhir/core/modul-person/StructureDefinition/PatientPseudonymisiert|2025.0.1"
          ]
        },
        "identifier": [
          {
            "use": "usual",
            "type": {
              "coding": [
                {
                  "system": "http://terminology.hl7.org/CodeSystem/v3-ObservationValue",
                  "code": "PSEUDED"
                }
              ]
            },
            "system": "https://www.medizininformatik-initiative.de/fhir/sid/pseudonym",
            "value": "84611438c71219cad4297c9e8e9e32e55a57c2041fb6c51c01280585"
          }
        ],
        "gender": "male",
        "birthDate": "2006-07",
        "deceasedBoolean": true
      },
      "search": {
        "mode": "match"
      }
    },
    {
      "fullUrl": "http://num-fhirserver.distan.medicsh.de:8080/fhir/Encounter/PV-106f553f4a2796df1a5b761402490679b0a135705bb9bac6f72f14f8",
      "resource": {
        "resourceType": "Encounter",
        "id": "PV-106f553f4a2796df1a5b761402490679b0a135705bb9bac6f72f14f8",
        "meta": {
          "versionId": "149924471",
          "lastUpdated": "2025-03-15T12:47:58.187Z",
          "source": "http://medic.uksh.de/source/orbis/legacy",
          "profile": [
            "https://www.medizininformatik-initiative.de/fhir/core/modul-fall/StructureDefinition/KontaktGesundheitseinrichtung|2025.0.0"
          ]
        },
        "identifier": [
          {
            "use": "official",
            "type": {
              "coding": [
                {
                  "system": "http://terminology.hl7.org/CodeSystem/v2-0203",
                  "code": "VN"
                }
              ]
            },
            "system": "http://medic.uksh.de/fhir/Encounter",
            "value": "106f553f4a2796df1a5b761402490679b0a135705bb9bac6f72f14f8"
          }
        ],
        "status": "finished",
        "class": {
          "system": "http://terminology.hl7.org/CodeSystem/v3-ActCode",
          "code": "AMB"
        },
        "type": [
          {
            "coding": [
              {
                "system": "http://fhir.de/CodeSystem/Kontaktebene",
                "code": "einrichtungskontakt"
              }
            ]
          }
        ],
        "subject": {
          "reference": "Patient/PID-84611438c71219cad4297c9e8e9e32e55a57c2041fb6c51c01280585"
        },
        "period": {
          "start": "2006-07-01T12:47:00+02:00",
          "end": "2006-09-30T23:59:59+02:00"
        }
      },
      "search": {
        "mode": "match"
      }
    },
    {
      "fullUrl": "http://num-fhirserver.distan.medicsh.de:8080/fhir/Observation/VIT-d881db33d2cdf669ec1cdb2b0c32c1ced6ccc02f3a4359dd65727410",
      "resource": {
        "resourceType": "Observation",
        "id": "VIT-d881db33d2cdf669ec1cdb2b0c32c1ced6ccc02f3a4359dd65727410",
        "meta": {
          "versionId": "149924482",
          "lastUpdated": "2025-03-15T12:47:58.210Z",
          "profile": [
            "https://www.medizininformatik-initiative.de/fhir/core/modul-person/StructureDefinition/Vitalstatus|2025.0.1"
          ]
        },
        "status": "final",
        "category": [
          {
            "coding": [
              {
                "system": "http://terminology.hl7.org/CodeSystem/observation-category",
                "code": "survey"
              }
            ]
          }
        ],
        "code": {
          "coding": [
            {
              "system": "http://loinc.org",
              "code": "67162-8"
            }
          ]
        },
        "subject": {
          "reference": "Patient/PID-84611438c71219cad4297c9e8e9e32e55a57c2041fb6c51c01280585"
        },
        "effectiveDateTime": "2006-07-01T12:47:00+02:00",
        "valueCodeableConcept": {
          "coding": [
            {
              "system": "https://www.medizininformatik-initiative.de/fhir/core/modul-person/CodeSystem/Vitalstatus",
              "code": "L"
            }
          ]
        }
      },
      "search": {
        "mode": "match"
      }
    }
  ]
}
