{
  "resourceType": "Bundle",
  "id": "DGTUX4H22XTOFVIA",
  "type": "searchset",
  "total": 3,
  "entry": [
    {
      "fullUrl": "http://num-fhirserver.distan.medicsh.de:8080/fhir/Patient/PID-871a4e8ed998140d4f3e5353db73a0847da9e55ec7d6c6c670c46e2f",
      "resource": {
        "resourceType": "Patient",
        "id": "PID-871a4e8ed998140d4f3e5353db73a0847da9e55ec7d6c6c670c46e2f",
        "meta": {
          "versionId": "196514288",
          "lastUpdated": "2025-03-18T05:08:18.245Z",
          "profile": [
            "https://www.medizininformatik-initiative.de/fhir/core/modul-person/StructureDefinition/PatientPseudonymisiert|2025.0.1"
          ]
        },
        "identifier": [
          {
            "use": "usual",
            "type": {
              "coding": [
                {
                  "system": "http://terminology.hl7.org/CodeSystem/v3-ObservationValue",
                  "code": "PSEUDED"
                }
              ]
            },
            "system": "https://www.medizininformatik-initiative.de/fhir/sid/pseudonym",
            "value": "871a4e8ed998140d4f3e5353db73a0847da9e55ec7d6c6c670c46e2f"
          }
        ],
        "gender": "female",
        "birthDate": "1945-12",
        "deceasedBoolean": true
      },
      "search": {
        "mode": "match"
      }
    },
    {
      "fullUrl": "http://num-fhirserver.distan.medicsh.de:8080/fhir/Encounter/PV-1c3eecf64acd9a76fc805811e4f2889f692879173622cd57dd10a678",
      "resource": {
        "resourceType": "Encounter",
        "id": "PV-1c3eecf64acd9a76fc805811e4f2889f692879173622cd57dd10a678",
        "meta": {
          "versionId": "196514225",
          "lastUpdated": "2025-03-18T05:08:18.017Z",
          "source": "http://medic.uksh.de/source/orbis/legacy",
          "profile": [
            "https://www.medizininformatik-initiative.de/fhir/core/modul-fall/StructureDefinition/KontaktGesundheitseinrichtung|2025.0.0"
          ]
        },
        "identifier": [
          {
            "use": "official",
            "type": {
              "coding": [
                {
                  "system": "http://terminology.hl7.org/CodeSystem/v2-0203",
                  "code": "VN"
                }
              ]
            },
            "system": "http://medic.uksh.de/fhir/Encounter",
            "value": "1c3eecf64acd9a76fc805811e4f2889f692879173622cd57dd10a678"
          }
        ],
        "status": "finished",
        "class": {
          "system": "http://terminology.hl7.org/CodeSystem/v3-ActCode",
          "code": "AMB"
        },
        "type": [
          {
            "coding": [
              {
                "system": "http://fhir.de/CodeSystem/Kontaktebene",
                "code": "einrichtungskontakt"
              }
            ]
          }
        ],
        "subject": {
          "reference": "Patient/PID-871a4e8ed998140d4f3e5353db73a0847da9e55ec7d6c6c670c46e2f"
        },
        "period": {
          "start": "2007-06-06T00:00:00+02:00",
          "end": "2007-06-30T23:59:59+02:00"
        }
      },
      "search": {
        "mode": "match"
      }
    },
    {
      "fullUrl": "http://num-fhirserver.distan.medicsh.de:8080/fhir/Observation/VIT-e0e0fbb720b77952f6ed262aaaad74bfe9952747975371fc6a10401d",
      "resource": {
        "resourceType": "Observation",
        "id": "VIT-e0e0fbb720b77952f6ed262aaaad74bfe9952747975371fc6a10401d",
        "meta": {
          "versionId": "196514234",
          "lastUpdated": "2025-03-18T05:08:18.065Z",
          "profile": [
            "https://www.medizininformatik-initiative.de/fhir/core/modul-person/StructureDefinition/Vitalstatus|2025.0.1"
          ]
        },
        "status": "final",
        "category": [
          {
            "coding": [
              {
                "system": "http://terminology.hl7.org/CodeSystem/observation-category",
                "code": "survey"
              }
            ]
          }
        ],
        "code": {
          "coding": [
            {
              "system": "http://loinc.org",
              "code": "67162-8"
            }
          ]
        },
        "subject": {
          "reference": "Patient/PID-871a4e8ed998140d4f3e5353db73a0847da9e55ec7d6c6c670c46e2f"
        },
        "effectiveDateTime": "2007-06-06T00:00:00+02:00",
        "valueCodeableConcept": {
          "coding": [
            {
              "system": "https://www.medizininformatik-initiative.de/fhir/core/modul-person/CodeSystem/Vitalstatus",
              "code": "L"
            }
          ]
        }
      },
      "search": {
        "mode": "match"
      }
    }
  ]
}
