{
  "resourceType": "Bundle",
  "id": "DGTUYAQD6VKKBJRM",
  "type": "searchset",
  "total": 5,
  "entry": [
    {
      "fullUrl": "http://num-fhirserver.distan.medicsh.de:8080/fhir/Patient/PID-87e338d57d245945df468834081f162c14c42575e574dbe4bcecfbc0",
      "resource": {
        "resourceType": "Patient",
        "id": "PID-87e338d57d245945df468834081f162c14c42575e574dbe4bcecfbc0",
        "meta": {
          "versionId": "67759179",
          "lastUpdated": "2025-03-13T00:44:08.895Z",
          "profile": [
            "https://www.medizininformatik-initiative.de/fhir/core/modul-person/StructureDefinition/PatientPseudonymisiert|2025.0.1"
          ]
        },
        "identifier": [
          {
            "use": "usual",
            "type": {
              "coding": [
                {
                  "system": "http://terminology.hl7.org/CodeSystem/v3-ObservationValue",
                  "code": "PSEUDED"
                }
              ]
            },
            "system": "https://www.medizininformatik-initiative.de/fhir/sid/pseudonym",
            "value": "87e338d57d245945df468834081f162c14c42575e574dbe4bcecfbc0"
          }
        ],
        "gender": "female",
        "birthDate": "1987-06",
        "deceasedBoolean": true,
        "address": [
          {
            "type": "both",
            "postalCode": "235",
            "country": "DE"
          }
        ]
      },
      "search": {
        "mode": "match"
      }
    },
    {
      "fullUrl": "http://num-fhirserver.distan.medicsh.de:8080/fhir/Encounter/PV-21864dc19eb1e9a1bb2bc0812e507adad2db69f8f707bedf84c2e386",
      "resource": {
        "resourceType": "Encounter",
        "id": "PV-21864dc19eb1e9a1bb2bc0812e507adad2db69f8f707bedf84c2e386",
        "meta": {
          "versionId": "67759120",
          "lastUpdated": "2025-03-13T00:44:08.771Z",
          "source": "http://medic.uksh.de/source/orbis/legacy",
          "profile": [
            "https://www.medizininformatik-initiative.de/fhir/core/modul-fall/StructureDefinition/KontaktGesundheitseinrichtung|2025.0.0"
          ]
        },
        "identifier": [
          {
            "use": "official",
            "type": {
              "coding": [
                {
                  "system": "http://terminology.hl7.org/CodeSystem/v2-0203",
                  "code": "VN"
                }
              ]
            },
            "system": "http://medic.uksh.de/fhir/Encounter",
            "value": "21864dc19eb1e9a1bb2bc0812e507adad2db69f8f707bedf84c2e386"
          }
        ],
        "status": "finished",
        "class": {
          "system": "http://terminology.hl7.org/CodeSystem/v3-ActCode",
          "code": "AMB"
        },
        "type": [
          {
            "coding": [
              {
                "system": "http://fhir.de/CodeSystem/Kontaktebene",
                "code": "einrichtungskontakt"
              }
            ]
          }
        ],
        "subject": {
          "reference": "Patient/PID-87e338d57d245945df468834081f162c14c42575e574dbe4bcecfbc0"
        },
        "period": {
          "start": "2015-03-17T08:55:00+01:00",
          "end": "2015-03-31T23:59:59+02:00"
        },
        "hospitalization": {
          "admitSource": {
            "coding": [
              {
                "system": "http://fhir.de/CodeSystem/dgkev/Aufnahmeanlass",
                "code": "E"
              }
            ]
          }
        }
      },
      "search": {
        "mode": "match"
      }
    },
    {
      "fullUrl": "http://num-fhirserver.distan.medicsh.de:8080/fhir/Encounter/PV-83a8737ca206f114d37f8656e2637e3a65784259b0164c2e96ae8d96",
      "resource": {
        "resourceType": "Encounter",
        "id": "PV-83a8737ca206f114d37f8656e2637e3a65784259b0164c2e96ae8d96",
        "meta": {
          "versionId": "67759216",
          "lastUpdated": "2025-03-13T00:44:08.987Z",
          "source": "http://medic.uksh.de/source/orbis/legacy",
          "profile": [
            "https://www.medizininformatik-initiative.de/fhir/core/modul-fall/StructureDefinition/KontaktGesundheitseinrichtung|2025.0.0"
          ]
        },
        "identifier": [
          {
            "use": "official",
            "type": {
              "coding": [
                {
                  "system": "http://terminology.hl7.org/CodeSystem/v2-0203",
                  "code": "VN"
                }
              ]
            },
            "system": "http://medic.uksh.de/fhir/Encounter",
            "value": "83a8737ca206f114d37f8656e2637e3a65784259b0164c2e96ae8d96"
          }
        ],
        "status": "finished",
        "class": {
          "system": "http://terminology.hl7.org/CodeSystem/v3-ActCode",
          "code": "AMB"
        },
        "type": [
          {
            "coding": [
              {
                "system": "http://fhir.de/CodeSystem/Kontaktebene",
                "code": "einrichtungskontakt"
              }
            ]
          }
        ],
        "subject": {
          "reference": "Patient/PID-87e338d57d245945df468834081f162c14c42575e574dbe4bcecfbc0"
        },
        "period": {
          "start": "2017-09-30T19:53:00+02:00",
          "end": "2017-09-30T23:59:59+02:00"
        },
        "hospitalization": {
          "admitSource": {
            "coding": [
              {
                "system": "http://fhir.de/CodeSystem/dgkev/Aufnahmeanlass",
                "code": "E"
              }
            ]
          }
        }
      },
      "search": {
        "mode": "match"
      }
    },
    {
      "fullUrl": "http://num-fhirserver.distan.medicsh.de:8080/fhir/Observation/VIT-54500f6e42740b534d868a2059dc6bcdabe8b46b64928d3ee1d9e18d",
      "resource": {
        "resourceType": "Observation",
        "id": "VIT-54500f6e42740b534d868a2059dc6bcdabe8b46b64928d3ee1d9e18d",
        "meta": {
          "versionId": "67759231",
          "lastUpdated": "2025-03-13T00:44:09.030Z",
          "profile": [
            "https://www.medizininformatik-initiative.de/fhir/core/modul-person/StructureDefinition/Vitalstatus|2025.0.1"
          ]
        },
        "status": "final",
        "category": [
          {
            "coding": [
              {
                "system": "http://terminology.hl7.org/CodeSystem/observation-category",
                "code": "survey"
              }
            ]
          }
        ],
        "code": {
          "coding": [
            {
              "system": "http://loinc.org",
              "code": "67162-8"
            }
          ]
        },
        "subject": {
          "reference": "Patient/PID-87e338d57d245945df468834081f162c14c42575e574dbe4bcecfbc0"
        },
        "effectiveDateTime": "2017-09-30T19:53:00+02:00",
        "valueCodeableConcept": {
          "coding": [
            {
              "system": "https://www.medizininformatik-initiative.de/fhir/core/modul-person/CodeSystem/Vitalstatus",
              "code": "L"
            }
          ]
        }
      },
      "search": {
        "mode": "match"
      }
    },
    {
      "fullUrl": "http://num-fhirserver.distan.medicsh.de:8080/fhir/Observation/VIT-e4c7602eab9992e95afb9cea9175199e985b58a4358e2cddbfec2627",
      "resource": {
        "resourceType": "Observation",
        "id": "VIT-e4c7602eab9992e95afb9cea9175199e985b58a4358e2cddbfec2627",
        "meta": {
          "versionId": "67759135",
          "lastUpdated": "2025-03-13T00:44:08.805Z",
          "profile": [
            "https://www.medizininformatik-initiative.de/fhir/core/modul-person/StructureDefinition/Vitalstatus|2025.0.1"
          ]
        },
        "status": "final",
        "category": [
          {
            "coding": [
              {
                "system": "http://terminology.hl7.org/CodeSystem/observation-category",
                "code": "survey"
              }
            ]
          }
        ],
        "code": {
          "coding": [
            {
              "system": "http://loinc.org",
              "code": "67162-8"
            }
          ]
        },
        "subject": {
          "reference": "Patient/PID-87e338d57d245945df468834081f162c14c42575e574dbe4bcecfbc0"
        },
        "effectiveDateTime": "2015-03-17T08:55:00+01:00",
        "valueCodeableConcept": {
          "coding": [
            {
              "system": "https://www.medizininformatik-initiative.de/fhir/core/modul-person/CodeSystem/Vitalstatus",
              "code": "L"
            }
          ]
        }
      },
      "search": {
        "mode": "match"
      }
    }
  ]
}
