{
  "resourceType": "Bundle",
  "id": "DGTUX5EKZWVA6XTE",
  "type": "searchset",
  "total": 3,
  "entry": [
    {
      "fullUrl": "http://num-fhirserver.distan.medicsh.de:8080/fhir/Patient/PID-89c881a5f5d66ef2e58d69a10585d59a5e5be876e77e33719c225203",
      "resource": {
        "resourceType": "Patient",
        "id": "PID-89c881a5f5d66ef2e58d69a10585d59a5e5be876e77e33719c225203",
        "meta": {
          "versionId": "164910535",
          "lastUpdated": "2025-03-16T11:57:13.369Z",
          "profile": [
            "https://www.medizininformatik-initiative.de/fhir/core/modul-person/StructureDefinition/PatientPseudonymisiert|2025.0.1"
          ]
        },
        "identifier": [
          {
            "use": "usual",
            "type": {
              "coding": [
                {
                  "system": "http://terminology.hl7.org/CodeSystem/v3-ObservationValue",
                  "code": "PSEUDED"
                }
              ]
            },
            "system": "https://www.medizininformatik-initiative.de/fhir/sid/pseudonym",
            "value": "89c881a5f5d66ef2e58d69a10585d59a5e5be876e77e33719c225203"
          }
        ],
        "gender": "male",
        "birthDate": "2007-09",
        "deceasedBoolean": true
      },
      "search": {
        "mode": "match"
      }
    },
    {
      "fullUrl": "http://num-fhirserver.distan.medicsh.de:8080/fhir/Encounter/PV-7e08873c9b200ccc95d1220fcc4b7d9777d5eb7f7cc6787bca170c86",
      "resource": {
        "resourceType": "Encounter",
        "id": "PV-7e08873c9b200ccc95d1220fcc4b7d9777d5eb7f7cc6787bca170c86",
        "meta": {
          "versionId": "164910531",
          "lastUpdated": "2025-03-16T11:57:13.214Z",
          "source": "http://medic.uksh.de/source/orbis/legacy",
          "profile": [
            "https://www.medizininformatik-initiative.de/fhir/core/modul-fall/StructureDefinition/KontaktGesundheitseinrichtung|2025.0.0"
          ]
        },
        "identifier": [
          {
            "use": "official",
            "type": {
              "coding": [
                {
                  "system": "http://terminology.hl7.org/CodeSystem/v2-0203",
                  "code": "VN"
                }
              ]
            },
            "system": "http://medic.uksh.de/fhir/Encounter",
            "value": "7e08873c9b200ccc95d1220fcc4b7d9777d5eb7f7cc6787bca170c86"
          }
        ],
        "status": "finished",
        "class": {
          "system": "http://terminology.hl7.org/CodeSystem/v3-ActCode",
          "code": "AMB"
        },
        "type": [
          {
            "coding": [
              {
                "system": "http://fhir.de/CodeSystem/Kontaktebene",
                "code": "einrichtungskontakt"
              }
            ]
          }
        ],
        "subject": {
          "reference": "Patient/PID-89c881a5f5d66ef2e58d69a10585d59a5e5be876e77e33719c225203"
        },
        "period": {
          "start": "2007-09-01T07:40:00+02:00",
          "end": "2007-09-30T23:59:59+02:00"
        }
      },
      "search": {
        "mode": "match"
      }
    },
    {
      "fullUrl": "http://num-fhirserver.distan.medicsh.de:8080/fhir/Observation/VIT-16d9ae7a350120fc91a21c842e23341db31f8ae4a2b7d391cfc998ab",
      "resource": {
        "resourceType": "Observation",
        "id": "VIT-16d9ae7a350120fc91a21c842e23341db31f8ae4a2b7d391cfc998ab",
        "meta": {
          "versionId": "164910532",
          "lastUpdated": "2025-03-16T11:57:13.236Z",
          "profile": [
            "https://www.medizininformatik-initiative.de/fhir/core/modul-person/StructureDefinition/Vitalstatus|2025.0.1"
          ]
        },
        "status": "final",
        "category": [
          {
            "coding": [
              {
                "system": "http://terminology.hl7.org/CodeSystem/observation-category",
                "code": "survey"
              }
            ]
          }
        ],
        "code": {
          "coding": [
            {
              "system": "http://loinc.org",
              "code": "67162-8"
            }
          ]
        },
        "subject": {
          "reference": "Patient/PID-89c881a5f5d66ef2e58d69a10585d59a5e5be876e77e33719c225203"
        },
        "effectiveDateTime": "2007-09-01T07:40:00+02:00",
        "valueCodeableConcept": {
          "coding": [
            {
              "system": "https://www.medizininformatik-initiative.de/fhir/core/modul-person/CodeSystem/Vitalstatus",
              "code": "L"
            }
          ]
        }
      },
      "search": {
        "mode": "match"
      }
    }
  ]
}
