{
  "resourceType": "Bundle",
  "id": "DGTUX55TB5F4KSFQ",
  "type": "searchset",
  "total": 4,
  "entry": [
    {
      "fullUrl": "http://num-fhirserver.distan.medicsh.de:8080/fhir/Patient/PID-8ba88332dd486bc2be4709e59bab582145f16a26ab5b692c76f85e03",
      "resource": {
        "resourceType": "Patient",
        "id": "PID-8ba88332dd486bc2be4709e59bab582145f16a26ab5b692c76f85e03",
        "meta": {
          "versionId": "235687774",
          "lastUpdated": "2025-03-19T14:39:14.012Z",
          "profile": [
            "https://www.medizininformatik-initiative.de/fhir/core/modul-person/StructureDefinition/PatientPseudonymisiert|2025.0.1"
          ]
        },
        "identifier": [
          {
            "use": "usual",
            "type": {
              "coding": [
                {
                  "system": "http://terminology.hl7.org/CodeSystem/v3-ObservationValue",
                  "code": "PSEUDED"
                }
              ]
            },
            "system": "https://www.medizininformatik-initiative.de/fhir/sid/pseudonym",
            "value": "8ba88332dd486bc2be4709e59bab582145f16a26ab5b692c76f85e03"
          }
        ],
        "gender": "male",
        "birthDate": "1971-01",
        "deceasedBoolean": true,
        "address": [
          {
            "type": "both",
            "postalCode": "391",
            "country": "DE"
          }
        ]
      },
      "search": {
        "mode": "match"
      }
    },
    {
      "fullUrl": "http://num-fhirserver.distan.medicsh.de:8080/fhir/Encounter/PV-d6196101ed604e55c91ee9bc246375e9493f4f889627f7133cb8237c",
      "resource": {
        "resourceType": "Encounter",
        "id": "PV-d6196101ed604e55c91ee9bc246375e9493f4f889627f7133cb8237c",
        "meta": {
          "versionId": "234963835",
          "lastUpdated": "2025-03-19T14:09:49.719Z",
          "source": "http://medic.uksh.de/source/orbis/adt",
          "profile": [
            "https://www.medizininformatik-initiative.de/fhir/core/modul-fall/StructureDefinition/KontaktGesundheitseinrichtung|2025.0.0"
          ]
        },
        "identifier": [
          {
            "use": "official",
            "type": {
              "coding": [
                {
                  "system": "http://terminology.hl7.org/CodeSystem/v2-0203",
                  "code": "VN"
                }
              ]
            },
            "system": "http://medic.uksh.de/fhir/Encounter",
            "value": "d6196101ed604e55c91ee9bc246375e9493f4f889627f7133cb8237c"
          }
        ],
        "status": "finished",
        "class": {
          "system": "http://terminology.hl7.org/CodeSystem/v3-ActCode",
          "code": "AMB"
        },
        "type": [
          {
            "coding": [
              {
                "system": "http://fhir.de/CodeSystem/Kontaktebene",
                "code": "einrichtungskontakt"
              }
            ]
          }
        ],
        "subject": {
          "reference": "Patient/PID-8ba88332dd486bc2be4709e59bab582145f16a26ab5b692c76f85e03"
        },
        "period": {
          "start": "2022-07-20T10:28:00+02:00",
          "end": "2022-09-30T23:59:59+02:00"
        }
      },
      "search": {
        "mode": "match"
      }
    },
    {
      "fullUrl": "http://num-fhirserver.distan.medicsh.de:8080/fhir/Observation/VIT-9299decb9d2e3f140fac706717e649e0b054a5efb3e1d3254c4647bc",
      "resource": {
        "resourceType": "Observation",
        "id": "VIT-9299decb9d2e3f140fac706717e649e0b054a5efb3e1d3254c4647bc",
        "meta": {
          "versionId": "234963842",
          "lastUpdated": "2025-03-19T14:09:49.734Z",
          "profile": [
            "https://www.medizininformatik-initiative.de/fhir/core/modul-person/StructureDefinition/Vitalstatus|2025.0.1"
          ]
        },
        "status": "final",
        "category": [
          {
            "coding": [
              {
                "system": "http://terminology.hl7.org/CodeSystem/observation-category",
                "code": "survey"
              }
            ]
          }
        ],
        "code": {
          "coding": [
            {
              "system": "http://loinc.org",
              "code": "67162-8"
            }
          ]
        },
        "subject": {
          "reference": "Patient/PID-8ba88332dd486bc2be4709e59bab582145f16a26ab5b692c76f85e03"
        },
        "effectiveDateTime": "2022-07-20T10:28:00+02:00",
        "valueCodeableConcept": {
          "coding": [
            {
              "system": "https://www.medizininformatik-initiative.de/fhir/core/modul-person/CodeSystem/Vitalstatus",
              "code": "L"
            }
          ]
        }
      },
      "search": {
        "mode": "match"
      }
    },
    {
      "fullUrl": "http://num-fhirserver.distan.medicsh.de:8080/fhir/Observation/VIT-b1f3ed1afb3eef8bf86f0ed03aa53a0e9bba7a39ab2156e2cb58908f",
      "resource": {
        "resourceType": "Observation",
        "id": "VIT-b1f3ed1afb3eef8bf86f0ed03aa53a0e9bba7a39ab2156e2cb58908f",
        "meta": {
          "versionId": "234963854",
          "lastUpdated": "2025-03-19T14:09:49.746Z",
          "profile": [
            "https://www.medizininformatik-initiative.de/fhir/core/modul-person/StructureDefinition/Vitalstatus|2025.0.1"
          ]
        },
        "status": "final",
        "category": [
          {
            "coding": [
              {
                "system": "http://terminology.hl7.org/CodeSystem/observation-category",
                "code": "survey"
              }
            ]
          }
        ],
        "code": {
          "coding": [
            {
              "system": "http://loinc.org",
              "code": "67162-8"
            }
          ]
        },
        "subject": {
          "reference": "Patient/PID-8ba88332dd486bc2be4709e59bab582145f16a26ab5b692c76f85e03"
        },
        "effectiveDateTime": "2022-09-30T23:59:59+02:00",
        "valueCodeableConcept": {
          "coding": [
            {
              "system": "https://www.medizininformatik-initiative.de/fhir/core/modul-person/CodeSystem/Vitalstatus",
              "code": "L"
            }
          ]
        }
      },
      "search": {
        "mode": "match"
      }
    }
  ]
}
