{
  "resourceType": "Bundle",
  "id": "DGTUYBJBYPKMDQJS",
  "type": "searchset",
  "total": 3,
  "entry": [
    {
      "fullUrl": "http://num-fhirserver.distan.medicsh.de:8080/fhir/Patient/PID-8c60366bc9dfbe1f94bf85e1e8383a43f68851e50c0798b7f8d55a53",
      "resource": {
        "resourceType": "Patient",
        "id": "PID-8c60366bc9dfbe1f94bf85e1e8383a43f68851e50c0798b7f8d55a53",
        "meta": {
          "versionId": "137139282",
          "lastUpdated": "2025-03-15T03:32:20.598Z",
          "profile": [
            "https://www.medizininformatik-initiative.de/fhir/core/modul-person/StructureDefinition/PatientPseudonymisiert|2025.0.1"
          ]
        },
        "identifier": [
          {
            "use": "usual",
            "type": {
              "coding": [
                {
                  "system": "http://terminology.hl7.org/CodeSystem/v3-ObservationValue",
                  "code": "PSEUDED"
                }
              ]
            },
            "system": "https://www.medizininformatik-initiative.de/fhir/sid/pseudonym",
            "value": "8c60366bc9dfbe1f94bf85e1e8383a43f68851e50c0798b7f8d55a53"
          }
        ],
        "gender": "male",
        "birthDate": "1916-12",
        "deceasedBoolean": true
      },
      "search": {
        "mode": "match"
      }
    },
    {
      "fullUrl": "http://num-fhirserver.distan.medicsh.de:8080/fhir/Encounter/PV-c2496193a97be88ad207b010cfb91c70b4432a1ea008caee52072e36",
      "resource": {
        "resourceType": "Encounter",
        "id": "PV-c2496193a97be88ad207b010cfb91c70b4432a1ea008caee52072e36",
        "meta": {
          "versionId": "137139291",
          "lastUpdated": "2025-03-15T03:32:20.615Z",
          "source": "http://medic.uksh.de/source/orbis/legacy",
          "profile": [
            "https://www.medizininformatik-initiative.de/fhir/core/modul-fall/StructureDefinition/KontaktGesundheitseinrichtung|2025.0.0"
          ]
        },
        "identifier": [
          {
            "use": "official",
            "type": {
              "coding": [
                {
                  "system": "http://terminology.hl7.org/CodeSystem/v2-0203",
                  "code": "VN"
                }
              ]
            },
            "system": "http://medic.uksh.de/fhir/Encounter",
            "value": "c2496193a97be88ad207b010cfb91c70b4432a1ea008caee52072e36"
          }
        ],
        "status": "finished",
        "class": {
          "system": "http://terminology.hl7.org/CodeSystem/v3-ActCode",
          "code": "AMB"
        },
        "type": [
          {
            "coding": [
              {
                "system": "http://fhir.de/CodeSystem/Kontaktebene",
                "code": "einrichtungskontakt"
              }
            ]
          }
        ],
        "subject": {
          "reference": "Patient/PID-8c60366bc9dfbe1f94bf85e1e8383a43f68851e50c0798b7f8d55a53"
        },
        "period": {
          "start": "2016-12-02T14:30:00+01:00",
          "end": "2016-12-31T23:59:59+01:00"
        },
        "hospitalization": {
          "admitSource": {
            "coding": [
              {
                "system": "http://fhir.de/CodeSystem/dgkev/Aufnahmeanlass",
                "code": "E"
              }
            ]
          }
        }
      },
      "search": {
        "mode": "match"
      }
    },
    {
      "fullUrl": "http://num-fhirserver.distan.medicsh.de:8080/fhir/Observation/VIT-1095b0c96f85dabe1a4d792978c036f1064f88b1c00b88d2ba90e95c",
      "resource": {
        "resourceType": "Observation",
        "id": "VIT-1095b0c96f85dabe1a4d792978c036f1064f88b1c00b88d2ba90e95c",
        "meta": {
          "versionId": "137139300",
          "lastUpdated": "2025-03-15T03:32:20.640Z",
          "profile": [
            "https://www.medizininformatik-initiative.de/fhir/core/modul-person/StructureDefinition/Vitalstatus|2025.0.1"
          ]
        },
        "status": "final",
        "category": [
          {
            "coding": [
              {
                "system": "http://terminology.hl7.org/CodeSystem/observation-category",
                "code": "survey"
              }
            ]
          }
        ],
        "code": {
          "coding": [
            {
              "system": "http://loinc.org",
              "code": "67162-8"
            }
          ]
        },
        "subject": {
          "reference": "Patient/PID-8c60366bc9dfbe1f94bf85e1e8383a43f68851e50c0798b7f8d55a53"
        },
        "effectiveDateTime": "2016-12-02T14:30:00+01:00",
        "valueCodeableConcept": {
          "coding": [
            {
              "system": "https://www.medizininformatik-initiative.de/fhir/core/modul-person/CodeSystem/Vitalstatus",
              "code": "L"
            }
          ]
        }
      },
      "search": {
        "mode": "match"
      }
    }
  ]
}
