{
  "resourceType": "Bundle",
  "id": "DGTUYBVWKAFXPHGX",
  "type": "searchset",
  "total": 8,
  "entry": [
    {
      "fullUrl": "http://num-fhirserver.distan.medicsh.de:8080/fhir/Patient/PID-8c8120938a2315433fa83016f090f8db031a4c0ca7865b035688e1b0",
      "resource": {
        "resourceType": "Patient",
        "id": "PID-8c8120938a2315433fa83016f090f8db031a4c0ca7865b035688e1b0",
        "meta": {
          "versionId": "357794415",
          "lastUpdated": "2025-08-06T10:16:52.701Z",
          "profile": [
            "https://www.medizininformatik-initiative.de/fhir/core/modul-person/StructureDefinition/PatientPseudonymisiert|2025.0.1"
          ]
        },
        "identifier": [
          {
            "use": "usual",
            "type": {
              "coding": [
                {
                  "system": "http://terminology.hl7.org/CodeSystem/v3-ObservationValue",
                  "code": "PSEUDED"
                }
              ]
            },
            "system": "https://www.medizininformatik-initiative.de/fhir/sid/pseudonym",
            "value": "8c8120938a2315433fa83016f090f8db031a4c0ca7865b035688e1b0"
          }
        ],
        "gender": "male",
        "birthDate": "2001-01"
      },
      "search": {
        "mode": "match"
      }
    },
    {
      "fullUrl": "http://num-fhirserver.distan.medicsh.de:8080/fhir/Encounter/PV-0c25fc860781d46f1c174f43a26dcc04d3acf606ae334d594f53ff68",
      "resource": {
        "resourceType": "Encounter",
        "id": "PV-0c25fc860781d46f1c174f43a26dcc04d3acf606ae334d594f53ff68",
        "meta": {
          "versionId": "356139775",
          "lastUpdated": "2025-07-30T03:23:28.953Z",
          "source": "http://medic.uksh.de/source/orbis/adt",
          "profile": [
            "https://www.medizininformatik-initiative.de/fhir/core/modul-fall/StructureDefinition/KontaktGesundheitseinrichtung|2025.0.0"
          ]
        },
        "identifier": [
          {
            "use": "official",
            "type": {
              "coding": [
                {
                  "system": "http://terminology.hl7.org/CodeSystem/v2-0203",
                  "code": "VN"
                }
              ]
            },
            "system": "http://medic.uksh.de/fhir/Encounter",
            "value": "0c25fc860781d46f1c174f43a26dcc04d3acf606ae334d594f53ff68"
          }
        ],
        "status": "in-progress",
        "class": {
          "system": "http://terminology.hl7.org/CodeSystem/v3-ActCode",
          "code": "AMB"
        },
        "type": [
          {
            "coding": [
              {
                "system": "http://fhir.de/CodeSystem/Kontaktebene",
                "code": "einrichtungskontakt"
              }
            ]
          }
        ],
        "subject": {
          "reference": "Patient/PID-8c8120938a2315433fa83016f090f8db031a4c0ca7865b035688e1b0"
        },
        "period": {
          "start": "2025-07-29T14:45:00+02:00",
          "end": "2025-09-30T23:59:59+02:00"
        }
      },
      "search": {
        "mode": "match"
      }
    },
    {
      "fullUrl": "http://num-fhirserver.distan.medicsh.de:8080/fhir/Encounter/PV-5793973e683531db5d6885bf2e9ae5c8d621e306ec5a465aba3787b4",
      "resource": {
        "resourceType": "Encounter",
        "id": "PV-5793973e683531db5d6885bf2e9ae5c8d621e306ec5a465aba3787b4",
        "meta": {
          "versionId": "356139783",
          "lastUpdated": "2025-07-30T03:23:29.269Z",
          "source": "http://medic.uksh.de/source/orbis/adt",
          "profile": [
            "https://www.medizininformatik-initiative.de/fhir/core/modul-fall/StructureDefinition/KontaktGesundheitseinrichtung|2025.0.0"
          ]
        },
        "identifier": [
          {
            "use": "official",
            "type": {
              "coding": [
                {
                  "system": "http://terminology.hl7.org/CodeSystem/v2-0203",
                  "code": "VN"
                }
              ]
            },
            "system": "http://medic.uksh.de/fhir/Encounter",
            "value": "5793973e683531db5d6885bf2e9ae5c8d621e306ec5a465aba3787b4"
          }
        ],
        "status": "in-progress",
        "class": {
          "system": "http://terminology.hl7.org/CodeSystem/v3-ActCode",
          "code": "AMB"
        },
        "type": [
          {
            "coding": [
              {
                "system": "http://fhir.de/CodeSystem/Kontaktebene",
                "code": "einrichtungskontakt"
              }
            ]
          }
        ],
        "subject": {
          "reference": "Patient/PID-8c8120938a2315433fa83016f090f8db031a4c0ca7865b035688e1b0"
        },
        "period": {
          "start": "2025-07-29T14:49:00+02:00",
          "end": "2025-09-30T23:59:59+02:00"
        }
      },
      "search": {
        "mode": "match"
      }
    },
    {
      "fullUrl": "http://num-fhirserver.distan.medicsh.de:8080/fhir/Encounter/PV-ba546a161b1796f825a4bfcdd25c6851a3faa21790f7fcb68a2884bf",
      "resource": {
        "resourceType": "Encounter",
        "id": "PV-ba546a161b1796f825a4bfcdd25c6851a3faa21790f7fcb68a2884bf",
        "meta": {
          "versionId": "235610647",
          "lastUpdated": "2025-03-19T14:30:24.258Z",
          "source": "http://medic.uksh.de/source/orbis/adt",
          "profile": [
            "https://www.medizininformatik-initiative.de/fhir/core/modul-fall/StructureDefinition/KontaktGesundheitseinrichtung|2025.0.0"
          ]
        },
        "identifier": [
          {
            "use": "official",
            "type": {
              "coding": [
                {
                  "system": "http://terminology.hl7.org/CodeSystem/v2-0203",
                  "code": "VN"
                }
              ]
            },
            "system": "http://medic.uksh.de/fhir/Encounter",
            "value": "ba546a161b1796f825a4bfcdd25c6851a3faa21790f7fcb68a2884bf"
          }
        ],
        "status": "finished",
        "class": {
          "system": "http://terminology.hl7.org/CodeSystem/v3-ActCode",
          "code": "AMB"
        },
        "type": [
          {
            "coding": [
              {
                "system": "http://fhir.de/CodeSystem/Kontaktebene",
                "code": "einrichtungskontakt"
              }
            ]
          }
        ],
        "subject": {
          "reference": "Patient/PID-8c8120938a2315433fa83016f090f8db031a4c0ca7865b035688e1b0"
        },
        "period": {
          "start": "2022-10-20T12:53:00+02:00",
          "end": "2022-12-31T23:59:59+01:00"
        }
      },
      "search": {
        "mode": "match"
      }
    },
    {
      "fullUrl": "http://num-fhirserver.distan.medicsh.de:8080/fhir/Observation/VIT-1899040460be7637d988a82035f60e05fb065d38bb7e3fe10a0566be",
      "resource": {
        "resourceType": "Observation",
        "id": "VIT-1899040460be7637d988a82035f60e05fb065d38bb7e3fe10a0566be",
        "meta": {
          "versionId": "235610663",
          "lastUpdated": "2025-03-19T14:30:24.280Z",
          "profile": [
            "https://www.medizininformatik-initiative.de/fhir/core/modul-person/StructureDefinition/Vitalstatus|2025.0.1"
          ]
        },
        "status": "final",
        "category": [
          {
            "coding": [
              {
                "system": "http://terminology.hl7.org/CodeSystem/observation-category",
                "code": "survey"
              }
            ]
          }
        ],
        "code": {
          "coding": [
            {
              "system": "http://loinc.org",
              "code": "67162-8"
            }
          ]
        },
        "subject": {
          "reference": "Patient/PID-8c8120938a2315433fa83016f090f8db031a4c0ca7865b035688e1b0"
        },
        "effectiveDateTime": "2022-12-31T23:59:59+01:00",
        "valueCodeableConcept": {
          "coding": [
            {
              "system": "https://www.medizininformatik-initiative.de/fhir/core/modul-person/CodeSystem/Vitalstatus",
              "code": "L"
            }
          ]
        }
      },
      "search": {
        "mode": "match"
      }
    },
    {
      "fullUrl": "http://num-fhirserver.distan.medicsh.de:8080/fhir/Observation/VIT-3c06e85f347c96c896418d8b840945ab5c6b467accd74609c37826ff",
      "resource": {
        "resourceType": "Observation",
        "id": "VIT-3c06e85f347c96c896418d8b840945ab5c6b467accd74609c37826ff",
        "meta": {
          "versionId": "356139776",
          "lastUpdated": "2025-07-30T03:23:28.971Z",
          "profile": [
            "https://www.medizininformatik-initiative.de/fhir/core/modul-person/StructureDefinition/Vitalstatus|2025.0.1"
          ]
        },
        "status": "final",
        "category": [
          {
            "coding": [
              {
                "system": "http://terminology.hl7.org/CodeSystem/observation-category",
                "code": "survey"
              }
            ]
          }
        ],
        "code": {
          "coding": [
            {
              "system": "http://loinc.org",
              "code": "67162-8"
            }
          ]
        },
        "subject": {
          "reference": "Patient/PID-8c8120938a2315433fa83016f090f8db031a4c0ca7865b035688e1b0"
        },
        "effectiveDateTime": "2025-07-29T14:45:00+02:00",
        "valueCodeableConcept": {
          "coding": [
            {
              "system": "https://www.medizininformatik-initiative.de/fhir/core/modul-person/CodeSystem/Vitalstatus",
              "code": "L"
            }
          ]
        }
      },
      "search": {
        "mode": "match"
      }
    },
    {
      "fullUrl": "http://num-fhirserver.distan.medicsh.de:8080/fhir/Observation/VIT-78dbbd279823fb1dd9f668f54e87b405096a26d31dcfe66069f4e3c6",
      "resource": {
        "resourceType": "Observation",
        "id": "VIT-78dbbd279823fb1dd9f668f54e87b405096a26d31dcfe66069f4e3c6",
        "meta": {
          "versionId": "235610653",
          "lastUpdated": "2025-03-19T14:30:24.267Z",
          "profile": [
            "https://www.medizininformatik-initiative.de/fhir/core/modul-person/StructureDefinition/Vitalstatus|2025.0.1"
          ]
        },
        "status": "final",
        "category": [
          {
            "coding": [
              {
                "system": "http://terminology.hl7.org/CodeSystem/observation-category",
                "code": "survey"
              }
            ]
          }
        ],
        "code": {
          "coding": [
            {
              "system": "http://loinc.org",
              "code": "67162-8"
            }
          ]
        },
        "subject": {
          "reference": "Patient/PID-8c8120938a2315433fa83016f090f8db031a4c0ca7865b035688e1b0"
        },
        "effectiveDateTime": "2022-10-20T12:53:00+02:00",
        "valueCodeableConcept": {
          "coding": [
            {
              "system": "https://www.medizininformatik-initiative.de/fhir/core/modul-person/CodeSystem/Vitalstatus",
              "code": "L"
            }
          ]
        }
      },
      "search": {
        "mode": "match"
      }
    },
    {
      "fullUrl": "http://num-fhirserver.distan.medicsh.de:8080/fhir/Observation/VIT-ea9a3d7e745029c3149c3afea91086f75f70b975b5d3d5ab4a05e1af",
      "resource": {
        "resourceType": "Observation",
        "id": "VIT-ea9a3d7e745029c3149c3afea91086f75f70b975b5d3d5ab4a05e1af",
        "meta": {
          "versionId": "356139784",
          "lastUpdated": "2025-07-30T03:23:29.292Z",
          "profile": [
            "https://www.medizininformatik-initiative.de/fhir/core/modul-person/StructureDefinition/Vitalstatus|2025.0.1"
          ]
        },
        "status": "final",
        "category": [
          {
            "coding": [
              {
                "system": "http://terminology.hl7.org/CodeSystem/observation-category",
                "code": "survey"
              }
            ]
          }
        ],
        "code": {
          "coding": [
            {
              "system": "http://loinc.org",
              "code": "67162-8"
            }
          ]
        },
        "subject": {
          "reference": "Patient/PID-8c8120938a2315433fa83016f090f8db031a4c0ca7865b035688e1b0"
        },
        "effectiveDateTime": "2025-07-29T14:49:00+02:00",
        "valueCodeableConcept": {
          "coding": [
            {
              "system": "https://www.medizininformatik-initiative.de/fhir/core/modul-person/CodeSystem/Vitalstatus",
              "code": "L"
            }
          ]
        }
      },
      "search": {
        "mode": "match"
      }
    }
  ]
}
