{
  "resourceType": "Bundle",
  "id": "DGTUX5USPZ4O75FT",
  "type": "searchset",
  "total": 4,
  "entry": [
    {
      "fullUrl": "http://num-fhirserver.distan.medicsh.de:8080/fhir/Patient/PID-8cfdbf95c6a67cab78ec65fab6e939cd38e13ee326d243ce46b73adb",
      "resource": {
        "resourceType": "Patient",
        "id": "PID-8cfdbf95c6a67cab78ec65fab6e939cd38e13ee326d243ce46b73adb",
        "meta": {
          "versionId": "243399192",
          "lastUpdated": "2025-03-21T16:48:27.563Z",
          "profile": [
            "https://www.medizininformatik-initiative.de/fhir/core/modul-person/StructureDefinition/PatientPseudonymisiert|2025.0.1"
          ]
        },
        "identifier": [
          {
            "use": "usual",
            "type": {
              "coding": [
                {
                  "system": "http://terminology.hl7.org/CodeSystem/v3-ObservationValue",
                  "code": "PSEUDED"
                }
              ]
            },
            "system": "https://www.medizininformatik-initiative.de/fhir/sid/pseudonym",
            "value": "8cfdbf95c6a67cab78ec65fab6e939cd38e13ee326d243ce46b73adb"
          }
        ],
        "gender": "male",
        "birthDate": "2022-05",
        "deceasedBoolean": true
      },
      "search": {
        "mode": "match"
      }
    },
    {
      "fullUrl": "http://num-fhirserver.distan.medicsh.de:8080/fhir/Encounter/PV-f0016ea0271b0fb542c88e96e5c7e03abbb13f4b26a2dc12b187456e",
      "resource": {
        "resourceType": "Encounter",
        "id": "PV-f0016ea0271b0fb542c88e96e5c7e03abbb13f4b26a2dc12b187456e",
        "meta": {
          "versionId": "243399193",
          "lastUpdated": "2025-03-21T16:48:27.665Z",
          "source": "http://medic.uksh.de/source/orbis/adt",
          "profile": [
            "https://www.medizininformatik-initiative.de/fhir/core/modul-fall/StructureDefinition/KontaktGesundheitseinrichtung|2025.0.0"
          ]
        },
        "identifier": [
          {
            "use": "official",
            "type": {
              "coding": [
                {
                  "system": "http://terminology.hl7.org/CodeSystem/v2-0203",
                  "code": "VN"
                }
              ]
            },
            "system": "http://medic.uksh.de/fhir/Encounter",
            "value": "f0016ea0271b0fb542c88e96e5c7e03abbb13f4b26a2dc12b187456e"
          }
        ],
        "status": "finished",
        "class": {
          "system": "http://terminology.hl7.org/CodeSystem/v3-ActCode",
          "code": "AMB"
        },
        "type": [
          {
            "coding": [
              {
                "system": "http://fhir.de/CodeSystem/Kontaktebene",
                "code": "einrichtungskontakt"
              }
            ]
          }
        ],
        "subject": {
          "reference": "Patient/PID-8cfdbf95c6a67cab78ec65fab6e939cd38e13ee326d243ce46b73adb"
        },
        "period": {
          "start": "2024-05-03T14:32:00+02:00",
          "end": "2024-06-30T23:59:59+02:00"
        }
      },
      "search": {
        "mode": "match"
      }
    },
    {
      "fullUrl": "http://num-fhirserver.distan.medicsh.de:8080/fhir/Observation/VIT-942d1444671c6874abbbee76ece8bfefe434ce891b73784e9c0e9574",
      "resource": {
        "resourceType": "Observation",
        "id": "VIT-942d1444671c6874abbbee76ece8bfefe434ce891b73784e9c0e9574",
        "meta": {
          "versionId": "243399197",
          "lastUpdated": "2025-03-21T16:48:27.702Z",
          "profile": [
            "https://www.medizininformatik-initiative.de/fhir/core/modul-person/StructureDefinition/Vitalstatus|2025.0.1"
          ]
        },
        "status": "final",
        "category": [
          {
            "coding": [
              {
                "system": "http://terminology.hl7.org/CodeSystem/observation-category",
                "code": "survey"
              }
            ]
          }
        ],
        "code": {
          "coding": [
            {
              "system": "http://loinc.org",
              "code": "67162-8"
            }
          ]
        },
        "subject": {
          "reference": "Patient/PID-8cfdbf95c6a67cab78ec65fab6e939cd38e13ee326d243ce46b73adb"
        },
        "effectiveDateTime": "2024-06-30T23:59:59+02:00",
        "valueCodeableConcept": {
          "coding": [
            {
              "system": "https://www.medizininformatik-initiative.de/fhir/core/modul-person/CodeSystem/Vitalstatus",
              "code": "L"
            }
          ]
        }
      },
      "search": {
        "mode": "match"
      }
    },
    {
      "fullUrl": "http://num-fhirserver.distan.medicsh.de:8080/fhir/Observation/VIT-bd2a7804e4dee0b7ecbf327ce9b6f56f1a623db24dc22658de74e96e",
      "resource": {
        "resourceType": "Observation",
        "id": "VIT-bd2a7804e4dee0b7ecbf327ce9b6f56f1a623db24dc22658de74e96e",
        "meta": {
          "versionId": "243399194",
          "lastUpdated": "2025-03-21T16:48:27.683Z",
          "profile": [
            "https://www.medizininformatik-initiative.de/fhir/core/modul-person/StructureDefinition/Vitalstatus|2025.0.1"
          ]
        },
        "status": "final",
        "category": [
          {
            "coding": [
              {
                "system": "http://terminology.hl7.org/CodeSystem/observation-category",
                "code": "survey"
              }
            ]
          }
        ],
        "code": {
          "coding": [
            {
              "system": "http://loinc.org",
              "code": "67162-8"
            }
          ]
        },
        "subject": {
          "reference": "Patient/PID-8cfdbf95c6a67cab78ec65fab6e939cd38e13ee326d243ce46b73adb"
        },
        "effectiveDateTime": "2024-05-03T14:32:00+02:00",
        "valueCodeableConcept": {
          "coding": [
            {
              "system": "https://www.medizininformatik-initiative.de/fhir/core/modul-person/CodeSystem/Vitalstatus",
              "code": "L"
            }
          ]
        }
      },
      "search": {
        "mode": "match"
      }
    }
  ]
}
