{
  "resourceType": "Bundle",
  "id": "DGTUYBB2ROXIZ7F7",
  "type": "searchset",
  "total": 59,
  "entry": [
    {
      "fullUrl": "http://num-fhirserver.distan.medicsh.de:8080/fhir/Patient/PID-8dc39194802b495a38ce2b6679bbae9aa3d68bdd78bf3daa2e361edb",
      "resource": {
        "resourceType": "Patient",
        "id": "PID-8dc39194802b495a38ce2b6679bbae9aa3d68bdd78bf3daa2e361edb",
        "meta": {
          "versionId": "361578001",
          "lastUpdated": "2025-08-28T03:14:55.676Z",
          "profile": [
            "https://www.medizininformatik-initiative.de/fhir/core/modul-person/StructureDefinition/PatientPseudonymisiert|2025.0.1"
          ]
        },
        "identifier": [
          {
            "use": "usual",
            "type": {
              "coding": [
                {
                  "system": "http://terminology.hl7.org/CodeSystem/v3-ObservationValue",
                  "code": "PSEUDED"
                }
              ]
            },
            "system": "https://www.medizininformatik-initiative.de/fhir/sid/pseudonym",
            "value": "8dc39194802b495a38ce2b6679bbae9aa3d68bdd78bf3daa2e361edb"
          }
        ],
        "gender": "male",
        "birthDate": "1955-01",
        "address": [
          {
            "type": "both",
            "postalCode": "235",
            "country": "DE"
          }
        ]
      },
      "search": {
        "mode": "match"
      }
    },
    {
      "fullUrl": "http://num-fhirserver.distan.medicsh.de:8080/fhir/Condition/CON-e4cb75fdcaa431a70094a8d0173ceac072b01dee52009fb2920e2d43",
      "resource": {
        "resourceType": "Condition",
        "id": "CON-e4cb75fdcaa431a70094a8d0173ceac072b01dee52009fb2920e2d43",
        "meta": {
          "versionId": "362377063",
          "lastUpdated": "2025-09-01T14:47:19.505Z",
          "profile": [
            "https://www.medizininformatik-initiative.de/fhir/core/modul-diagnose/StructureDefinition/Diagnose|2025.0.0"
          ]
        },
        "code": {
          "coding": [
            {
              "system": "http://fhir.de/CodeSystem/bfarm/icd-10-gm",
              "version": "2025",
              "code": "Z53"
            }
          ]
        },
        "subject": {
          "reference": "Patient/PID-8dc39194802b495a38ce2b6679bbae9aa3d68bdd78bf3daa2e361edb"
        },
        "encounter": {
          "reference": "Encounter/PV-bc083e916d4fe453777c45d74e3fe8615d497eca6f7ab090053e73fd"
        },
        "recordedDate": "2025-08-27T09:02:00+02:00"
      },
      "search": {
        "mode": "match"
      }
    },
    {
      "fullUrl": "http://num-fhirserver.distan.medicsh.de:8080/fhir/Encounter/PV-1a8129fc9fa9c4dc13325b7c578c15d88f55dc6f26e6279122f1d746",
      "resource": {
        "resourceType": "Encounter",
        "id": "PV-1a8129fc9fa9c4dc13325b7c578c15d88f55dc6f26e6279122f1d746",
        "meta": {
          "versionId": "245970752",
          "lastUpdated": "2025-03-22T11:39:39.105Z",
          "source": "http://medic.uksh.de/source/orbis/adt",
          "profile": [
            "https://www.medizininformatik-initiative.de/fhir/core/modul-fall/StructureDefinition/KontaktGesundheitseinrichtung|2025.0.0"
          ]
        },
        "identifier": [
          {
            "use": "official",
            "type": {
              "coding": [
                {
                  "system": "http://terminology.hl7.org/CodeSystem/v2-0203",
                  "code": "VN"
                }
              ]
            },
            "system": "http://medic.uksh.de/fhir/Encounter",
            "value": "1a8129fc9fa9c4dc13325b7c578c15d88f55dc6f26e6279122f1d746"
          }
        ],
        "status": "in-progress",
        "class": {
          "system": "http://terminology.hl7.org/CodeSystem/v3-ActCode",
          "code": "AMB"
        },
        "type": [
          {
            "coding": [
              {
                "system": "http://fhir.de/CodeSystem/Kontaktebene",
                "code": "einrichtungskontakt"
              }
            ]
          }
        ],
        "subject": {
          "reference": "Patient/PID-8dc39194802b495a38ce2b6679bbae9aa3d68bdd78bf3daa2e361edb"
        },
        "period": {
          "start": "2025-02-20T08:57:00+01:00",
          "end": "2025-03-31T23:59:59+02:00"
        }
      },
      "search": {
        "mode": "match"
      }
    },
    {
      "fullUrl": "http://num-fhirserver.distan.medicsh.de:8080/fhir/Encounter/PV-2195df2eaf89ee4e92d425508d81eebe360d6541609a68e4c959ff64",
      "resource": {
        "resourceType": "Encounter",
        "id": "PV-2195df2eaf89ee4e92d425508d81eebe360d6541609a68e4c959ff64",
        "meta": {
          "versionId": "240054154",
          "lastUpdated": "2025-03-20T16:20:25.573Z",
          "source": "http://medic.uksh.de/source/orbis/adt",
          "profile": [
            "https://www.medizininformatik-initiative.de/fhir/core/modul-fall/StructureDefinition/KontaktGesundheitseinrichtung|2025.0.0"
          ]
        },
        "identifier": [
          {
            "use": "official",
            "type": {
              "coding": [
                {
                  "system": "http://terminology.hl7.org/CodeSystem/v2-0203",
                  "code": "VN"
                }
              ]
            },
            "system": "http://medic.uksh.de/fhir/Encounter",
            "value": "2195df2eaf89ee4e92d425508d81eebe360d6541609a68e4c959ff64"
          }
        ],
        "status": "finished",
        "class": {
          "system": "http://terminology.hl7.org/CodeSystem/v3-ActCode",
          "code": "AMB"
        },
        "type": [
          {
            "coding": [
              {
                "system": "http://fhir.de/CodeSystem/Kontaktebene",
                "code": "einrichtungskontakt"
              }
            ]
          }
        ],
        "subject": {
          "reference": "Patient/PID-8dc39194802b495a38ce2b6679bbae9aa3d68bdd78bf3daa2e361edb"
        },
        "period": {
          "start": "2023-06-16T08:58:00+02:00",
          "end": "2023-06-30T23:59:59+02:00"
        }
      },
      "search": {
        "mode": "match"
      }
    },
    {
      "fullUrl": "http://num-fhirserver.distan.medicsh.de:8080/fhir/Encounter/PV-3dd2fe14025938b777e841803ee6a1ac1bb8ce19247b41612fddf8a2",
      "resource": {
        "resourceType": "Encounter",
        "id": "PV-3dd2fe14025938b777e841803ee6a1ac1bb8ce19247b41612fddf8a2",
        "meta": {
          "versionId": "239451966",
          "lastUpdated": "2025-03-20T11:09:31.314Z",
          "source": "http://medic.uksh.de/source/orbis/adt",
          "profile": [
            "https://www.medizininformatik-initiative.de/fhir/core/modul-fall/StructureDefinition/KontaktGesundheitseinrichtung|2025.0.0"
          ]
        },
        "identifier": [
          {
            "use": "official",
            "type": {
              "coding": [
                {
                  "system": "http://terminology.hl7.org/CodeSystem/v2-0203",
                  "code": "VN"
                }
              ]
            },
            "system": "http://medic.uksh.de/fhir/Encounter",
            "value": "3dd2fe14025938b777e841803ee6a1ac1bb8ce19247b41612fddf8a2"
          }
        ],
        "status": "finished",
        "class": {
          "system": "http://terminology.hl7.org/CodeSystem/v3-ActCode",
          "code": "AMB"
        },
        "type": [
          {
            "coding": [
              {
                "system": "http://fhir.de/CodeSystem/Kontaktebene",
                "code": "einrichtungskontakt"
              }
            ]
          }
        ],
        "subject": {
          "reference": "Patient/PID-8dc39194802b495a38ce2b6679bbae9aa3d68bdd78bf3daa2e361edb"
        },
        "period": {
          "start": "2023-04-25T18:03:00+02:00",
          "end": "2023-06-30T23:59:59+02:00"
        }
      },
      "search": {
        "mode": "match"
      }
    },
    {
      "fullUrl": "http://num-fhirserver.distan.medicsh.de:8080/fhir/Encounter/PV-3e210d5aa681f10b6c325f02d4779152b07fb1980ca73fc7ffc4f693",
      "resource": {
        "resourceType": "Encounter",
        "id": "PV-3e210d5aa681f10b6c325f02d4779152b07fb1980ca73fc7ffc4f693",
        "meta": {
          "versionId": "239451636",
          "lastUpdated": "2025-03-20T11:09:15.244Z",
          "source": "http://medic.uksh.de/source/orbis/adt",
          "profile": [
            "https://www.medizininformatik-initiative.de/fhir/core/modul-fall/StructureDefinition/KontaktGesundheitseinrichtung|2025.0.0"
          ]
        },
        "identifier": [
          {
            "use": "official",
            "type": {
              "coding": [
                {
                  "system": "http://terminology.hl7.org/CodeSystem/v2-0203",
                  "code": "VN"
                }
              ]
            },
            "system": "http://medic.uksh.de/fhir/Encounter",
            "value": "3e210d5aa681f10b6c325f02d4779152b07fb1980ca73fc7ffc4f693"
          }
        ],
        "status": "finished",
        "class": {
          "system": "http://terminology.hl7.org/CodeSystem/v3-ActCode",
          "code": "AMB"
        },
        "type": [
          {
            "coding": [
              {
                "system": "http://fhir.de/CodeSystem/Kontaktebene",
                "code": "einrichtungskontakt"
              }
            ]
          }
        ],
        "subject": {
          "reference": "Patient/PID-8dc39194802b495a38ce2b6679bbae9aa3d68bdd78bf3daa2e361edb"
        },
        "period": {
          "start": "2023-04-25T17:28:00+02:00",
          "end": "2023-06-30T23:59:59+02:00"
        }
      },
      "search": {
        "mode": "match"
      }
    },
    {
      "fullUrl": "http://num-fhirserver.distan.medicsh.de:8080/fhir/Encounter/PV-459edb5c42c29ec3b184ab86a4498d51b93c1e36b92ac3036b8138d5",
      "resource": {
        "resourceType": "Encounter",
        "id": "PV-459edb5c42c29ec3b184ab86a4498d51b93c1e36b92ac3036b8138d5",
        "meta": {
          "versionId": "240104834",
          "lastUpdated": "2025-03-20T16:40:49.293Z",
          "source": "http://medic.uksh.de/source/orbis/adt",
          "profile": [
            "https://www.medizininformatik-initiative.de/fhir/core/modul-fall/StructureDefinition/KontaktGesundheitseinrichtung|2025.0.0"
          ]
        },
        "identifier": [
          {
            "use": "official",
            "type": {
              "coding": [
                {
                  "system": "http://terminology.hl7.org/CodeSystem/v2-0203",
                  "code": "VN"
                }
              ]
            },
            "system": "http://medic.uksh.de/fhir/Encounter",
            "value": "459edb5c42c29ec3b184ab86a4498d51b93c1e36b92ac3036b8138d5"
          }
        ],
        "status": "in-progress",
        "class": {
          "system": "http://terminology.hl7.org/CodeSystem/v3-ActCode",
          "code": "IMP"
        },
        "type": [
          {
            "coding": [
              {
                "system": "http://fhir.de/CodeSystem/Kontaktebene",
                "code": "einrichtungskontakt"
              }
            ]
          }
        ],
        "subject": {
          "reference": "Patient/PID-8dc39194802b495a38ce2b6679bbae9aa3d68bdd78bf3daa2e361edb"
        },
        "period": {
          "start": "2023-06-20T13:16:00+02:00"
        }
      },
      "search": {
        "mode": "match"
      }
    },
    {
      "fullUrl": "http://num-fhirserver.distan.medicsh.de:8080/fhir/Encounter/PV-56da56afa3ff36204e8cdc4bb0beb54e7df05319588647c2dbaf1762",
      "resource": {
        "resourceType": "Encounter",
        "id": "PV-56da56afa3ff36204e8cdc4bb0beb54e7df05319588647c2dbaf1762",
        "meta": {
          "versionId": "237508257",
          "lastUpdated": "2025-03-20T01:34:29.833Z",
          "source": "http://medic.uksh.de/source/orbis/adt",
          "profile": [
            "https://www.medizininformatik-initiative.de/fhir/core/modul-fall/StructureDefinition/KontaktGesundheitseinrichtung|2025.0.0"
          ]
        },
        "identifier": [
          {
            "use": "official",
            "type": {
              "coding": [
                {
                  "system": "http://terminology.hl7.org/CodeSystem/v2-0203",
                  "code": "VN"
                }
              ]
            },
            "system": "http://medic.uksh.de/fhir/Encounter",
            "value": "56da56afa3ff36204e8cdc4bb0beb54e7df05319588647c2dbaf1762"
          }
        ],
        "status": "in-progress",
        "class": {
          "system": "http://terminology.hl7.org/CodeSystem/v3-ActCode",
          "code": "IMP"
        },
        "type": [
          {
            "coding": [
              {
                "system": "http://fhir.de/CodeSystem/Kontaktebene",
                "code": "einrichtungskontakt"
              }
            ]
          }
        ],
        "subject": {
          "reference": "Patient/PID-8dc39194802b495a38ce2b6679bbae9aa3d68bdd78bf3daa2e361edb"
        },
        "period": {
          "start": "2023-03-02T10:34:00+01:00"
        }
      },
      "search": {
        "mode": "match"
      }
    },
    {
      "fullUrl": "http://num-fhirserver.distan.medicsh.de:8080/fhir/Encounter/PV-5f529d54dccf47228c2073bf98e0ce08995ee1cb62fceb26fe9587f3",
      "resource": {
        "resourceType": "Encounter",
        "id": "PV-5f529d54dccf47228c2073bf98e0ce08995ee1cb62fceb26fe9587f3",
        "meta": {
          "versionId": "239451952",
          "lastUpdated": "2025-03-20T11:09:30.834Z",
          "source": "http://medic.uksh.de/source/orbis/adt",
          "profile": [
            "https://www.medizininformatik-initiative.de/fhir/core/modul-fall/StructureDefinition/KontaktGesundheitseinrichtung|2025.0.0"
          ]
        },
        "identifier": [
          {
            "use": "official",
            "type": {
              "coding": [
                {
                  "system": "http://terminology.hl7.org/CodeSystem/v2-0203",
                  "code": "VN"
                }
              ]
            },
            "system": "http://medic.uksh.de/fhir/Encounter",
            "value": "5f529d54dccf47228c2073bf98e0ce08995ee1cb62fceb26fe9587f3"
          }
        ],
        "status": "finished",
        "class": {
          "system": "http://terminology.hl7.org/CodeSystem/v3-ActCode",
          "code": "AMB"
        },
        "type": [
          {
            "coding": [
              {
                "system": "http://fhir.de/CodeSystem/Kontaktebene",
                "code": "einrichtungskontakt"
              }
            ]
          }
        ],
        "subject": {
          "reference": "Patient/PID-8dc39194802b495a38ce2b6679bbae9aa3d68bdd78bf3daa2e361edb"
        },
        "period": {
          "start": "2023-04-25T17:59:00+02:00",
          "end": "2023-06-30T23:59:59+02:00"
        }
      },
      "search": {
        "mode": "match"
      }
    },
    {
      "fullUrl": "http://num-fhirserver.distan.medicsh.de:8080/fhir/Encounter/PV-7007dc1234f4cb2b6c43c060e7ae48a1b0691d681149e0fc11b2cc08",
      "resource": {
        "resourceType": "Encounter",
        "id": "PV-7007dc1234f4cb2b6c43c060e7ae48a1b0691d681149e0fc11b2cc08",
        "meta": {
          "versionId": "240473645",
          "lastUpdated": "2025-03-20T19:08:14.422Z",
          "source": "http://medic.uksh.de/source/orbis/adt",
          "profile": [
            "https://www.medizininformatik-initiative.de/fhir/core/modul-fall/StructureDefinition/KontaktGesundheitseinrichtung|2025.0.0"
          ]
        },
        "identifier": [
          {
            "use": "official",
            "type": {
              "coding": [
                {
                  "system": "http://terminology.hl7.org/CodeSystem/v2-0203",
                  "code": "VN"
                }
              ]
            },
            "system": "http://medic.uksh.de/fhir/Encounter",
            "value": "7007dc1234f4cb2b6c43c060e7ae48a1b0691d681149e0fc11b2cc08"
          }
        ],
        "status": "finished",
        "class": {
          "system": "http://terminology.hl7.org/CodeSystem/v3-ActCode",
          "code": "AMB"
        },
        "type": [
          {
            "coding": [
              {
                "system": "http://fhir.de/CodeSystem/Kontaktebene",
                "code": "einrichtungskontakt"
              }
            ]
          }
        ],
        "subject": {
          "reference": "Patient/PID-8dc39194802b495a38ce2b6679bbae9aa3d68bdd78bf3daa2e361edb"
        },
        "period": {
          "start": "2023-07-20T10:40:00+02:00",
          "end": "2023-09-30T23:59:59+02:00"
        }
      },
      "search": {
        "mode": "match"
      }
    },
    {
      "fullUrl": "http://num-fhirserver.distan.medicsh.de:8080/fhir/Encounter/PV-7a9b818d1bd2c51a9c4ebc98d467e9f6d2b206624bb407b1dc7ecb8e",
      "resource": {
        "resourceType": "Encounter",
        "id": "PV-7a9b818d1bd2c51a9c4ebc98d467e9f6d2b206624bb407b1dc7ecb8e",
        "meta": {
          "versionId": "239924826",
          "lastUpdated": "2025-03-20T15:26:29.774Z",
          "source": "http://medic.uksh.de/source/orbis/adt",
          "profile": [
            "https://www.medizininformatik-initiative.de/fhir/core/modul-fall/StructureDefinition/KontaktGesundheitseinrichtung|2025.0.0"
          ]
        },
        "identifier": [
          {
            "use": "official",
            "type": {
              "coding": [
                {
                  "system": "http://terminology.hl7.org/CodeSystem/v2-0203",
                  "code": "VN"
                }
              ]
            },
            "system": "http://medic.uksh.de/fhir/Encounter",
            "value": "7a9b818d1bd2c51a9c4ebc98d467e9f6d2b206624bb407b1dc7ecb8e"
          }
        ],
        "status": "finished",
        "class": {
          "system": "http://terminology.hl7.org/CodeSystem/v3-ActCode",
          "code": "AMB"
        },
        "type": [
          {
            "coding": [
              {
                "system": "http://fhir.de/CodeSystem/Kontaktebene",
                "code": "einrichtungskontakt"
              }
            ]
          }
        ],
        "subject": {
          "reference": "Patient/PID-8dc39194802b495a38ce2b6679bbae9aa3d68bdd78bf3daa2e361edb"
        },
        "period": {
          "start": "2023-06-07T08:33:00+02:00",
          "end": "2023-06-30T23:59:59+02:00"
        }
      },
      "search": {
        "mode": "match"
      }
    },
    {
      "fullUrl": "http://num-fhirserver.distan.medicsh.de:8080/fhir/Encounter/PV-874dabd7993a1669de4d6884604a97021a1e6af5873f0d22a64c659b",
      "resource": {
        "resourceType": "Encounter",
        "id": "PV-874dabd7993a1669de4d6884604a97021a1e6af5873f0d22a64c659b",
        "meta": {
          "versionId": "353371004",
          "lastUpdated": "2025-07-16T03:23:14.604Z",
          "source": "http://medic.uksh.de/source/orbis/adt",
          "profile": [
            "https://www.medizininformatik-initiative.de/fhir/core/modul-fall/StructureDefinition/KontaktGesundheitseinrichtung|2025.0.0"
          ]
        },
        "identifier": [
          {
            "use": "official",
            "type": {
              "coding": [
                {
                  "system": "http://terminology.hl7.org/CodeSystem/v2-0203",
                  "code": "VN"
                }
              ]
            },
            "system": "http://medic.uksh.de/fhir/Encounter",
            "value": "874dabd7993a1669de4d6884604a97021a1e6af5873f0d22a64c659b"
          }
        ],
        "status": "in-progress",
        "class": {
          "system": "http://terminology.hl7.org/CodeSystem/v3-ActCode",
          "code": "AMB"
        },
        "type": [
          {
            "coding": [
              {
                "system": "http://fhir.de/CodeSystem/Kontaktebene",
                "code": "einrichtungskontakt"
              }
            ]
          }
        ],
        "subject": {
          "reference": "Patient/PID-8dc39194802b495a38ce2b6679bbae9aa3d68bdd78bf3daa2e361edb"
        },
        "period": {
          "start": "2025-07-15T09:09:00+02:00",
          "end": "2025-09-30T23:59:59+02:00"
        }
      },
      "search": {
        "mode": "match"
      }
    },
    {
      "fullUrl": "http://num-fhirserver.distan.medicsh.de:8080/fhir/Encounter/PV-903d9f3d75852bbe43b1bf05b613731b78b66d021e67104b9eb90927",
      "resource": {
        "resourceType": "Encounter",
        "id": "PV-903d9f3d75852bbe43b1bf05b613731b78b66d021e67104b9eb90927",
        "meta": {
          "versionId": "240288580",
          "lastUpdated": "2025-03-20T17:54:53.454Z",
          "source": "http://medic.uksh.de/source/orbis/adt",
          "profile": [
            "https://www.medizininformatik-initiative.de/fhir/core/modul-fall/StructureDefinition/KontaktGesundheitseinrichtung|2025.0.0"
          ]
        },
        "identifier": [
          {
            "use": "official",
            "type": {
              "coding": [
                {
                  "system": "http://terminology.hl7.org/CodeSystem/v2-0203",
                  "code": "VN"
                }
              ]
            },
            "system": "http://medic.uksh.de/fhir/Encounter",
            "value": "903d9f3d75852bbe43b1bf05b613731b78b66d021e67104b9eb90927"
          }
        ],
        "status": "finished",
        "class": {
          "system": "http://terminology.hl7.org/CodeSystem/v3-ActCode",
          "code": "AMB"
        },
        "type": [
          {
            "coding": [
              {
                "system": "http://fhir.de/CodeSystem/Kontaktebene",
                "code": "einrichtungskontakt"
              }
            ]
          }
        ],
        "subject": {
          "reference": "Patient/PID-8dc39194802b495a38ce2b6679bbae9aa3d68bdd78bf3daa2e361edb"
        },
        "period": {
          "start": "2023-07-04T10:51:00+02:00",
          "end": "2023-09-30T23:59:59+02:00"
        }
      },
      "search": {
        "mode": "match"
      }
    },
    {
      "fullUrl": "http://num-fhirserver.distan.medicsh.de:8080/fhir/Encounter/PV-97b80b4f77aea0d9fb6ffbef756c5a2a5ff754009f332517d107304c",
      "resource": {
        "resourceType": "Encounter",
        "id": "PV-97b80b4f77aea0d9fb6ffbef756c5a2a5ff754009f332517d107304c",
        "meta": {
          "versionId": "239451930",
          "lastUpdated": "2025-03-20T11:09:30.246Z",
          "source": "http://medic.uksh.de/source/orbis/adt",
          "profile": [
            "https://www.medizininformatik-initiative.de/fhir/core/modul-fall/StructureDefinition/KontaktGesundheitseinrichtung|2025.0.0"
          ]
        },
        "identifier": [
          {
            "use": "official",
            "type": {
              "coding": [
                {
                  "system": "http://terminology.hl7.org/CodeSystem/v2-0203",
                  "code": "VN"
                }
              ]
            },
            "system": "http://medic.uksh.de/fhir/Encounter",
            "value": "97b80b4f77aea0d9fb6ffbef756c5a2a5ff754009f332517d107304c"
          }
        ],
        "status": "finished",
        "class": {
          "system": "http://terminology.hl7.org/CodeSystem/v3-ActCode",
          "code": "AMB"
        },
        "type": [
          {
            "coding": [
              {
                "system": "http://fhir.de/CodeSystem/Kontaktebene",
                "code": "einrichtungskontakt"
              }
            ]
          }
        ],
        "subject": {
          "reference": "Patient/PID-8dc39194802b495a38ce2b6679bbae9aa3d68bdd78bf3daa2e361edb"
        },
        "period": {
          "start": "2023-04-25T17:36:00+02:00",
          "end": "2023-06-30T23:59:59+02:00"
        }
      },
      "search": {
        "mode": "match"
      }
    },
    {
      "fullUrl": "http://num-fhirserver.distan.medicsh.de:8080/fhir/Encounter/PV-9d41560cd80bc6d5e71e4b67ad86952a9c19fddb11d47c412b6fe8d5",
      "resource": {
        "resourceType": "Encounter",
        "id": "PV-9d41560cd80bc6d5e71e4b67ad86952a9c19fddb11d47c412b6fe8d5",
        "meta": {
          "versionId": "237492710",
          "lastUpdated": "2025-03-20T01:28:20.320Z",
          "source": "http://medic.uksh.de/source/orbis/adt",
          "profile": [
            "https://www.medizininformatik-initiative.de/fhir/core/modul-fall/StructureDefinition/KontaktGesundheitseinrichtung|2025.0.0"
          ]
        },
        "identifier": [
          {
            "use": "official",
            "type": {
              "coding": [
                {
                  "system": "http://terminology.hl7.org/CodeSystem/v2-0203",
                  "code": "VN"
                }
              ]
            },
            "system": "http://medic.uksh.de/fhir/Encounter",
            "value": "9d41560cd80bc6d5e71e4b67ad86952a9c19fddb11d47c412b6fe8d5"
          }
        ],
        "status": "finished",
        "class": {
          "system": "http://terminology.hl7.org/CodeSystem/v3-ActCode",
          "code": "AMB"
        },
        "type": [
          {
            "coding": [
              {
                "system": "http://fhir.de/CodeSystem/Kontaktebene",
                "code": "einrichtungskontakt"
              }
            ]
          }
        ],
        "subject": {
          "reference": "Patient/PID-8dc39194802b495a38ce2b6679bbae9aa3d68bdd78bf3daa2e361edb"
        },
        "period": {
          "start": "2023-03-01T13:19:00+01:00",
          "end": "2023-03-31T23:59:59+02:00"
        }
      },
      "search": {
        "mode": "match"
      }
    },
    {
      "fullUrl": "http://num-fhirserver.distan.medicsh.de:8080/fhir/Encounter/PV-9f19fd8542c35066884f5f641b0b1be075d78e3a0b1d7e55420b5704",
      "resource": {
        "resourceType": "Encounter",
        "id": "PV-9f19fd8542c35066884f5f641b0b1be075d78e3a0b1d7e55420b5704",
        "meta": {
          "versionId": "244828039",
          "lastUpdated": "2025-03-22T02:00:28.438Z",
          "source": "http://medic.uksh.de/source/orbis/adt",
          "profile": [
            "https://www.medizininformatik-initiative.de/fhir/core/modul-fall/StructureDefinition/KontaktGesundheitseinrichtung|2025.0.0"
          ]
        },
        "identifier": [
          {
            "use": "official",
            "type": {
              "coding": [
                {
                  "system": "http://terminology.hl7.org/CodeSystem/v2-0203",
                  "code": "VN"
                }
              ]
            },
            "system": "http://medic.uksh.de/fhir/Encounter",
            "value": "9f19fd8542c35066884f5f641b0b1be075d78e3a0b1d7e55420b5704"
          }
        ],
        "status": "finished",
        "class": {
          "system": "http://terminology.hl7.org/CodeSystem/v3-ActCode",
          "code": "AMB"
        },
        "type": [
          {
            "coding": [
              {
                "system": "http://fhir.de/CodeSystem/Kontaktebene",
                "code": "einrichtungskontakt"
              }
            ]
          }
        ],
        "subject": {
          "reference": "Patient/PID-8dc39194802b495a38ce2b6679bbae9aa3d68bdd78bf3daa2e361edb"
        },
        "period": {
          "start": "2024-10-11T07:51:00+02:00",
          "end": "2024-12-31T23:59:59+01:00"
        }
      },
      "search": {
        "mode": "match"
      }
    },
    {
      "fullUrl": "http://num-fhirserver.distan.medicsh.de:8080/fhir/Encounter/PV-AK-703a88117e688480c3fd28f6639ea834d1852c8a22efa62dedafbb99",
      "resource": {
        "resourceType": "Encounter",
        "id": "PV-AK-703a88117e688480c3fd28f6639ea834d1852c8a22efa62dedafbb99",
        "meta": {
          "versionId": "237508261",
          "lastUpdated": "2025-03-20T01:34:29.893Z",
          "source": "http://medic.uksh.de/source/orbis/adt",
          "profile": [
            "https://www.medizininformatik-initiative.de/fhir/core/modul-fall/StructureDefinition/KontaktGesundheitseinrichtung|2025.0.0"
          ]
        },
        "identifier": [
          {
            "use": "official",
            "type": {
              "coding": [
                {
                  "system": "http://terminology.hl7.org/CodeSystem/v2-0203",
                  "code": "VN"
                }
              ]
            },
            "system": "http://medic.uksh.de/fhir/Encounter",
            "value": "56da56afa3ff36204e8cdc4bb0beb54e7df05319588647c2dbaf1762"
          },
          {
            "use": "secondary",
            "type": {
              "coding": [
                {
                  "system": "http://terminology.hl7.org/CodeSystem/v2-0203",
                  "code": "U"
                }
              ]
            },
            "system": "http://medic.uksh.de.de/fhir/Encounter/department",
            "value": "KKKAD.2023-03-02T10:34:00"
          }
        ],
        "status": "in-progress",
        "class": {
          "system": "http://terminology.hl7.org/CodeSystem/v3-ActCode",
          "code": "IMP"
        },
        "type": [
          {
            "coding": [
              {
                "system": "http://fhir.de/CodeSystem/Kontaktebene",
                "code": "abteilungskontakt"
              }
            ]
          }
        ],
        "subject": {
          "reference": "Patient/PID-8dc39194802b495a38ce2b6679bbae9aa3d68bdd78bf3daa2e361edb"
        },
        "period": {
          "start": "2023-03-02T10:34:00+01:00"
        },
        "location": [
          {
            "location": {
              "reference": "Location/KKKAD-K1MEDS2"
            },
            "status": "active",
            "physicalType": {
              "coding": [
                {
                  "system": "http://terminology.hl7.org/CodeSystem/location-physical-type",
                  "code": "wa"
                }
              ]
            },
            "period": {
              "start": "2023-03-02T10:34:00+01:00"
            }
          }
        ],
        "partOf": {
          "reference": "Encounter/PV-56da56afa3ff36204e8cdc4bb0beb54e7df05319588647c2dbaf1762"
        }
      },
      "search": {
        "mode": "match"
      }
    },
    {
      "fullUrl": "http://num-fhirserver.distan.medicsh.de:8080/fhir/Location/KKKAD-K1MEDS2",
      "resource": {
        "resourceType": "Location",
        "id": "KKKAD-K1MEDS2",
        "meta": {
          "versionId": "37255991",
          "lastUpdated": "2025-03-11T15:41:40.209Z"
        },
        "name": "Station B5 KINN1 ",
        "type": [
          {
            "coding": [
              {
                "system": "http://terminology.hl7.org/CodeSystem/v3-RoleCode",
                "code": "HOSP"
              }
            ]
          }
        ],
        "physicalType": {
          "coding": [
            {
              "system": "http://terminology.hl7.org/CodeSystem/location-physical-type",
              "code": "wa",
              "display": "Ward"
            }
          ]
        },
        "partOf": {
          "reference": "Location/KKKAD"
        }
      },
      "search": {
        "mode": "match"
      }
    },
    {
      "fullUrl": "http://num-fhirserver.distan.medicsh.de:8080/fhir/Encounter/PV-AK-773ed517934fcd1b6a80fa16c57e2cd03891fc330c8b3e22a749ddac",
      "resource": {
        "resourceType": "Encounter",
        "id": "PV-AK-773ed517934fcd1b6a80fa16c57e2cd03891fc330c8b3e22a749ddac",
        "meta": {
          "versionId": "240104838",
          "lastUpdated": "2025-03-20T16:40:49.340Z",
          "source": "http://medic.uksh.de/source/orbis/adt",
          "profile": [
            "https://www.medizininformatik-initiative.de/fhir/core/modul-fall/StructureDefinition/KontaktGesundheitseinrichtung|2025.0.0"
          ]
        },
        "identifier": [
          {
            "use": "official",
            "type": {
              "coding": [
                {
                  "system": "http://terminology.hl7.org/CodeSystem/v2-0203",
                  "code": "VN"
                }
              ]
            },
            "system": "http://medic.uksh.de/fhir/Encounter",
            "value": "459edb5c42c29ec3b184ab86a4498d51b93c1e36b92ac3036b8138d5"
          },
          {
            "use": "secondary",
            "type": {
              "coding": [
                {
                  "system": "http://terminology.hl7.org/CodeSystem/v2-0203",
                  "code": "U"
                }
              ]
            },
            "system": "http://medic.uksh.de.de/fhir/Encounter/department",
            "value": "LGEBH.2023-06-20T13:16:00"
          }
        ],
        "status": "in-progress",
        "class": {
          "system": "http://terminology.hl7.org/CodeSystem/v3-ActCode",
          "code": "IMP"
        },
        "type": [
          {
            "coding": [
              {
                "system": "http://fhir.de/CodeSystem/Kontaktebene",
                "code": "abteilungskontakt"
              }
            ]
          }
        ],
        "subject": {
          "reference": "Patient/PID-8dc39194802b495a38ce2b6679bbae9aa3d68bdd78bf3daa2e361edb"
        },
        "period": {
          "start": "2023-06-20T13:16:00+02:00"
        },
        "location": [
          {
            "location": {
              "reference": "Location/LGEBH-LA020E"
            },
            "status": "active",
            "physicalType": {
              "coding": [
                {
                  "system": "http://terminology.hl7.org/CodeSystem/location-physical-type",
                  "code": "wa"
                }
              ]
            },
            "period": {
              "start": "2023-06-20T13:16:00+02:00"
            }
          }
        ],
        "partOf": {
          "reference": "Encounter/PV-459edb5c42c29ec3b184ab86a4498d51b93c1e36b92ac3036b8138d5"
        }
      },
      "search": {
        "mode": "match"
      }
    },
    {
      "fullUrl": "http://num-fhirserver.distan.medicsh.de:8080/fhir/Location/LGEBH-LA020E",
      "resource": {
        "resourceType": "Location",
        "id": "LGEBH-LA020E",
        "meta": {
          "versionId": "37444389",
          "lastUpdated": "2025-03-11T15:49:40.782Z"
        },
        "name": "HL - Station Entbindung / Kreißsaal Haus A",
        "type": [
          {
            "coding": [
              {
                "system": "http://terminology.hl7.org/CodeSystem/v3-RoleCode",
                "code": "HOSP"
              }
            ]
          }
        ],
        "physicalType": {
          "coding": [
            {
              "system": "http://terminology.hl7.org/CodeSystem/location-physical-type",
              "code": "wa",
              "display": "Ward"
            }
          ]
        },
        "partOf": {
          "reference": "Location/LGEBH"
        }
      },
      "search": {
        "mode": "match"
      }
    },
    {
      "fullUrl": "http://num-fhirserver.distan.medicsh.de:8080/fhir/Encounter/PV-VK-7fdc0edd967b4098652c7156cc0ecdbeef035506d4e98507eec14bbc",
      "resource": {
        "resourceType": "Encounter",
        "id": "PV-VK-7fdc0edd967b4098652c7156cc0ecdbeef035506d4e98507eec14bbc",
        "meta": {
          "versionId": "240104837",
          "lastUpdated": "2025-03-20T16:40:49.325Z",
          "source": "http://medic.uksh.de/source/orbis/adt",
          "profile": [
            "https://www.medizininformatik-initiative.de/fhir/core/modul-fall/StructureDefinition/KontaktGesundheitseinrichtung|2025.0.0"
          ]
        },
        "identifier": [
          {
            "use": "official",
            "type": {
              "coding": [
                {
                  "system": "http://terminology.hl7.org/CodeSystem/v2-0203",
                  "code": "VN"
                }
              ]
            },
            "system": "http://medic.uksh.de/fhir/Encounter",
            "value": "459edb5c42c29ec3b184ab86a4498d51b93c1e36b92ac3036b8138d5"
          },
          {
            "use": "secondary",
            "type": {
              "coding": [
                {
                  "system": "http://terminology.hl7.org/CodeSystem/v2-0203",
                  "code": "U"
                }
              ]
            },
            "system": "http://medic.uksh.de.de/fhir/Encounter/department",
            "value": "LGEBH.LA020E.2023-06-20T13:16:00"
          }
        ],
        "status": "in-progress",
        "class": {
          "system": "http://terminology.hl7.org/CodeSystem/v3-ActCode",
          "code": "IMP"
        },
        "type": [
          {
            "coding": [
              {
                "system": "http://fhir.de/CodeSystem/Kontaktebene",
                "code": "versorgungsstellenkontakt"
              }
            ]
          }
        ],
        "subject": {
          "reference": "Patient/PID-8dc39194802b495a38ce2b6679bbae9aa3d68bdd78bf3daa2e361edb"
        },
        "period": {
          "start": "2023-06-20T13:16:00+02:00"
        },
        "location": [
          {
            "location": {
              "reference": "Location/LGEBH-LA020E"
            },
            "status": "active",
            "physicalType": {
              "coding": [
                {
                  "system": "http://terminology.hl7.org/CodeSystem/location-physical-type",
                  "code": "wa"
                }
              ]
            },
            "period": {
              "start": "2023-06-20T13:16:00+02:00"
            }
          }
        ],
        "partOf": {
          "reference": "Encounter/PV-AK-773ed517934fcd1b6a80fa16c57e2cd03891fc330c8b3e22a749ddac"
        }
      },
      "search": {
        "mode": "match"
      }
    },
    {
      "fullUrl": "http://num-fhirserver.distan.medicsh.de:8080/fhir/Encounter/PV-VK-8f574042bf11ed919d6d4485f1b511fc98e94a733f2a249399a9f104",
      "resource": {
        "resourceType": "Encounter",
        "id": "PV-VK-8f574042bf11ed919d6d4485f1b511fc98e94a733f2a249399a9f104",
        "meta": {
          "versionId": "237508260",
          "lastUpdated": "2025-03-20T01:34:29.871Z",
          "source": "http://medic.uksh.de/source/orbis/adt",
          "profile": [
            "https://www.medizininformatik-initiative.de/fhir/core/modul-fall/StructureDefinition/KontaktGesundheitseinrichtung|2025.0.0"
          ]
        },
        "identifier": [
          {
            "use": "official",
            "type": {
              "coding": [
                {
                  "system": "http://terminology.hl7.org/CodeSystem/v2-0203",
                  "code": "VN"
                }
              ]
            },
            "system": "http://medic.uksh.de/fhir/Encounter",
            "value": "56da56afa3ff36204e8cdc4bb0beb54e7df05319588647c2dbaf1762"
          },
          {
            "use": "secondary",
            "type": {
              "coding": [
                {
                  "system": "http://terminology.hl7.org/CodeSystem/v2-0203",
                  "code": "U"
                }
              ]
            },
            "system": "http://medic.uksh.de.de/fhir/Encounter/department",
            "value": "KKKAD.K1MEDS2.2023-03-02T10:34:00"
          }
        ],
        "status": "in-progress",
        "class": {
          "system": "http://terminology.hl7.org/CodeSystem/v3-ActCode",
          "code": "IMP"
        },
        "type": [
          {
            "coding": [
              {
                "system": "http://fhir.de/CodeSystem/Kontaktebene",
                "code": "versorgungsstellenkontakt"
              }
            ]
          }
        ],
        "subject": {
          "reference": "Patient/PID-8dc39194802b495a38ce2b6679bbae9aa3d68bdd78bf3daa2e361edb"
        },
        "period": {
          "start": "2023-03-02T10:34:00+01:00"
        },
        "location": [
          {
            "location": {
              "reference": "Location/KKKAD-K1MEDS2"
            },
            "status": "active",
            "physicalType": {
              "coding": [
                {
                  "system": "http://terminology.hl7.org/CodeSystem/location-physical-type",
                  "code": "wa"
                }
              ]
            },
            "period": {
              "start": "2023-03-02T10:34:00+01:00"
            }
          }
        ],
        "partOf": {
          "reference": "Encounter/PV-AK-703a88117e688480c3fd28f6639ea834d1852c8a22efa62dedafbb99"
        }
      },
      "search": {
        "mode": "match"
      }
    },
    {
      "fullUrl": "http://num-fhirserver.distan.medicsh.de:8080/fhir/Encounter/PV-ab16f9c6374d75400b178715243f7b63fc8dc738f825570f48da27e2",
      "resource": {
        "resourceType": "Encounter",
        "id": "PV-ab16f9c6374d75400b178715243f7b63fc8dc738f825570f48da27e2",
        "meta": {
          "versionId": "243135601",
          "lastUpdated": "2025-03-21T14:58:10.334Z",
          "source": "http://medic.uksh.de/source/orbis/adt",
          "profile": [
            "https://www.medizininformatik-initiative.de/fhir/core/modul-fall/StructureDefinition/KontaktGesundheitseinrichtung|2025.0.0"
          ]
        },
        "identifier": [
          {
            "use": "official",
            "type": {
              "coding": [
                {
                  "system": "http://terminology.hl7.org/CodeSystem/v2-0203",
                  "code": "VN"
                }
              ]
            },
            "system": "http://medic.uksh.de/fhir/Encounter",
            "value": "ab16f9c6374d75400b178715243f7b63fc8dc738f825570f48da27e2"
          }
        ],
        "status": "finished",
        "class": {
          "system": "http://terminology.hl7.org/CodeSystem/v3-ActCode",
          "code": "AMB"
        },
        "type": [
          {
            "coding": [
              {
                "system": "http://fhir.de/CodeSystem/Kontaktebene",
                "code": "einrichtungskontakt"
              }
            ]
          }
        ],
        "subject": {
          "reference": "Patient/PID-8dc39194802b495a38ce2b6679bbae9aa3d68bdd78bf3daa2e361edb"
        },
        "period": {
          "start": "2024-04-08T10:13:00+02:00",
          "end": "2024-06-30T23:59:59+02:00"
        }
      },
      "search": {
        "mode": "match"
      }
    },
    {
      "fullUrl": "http://num-fhirserver.distan.medicsh.de:8080/fhir/Encounter/PV-b8221082f93ec6b25757052398e4108505adc72304e0476fdd62c468",
      "resource": {
        "resourceType": "Encounter",
        "id": "PV-b8221082f93ec6b25757052398e4108505adc72304e0476fdd62c468",
        "meta": {
          "versionId": "243441234",
          "lastUpdated": "2025-03-21T17:06:01.718Z",
          "source": "http://medic.uksh.de/source/orbis/adt",
          "profile": [
            "https://www.medizininformatik-initiative.de/fhir/core/modul-fall/StructureDefinition/KontaktGesundheitseinrichtung|2025.0.0"
          ]
        },
        "identifier": [
          {
            "use": "official",
            "type": {
              "coding": [
                {
                  "system": "http://terminology.hl7.org/CodeSystem/v2-0203",
                  "code": "VN"
                }
              ]
            },
            "system": "http://medic.uksh.de/fhir/Encounter",
            "value": "b8221082f93ec6b25757052398e4108505adc72304e0476fdd62c468"
          }
        ],
        "status": "finished",
        "class": {
          "system": "http://terminology.hl7.org/CodeSystem/v3-ActCode",
          "code": "AMB"
        },
        "type": [
          {
            "coding": [
              {
                "system": "http://fhir.de/CodeSystem/Kontaktebene",
                "code": "einrichtungskontakt"
              }
            ]
          }
        ],
        "subject": {
          "reference": "Patient/PID-8dc39194802b495a38ce2b6679bbae9aa3d68bdd78bf3daa2e361edb"
        },
        "period": {
          "start": "2024-05-08T15:16:00+02:00",
          "end": "2024-06-30T23:59:59+02:00"
        }
      },
      "search": {
        "mode": "match"
      }
    },
    {
      "fullUrl": "http://num-fhirserver.distan.medicsh.de:8080/fhir/Encounter/PV-b9b086a5d393a42ece2537a78eaeaaa89e8a320dc983df05833888b9",
      "resource": {
        "resourceType": "Encounter",
        "id": "PV-b9b086a5d393a42ece2537a78eaeaaa89e8a320dc983df05833888b9",
        "meta": {
          "versionId": "236140845",
          "lastUpdated": "2025-03-19T16:37:56.482Z",
          "source": "http://medic.uksh.de/source/orbis/adt",
          "profile": [
            "https://www.medizininformatik-initiative.de/fhir/core/modul-fall/StructureDefinition/KontaktGesundheitseinrichtung|2025.0.0"
          ]
        },
        "identifier": [
          {
            "use": "official",
            "type": {
              "coding": [
                {
                  "system": "http://terminology.hl7.org/CodeSystem/v2-0203",
                  "code": "VN"
                }
              ]
            },
            "system": "http://medic.uksh.de/fhir/Encounter",
            "value": "b9b086a5d393a42ece2537a78eaeaaa89e8a320dc983df05833888b9"
          }
        ],
        "status": "finished",
        "class": {
          "system": "http://terminology.hl7.org/CodeSystem/v3-ActCode",
          "code": "AMB"
        },
        "type": [
          {
            "coding": [
              {
                "system": "http://fhir.de/CodeSystem/Kontaktebene",
                "code": "einrichtungskontakt"
              }
            ]
          }
        ],
        "subject": {
          "reference": "Patient/PID-8dc39194802b495a38ce2b6679bbae9aa3d68bdd78bf3daa2e361edb"
        },
        "period": {
          "start": "2022-11-30T10:30:00+01:00",
          "end": "2022-12-31T23:59:59+01:00"
        }
      },
      "search": {
        "mode": "match"
      }
    },
    {
      "fullUrl": "http://num-fhirserver.distan.medicsh.de:8080/fhir/Encounter/PV-bc083e916d4fe453777c45d74e3fe8615d497eca6f7ab090053e73fd",
      "resource": {
        "resourceType": "Encounter",
        "id": "PV-bc083e916d4fe453777c45d74e3fe8615d497eca6f7ab090053e73fd",
        "meta": {
          "versionId": "361578000",
          "lastUpdated": "2025-08-28T03:14:55.646Z",
          "source": "http://medic.uksh.de/source/orbis/adt",
          "profile": [
            "https://www.medizininformatik-initiative.de/fhir/core/modul-fall/StructureDefinition/KontaktGesundheitseinrichtung|2025.0.0"
          ]
        },
        "identifier": [
          {
            "use": "official",
            "type": {
              "coding": [
                {
                  "system": "http://terminology.hl7.org/CodeSystem/v2-0203",
                  "code": "VN"
                }
              ]
            },
            "system": "http://medic.uksh.de/fhir/Encounter",
            "value": "bc083e916d4fe453777c45d74e3fe8615d497eca6f7ab090053e73fd"
          }
        ],
        "status": "in-progress",
        "class": {
          "system": "http://terminology.hl7.org/CodeSystem/v3-ActCode",
          "code": "AMB"
        },
        "type": [
          {
            "coding": [
              {
                "system": "http://fhir.de/CodeSystem/Kontaktebene",
                "code": "einrichtungskontakt"
              }
            ]
          }
        ],
        "subject": {
          "reference": "Patient/PID-8dc39194802b495a38ce2b6679bbae9aa3d68bdd78bf3daa2e361edb"
        },
        "period": {
          "start": "2025-08-27T09:02:00+02:00",
          "end": "2025-09-30T23:59:59+02:00"
        }
      },
      "search": {
        "mode": "match"
      }
    },
    {
      "fullUrl": "http://num-fhirserver.distan.medicsh.de:8080/fhir/Encounter/PV-f6c61474ddb534dd52def458e1d1693e20943ea3acd2f9b338b8e251",
      "resource": {
        "resourceType": "Encounter",
        "id": "PV-f6c61474ddb534dd52def458e1d1693e20943ea3acd2f9b338b8e251",
        "meta": {
          "versionId": "245785687",
          "lastUpdated": "2025-03-22T08:25:40.935Z",
          "source": "http://medic.uksh.de/source/orbis/adt",
          "profile": [
            "https://www.medizininformatik-initiative.de/fhir/core/modul-fall/StructureDefinition/KontaktGesundheitseinrichtung|2025.0.0"
          ]
        },
        "identifier": [
          {
            "use": "official",
            "type": {
              "coding": [
                {
                  "system": "http://terminology.hl7.org/CodeSystem/v2-0203",
                  "code": "VN"
                }
              ]
            },
            "system": "http://medic.uksh.de/fhir/Encounter",
            "value": "f6c61474ddb534dd52def458e1d1693e20943ea3acd2f9b338b8e251"
          }
        ],
        "status": "in-progress",
        "class": {
          "system": "http://terminology.hl7.org/CodeSystem/v3-ActCode",
          "code": "AMB"
        },
        "type": [
          {
            "coding": [
              {
                "system": "http://fhir.de/CodeSystem/Kontaktebene",
                "code": "einrichtungskontakt"
              }
            ]
          }
        ],
        "subject": {
          "reference": "Patient/PID-8dc39194802b495a38ce2b6679bbae9aa3d68bdd78bf3daa2e361edb"
        },
        "period": {
          "start": "2025-01-28T11:53:00+01:00",
          "end": "2025-03-31T23:59:59+02:00"
        }
      },
      "search": {
        "mode": "match"
      }
    },
    {
      "fullUrl": "http://num-fhirserver.distan.medicsh.de:8080/fhir/Observation/VIT-029ac55ca3468ccfc6c30a5c6fe6b29710bc0405bd013cb9ecc95417",
      "resource": {
        "resourceType": "Observation",
        "id": "VIT-029ac55ca3468ccfc6c30a5c6fe6b29710bc0405bd013cb9ecc95417",
        "meta": {
          "versionId": "239451955",
          "lastUpdated": "2025-03-20T11:09:30.873Z",
          "profile": [
            "https://www.medizininformatik-initiative.de/fhir/core/modul-person/StructureDefinition/Vitalstatus|2025.0.1"
          ]
        },
        "status": "final",
        "category": [
          {
            "coding": [
              {
                "system": "http://terminology.hl7.org/CodeSystem/observation-category",
                "code": "survey"
              }
            ]
          }
        ],
        "code": {
          "coding": [
            {
              "system": "http://loinc.org",
              "code": "67162-8"
            }
          ]
        },
        "subject": {
          "reference": "Patient/PID-8dc39194802b495a38ce2b6679bbae9aa3d68bdd78bf3daa2e361edb"
        },
        "effectiveDateTime": "2023-06-30T23:59:59+02:00",
        "valueCodeableConcept": {
          "coding": [
            {
              "system": "https://www.medizininformatik-initiative.de/fhir/core/modul-person/CodeSystem/Vitalstatus",
              "code": "L"
            }
          ]
        }
      },
      "search": {
        "mode": "match"
      }
    },
    {
      "fullUrl": "http://num-fhirserver.distan.medicsh.de:8080/fhir/Observation/VIT-02eb2aff40f6233743a5648177882e00e595db745ce3565ff5c12fa6",
      "resource": {
        "resourceType": "Observation",
        "id": "VIT-02eb2aff40f6233743a5648177882e00e595db745ce3565ff5c12fa6",
        "meta": {
          "versionId": "240104835",
          "lastUpdated": "2025-03-20T16:40:49.310Z",
          "profile": [
            "https://www.medizininformatik-initiative.de/fhir/core/modul-person/StructureDefinition/Vitalstatus|2025.0.1"
          ]
        },
        "status": "final",
        "category": [
          {
            "coding": [
              {
                "system": "http://terminology.hl7.org/CodeSystem/observation-category",
                "code": "survey"
              }
            ]
          }
        ],
        "code": {
          "coding": [
            {
              "system": "http://loinc.org",
              "code": "67162-8"
            }
          ]
        },
        "subject": {
          "reference": "Patient/PID-8dc39194802b495a38ce2b6679bbae9aa3d68bdd78bf3daa2e361edb"
        },
        "effectiveDateTime": "2023-06-20T13:16:00+02:00",
        "valueCodeableConcept": {
          "coding": [
            {
              "system": "https://www.medizininformatik-initiative.de/fhir/core/modul-person/CodeSystem/Vitalstatus",
              "code": "L"
            }
          ]
        }
      },
      "search": {
        "mode": "match"
      }
    },
    {
      "fullUrl": "http://num-fhirserver.distan.medicsh.de:8080/fhir/Observation/VIT-02f314754c1c333aa053fd9a84d77411979fb99ddd2327d65835f517",
      "resource": {
        "resourceType": "Observation",
        "id": "VIT-02f314754c1c333aa053fd9a84d77411979fb99ddd2327d65835f517",
        "meta": {
          "versionId": "240473646",
          "lastUpdated": "2025-03-20T19:08:14.436Z",
          "profile": [
            "https://www.medizininformatik-initiative.de/fhir/core/modul-person/StructureDefinition/Vitalstatus|2025.0.1"
          ]
        },
        "status": "final",
        "category": [
          {
            "coding": [
              {
                "system": "http://terminology.hl7.org/CodeSystem/observation-category",
                "code": "survey"
              }
            ]
          }
        ],
        "code": {
          "coding": [
            {
              "system": "http://loinc.org",
              "code": "67162-8"
            }
          ]
        },
        "subject": {
          "reference": "Patient/PID-8dc39194802b495a38ce2b6679bbae9aa3d68bdd78bf3daa2e361edb"
        },
        "effectiveDateTime": "2023-07-20T10:40:00+02:00",
        "valueCodeableConcept": {
          "coding": [
            {
              "system": "https://www.medizininformatik-initiative.de/fhir/core/modul-person/CodeSystem/Vitalstatus",
              "code": "L"
            }
          ]
        }
      },
      "search": {
        "mode": "match"
      }
    },
    {
      "fullUrl": "http://num-fhirserver.distan.medicsh.de:8080/fhir/Observation/VIT-062b64177683f5dfd4db59b90bf125eadea46812de2e8ce6ef5ee371",
      "resource": {
        "resourceType": "Observation",
        "id": "VIT-062b64177683f5dfd4db59b90bf125eadea46812de2e8ce6ef5ee371",
        "meta": {
          "versionId": "243135603",
          "lastUpdated": "2025-03-21T14:58:10.372Z",
          "profile": [
            "https://www.medizininformatik-initiative.de/fhir/core/modul-person/StructureDefinition/Vitalstatus|2025.0.1"
          ]
        },
        "status": "final",
        "category": [
          {
            "coding": [
              {
                "system": "http://terminology.hl7.org/CodeSystem/observation-category",
                "code": "survey"
              }
            ]
          }
        ],
        "code": {
          "coding": [
            {
              "system": "http://loinc.org",
              "code": "67162-8"
            }
          ]
        },
        "subject": {
          "reference": "Patient/PID-8dc39194802b495a38ce2b6679bbae9aa3d68bdd78bf3daa2e361edb"
        },
        "effectiveDateTime": "2024-06-30T23:59:59+02:00",
        "valueCodeableConcept": {
          "coding": [
            {
              "system": "https://www.medizininformatik-initiative.de/fhir/core/modul-person/CodeSystem/Vitalstatus",
              "code": "L"
            }
          ]
        }
      },
      "search": {
        "mode": "match"
      }
    },
    {
      "fullUrl": "http://num-fhirserver.distan.medicsh.de:8080/fhir/Observation/VIT-0cc3ba4a3ea6a76b886ecc80fd91d248771b679e6db6f2218ec0ac43",
      "resource": {
        "resourceType": "Observation",
        "id": "VIT-0cc3ba4a3ea6a76b886ecc80fd91d248771b679e6db6f2218ec0ac43",
        "meta": {
          "versionId": "240288581",
          "lastUpdated": "2025-03-20T17:54:53.473Z",
          "profile": [
            "https://www.medizininformatik-initiative.de/fhir/core/modul-person/StructureDefinition/Vitalstatus|2025.0.1"
          ]
        },
        "status": "final",
        "category": [
          {
            "coding": [
              {
                "system": "http://terminology.hl7.org/CodeSystem/observation-category",
                "code": "survey"
              }
            ]
          }
        ],
        "code": {
          "coding": [
            {
              "system": "http://loinc.org",
              "code": "67162-8"
            }
          ]
        },
        "subject": {
          "reference": "Patient/PID-8dc39194802b495a38ce2b6679bbae9aa3d68bdd78bf3daa2e361edb"
        },
        "effectiveDateTime": "2023-07-04T10:51:00+02:00",
        "valueCodeableConcept": {
          "coding": [
            {
              "system": "https://www.medizininformatik-initiative.de/fhir/core/modul-person/CodeSystem/Vitalstatus",
              "code": "L"
            }
          ]
        }
      },
      "search": {
        "mode": "match"
      }
    },
    {
      "fullUrl": "http://num-fhirserver.distan.medicsh.de:8080/fhir/Observation/VIT-30d8b92af611d739c776601cfba8839df5c9e6d9cfdac714a395e327",
      "resource": {
        "resourceType": "Observation",
        "id": "VIT-30d8b92af611d739c776601cfba8839df5c9e6d9cfdac714a395e327",
        "meta": {
          "versionId": "243135602",
          "lastUpdated": "2025-03-21T14:58:10.352Z",
          "profile": [
            "https://www.medizininformatik-initiative.de/fhir/core/modul-person/StructureDefinition/Vitalstatus|2025.0.1"
          ]
        },
        "status": "final",
        "category": [
          {
            "coding": [
              {
                "system": "http://terminology.hl7.org/CodeSystem/observation-category",
                "code": "survey"
              }
            ]
          }
        ],
        "code": {
          "coding": [
            {
              "system": "http://loinc.org",
              "code": "67162-8"
            }
          ]
        },
        "subject": {
          "reference": "Patient/PID-8dc39194802b495a38ce2b6679bbae9aa3d68bdd78bf3daa2e361edb"
        },
        "effectiveDateTime": "2024-04-08T10:13:00+02:00",
        "valueCodeableConcept": {
          "coding": [
            {
              "system": "https://www.medizininformatik-initiative.de/fhir/core/modul-person/CodeSystem/Vitalstatus",
              "code": "L"
            }
          ]
        }
      },
      "search": {
        "mode": "match"
      }
    },
    {
      "fullUrl": "http://num-fhirserver.distan.medicsh.de:8080/fhir/Observation/VIT-31f06678ededa262e05406ec6150df10ee1a63698cf81f7ab3ed6ceb",
      "resource": {
        "resourceType": "Observation",
        "id": "VIT-31f06678ededa262e05406ec6150df10ee1a63698cf81f7ab3ed6ceb",
        "meta": {
          "versionId": "361578002",
          "lastUpdated": "2025-08-28T03:14:55.692Z",
          "profile": [
            "https://www.medizininformatik-initiative.de/fhir/core/modul-person/StructureDefinition/Vitalstatus|2025.0.1"
          ]
        },
        "status": "final",
        "category": [
          {
            "coding": [
              {
                "system": "http://terminology.hl7.org/CodeSystem/observation-category",
                "code": "survey"
              }
            ]
          }
        ],
        "code": {
          "coding": [
            {
              "system": "http://loinc.org",
              "code": "67162-8"
            }
          ]
        },
        "subject": {
          "reference": "Patient/PID-8dc39194802b495a38ce2b6679bbae9aa3d68bdd78bf3daa2e361edb"
        },
        "effectiveDateTime": "2025-08-27T09:02:00+02:00",
        "valueCodeableConcept": {
          "coding": [
            {
              "system": "https://www.medizininformatik-initiative.de/fhir/core/modul-person/CodeSystem/Vitalstatus",
              "code": "L"
            }
          ]
        }
      },
      "search": {
        "mode": "match"
      }
    },
    {
      "fullUrl": "http://num-fhirserver.distan.medicsh.de:8080/fhir/Observation/VIT-380ce03c453aa890db481e40021b3ff18323c27d2fff014055d2671c",
      "resource": {
        "resourceType": "Observation",
        "id": "VIT-380ce03c453aa890db481e40021b3ff18323c27d2fff014055d2671c",
        "meta": {
          "versionId": "239451931",
          "lastUpdated": "2025-03-20T11:09:30.263Z",
          "profile": [
            "https://www.medizininformatik-initiative.de/fhir/core/modul-person/StructureDefinition/Vitalstatus|2025.0.1"
          ]
        },
        "status": "final",
        "category": [
          {
            "coding": [
              {
                "system": "http://terminology.hl7.org/CodeSystem/observation-category",
                "code": "survey"
              }
            ]
          }
        ],
        "code": {
          "coding": [
            {
              "system": "http://loinc.org",
              "code": "67162-8"
            }
          ]
        },
        "subject": {
          "reference": "Patient/PID-8dc39194802b495a38ce2b6679bbae9aa3d68bdd78bf3daa2e361edb"
        },
        "effectiveDateTime": "2023-04-25T17:36:00+02:00",
        "valueCodeableConcept": {
          "coding": [
            {
              "system": "https://www.medizininformatik-initiative.de/fhir/core/modul-person/CodeSystem/Vitalstatus",
              "code": "L"
            }
          ]
        }
      },
      "search": {
        "mode": "match"
      }
    },
    {
      "fullUrl": "http://num-fhirserver.distan.medicsh.de:8080/fhir/Observation/VIT-391a1023c26c6394216fbd6ba5e61b69321d97c001b2bcccfdc2a6be",
      "resource": {
        "resourceType": "Observation",
        "id": "VIT-391a1023c26c6394216fbd6ba5e61b69321d97c001b2bcccfdc2a6be",
        "meta": {
          "versionId": "239924828",
          "lastUpdated": "2025-03-20T15:26:29.814Z",
          "profile": [
            "https://www.medizininformatik-initiative.de/fhir/core/modul-person/StructureDefinition/Vitalstatus|2025.0.1"
          ]
        },
        "status": "final",
        "category": [
          {
            "coding": [
              {
                "system": "http://terminology.hl7.org/CodeSystem/observation-category",
                "code": "survey"
              }
            ]
          }
        ],
        "code": {
          "coding": [
            {
              "system": "http://loinc.org",
              "code": "67162-8"
            }
          ]
        },
        "subject": {
          "reference": "Patient/PID-8dc39194802b495a38ce2b6679bbae9aa3d68bdd78bf3daa2e361edb"
        },
        "effectiveDateTime": "2023-06-30T23:59:59+02:00",
        "valueCodeableConcept": {
          "coding": [
            {
              "system": "https://www.medizininformatik-initiative.de/fhir/core/modul-person/CodeSystem/Vitalstatus",
              "code": "L"
            }
          ]
        }
      },
      "search": {
        "mode": "match"
      }
    },
    {
      "fullUrl": "http://num-fhirserver.distan.medicsh.de:8080/fhir/Observation/VIT-40ba409b34229219e33f0008878f87281a8802d128630ce0b690d448",
      "resource": {
        "resourceType": "Observation",
        "id": "VIT-40ba409b34229219e33f0008878f87281a8802d128630ce0b690d448",
        "meta": {
          "versionId": "244828040",
          "lastUpdated": "2025-03-22T02:00:28.456Z",
          "profile": [
            "https://www.medizininformatik-initiative.de/fhir/core/modul-person/StructureDefinition/Vitalstatus|2025.0.1"
          ]
        },
        "status": "final",
        "category": [
          {
            "coding": [
              {
                "system": "http://terminology.hl7.org/CodeSystem/observation-category",
                "code": "survey"
              }
            ]
          }
        ],
        "code": {
          "coding": [
            {
              "system": "http://loinc.org",
              "code": "67162-8"
            }
          ]
        },
        "subject": {
          "reference": "Patient/PID-8dc39194802b495a38ce2b6679bbae9aa3d68bdd78bf3daa2e361edb"
        },
        "effectiveDateTime": "2024-10-11T07:51:00+02:00",
        "valueCodeableConcept": {
          "coding": [
            {
              "system": "https://www.medizininformatik-initiative.de/fhir/core/modul-person/CodeSystem/Vitalstatus",
              "code": "L"
            }
          ]
        }
      },
      "search": {
        "mode": "match"
      }
    },
    {
      "fullUrl": "http://num-fhirserver.distan.medicsh.de:8080/fhir/Observation/VIT-41c7f17ccbcb0344a026e9f477936fa6487e8e073156feee8c9de99d",
      "resource": {
        "resourceType": "Observation",
        "id": "VIT-41c7f17ccbcb0344a026e9f477936fa6487e8e073156feee8c9de99d",
        "meta": {
          "versionId": "237492712",
          "lastUpdated": "2025-03-20T01:28:20.339Z",
          "profile": [
            "https://www.medizininformatik-initiative.de/fhir/core/modul-person/StructureDefinition/Vitalstatus|2025.0.1"
          ]
        },
        "status": "final",
        "category": [
          {
            "coding": [
              {
                "system": "http://terminology.hl7.org/CodeSystem/observation-category",
                "code": "survey"
              }
            ]
          }
        ],
        "code": {
          "coding": [
            {
              "system": "http://loinc.org",
              "code": "67162-8"
            }
          ]
        },
        "subject": {
          "reference": "Patient/PID-8dc39194802b495a38ce2b6679bbae9aa3d68bdd78bf3daa2e361edb"
        },
        "effectiveDateTime": "2023-03-01T13:19:00+01:00",
        "valueCodeableConcept": {
          "coding": [
            {
              "system": "https://www.medizininformatik-initiative.de/fhir/core/modul-person/CodeSystem/Vitalstatus",
              "code": "L"
            }
          ]
        }
      },
      "search": {
        "mode": "match"
      }
    },
    {
      "fullUrl": "http://num-fhirserver.distan.medicsh.de:8080/fhir/Observation/VIT-4700eb28932d3c8e6b8b857433981f16bcf0f50ff2bd6f5e3f21961b",
      "resource": {
        "resourceType": "Observation",
        "id": "VIT-4700eb28932d3c8e6b8b857433981f16bcf0f50ff2bd6f5e3f21961b",
        "meta": {
          "versionId": "239924827",
          "lastUpdated": "2025-03-20T15:26:29.794Z",
          "profile": [
            "https://www.medizininformatik-initiative.de/fhir/core/modul-person/StructureDefinition/Vitalstatus|2025.0.1"
          ]
        },
        "status": "final",
        "category": [
          {
            "coding": [
              {
                "system": "http://terminology.hl7.org/CodeSystem/observation-category",
                "code": "survey"
              }
            ]
          }
        ],
        "code": {
          "coding": [
            {
              "system": "http://loinc.org",
              "code": "67162-8"
            }
          ]
        },
        "subject": {
          "reference": "Patient/PID-8dc39194802b495a38ce2b6679bbae9aa3d68bdd78bf3daa2e361edb"
        },
        "effectiveDateTime": "2023-06-07T08:33:00+02:00",
        "valueCodeableConcept": {
          "coding": [
            {
              "system": "https://www.medizininformatik-initiative.de/fhir/core/modul-person/CodeSystem/Vitalstatus",
              "code": "L"
            }
          ]
        }
      },
      "search": {
        "mode": "match"
      }
    },
    {
      "fullUrl": "http://num-fhirserver.distan.medicsh.de:8080/fhir/Observation/VIT-50fb82996ab3ff88dddbbaa752705f926559de28992d9baa63ca31cd",
      "resource": {
        "resourceType": "Observation",
        "id": "VIT-50fb82996ab3ff88dddbbaa752705f926559de28992d9baa63ca31cd",
        "meta": {
          "versionId": "237492713",
          "lastUpdated": "2025-03-20T01:28:20.359Z",
          "profile": [
            "https://www.medizininformatik-initiative.de/fhir/core/modul-person/StructureDefinition/Vitalstatus|2025.0.1"
          ]
        },
        "status": "final",
        "category": [
          {
            "coding": [
              {
                "system": "http://terminology.hl7.org/CodeSystem/observation-category",
                "code": "survey"
              }
            ]
          }
        ],
        "code": {
          "coding": [
            {
              "system": "http://loinc.org",
              "code": "67162-8"
            }
          ]
        },
        "subject": {
          "reference": "Patient/PID-8dc39194802b495a38ce2b6679bbae9aa3d68bdd78bf3daa2e361edb"
        },
        "effectiveDateTime": "2023-03-31T23:59:59+02:00",
        "valueCodeableConcept": {
          "coding": [
            {
              "system": "https://www.medizininformatik-initiative.de/fhir/core/modul-person/CodeSystem/Vitalstatus",
              "code": "L"
            }
          ]
        }
      },
      "search": {
        "mode": "match"
      }
    },
    {
      "fullUrl": "http://num-fhirserver.distan.medicsh.de:8080/fhir/Observation/VIT-5199fa75f0c0e1264a59520b9aeaa5bcbcce2012c7e66dc1d13ee101",
      "resource": {
        "resourceType": "Observation",
        "id": "VIT-5199fa75f0c0e1264a59520b9aeaa5bcbcce2012c7e66dc1d13ee101",
        "meta": {
          "versionId": "240288583",
          "lastUpdated": "2025-03-20T17:54:53.497Z",
          "profile": [
            "https://www.medizininformatik-initiative.de/fhir/core/modul-person/StructureDefinition/Vitalstatus|2025.0.1"
          ]
        },
        "status": "final",
        "category": [
          {
            "coding": [
              {
                "system": "http://terminology.hl7.org/CodeSystem/observation-category",
                "code": "survey"
              }
            ]
          }
        ],
        "code": {
          "coding": [
            {
              "system": "http://loinc.org",
              "code": "67162-8"
            }
          ]
        },
        "subject": {
          "reference": "Patient/PID-8dc39194802b495a38ce2b6679bbae9aa3d68bdd78bf3daa2e361edb"
        },
        "effectiveDateTime": "2023-09-30T23:59:59+02:00",
        "valueCodeableConcept": {
          "coding": [
            {
              "system": "https://www.medizininformatik-initiative.de/fhir/core/modul-person/CodeSystem/Vitalstatus",
              "code": "L"
            }
          ]
        }
      },
      "search": {
        "mode": "match"
      }
    },
    {
      "fullUrl": "http://num-fhirserver.distan.medicsh.de:8080/fhir/Observation/VIT-56f031c6de0437da4c378562997d43b7efa8eb7bbc44602f032bd5d9",
      "resource": {
        "resourceType": "Observation",
        "id": "VIT-56f031c6de0437da4c378562997d43b7efa8eb7bbc44602f032bd5d9",
        "meta": {
          "versionId": "239451637",
          "lastUpdated": "2025-03-20T11:09:15.263Z",
          "profile": [
            "https://www.medizininformatik-initiative.de/fhir/core/modul-person/StructureDefinition/Vitalstatus|2025.0.1"
          ]
        },
        "status": "final",
        "category": [
          {
            "coding": [
              {
                "system": "http://terminology.hl7.org/CodeSystem/observation-category",
                "code": "survey"
              }
            ]
          }
        ],
        "code": {
          "coding": [
            {
              "system": "http://loinc.org",
              "code": "67162-8"
            }
          ]
        },
        "subject": {
          "reference": "Patient/PID-8dc39194802b495a38ce2b6679bbae9aa3d68bdd78bf3daa2e361edb"
        },
        "effectiveDateTime": "2023-04-25T17:28:00+02:00",
        "valueCodeableConcept": {
          "coding": [
            {
              "system": "https://www.medizininformatik-initiative.de/fhir/core/modul-person/CodeSystem/Vitalstatus",
              "code": "L"
            }
          ]
        }
      },
      "search": {
        "mode": "match"
      }
    },
    {
      "fullUrl": "http://num-fhirserver.distan.medicsh.de:8080/fhir/Observation/VIT-68171d5e933ff25d17f12958bad35e42920751716520048f88678d3f",
      "resource": {
        "resourceType": "Observation",
        "id": "VIT-68171d5e933ff25d17f12958bad35e42920751716520048f88678d3f",
        "meta": {
          "versionId": "236140848",
          "lastUpdated": "2025-03-19T16:37:56.517Z",
          "profile": [
            "https://www.medizininformatik-initiative.de/fhir/core/modul-person/StructureDefinition/Vitalstatus|2025.0.1"
          ]
        },
        "status": "final",
        "category": [
          {
            "coding": [
              {
                "system": "http://terminology.hl7.org/CodeSystem/observation-category",
                "code": "survey"
              }
            ]
          }
        ],
        "code": {
          "coding": [
            {
              "system": "http://loinc.org",
              "code": "67162-8"
            }
          ]
        },
        "subject": {
          "reference": "Patient/PID-8dc39194802b495a38ce2b6679bbae9aa3d68bdd78bf3daa2e361edb"
        },
        "effectiveDateTime": "2022-12-31T23:59:59+01:00",
        "valueCodeableConcept": {
          "coding": [
            {
              "system": "https://www.medizininformatik-initiative.de/fhir/core/modul-person/CodeSystem/Vitalstatus",
              "code": "L"
            }
          ]
        }
      },
      "search": {
        "mode": "match"
      }
    },
    {
      "fullUrl": "http://num-fhirserver.distan.medicsh.de:8080/fhir/Observation/VIT-6ade333cd0d9bae10ed95a7e34f95b600f4116c56657daea5f796e95",
      "resource": {
        "resourceType": "Observation",
        "id": "VIT-6ade333cd0d9bae10ed95a7e34f95b600f4116c56657daea5f796e95",
        "meta": {
          "versionId": "353371006",
          "lastUpdated": "2025-07-16T03:23:14.624Z",
          "profile": [
            "https://www.medizininformatik-initiative.de/fhir/core/modul-person/StructureDefinition/Vitalstatus|2025.0.1"
          ]
        },
        "status": "final",
        "category": [
          {
            "coding": [
              {
                "system": "http://terminology.hl7.org/CodeSystem/observation-category",
                "code": "survey"
              }
            ]
          }
        ],
        "code": {
          "coding": [
            {
              "system": "http://loinc.org",
              "code": "67162-8"
            }
          ]
        },
        "subject": {
          "reference": "Patient/PID-8dc39194802b495a38ce2b6679bbae9aa3d68bdd78bf3daa2e361edb"
        },
        "effectiveDateTime": "2025-07-15T09:09:00+02:00",
        "valueCodeableConcept": {
          "coding": [
            {
              "system": "https://www.medizininformatik-initiative.de/fhir/core/modul-person/CodeSystem/Vitalstatus",
              "code": "L"
            }
          ]
        }
      },
      "search": {
        "mode": "match"
      }
    },
    {
      "fullUrl": "http://num-fhirserver.distan.medicsh.de:8080/fhir/Observation/VIT-7830d288b79397c4b22d37ed21589b2f97b6bd25dcf3ea35036099bb",
      "resource": {
        "resourceType": "Observation",
        "id": "VIT-7830d288b79397c4b22d37ed21589b2f97b6bd25dcf3ea35036099bb",
        "meta": {
          "versionId": "240054155",
          "lastUpdated": "2025-03-20T16:20:25.593Z",
          "profile": [
            "https://www.medizininformatik-initiative.de/fhir/core/modul-person/StructureDefinition/Vitalstatus|2025.0.1"
          ]
        },
        "status": "final",
        "category": [
          {
            "coding": [
              {
                "system": "http://terminology.hl7.org/CodeSystem/observation-category",
                "code": "survey"
              }
            ]
          }
        ],
        "code": {
          "coding": [
            {
              "system": "http://loinc.org",
              "code": "67162-8"
            }
          ]
        },
        "subject": {
          "reference": "Patient/PID-8dc39194802b495a38ce2b6679bbae9aa3d68bdd78bf3daa2e361edb"
        },
        "effectiveDateTime": "2023-06-16T08:58:00+02:00",
        "valueCodeableConcept": {
          "coding": [
            {
              "system": "https://www.medizininformatik-initiative.de/fhir/core/modul-person/CodeSystem/Vitalstatus",
              "code": "L"
            }
          ]
        }
      },
      "search": {
        "mode": "match"
      }
    },
    {
      "fullUrl": "http://num-fhirserver.distan.medicsh.de:8080/fhir/Observation/VIT-79e56fcc4ac7050f951e4bec8018da340b0eda435bb32aa25101e359",
      "resource": {
        "resourceType": "Observation",
        "id": "VIT-79e56fcc4ac7050f951e4bec8018da340b0eda435bb32aa25101e359",
        "meta": {
          "versionId": "240054157",
          "lastUpdated": "2025-03-20T16:20:25.616Z",
          "profile": [
            "https://www.medizininformatik-initiative.de/fhir/core/modul-person/StructureDefinition/Vitalstatus|2025.0.1"
          ]
        },
        "status": "final",
        "category": [
          {
            "coding": [
              {
                "system": "http://terminology.hl7.org/CodeSystem/observation-category",
                "code": "survey"
              }
            ]
          }
        ],
        "code": {
          "coding": [
            {
              "system": "http://loinc.org",
              "code": "67162-8"
            }
          ]
        },
        "subject": {
          "reference": "Patient/PID-8dc39194802b495a38ce2b6679bbae9aa3d68bdd78bf3daa2e361edb"
        },
        "effectiveDateTime": "2023-06-30T23:59:59+02:00",
        "valueCodeableConcept": {
          "coding": [
            {
              "system": "https://www.medizininformatik-initiative.de/fhir/core/modul-person/CodeSystem/Vitalstatus",
              "code": "L"
            }
          ]
        }
      },
      "search": {
        "mode": "match"
      }
    },
    {
      "fullUrl": "http://num-fhirserver.distan.medicsh.de:8080/fhir/Observation/VIT-816a2e962cc332b65bcc7a30e0064209d49f6ace92d01932ab161335",
      "resource": {
        "resourceType": "Observation",
        "id": "VIT-816a2e962cc332b65bcc7a30e0064209d49f6ace92d01932ab161335",
        "meta": {
          "versionId": "239451968",
          "lastUpdated": "2025-03-20T11:09:31.352Z",
          "profile": [
            "https://www.medizininformatik-initiative.de/fhir/core/modul-person/StructureDefinition/Vitalstatus|2025.0.1"
          ]
        },
        "status": "final",
        "category": [
          {
            "coding": [
              {
                "system": "http://terminology.hl7.org/CodeSystem/observation-category",
                "code": "survey"
              }
            ]
          }
        ],
        "code": {
          "coding": [
            {
              "system": "http://loinc.org",
              "code": "67162-8"
            }
          ]
        },
        "subject": {
          "reference": "Patient/PID-8dc39194802b495a38ce2b6679bbae9aa3d68bdd78bf3daa2e361edb"
        },
        "effectiveDateTime": "2023-06-30T23:59:59+02:00",
        "valueCodeableConcept": {
          "coding": [
            {
              "system": "https://www.medizininformatik-initiative.de/fhir/core/modul-person/CodeSystem/Vitalstatus",
              "code": "L"
            }
          ]
        }
      },
      "search": {
        "mode": "match"
      }
    },
    {
      "fullUrl": "http://num-fhirserver.distan.medicsh.de:8080/fhir/Observation/VIT-9e273fc90088ba14664e7a7629708177397b4f1e6e912ea79d7e2442",
      "resource": {
        "resourceType": "Observation",
        "id": "VIT-9e273fc90088ba14664e7a7629708177397b4f1e6e912ea79d7e2442",
        "meta": {
          "versionId": "236140846",
          "lastUpdated": "2025-03-19T16:37:56.498Z",
          "profile": [
            "https://www.medizininformatik-initiative.de/fhir/core/modul-person/StructureDefinition/Vitalstatus|2025.0.1"
          ]
        },
        "status": "final",
        "category": [
          {
            "coding": [
              {
                "system": "http://terminology.hl7.org/CodeSystem/observation-category",
                "code": "survey"
              }
            ]
          }
        ],
        "code": {
          "coding": [
            {
              "system": "http://loinc.org",
              "code": "67162-8"
            }
          ]
        },
        "subject": {
          "reference": "Patient/PID-8dc39194802b495a38ce2b6679bbae9aa3d68bdd78bf3daa2e361edb"
        },
        "effectiveDateTime": "2022-11-30T10:30:00+01:00",
        "valueCodeableConcept": {
          "coding": [
            {
              "system": "https://www.medizininformatik-initiative.de/fhir/core/modul-person/CodeSystem/Vitalstatus",
              "code": "L"
            }
          ]
        }
      },
      "search": {
        "mode": "match"
      }
    },
    {
      "fullUrl": "http://num-fhirserver.distan.medicsh.de:8080/fhir/Observation/VIT-9f1167c20e4801b1e5369f0e938134a02a97c75e7947570067c8dbd6",
      "resource": {
        "resourceType": "Observation",
        "id": "VIT-9f1167c20e4801b1e5369f0e938134a02a97c75e7947570067c8dbd6",
        "meta": {
          "versionId": "239451638",
          "lastUpdated": "2025-03-20T11:09:15.281Z",
          "profile": [
            "https://www.medizininformatik-initiative.de/fhir/core/modul-person/StructureDefinition/Vitalstatus|2025.0.1"
          ]
        },
        "status": "final",
        "category": [
          {
            "coding": [
              {
                "system": "http://terminology.hl7.org/CodeSystem/observation-category",
                "code": "survey"
              }
            ]
          }
        ],
        "code": {
          "coding": [
            {
              "system": "http://loinc.org",
              "code": "67162-8"
            }
          ]
        },
        "subject": {
          "reference": "Patient/PID-8dc39194802b495a38ce2b6679bbae9aa3d68bdd78bf3daa2e361edb"
        },
        "effectiveDateTime": "2023-06-30T23:59:59+02:00",
        "valueCodeableConcept": {
          "coding": [
            {
              "system": "https://www.medizininformatik-initiative.de/fhir/core/modul-person/CodeSystem/Vitalstatus",
              "code": "L"
            }
          ]
        }
      },
      "search": {
        "mode": "match"
      }
    },
    {
      "fullUrl": "http://num-fhirserver.distan.medicsh.de:8080/fhir/Observation/VIT-a08e8c93fdcb6d9d334ed2647ae8ed22c4c8dbef11e5e9cc93cd2778",
      "resource": {
        "resourceType": "Observation",
        "id": "VIT-a08e8c93fdcb6d9d334ed2647ae8ed22c4c8dbef11e5e9cc93cd2778",
        "meta": {
          "versionId": "244828041",
          "lastUpdated": "2025-03-22T02:00:28.475Z",
          "profile": [
            "https://www.medizininformatik-initiative.de/fhir/core/modul-person/StructureDefinition/Vitalstatus|2025.0.1"
          ]
        },
        "status": "final",
        "category": [
          {
            "coding": [
              {
                "system": "http://terminology.hl7.org/CodeSystem/observation-category",
                "code": "survey"
              }
            ]
          }
        ],
        "code": {
          "coding": [
            {
              "system": "http://loinc.org",
              "code": "67162-8"
            }
          ]
        },
        "subject": {
          "reference": "Patient/PID-8dc39194802b495a38ce2b6679bbae9aa3d68bdd78bf3daa2e361edb"
        },
        "effectiveDateTime": "2024-12-31T23:59:59+01:00",
        "valueCodeableConcept": {
          "coding": [
            {
              "system": "https://www.medizininformatik-initiative.de/fhir/core/modul-person/CodeSystem/Vitalstatus",
              "code": "L"
            }
          ]
        }
      },
      "search": {
        "mode": "match"
      }
    },
    {
      "fullUrl": "http://num-fhirserver.distan.medicsh.de:8080/fhir/Observation/VIT-a22a81fb1f8e3be9c71595fcaf373901ede798a13bd9ad5e9cdcfffd",
      "resource": {
        "resourceType": "Observation",
        "id": "VIT-a22a81fb1f8e3be9c71595fcaf373901ede798a13bd9ad5e9cdcfffd",
        "meta": {
          "versionId": "239451967",
          "lastUpdated": "2025-03-20T11:09:31.333Z",
          "profile": [
            "https://www.medizininformatik-initiative.de/fhir/core/modul-person/StructureDefinition/Vitalstatus|2025.0.1"
          ]
        },
        "status": "final",
        "category": [
          {
            "coding": [
              {
                "system": "http://terminology.hl7.org/CodeSystem/observation-category",
                "code": "survey"
              }
            ]
          }
        ],
        "code": {
          "coding": [
            {
              "system": "http://loinc.org",
              "code": "67162-8"
            }
          ]
        },
        "subject": {
          "reference": "Patient/PID-8dc39194802b495a38ce2b6679bbae9aa3d68bdd78bf3daa2e361edb"
        },
        "effectiveDateTime": "2023-04-25T18:03:00+02:00",
        "valueCodeableConcept": {
          "coding": [
            {
              "system": "https://www.medizininformatik-initiative.de/fhir/core/modul-person/CodeSystem/Vitalstatus",
              "code": "L"
            }
          ]
        }
      },
      "search": {
        "mode": "match"
      }
    },
    {
      "fullUrl": "http://num-fhirserver.distan.medicsh.de:8080/fhir/Observation/VIT-a753d3b9a8578c5818e105b10fe521887c1948d79cac769f251f983e",
      "resource": {
        "resourceType": "Observation",
        "id": "VIT-a753d3b9a8578c5818e105b10fe521887c1948d79cac769f251f983e",
        "meta": {
          "versionId": "243441236",
          "lastUpdated": "2025-03-21T17:06:01.758Z",
          "profile": [
            "https://www.medizininformatik-initiative.de/fhir/core/modul-person/StructureDefinition/Vitalstatus|2025.0.1"
          ]
        },
        "status": "final",
        "category": [
          {
            "coding": [
              {
                "system": "http://terminology.hl7.org/CodeSystem/observation-category",
                "code": "survey"
              }
            ]
          }
        ],
        "code": {
          "coding": [
            {
              "system": "http://loinc.org",
              "code": "67162-8"
            }
          ]
        },
        "subject": {
          "reference": "Patient/PID-8dc39194802b495a38ce2b6679bbae9aa3d68bdd78bf3daa2e361edb"
        },
        "effectiveDateTime": "2024-06-30T23:59:59+02:00",
        "valueCodeableConcept": {
          "coding": [
            {
              "system": "https://www.medizininformatik-initiative.de/fhir/core/modul-person/CodeSystem/Vitalstatus",
              "code": "L"
            }
          ]
        }
      },
      "search": {
        "mode": "match"
      }
    },
    {
      "fullUrl": "http://num-fhirserver.distan.medicsh.de:8080/fhir/Observation/VIT-b1bf287bf6cedd68b94270947f140eed8449a4a694066e65596859db",
      "resource": {
        "resourceType": "Observation",
        "id": "VIT-b1bf287bf6cedd68b94270947f140eed8449a4a694066e65596859db",
        "meta": {
          "versionId": "240473648",
          "lastUpdated": "2025-03-20T19:08:14.455Z",
          "profile": [
            "https://www.medizininformatik-initiative.de/fhir/core/modul-person/StructureDefinition/Vitalstatus|2025.0.1"
          ]
        },
        "status": "final",
        "category": [
          {
            "coding": [
              {
                "system": "http://terminology.hl7.org/CodeSystem/observation-category",
                "code": "survey"
              }
            ]
          }
        ],
        "code": {
          "coding": [
            {
              "system": "http://loinc.org",
              "code": "67162-8"
            }
          ]
        },
        "subject": {
          "reference": "Patient/PID-8dc39194802b495a38ce2b6679bbae9aa3d68bdd78bf3daa2e361edb"
        },
        "effectiveDateTime": "2023-09-30T23:59:59+02:00",
        "valueCodeableConcept": {
          "coding": [
            {
              "system": "https://www.medizininformatik-initiative.de/fhir/core/modul-person/CodeSystem/Vitalstatus",
              "code": "L"
            }
          ]
        }
      },
      "search": {
        "mode": "match"
      }
    },
    {
      "fullUrl": "http://num-fhirserver.distan.medicsh.de:8080/fhir/Observation/VIT-b4efd666ecba73d06a3956cf4d0a258025e01860d06ecc1239719726",
      "resource": {
        "resourceType": "Observation",
        "id": "VIT-b4efd666ecba73d06a3956cf4d0a258025e01860d06ecc1239719726",
        "meta": {
          "versionId": "239451933",
          "lastUpdated": "2025-03-20T11:09:30.279Z",
          "profile": [
            "https://www.medizininformatik-initiative.de/fhir/core/modul-person/StructureDefinition/Vitalstatus|2025.0.1"
          ]
        },
        "status": "final",
        "category": [
          {
            "coding": [
              {
                "system": "http://terminology.hl7.org/CodeSystem/observation-category",
                "code": "survey"
              }
            ]
          }
        ],
        "code": {
          "coding": [
            {
              "system": "http://loinc.org",
              "code": "67162-8"
            }
          ]
        },
        "subject": {
          "reference": "Patient/PID-8dc39194802b495a38ce2b6679bbae9aa3d68bdd78bf3daa2e361edb"
        },
        "effectiveDateTime": "2023-06-30T23:59:59+02:00",
        "valueCodeableConcept": {
          "coding": [
            {
              "system": "https://www.medizininformatik-initiative.de/fhir/core/modul-person/CodeSystem/Vitalstatus",
              "code": "L"
            }
          ]
        }
      },
      "search": {
        "mode": "match"
      }
    },
    {
      "fullUrl": "http://num-fhirserver.distan.medicsh.de:8080/fhir/Observation/VIT-cad92f3d9a0843ada1f0900b68c87d22f9350070ec37896cffe753d2",
      "resource": {
        "resourceType": "Observation",
        "id": "VIT-cad92f3d9a0843ada1f0900b68c87d22f9350070ec37896cffe753d2",
        "meta": {
          "versionId": "237508258",
          "lastUpdated": "2025-03-20T01:34:29.851Z",
          "profile": [
            "https://www.medizininformatik-initiative.de/fhir/core/modul-person/StructureDefinition/Vitalstatus|2025.0.1"
          ]
        },
        "status": "final",
        "category": [
          {
            "coding": [
              {
                "system": "http://terminology.hl7.org/CodeSystem/observation-category",
                "code": "survey"
              }
            ]
          }
        ],
        "code": {
          "coding": [
            {
              "system": "http://loinc.org",
              "code": "67162-8"
            }
          ]
        },
        "subject": {
          "reference": "Patient/PID-8dc39194802b495a38ce2b6679bbae9aa3d68bdd78bf3daa2e361edb"
        },
        "effectiveDateTime": "2023-03-02T10:34:00+01:00",
        "valueCodeableConcept": {
          "coding": [
            {
              "system": "https://www.medizininformatik-initiative.de/fhir/core/modul-person/CodeSystem/Vitalstatus",
              "code": "L"
            }
          ]
        }
      },
      "search": {
        "mode": "match"
      }
    },
    {
      "fullUrl": "http://num-fhirserver.distan.medicsh.de:8080/fhir/Observation/VIT-e5593337de6e0b451dd66fd6a82cb220a8f5da286d48cb49a819692e",
      "resource": {
        "resourceType": "Observation",
        "id": "VIT-e5593337de6e0b451dd66fd6a82cb220a8f5da286d48cb49a819692e",
        "meta": {
          "versionId": "243441235",
          "lastUpdated": "2025-03-21T17:06:01.738Z",
          "profile": [
            "https://www.medizininformatik-initiative.de/fhir/core/modul-person/StructureDefinition/Vitalstatus|2025.0.1"
          ]
        },
        "status": "final",
        "category": [
          {
            "coding": [
              {
                "system": "http://terminology.hl7.org/CodeSystem/observation-category",
                "code": "survey"
              }
            ]
          }
        ],
        "code": {
          "coding": [
            {
              "system": "http://loinc.org",
              "code": "67162-8"
            }
          ]
        },
        "subject": {
          "reference": "Patient/PID-8dc39194802b495a38ce2b6679bbae9aa3d68bdd78bf3daa2e361edb"
        },
        "effectiveDateTime": "2024-05-08T15:16:00+02:00",
        "valueCodeableConcept": {
          "coding": [
            {
              "system": "https://www.medizininformatik-initiative.de/fhir/core/modul-person/CodeSystem/Vitalstatus",
              "code": "L"
            }
          ]
        }
      },
      "search": {
        "mode": "match"
      }
    },
    {
      "fullUrl": "http://num-fhirserver.distan.medicsh.de:8080/fhir/Observation/VIT-f1cbee028393e49a179dbf3f2d95e22a2089b0b3cfd74ad15d63b876",
      "resource": {
        "resourceType": "Observation",
        "id": "VIT-f1cbee028393e49a179dbf3f2d95e22a2089b0b3cfd74ad15d63b876",
        "meta": {
          "versionId": "239451954",
          "lastUpdated": "2025-03-20T11:09:30.854Z",
          "profile": [
            "https://www.medizininformatik-initiative.de/fhir/core/modul-person/StructureDefinition/Vitalstatus|2025.0.1"
          ]
        },
        "status": "final",
        "category": [
          {
            "coding": [
              {
                "system": "http://terminology.hl7.org/CodeSystem/observation-category",
                "code": "survey"
              }
            ]
          }
        ],
        "code": {
          "coding": [
            {
              "system": "http://loinc.org",
              "code": "67162-8"
            }
          ]
        },
        "subject": {
          "reference": "Patient/PID-8dc39194802b495a38ce2b6679bbae9aa3d68bdd78bf3daa2e361edb"
        },
        "effectiveDateTime": "2023-04-25T17:59:00+02:00",
        "valueCodeableConcept": {
          "coding": [
            {
              "system": "https://www.medizininformatik-initiative.de/fhir/core/modul-person/CodeSystem/Vitalstatus",
              "code": "L"
            }
          ]
        }
      },
      "search": {
        "mode": "match"
      }
    },
    {
      "fullUrl": "http://num-fhirserver.distan.medicsh.de:8080/fhir/Observation/VIT-f85814ca7c8d598f4d58250bf1b8178da7f0a70a2e09e1455b7dbc7e",
      "resource": {
        "resourceType": "Observation",
        "id": "VIT-f85814ca7c8d598f4d58250bf1b8178da7f0a70a2e09e1455b7dbc7e",
        "meta": {
          "versionId": "245970753",
          "lastUpdated": "2025-03-22T11:39:39.124Z",
          "profile": [
            "https://www.medizininformatik-initiative.de/fhir/core/modul-person/StructureDefinition/Vitalstatus|2025.0.1"
          ]
        },
        "status": "final",
        "category": [
          {
            "coding": [
              {
                "system": "http://terminology.hl7.org/CodeSystem/observation-category",
                "code": "survey"
              }
            ]
          }
        ],
        "code": {
          "coding": [
            {
              "system": "http://loinc.org",
              "code": "67162-8"
            }
          ]
        },
        "subject": {
          "reference": "Patient/PID-8dc39194802b495a38ce2b6679bbae9aa3d68bdd78bf3daa2e361edb"
        },
        "effectiveDateTime": "2025-02-20T08:57:00+01:00",
        "valueCodeableConcept": {
          "coding": [
            {
              "system": "https://www.medizininformatik-initiative.de/fhir/core/modul-person/CodeSystem/Vitalstatus",
              "code": "L"
            }
          ]
        }
      },
      "search": {
        "mode": "match"
      }
    },
    {
      "fullUrl": "http://num-fhirserver.distan.medicsh.de:8080/fhir/Observation/VIT-fa4a7e3c4d8d84c348bed635682faf2544a262bb419e7c86e269ff29",
      "resource": {
        "resourceType": "Observation",
        "id": "VIT-fa4a7e3c4d8d84c348bed635682faf2544a262bb419e7c86e269ff29",
        "meta": {
          "versionId": "245785689",
          "lastUpdated": "2025-03-22T08:25:40.951Z",
          "profile": [
            "https://www.medizininformatik-initiative.de/fhir/core/modul-person/StructureDefinition/Vitalstatus|2025.0.1"
          ]
        },
        "status": "final",
        "category": [
          {
            "coding": [
              {
                "system": "http://terminology.hl7.org/CodeSystem/observation-category",
                "code": "survey"
              }
            ]
          }
        ],
        "code": {
          "coding": [
            {
              "system": "http://loinc.org",
              "code": "67162-8"
            }
          ]
        },
        "subject": {
          "reference": "Patient/PID-8dc39194802b495a38ce2b6679bbae9aa3d68bdd78bf3daa2e361edb"
        },
        "effectiveDateTime": "2025-01-28T11:53:00+01:00",
        "valueCodeableConcept": {
          "coding": [
            {
              "system": "https://www.medizininformatik-initiative.de/fhir/core/modul-person/CodeSystem/Vitalstatus",
              "code": "L"
            }
          ]
        }
      },
      "search": {
        "mode": "match"
      }
    }
  ]
}
