{
  "resourceType": "Bundle",
  "id": "DGTUX46WLBRTGZ4Q",
  "type": "searchset",
  "total": 3,
  "entry": [
    {
      "fullUrl": "http://num-fhirserver.distan.medicsh.de:8080/fhir/Patient/PID-8e41f767438e5189f84e55350b8a5f8c0920bdf3f8af025cb9ff48fc",
      "resource": {
        "resourceType": "Patient",
        "id": "PID-8e41f767438e5189f84e55350b8a5f8c0920bdf3f8af025cb9ff48fc",
        "meta": {
          "versionId": "186806509",
          "lastUpdated": "2025-03-17T22:14:07.029Z",
          "profile": [
            "https://www.medizininformatik-initiative.de/fhir/core/modul-person/StructureDefinition/PatientPseudonymisiert|2025.0.1"
          ]
        },
        "identifier": [
          {
            "use": "usual",
            "type": {
              "coding": [
                {
                  "system": "http://terminology.hl7.org/CodeSystem/v3-ObservationValue",
                  "code": "PSEUDED"
                }
              ]
            },
            "system": "https://www.medizininformatik-initiative.de/fhir/sid/pseudonym",
            "value": "8e41f767438e5189f84e55350b8a5f8c0920bdf3f8af025cb9ff48fc"
          }
        ],
        "gender": "male",
        "birthDate": "2008-05",
        "deceasedBoolean": true
      },
      "search": {
        "mode": "match"
      }
    },
    {
      "fullUrl": "http://num-fhirserver.distan.medicsh.de:8080/fhir/Encounter/PV-c420925ae18074a428889e4595bf665d777852bfc8995f3a31c1c54d",
      "resource": {
        "resourceType": "Encounter",
        "id": "PV-c420925ae18074a428889e4595bf665d777852bfc8995f3a31c1c54d",
        "meta": {
          "versionId": "186806466",
          "lastUpdated": "2025-03-17T22:14:06.966Z",
          "source": "http://medic.uksh.de/source/orbis/legacy",
          "profile": [
            "https://www.medizininformatik-initiative.de/fhir/core/modul-fall/StructureDefinition/KontaktGesundheitseinrichtung|2025.0.0"
          ]
        },
        "identifier": [
          {
            "use": "official",
            "type": {
              "coding": [
                {
                  "system": "http://terminology.hl7.org/CodeSystem/v2-0203",
                  "code": "VN"
                }
              ]
            },
            "system": "http://medic.uksh.de/fhir/Encounter",
            "value": "c420925ae18074a428889e4595bf665d777852bfc8995f3a31c1c54d"
          }
        ],
        "status": "finished",
        "class": {
          "system": "http://terminology.hl7.org/CodeSystem/v3-ActCode",
          "code": "AMB"
        },
        "type": [
          {
            "coding": [
              {
                "system": "http://fhir.de/CodeSystem/Kontaktebene",
                "code": "einrichtungskontakt"
              }
            ]
          }
        ],
        "subject": {
          "reference": "Patient/PID-8e41f767438e5189f84e55350b8a5f8c0920bdf3f8af025cb9ff48fc"
        },
        "period": {
          "start": "2008-05-01T12:47:00+02:00",
          "end": "2008-06-30T23:59:59+02:00"
        },
        "hospitalization": {
          "admitSource": {
            "coding": [
              {
                "system": "http://fhir.de/CodeSystem/dgkev/Aufnahmeanlass",
                "code": "E"
              }
            ]
          }
        }
      },
      "search": {
        "mode": "match"
      }
    },
    {
      "fullUrl": "http://num-fhirserver.distan.medicsh.de:8080/fhir/Observation/VIT-91c710ef9b94f3e962bf4ac8b2dd46c4715a811d52e6e1159c06d2b4",
      "resource": {
        "resourceType": "Observation",
        "id": "VIT-91c710ef9b94f3e962bf4ac8b2dd46c4715a811d52e6e1159c06d2b4",
        "meta": {
          "versionId": "186806481",
          "lastUpdated": "2025-03-17T22:14:06.991Z",
          "profile": [
            "https://www.medizininformatik-initiative.de/fhir/core/modul-person/StructureDefinition/Vitalstatus|2025.0.1"
          ]
        },
        "status": "final",
        "category": [
          {
            "coding": [
              {
                "system": "http://terminology.hl7.org/CodeSystem/observation-category",
                "code": "survey"
              }
            ]
          }
        ],
        "code": {
          "coding": [
            {
              "system": "http://loinc.org",
              "code": "67162-8"
            }
          ]
        },
        "subject": {
          "reference": "Patient/PID-8e41f767438e5189f84e55350b8a5f8c0920bdf3f8af025cb9ff48fc"
        },
        "effectiveDateTime": "2008-05-01T12:47:00+02:00",
        "valueCodeableConcept": {
          "coding": [
            {
              "system": "https://www.medizininformatik-initiative.de/fhir/core/modul-person/CodeSystem/Vitalstatus",
              "code": "L"
            }
          ]
        }
      },
      "search": {
        "mode": "match"
      }
    }
  ]
}
