{
  "resourceType": "Bundle",
  "id": "DGTUYAH4MYIBCMW2",
  "type": "searchset",
  "total": 42,
  "entry": [
    {
      "fullUrl": "http://num-fhirserver.distan.medicsh.de:8080/fhir/Patient/PID-90441b94f6c4dbe2bb3f3b1d48dcb5e8526d5004874141f8e0aa8f20",
      "resource": {
        "resourceType": "Patient",
        "id": "PID-90441b94f6c4dbe2bb3f3b1d48dcb5e8526d5004874141f8e0aa8f20",
        "meta": {
          "versionId": "206729796",
          "lastUpdated": "2025-03-18T12:31:35.750Z",
          "profile": [
            "https://www.medizininformatik-initiative.de/fhir/core/modul-person/StructureDefinition/PatientPseudonymisiert|2025.0.1"
          ]
        },
        "identifier": [
          {
            "use": "usual",
            "type": {
              "coding": [
                {
                  "system": "http://terminology.hl7.org/CodeSystem/v3-ObservationValue",
                  "code": "PSEUDED"
                }
              ]
            },
            "system": "https://www.medizininformatik-initiative.de/fhir/sid/pseudonym",
            "value": "90441b94f6c4dbe2bb3f3b1d48dcb5e8526d5004874141f8e0aa8f20"
          }
        ],
        "gender": "female",
        "birthDate": "1996-05",
        "deceasedBoolean": true,
        "address": [
          {
            "type": "both",
            "postalCode": "239",
            "country": "DE"
          }
        ]
      },
      "search": {
        "mode": "match"
      }
    },
    {
      "fullUrl": "http://num-fhirserver.distan.medicsh.de:8080/fhir/Condition/CON-7e8d8b09d87041012f97aa225acf8207c5a1accc81831961e80354f4",
      "resource": {
        "resourceType": "Condition",
        "id": "CON-7e8d8b09d87041012f97aa225acf8207c5a1accc81831961e80354f4",
        "meta": {
          "versionId": "21751321",
          "lastUpdated": "2025-03-11T05:22:01.939Z",
          "profile": [
            "https://www.medizininformatik-initiative.de/fhir/core/modul-diagnose/StructureDefinition/Diagnose|2025.0.0"
          ]
        },
        "code": {
          "coding": [
            {
              "system": "http://fhir.de/CodeSystem/bfarm/icd-10-gm",
              "version": "2023",
              "code": "M49.28"
            }
          ]
        },
        "subject": {
          "reference": "Patient/PID-90441b94f6c4dbe2bb3f3b1d48dcb5e8526d5004874141f8e0aa8f20"
        },
        "encounter": {
          "reference": "Encounter/PV-c8f593afab82aef061f37bfda32fd1d2b5a018611b833c65d44e6593"
        },
        "recordedDate": "2023-07-07T13:21:00+02:00"
      },
      "search": {
        "mode": "match"
      }
    },
    {
      "fullUrl": "http://num-fhirserver.distan.medicsh.de:8080/fhir/Condition/CON-f821c3af8af84551cf45ff536a93372337c79618086f6eb47a36a02d",
      "resource": {
        "resourceType": "Condition",
        "id": "CON-f821c3af8af84551cf45ff536a93372337c79618086f6eb47a36a02d",
        "meta": {
          "versionId": "21796944",
          "lastUpdated": "2025-03-11T05:23:51.187Z",
          "profile": [
            "https://www.medizininformatik-initiative.de/fhir/core/modul-diagnose/StructureDefinition/Diagnose|2025.0.0"
          ]
        },
        "code": {
          "coding": [
            {
              "system": "http://fhir.de/CodeSystem/bfarm/icd-10-gm",
              "version": "2023",
              "code": "A03.0"
            }
          ]
        },
        "subject": {
          "reference": "Patient/PID-90441b94f6c4dbe2bb3f3b1d48dcb5e8526d5004874141f8e0aa8f20"
        },
        "encounter": {
          "reference": "Encounter/PV-c8f593afab82aef061f37bfda32fd1d2b5a018611b833c65d44e6593"
        },
        "recordedDate": "2023-07-07T13:21:00+02:00"
      },
      "search": {
        "mode": "match"
      }
    },
    {
      "fullUrl": "http://num-fhirserver.distan.medicsh.de:8080/fhir/Consent/IC-990f340a17bdaea39ce29f56518d9466fe5ff2ba2783a75e3ed49181",
      "resource": {
        "resourceType": "Consent",
        "id": "IC-990f340a17bdaea39ce29f56518d9466fe5ff2ba2783a75e3ed49181",
        "meta": {
          "versionId": "308563699",
          "lastUpdated": "2025-04-01T17:07:29.830Z",
          "profile": [
            "https://www.medizininformatik-initiative.de/fhir/modul-consent/StructureDefinition/mii-pr-consent-einwilligung|2025.0.1"
          ]
        },
        "status": "active",
        "scope": {
          "coding": [
            {
              "system": "http://terminology.hl7.org/CodeSystem/consentscope",
              "code": "research"
            }
          ]
        },
        "category": [
          {
            "coding": [
              {
                "system": "http://loinc.org",
                "code": "57016-8"
              }
            ]
          },
          {
            "coding": [
              {
                "system": "https://www.medizininformatik-initiative.de/fhir/modul-consent/CodeSystem/mii-cs-consent-consent_category",
                "code": "2.16.840.1.113883.3.1937.777.24.2.184"
              }
            ]
          }
        ],
        "patient": {
          "reference": "Patient/PID-90441b94f6c4dbe2bb3f3b1d48dcb5e8526d5004874141f8e0aa8f20"
        },
        "dateTime": "2022-07-18",
        "policy": [
          {
            "uri": "2.16.840.1.113883.3.1937.777.24.2.1791"
          }
        ],
        "provision": {
          "type": "deny",
          "period": {
            "start": "2022-07-18",
            "end": "3022-07-18"
          }
        }
      },
      "search": {
        "mode": "match"
      }
    },
    {
      "fullUrl": "http://num-fhirserver.distan.medicsh.de:8080/fhir/Encounter/PV-0c80f7f4b21629623670ca968eccc8a57a2e36761d80f6d6f23530b0",
      "resource": {
        "resourceType": "Encounter",
        "id": "PV-0c80f7f4b21629623670ca968eccc8a57a2e36761d80f6d6f23530b0",
        "meta": {
          "versionId": "234941659",
          "lastUpdated": "2025-03-19T14:09:08.408Z",
          "source": "http://medic.uksh.de/source/orbis/adt",
          "profile": [
            "https://www.medizininformatik-initiative.de/fhir/core/modul-fall/StructureDefinition/KontaktGesundheitseinrichtung|2025.0.0"
          ]
        },
        "identifier": [
          {
            "use": "official",
            "type": {
              "coding": [
                {
                  "system": "http://terminology.hl7.org/CodeSystem/v2-0203",
                  "code": "VN"
                }
              ]
            },
            "system": "http://medic.uksh.de/fhir/Encounter",
            "value": "0c80f7f4b21629623670ca968eccc8a57a2e36761d80f6d6f23530b0"
          }
        ],
        "status": "finished",
        "class": {
          "system": "http://terminology.hl7.org/CodeSystem/v3-ActCode",
          "code": "AMB"
        },
        "type": [
          {
            "coding": [
              {
                "system": "http://fhir.de/CodeSystem/Kontaktebene",
                "code": "einrichtungskontakt"
              }
            ]
          }
        ],
        "subject": {
          "reference": "Patient/PID-90441b94f6c4dbe2bb3f3b1d48dcb5e8526d5004874141f8e0aa8f20"
        },
        "period": {
          "start": "2022-07-18T10:17:00+02:00",
          "end": "2022-09-30T23:59:59+02:00"
        }
      },
      "search": {
        "mode": "match"
      }
    },
    {
      "fullUrl": "http://num-fhirserver.distan.medicsh.de:8080/fhir/Encounter/PV-350c42deb12425dd3e866b2bfb787035cd8238259c850151d0f2b23b",
      "resource": {
        "resourceType": "Encounter",
        "id": "PV-350c42deb12425dd3e866b2bfb787035cd8238259c850151d0f2b23b",
        "meta": {
          "versionId": "235452369",
          "lastUpdated": "2025-03-19T14:25:18.985Z",
          "source": "http://medic.uksh.de/source/orbis/adt",
          "profile": [
            "https://www.medizininformatik-initiative.de/fhir/core/modul-fall/StructureDefinition/KontaktGesundheitseinrichtung|2025.0.0"
          ]
        },
        "identifier": [
          {
            "use": "official",
            "type": {
              "coding": [
                {
                  "system": "http://terminology.hl7.org/CodeSystem/v2-0203",
                  "code": "VN"
                }
              ]
            },
            "system": "http://medic.uksh.de/fhir/Encounter",
            "value": "350c42deb12425dd3e866b2bfb787035cd8238259c850151d0f2b23b"
          }
        ],
        "status": "in-progress",
        "class": {
          "system": "http://terminology.hl7.org/CodeSystem/v3-ActCode",
          "code": "IMP"
        },
        "type": [
          {
            "coding": [
              {
                "system": "http://fhir.de/CodeSystem/Kontaktebene",
                "code": "einrichtungskontakt"
              }
            ]
          }
        ],
        "subject": {
          "reference": "Patient/PID-90441b94f6c4dbe2bb3f3b1d48dcb5e8526d5004874141f8e0aa8f20"
        },
        "period": {
          "start": "2022-10-04T13:46:00+02:00"
        }
      },
      "search": {
        "mode": "match"
      }
    },
    {
      "fullUrl": "http://num-fhirserver.distan.medicsh.de:8080/fhir/Encounter/PV-4168e570b9d6728d68dcc3a696ee48e4c4f963a0558700466edcae0f",
      "resource": {
        "resourceType": "Encounter",
        "id": "PV-4168e570b9d6728d68dcc3a696ee48e4c4f963a0558700466edcae0f",
        "meta": {
          "versionId": "234959781",
          "lastUpdated": "2025-03-19T14:09:42.396Z",
          "source": "http://medic.uksh.de/source/orbis/adt",
          "profile": [
            "https://www.medizininformatik-initiative.de/fhir/core/modul-fall/StructureDefinition/KontaktGesundheitseinrichtung|2025.0.0"
          ]
        },
        "identifier": [
          {
            "use": "official",
            "type": {
              "coding": [
                {
                  "system": "http://terminology.hl7.org/CodeSystem/v2-0203",
                  "code": "VN"
                }
              ]
            },
            "system": "http://medic.uksh.de/fhir/Encounter",
            "value": "4168e570b9d6728d68dcc3a696ee48e4c4f963a0558700466edcae0f"
          }
        ],
        "status": "finished",
        "class": {
          "system": "http://terminology.hl7.org/CodeSystem/v3-ActCode",
          "code": "AMB"
        },
        "type": [
          {
            "coding": [
              {
                "system": "http://fhir.de/CodeSystem/Kontaktebene",
                "code": "einrichtungskontakt"
              }
            ]
          }
        ],
        "subject": {
          "reference": "Patient/PID-90441b94f6c4dbe2bb3f3b1d48dcb5e8526d5004874141f8e0aa8f20"
        },
        "period": {
          "start": "2022-07-18T10:33:00+02:00",
          "end": "2022-09-30T23:59:59+02:00"
        }
      },
      "search": {
        "mode": "match"
      }
    },
    {
      "fullUrl": "http://num-fhirserver.distan.medicsh.de:8080/fhir/Encounter/PV-5bad49f3a0df1693e71646fafbdc839bd977bbf00eda35402a2795a7",
      "resource": {
        "resourceType": "Encounter",
        "id": "PV-5bad49f3a0df1693e71646fafbdc839bd977bbf00eda35402a2795a7",
        "meta": {
          "versionId": "235500625",
          "lastUpdated": "2025-03-19T14:26:50.240Z",
          "source": "http://medic.uksh.de/source/orbis/adt",
          "profile": [
            "https://www.medizininformatik-initiative.de/fhir/core/modul-fall/StructureDefinition/KontaktGesundheitseinrichtung|2025.0.0"
          ]
        },
        "identifier": [
          {
            "use": "official",
            "type": {
              "coding": [
                {
                  "system": "http://terminology.hl7.org/CodeSystem/v2-0203",
                  "code": "VN"
                }
              ]
            },
            "system": "http://medic.uksh.de/fhir/Encounter",
            "value": "5bad49f3a0df1693e71646fafbdc839bd977bbf00eda35402a2795a7"
          }
        ],
        "status": "in-progress",
        "class": {
          "system": "http://terminology.hl7.org/CodeSystem/v3-ActCode",
          "code": "IMP"
        },
        "type": [
          {
            "coding": [
              {
                "system": "http://fhir.de/CodeSystem/Kontaktebene",
                "code": "einrichtungskontakt"
              }
            ]
          }
        ],
        "subject": {
          "reference": "Patient/PID-90441b94f6c4dbe2bb3f3b1d48dcb5e8526d5004874141f8e0aa8f20"
        },
        "period": {
          "start": "2022-10-10T10:14:00+02:00"
        }
      },
      "search": {
        "mode": "match"
      }
    },
    {
      "fullUrl": "http://num-fhirserver.distan.medicsh.de:8080/fhir/Encounter/PV-846c5fb1184c257c7cfbf8248c576eef841d5827402a22bc21ff785c",
      "resource": {
        "resourceType": "Encounter",
        "id": "PV-846c5fb1184c257c7cfbf8248c576eef841d5827402a22bc21ff785c",
        "meta": {
          "versionId": "234833267",
          "lastUpdated": "2025-03-19T14:05:37.356Z",
          "source": "http://medic.uksh.de/source/orbis/adt",
          "profile": [
            "https://www.medizininformatik-initiative.de/fhir/core/modul-fall/StructureDefinition/KontaktGesundheitseinrichtung|2025.0.0"
          ]
        },
        "identifier": [
          {
            "use": "official",
            "type": {
              "coding": [
                {
                  "system": "http://terminology.hl7.org/CodeSystem/v2-0203",
                  "code": "VN"
                }
              ]
            },
            "system": "http://medic.uksh.de/fhir/Encounter",
            "value": "846c5fb1184c257c7cfbf8248c576eef841d5827402a22bc21ff785c"
          }
        ],
        "status": "finished",
        "class": {
          "system": "http://terminology.hl7.org/CodeSystem/v3-ActCode",
          "code": "AMB"
        },
        "type": [
          {
            "coding": [
              {
                "system": "http://fhir.de/CodeSystem/Kontaktebene",
                "code": "einrichtungskontakt"
              }
            ]
          }
        ],
        "subject": {
          "reference": "Patient/PID-90441b94f6c4dbe2bb3f3b1d48dcb5e8526d5004874141f8e0aa8f20"
        },
        "period": {
          "start": "2022-07-01T11:18:00+02:00",
          "end": "2022-09-30T23:59:59+02:00"
        }
      },
      "search": {
        "mode": "match"
      }
    },
    {
      "fullUrl": "http://num-fhirserver.distan.medicsh.de:8080/fhir/Encounter/PV-89fe1142cf79c0e6aaa03ad434f4db70bfa4dfbc5b258783efe03152",
      "resource": {
        "resourceType": "Encounter",
        "id": "PV-89fe1142cf79c0e6aaa03ad434f4db70bfa4dfbc5b258783efe03152",
        "meta": {
          "versionId": "235539510",
          "lastUpdated": "2025-03-19T14:28:06.845Z",
          "source": "http://medic.uksh.de/source/orbis/adt",
          "profile": [
            "https://www.medizininformatik-initiative.de/fhir/core/modul-fall/StructureDefinition/KontaktGesundheitseinrichtung|2025.0.0"
          ]
        },
        "identifier": [
          {
            "use": "official",
            "type": {
              "coding": [
                {
                  "system": "http://terminology.hl7.org/CodeSystem/v2-0203",
                  "code": "VN"
                }
              ]
            },
            "system": "http://medic.uksh.de/fhir/Encounter",
            "value": "89fe1142cf79c0e6aaa03ad434f4db70bfa4dfbc5b258783efe03152"
          }
        ],
        "status": "finished",
        "class": {
          "system": "http://terminology.hl7.org/CodeSystem/v3-ActCode",
          "code": "AMB"
        },
        "type": [
          {
            "coding": [
              {
                "system": "http://fhir.de/CodeSystem/Kontaktebene",
                "code": "einrichtungskontakt"
              }
            ]
          }
        ],
        "subject": {
          "reference": "Patient/PID-90441b94f6c4dbe2bb3f3b1d48dcb5e8526d5004874141f8e0aa8f20"
        },
        "period": {
          "start": "2022-10-12T14:34:00+02:00",
          "end": "2022-12-31T23:59:59+01:00"
        }
      },
      "search": {
        "mode": "match"
      }
    },
    {
      "fullUrl": "http://num-fhirserver.distan.medicsh.de:8080/fhir/Encounter/PV-AK-5f6c7dd7f88804e2c18373388f0756ebbc638b53ca01885d5a23d057",
      "resource": {
        "resourceType": "Encounter",
        "id": "PV-AK-5f6c7dd7f88804e2c18373388f0756ebbc638b53ca01885d5a23d057",
        "meta": {
          "versionId": "235500655",
          "lastUpdated": "2025-03-19T14:26:50.284Z",
          "source": "http://medic.uksh.de/source/orbis/adt",
          "profile": [
            "https://www.medizininformatik-initiative.de/fhir/core/modul-fall/StructureDefinition/KontaktGesundheitseinrichtung|2025.0.0"
          ]
        },
        "identifier": [
          {
            "use": "official",
            "type": {
              "coding": [
                {
                  "system": "http://terminology.hl7.org/CodeSystem/v2-0203",
                  "code": "VN"
                }
              ]
            },
            "system": "http://medic.uksh.de/fhir/Encounter",
            "value": "5bad49f3a0df1693e71646fafbdc839bd977bbf00eda35402a2795a7"
          },
          {
            "use": "secondary",
            "type": {
              "coding": [
                {
                  "system": "http://terminology.hl7.org/CodeSystem/v2-0203",
                  "code": "U"
                }
              ]
            },
            "system": "http://medic.uksh.de.de/fhir/Encounter/department",
            "value": "KPSYCHTK.2022-10-10T10:14:00"
          }
        ],
        "status": "in-progress",
        "class": {
          "system": "http://terminology.hl7.org/CodeSystem/v3-ActCode",
          "code": "IMP"
        },
        "type": [
          {
            "coding": [
              {
                "system": "http://fhir.de/CodeSystem/Kontaktebene",
                "code": "abteilungskontakt"
              }
            ]
          }
        ],
        "subject": {
          "reference": "Patient/PID-90441b94f6c4dbe2bb3f3b1d48dcb5e8526d5004874141f8e0aa8f20"
        },
        "period": {
          "start": "2022-10-10T10:14:00+02:00"
        },
        "location": [
          {
            "location": {
              "reference": "Location/KPSYCHTK-KPSYCHTK1"
            },
            "status": "active",
            "physicalType": {
              "coding": [
                {
                  "system": "http://terminology.hl7.org/CodeSystem/location-physical-type",
                  "code": "wa"
                }
              ]
            },
            "period": {
              "start": "2022-10-10T10:14:00+02:00"
            }
          }
        ],
        "partOf": {
          "reference": "Encounter/PV-5bad49f3a0df1693e71646fafbdc839bd977bbf00eda35402a2795a7"
        }
      },
      "search": {
        "mode": "match"
      }
    },
    {
      "fullUrl": "http://num-fhirserver.distan.medicsh.de:8080/fhir/Location/KPSYCHTK-KPSYCHTK1",
      "resource": {
        "resourceType": "Location",
        "id": "KPSYCHTK-KPSYCHTK1",
        "meta": {
          "versionId": "37424371",
          "lastUpdated": "2025-03-11T15:48:57.290Z"
        },
        "name": "Tagesklinik Niemannsweg",
        "type": [
          {
            "coding": [
              {
                "system": "http://terminology.hl7.org/CodeSystem/v3-RoleCode",
                "code": "HOSP"
              }
            ]
          }
        ],
        "physicalType": {
          "coding": [
            {
              "system": "http://terminology.hl7.org/CodeSystem/location-physical-type",
              "code": "wa",
              "display": "Ward"
            }
          ]
        },
        "partOf": {
          "reference": "Location/KPSYCHTK"
        }
      },
      "search": {
        "mode": "match"
      }
    },
    {
      "fullUrl": "http://num-fhirserver.distan.medicsh.de:8080/fhir/Encounter/PV-AK-c3c5a0f5c31a0dcdaa2b98c408df5e1d0589cc0ea1f7b1623f9a326f",
      "resource": {
        "resourceType": "Encounter",
        "id": "PV-AK-c3c5a0f5c31a0dcdaa2b98c408df5e1d0589cc0ea1f7b1623f9a326f",
        "meta": {
          "versionId": "235452396",
          "lastUpdated": "2025-03-19T14:25:19.032Z",
          "source": "http://medic.uksh.de/source/orbis/adt",
          "profile": [
            "https://www.medizininformatik-initiative.de/fhir/core/modul-fall/StructureDefinition/KontaktGesundheitseinrichtung|2025.0.0"
          ]
        },
        "identifier": [
          {
            "use": "official",
            "type": {
              "coding": [
                {
                  "system": "http://terminology.hl7.org/CodeSystem/v2-0203",
                  "code": "VN"
                }
              ]
            },
            "system": "http://medic.uksh.de/fhir/Encounter",
            "value": "350c42deb12425dd3e866b2bfb787035cd8238259c850151d0f2b23b"
          },
          {
            "use": "secondary",
            "type": {
              "coding": [
                {
                  "system": "http://terminology.hl7.org/CodeSystem/v2-0203",
                  "code": "U"
                }
              ]
            },
            "system": "http://medic.uksh.de.de/fhir/Encounter/department",
            "value": "KRHEUM.2022-10-04T13:46:00"
          }
        ],
        "status": "in-progress",
        "class": {
          "system": "http://terminology.hl7.org/CodeSystem/v3-ActCode",
          "code": "IMP"
        },
        "type": [
          {
            "coding": [
              {
                "system": "http://fhir.de/CodeSystem/Kontaktebene",
                "code": "abteilungskontakt"
              }
            ]
          }
        ],
        "subject": {
          "reference": "Patient/PID-90441b94f6c4dbe2bb3f3b1d48dcb5e8526d5004874141f8e0aa8f20"
        },
        "period": {
          "start": "2022-10-04T13:46:00+02:00"
        },
        "location": [
          {
            "location": {
              "reference": "Location/KRHEUM-KD110"
            },
            "status": "active",
            "physicalType": {
              "coding": [
                {
                  "system": "http://terminology.hl7.org/CodeSystem/location-physical-type",
                  "code": "wa"
                }
              ]
            },
            "period": {
              "start": "2022-10-04T13:46:00+02:00"
            }
          }
        ],
        "partOf": {
          "reference": "Encounter/PV-350c42deb12425dd3e866b2bfb787035cd8238259c850151d0f2b23b"
        }
      },
      "search": {
        "mode": "match"
      }
    },
    {
      "fullUrl": "http://num-fhirserver.distan.medicsh.de:8080/fhir/Location/KRHEUM-KD110",
      "resource": {
        "resourceType": "Location",
        "id": "KRHEUM-KD110",
        "meta": {
          "versionId": "37335683",
          "lastUpdated": "2025-03-11T15:45:20.444Z"
        },
        "name": "KI - Station D.110",
        "type": [
          {
            "coding": [
              {
                "system": "http://terminology.hl7.org/CodeSystem/v3-RoleCode",
                "code": "HOSP"
              }
            ]
          }
        ],
        "physicalType": {
          "coding": [
            {
              "system": "http://terminology.hl7.org/CodeSystem/location-physical-type",
              "code": "wa",
              "display": "Ward"
            }
          ]
        },
        "partOf": {
          "reference": "Location/KRHEUM"
        }
      },
      "search": {
        "mode": "match"
      }
    },
    {
      "fullUrl": "http://num-fhirserver.distan.medicsh.de:8080/fhir/Encounter/PV-AK-f8b51684578801a39f33844ac2f4ddcbcb00dff6412428a37a51e8a8",
      "resource": {
        "resourceType": "Encounter",
        "id": "PV-AK-f8b51684578801a39f33844ac2f4ddcbcb00dff6412428a37a51e8a8",
        "meta": {
          "versionId": "234612270",
          "lastUpdated": "2025-03-19T13:58:39.212Z",
          "source": "http://medic.uksh.de/source/orbis/adt",
          "profile": [
            "https://www.medizininformatik-initiative.de/fhir/core/modul-fall/StructureDefinition/KontaktGesundheitseinrichtung|2025.0.0"
          ]
        },
        "identifier": [
          {
            "use": "official",
            "type": {
              "coding": [
                {
                  "system": "http://terminology.hl7.org/CodeSystem/v2-0203",
                  "code": "VN"
                }
              ]
            },
            "system": "http://medic.uksh.de/fhir/Encounter",
            "value": "fb384ce513090391bd7c2e4b5e3e6bf60f7fd10189c8d716de760e47"
          },
          {
            "use": "secondary",
            "type": {
              "coding": [
                {
                  "system": "http://terminology.hl7.org/CodeSystem/v2-0203",
                  "code": "U"
                }
              ]
            },
            "system": "http://medic.uksh.de.de/fhir/Encounter/department",
            "value": "LKGCH.2022-06-28T10:43:00"
          }
        ],
        "status": "in-progress",
        "class": {
          "system": "http://terminology.hl7.org/CodeSystem/v3-ActCode",
          "code": "IMP"
        },
        "type": [
          {
            "coding": [
              {
                "system": "http://fhir.de/CodeSystem/Kontaktebene",
                "code": "abteilungskontakt"
              }
            ]
          }
        ],
        "subject": {
          "reference": "Patient/PID-90441b94f6c4dbe2bb3f3b1d48dcb5e8526d5004874141f8e0aa8f20"
        },
        "period": {
          "start": "2022-06-28T10:43:00+02:00"
        },
        "location": [
          {
            "location": {
              "reference": "Location/LKGCH-LHS27S27"
            },
            "status": "active",
            "physicalType": {
              "coding": [
                {
                  "system": "http://terminology.hl7.org/CodeSystem/location-physical-type",
                  "code": "wa"
                }
              ]
            },
            "period": {
              "start": "2022-06-28T10:43:00+02:00"
            }
          }
        ],
        "partOf": {
          "reference": "Encounter/PV-fb384ce513090391bd7c2e4b5e3e6bf60f7fd10189c8d716de760e47"
        }
      },
      "search": {
        "mode": "match"
      }
    },
    {
      "fullUrl": "http://num-fhirserver.distan.medicsh.de:8080/fhir/Location/LKGCH-LHS27S27",
      "resource": {
        "resourceType": "Location",
        "id": "LKGCH-LHS27S27",
        "meta": {
          "versionId": "37560928",
          "lastUpdated": "2025-03-11T15:53:30.693Z"
        },
        "name": "27 - Kieferchirurgie ",
        "type": [
          {
            "coding": [
              {
                "system": "http://terminology.hl7.org/CodeSystem/v3-RoleCode",
                "code": "HOSP"
              }
            ]
          }
        ],
        "physicalType": {
          "coding": [
            {
              "system": "http://terminology.hl7.org/CodeSystem/location-physical-type",
              "code": "wa",
              "display": "Ward"
            }
          ]
        },
        "partOf": {
          "reference": "Location/LKGCH"
        }
      },
      "search": {
        "mode": "match"
      }
    },
    {
      "fullUrl": "http://num-fhirserver.distan.medicsh.de:8080/fhir/Encounter/PV-VK-1689ce6b10aa6da269d027a725bd2e0362574bf87d0b4e456581a442",
      "resource": {
        "resourceType": "Encounter",
        "id": "PV-VK-1689ce6b10aa6da269d027a725bd2e0362574bf87d0b4e456581a442",
        "meta": {
          "versionId": "235452386",
          "lastUpdated": "2025-03-19T14:25:19.019Z",
          "source": "http://medic.uksh.de/source/orbis/adt",
          "profile": [
            "https://www.medizininformatik-initiative.de/fhir/core/modul-fall/StructureDefinition/KontaktGesundheitseinrichtung|2025.0.0"
          ]
        },
        "identifier": [
          {
            "use": "official",
            "type": {
              "coding": [
                {
                  "system": "http://terminology.hl7.org/CodeSystem/v2-0203",
                  "code": "VN"
                }
              ]
            },
            "system": "http://medic.uksh.de/fhir/Encounter",
            "value": "350c42deb12425dd3e866b2bfb787035cd8238259c850151d0f2b23b"
          },
          {
            "use": "secondary",
            "type": {
              "coding": [
                {
                  "system": "http://terminology.hl7.org/CodeSystem/v2-0203",
                  "code": "U"
                }
              ]
            },
            "system": "http://medic.uksh.de.de/fhir/Encounter/department",
            "value": "KRHEUM.KD110.2022-10-04T13:46:00"
          }
        ],
        "status": "in-progress",
        "class": {
          "system": "http://terminology.hl7.org/CodeSystem/v3-ActCode",
          "code": "IMP"
        },
        "type": [
          {
            "coding": [
              {
                "system": "http://fhir.de/CodeSystem/Kontaktebene",
                "code": "versorgungsstellenkontakt"
              }
            ]
          }
        ],
        "subject": {
          "reference": "Patient/PID-90441b94f6c4dbe2bb3f3b1d48dcb5e8526d5004874141f8e0aa8f20"
        },
        "period": {
          "start": "2022-10-04T13:46:00+02:00"
        },
        "location": [
          {
            "location": {
              "reference": "Location/KRHEUM-KD110"
            },
            "status": "active",
            "physicalType": {
              "coding": [
                {
                  "system": "http://terminology.hl7.org/CodeSystem/location-physical-type",
                  "code": "wa"
                }
              ]
            },
            "period": {
              "start": "2022-10-04T13:46:00+02:00"
            }
          }
        ],
        "partOf": {
          "reference": "Encounter/PV-AK-c3c5a0f5c31a0dcdaa2b98c408df5e1d0589cc0ea1f7b1623f9a326f"
        }
      },
      "search": {
        "mode": "match"
      }
    },
    {
      "fullUrl": "http://num-fhirserver.distan.medicsh.de:8080/fhir/Encounter/PV-VK-206382e8bacadd51132597fe64b0cdad82632eb315fc1e107884eefe",
      "resource": {
        "resourceType": "Encounter",
        "id": "PV-VK-206382e8bacadd51132597fe64b0cdad82632eb315fc1e107884eefe",
        "meta": {
          "versionId": "234612261",
          "lastUpdated": "2025-03-19T13:58:39.200Z",
          "source": "http://medic.uksh.de/source/orbis/adt",
          "profile": [
            "https://www.medizininformatik-initiative.de/fhir/core/modul-fall/StructureDefinition/KontaktGesundheitseinrichtung|2025.0.0"
          ]
        },
        "identifier": [
          {
            "use": "official",
            "type": {
              "coding": [
                {
                  "system": "http://terminology.hl7.org/CodeSystem/v2-0203",
                  "code": "VN"
                }
              ]
            },
            "system": "http://medic.uksh.de/fhir/Encounter",
            "value": "fb384ce513090391bd7c2e4b5e3e6bf60f7fd10189c8d716de760e47"
          },
          {
            "use": "secondary",
            "type": {
              "coding": [
                {
                  "system": "http://terminology.hl7.org/CodeSystem/v2-0203",
                  "code": "U"
                }
              ]
            },
            "system": "http://medic.uksh.de.de/fhir/Encounter/department",
            "value": "LKGCH.LHS27S27.2022-06-28T10:43:00"
          }
        ],
        "status": "in-progress",
        "class": {
          "system": "http://terminology.hl7.org/CodeSystem/v3-ActCode",
          "code": "IMP"
        },
        "type": [
          {
            "coding": [
              {
                "system": "http://fhir.de/CodeSystem/Kontaktebene",
                "code": "versorgungsstellenkontakt"
              }
            ]
          }
        ],
        "subject": {
          "reference": "Patient/PID-90441b94f6c4dbe2bb3f3b1d48dcb5e8526d5004874141f8e0aa8f20"
        },
        "period": {
          "start": "2022-06-28T10:43:00+02:00"
        },
        "location": [
          {
            "location": {
              "reference": "Location/LKGCH-LHS27S27"
            },
            "status": "active",
            "physicalType": {
              "coding": [
                {
                  "system": "http://terminology.hl7.org/CodeSystem/location-physical-type",
                  "code": "wa"
                }
              ]
            },
            "period": {
              "start": "2022-06-28T10:43:00+02:00"
            }
          }
        ],
        "partOf": {
          "reference": "Encounter/PV-AK-f8b51684578801a39f33844ac2f4ddcbcb00dff6412428a37a51e8a8"
        }
      },
      "search": {
        "mode": "match"
      }
    },
    {
      "fullUrl": "http://num-fhirserver.distan.medicsh.de:8080/fhir/Encounter/PV-VK-b28e02a7894cd64b6ecec7a4fde699506968b65f7badfb50bbcb4f3c",
      "resource": {
        "resourceType": "Encounter",
        "id": "PV-VK-b28e02a7894cd64b6ecec7a4fde699506968b65f7badfb50bbcb4f3c",
        "meta": {
          "versionId": "235500644",
          "lastUpdated": "2025-03-19T14:26:50.269Z",
          "source": "http://medic.uksh.de/source/orbis/adt",
          "profile": [
            "https://www.medizininformatik-initiative.de/fhir/core/modul-fall/StructureDefinition/KontaktGesundheitseinrichtung|2025.0.0"
          ]
        },
        "identifier": [
          {
            "use": "official",
            "type": {
              "coding": [
                {
                  "system": "http://terminology.hl7.org/CodeSystem/v2-0203",
                  "code": "VN"
                }
              ]
            },
            "system": "http://medic.uksh.de/fhir/Encounter",
            "value": "5bad49f3a0df1693e71646fafbdc839bd977bbf00eda35402a2795a7"
          },
          {
            "use": "secondary",
            "type": {
              "coding": [
                {
                  "system": "http://terminology.hl7.org/CodeSystem/v2-0203",
                  "code": "U"
                }
              ]
            },
            "system": "http://medic.uksh.de.de/fhir/Encounter/department",
            "value": "KPSYCHTK.KPSYCHTK1.2022-10-10T10:14:00"
          }
        ],
        "status": "in-progress",
        "class": {
          "system": "http://terminology.hl7.org/CodeSystem/v3-ActCode",
          "code": "IMP"
        },
        "type": [
          {
            "coding": [
              {
                "system": "http://fhir.de/CodeSystem/Kontaktebene",
                "code": "versorgungsstellenkontakt"
              }
            ]
          }
        ],
        "subject": {
          "reference": "Patient/PID-90441b94f6c4dbe2bb3f3b1d48dcb5e8526d5004874141f8e0aa8f20"
        },
        "period": {
          "start": "2022-10-10T10:14:00+02:00"
        },
        "location": [
          {
            "location": {
              "reference": "Location/KPSYCHTK-KPSYCHTK1"
            },
            "status": "active",
            "physicalType": {
              "coding": [
                {
                  "system": "http://terminology.hl7.org/CodeSystem/location-physical-type",
                  "code": "wa"
                }
              ]
            },
            "period": {
              "start": "2022-10-10T10:14:00+02:00"
            }
          }
        ],
        "partOf": {
          "reference": "Encounter/PV-AK-5f6c7dd7f88804e2c18373388f0756ebbc638b53ca01885d5a23d057"
        }
      },
      "search": {
        "mode": "match"
      }
    },
    {
      "fullUrl": "http://num-fhirserver.distan.medicsh.de:8080/fhir/Encounter/PV-c8f593afab82aef061f37bfda32fd1d2b5a018611b833c65d44e6593",
      "resource": {
        "resourceType": "Encounter",
        "id": "PV-c8f593afab82aef061f37bfda32fd1d2b5a018611b833c65d44e6593",
        "meta": {
          "versionId": "240346080",
          "lastUpdated": "2025-03-20T18:18:08.696Z",
          "source": "http://medic.uksh.de/source/orbis/adt",
          "profile": [
            "https://www.medizininformatik-initiative.de/fhir/core/modul-fall/StructureDefinition/KontaktGesundheitseinrichtung|2025.0.0"
          ]
        },
        "identifier": [
          {
            "use": "official",
            "type": {
              "coding": [
                {
                  "system": "http://terminology.hl7.org/CodeSystem/v2-0203",
                  "code": "VN"
                }
              ]
            },
            "system": "http://medic.uksh.de/fhir/Encounter",
            "value": "c8f593afab82aef061f37bfda32fd1d2b5a018611b833c65d44e6593"
          }
        ],
        "status": "finished",
        "class": {
          "system": "http://terminology.hl7.org/CodeSystem/v3-ActCode",
          "code": "AMB"
        },
        "type": [
          {
            "coding": [
              {
                "system": "http://fhir.de/CodeSystem/Kontaktebene",
                "code": "einrichtungskontakt"
              }
            ]
          }
        ],
        "subject": {
          "reference": "Patient/PID-90441b94f6c4dbe2bb3f3b1d48dcb5e8526d5004874141f8e0aa8f20"
        },
        "period": {
          "start": "2023-07-07T13:21:00+02:00",
          "end": "2023-09-30T23:59:59+02:00"
        }
      },
      "search": {
        "mode": "match"
      }
    },
    {
      "fullUrl": "http://num-fhirserver.distan.medicsh.de:8080/fhir/Encounter/PV-f1c6b8db9001e70c3d7386b57a5e51ddc1a58ea5c8220f97409881f8",
      "resource": {
        "resourceType": "Encounter",
        "id": "PV-f1c6b8db9001e70c3d7386b57a5e51ddc1a58ea5c8220f97409881f8",
        "meta": {
          "versionId": "235526457",
          "lastUpdated": "2025-03-19T14:27:41.631Z",
          "source": "http://medic.uksh.de/source/orbis/adt",
          "profile": [
            "https://www.medizininformatik-initiative.de/fhir/core/modul-fall/StructureDefinition/KontaktGesundheitseinrichtung|2025.0.0"
          ]
        },
        "identifier": [
          {
            "use": "official",
            "type": {
              "coding": [
                {
                  "system": "http://terminology.hl7.org/CodeSystem/v2-0203",
                  "code": "VN"
                }
              ]
            },
            "system": "http://medic.uksh.de/fhir/Encounter",
            "value": "f1c6b8db9001e70c3d7386b57a5e51ddc1a58ea5c8220f97409881f8"
          }
        ],
        "status": "finished",
        "class": {
          "system": "http://terminology.hl7.org/CodeSystem/v3-ActCode",
          "code": "AMB"
        },
        "type": [
          {
            "coding": [
              {
                "system": "http://fhir.de/CodeSystem/Kontaktebene",
                "code": "einrichtungskontakt"
              }
            ]
          }
        ],
        "subject": {
          "reference": "Patient/PID-90441b94f6c4dbe2bb3f3b1d48dcb5e8526d5004874141f8e0aa8f20"
        },
        "period": {
          "start": "2022-10-12T15:18:00+02:00",
          "end": "2022-12-31T23:59:59+01:00"
        }
      },
      "search": {
        "mode": "match"
      }
    },
    {
      "fullUrl": "http://num-fhirserver.distan.medicsh.de:8080/fhir/Encounter/PV-f585619b7739eebd92c2ae66aa95b9aa9b42c4a9fe6d983f1ae7a5fd",
      "resource": {
        "resourceType": "Encounter",
        "id": "PV-f585619b7739eebd92c2ae66aa95b9aa9b42c4a9fe6d983f1ae7a5fd",
        "meta": {
          "versionId": "206729337",
          "lastUpdated": "2025-03-18T12:31:35.038Z",
          "source": "http://medic.uksh.de/source/orbis/legacy",
          "profile": [
            "https://www.medizininformatik-initiative.de/fhir/core/modul-fall/StructureDefinition/KontaktGesundheitseinrichtung|2025.0.0"
          ]
        },
        "identifier": [
          {
            "use": "official",
            "type": {
              "coding": [
                {
                  "system": "http://terminology.hl7.org/CodeSystem/v2-0203",
                  "code": "VN"
                }
              ]
            },
            "system": "http://medic.uksh.de/fhir/Encounter",
            "value": "f585619b7739eebd92c2ae66aa95b9aa9b42c4a9fe6d983f1ae7a5fd"
          }
        ],
        "status": "finished",
        "class": {
          "system": "http://terminology.hl7.org/CodeSystem/v3-ActCode",
          "code": "AMB"
        },
        "type": [
          {
            "coding": [
              {
                "system": "http://fhir.de/CodeSystem/Kontaktebene",
                "code": "einrichtungskontakt"
              }
            ]
          }
        ],
        "subject": {
          "reference": "Patient/PID-90441b94f6c4dbe2bb3f3b1d48dcb5e8526d5004874141f8e0aa8f20"
        },
        "period": {
          "start": "2018-01-15T14:12:00+01:00",
          "end": "2018-03-31T23:59:59+02:00"
        }
      },
      "search": {
        "mode": "match"
      }
    },
    {
      "fullUrl": "http://num-fhirserver.distan.medicsh.de:8080/fhir/Encounter/PV-f6aef73e68e1b21d979aa3213ea580f243bae2c8f3d4ed8b21299fff",
      "resource": {
        "resourceType": "Encounter",
        "id": "PV-f6aef73e68e1b21d979aa3213ea580f243bae2c8f3d4ed8b21299fff",
        "meta": {
          "versionId": "244246169",
          "lastUpdated": "2025-03-21T22:18:55.330Z",
          "source": "http://medic.uksh.de/source/orbis/adt",
          "profile": [
            "https://www.medizininformatik-initiative.de/fhir/core/modul-fall/StructureDefinition/KontaktGesundheitseinrichtung|2025.0.0"
          ]
        },
        "identifier": [
          {
            "use": "official",
            "type": {
              "coding": [
                {
                  "system": "http://terminology.hl7.org/CodeSystem/v2-0203",
                  "code": "VN"
                }
              ]
            },
            "system": "http://medic.uksh.de/fhir/Encounter",
            "value": "f6aef73e68e1b21d979aa3213ea580f243bae2c8f3d4ed8b21299fff"
          }
        ],
        "status": "finished",
        "class": {
          "system": "http://terminology.hl7.org/CodeSystem/v3-ActCode",
          "code": "AMB"
        },
        "type": [
          {
            "coding": [
              {
                "system": "http://fhir.de/CodeSystem/Kontaktebene",
                "code": "einrichtungskontakt"
              }
            ]
          }
        ],
        "subject": {
          "reference": "Patient/PID-90441b94f6c4dbe2bb3f3b1d48dcb5e8526d5004874141f8e0aa8f20"
        },
        "period": {
          "start": "2024-08-04T20:45:00+02:00",
          "end": "2024-09-30T23:59:59+02:00"
        }
      },
      "search": {
        "mode": "match"
      }
    },
    {
      "fullUrl": "http://num-fhirserver.distan.medicsh.de:8080/fhir/Encounter/PV-fb384ce513090391bd7c2e4b5e3e6bf60f7fd10189c8d716de760e47",
      "resource": {
        "resourceType": "Encounter",
        "id": "PV-fb384ce513090391bd7c2e4b5e3e6bf60f7fd10189c8d716de760e47",
        "meta": {
          "versionId": "234612245",
          "lastUpdated": "2025-03-19T13:58:39.170Z",
          "source": "http://medic.uksh.de/source/orbis/adt",
          "profile": [
            "https://www.medizininformatik-initiative.de/fhir/core/modul-fall/StructureDefinition/KontaktGesundheitseinrichtung|2025.0.0"
          ]
        },
        "identifier": [
          {
            "use": "official",
            "type": {
              "coding": [
                {
                  "system": "http://terminology.hl7.org/CodeSystem/v2-0203",
                  "code": "VN"
                }
              ]
            },
            "system": "http://medic.uksh.de/fhir/Encounter",
            "value": "fb384ce513090391bd7c2e4b5e3e6bf60f7fd10189c8d716de760e47"
          }
        ],
        "status": "in-progress",
        "class": {
          "system": "http://terminology.hl7.org/CodeSystem/v3-ActCode",
          "code": "IMP"
        },
        "type": [
          {
            "coding": [
              {
                "system": "http://fhir.de/CodeSystem/Kontaktebene",
                "code": "einrichtungskontakt"
              }
            ]
          }
        ],
        "subject": {
          "reference": "Patient/PID-90441b94f6c4dbe2bb3f3b1d48dcb5e8526d5004874141f8e0aa8f20"
        },
        "period": {
          "start": "2022-06-28T10:43:00+02:00"
        }
      },
      "search": {
        "mode": "match"
      }
    },
    {
      "fullUrl": "http://num-fhirserver.distan.medicsh.de:8080/fhir/Observation/VIT-025124f3b776e3e88534b67e0281caa70b44370ef82e8523aa15431e",
      "resource": {
        "resourceType": "Observation",
        "id": "VIT-025124f3b776e3e88534b67e0281caa70b44370ef82e8523aa15431e",
        "meta": {
          "versionId": "234612253",
          "lastUpdated": "2025-03-19T13:58:39.187Z",
          "profile": [
            "https://www.medizininformatik-initiative.de/fhir/core/modul-person/StructureDefinition/Vitalstatus|2025.0.1"
          ]
        },
        "status": "final",
        "category": [
          {
            "coding": [
              {
                "system": "http://terminology.hl7.org/CodeSystem/observation-category",
                "code": "survey"
              }
            ]
          }
        ],
        "code": {
          "coding": [
            {
              "system": "http://loinc.org",
              "code": "67162-8"
            }
          ]
        },
        "subject": {
          "reference": "Patient/PID-90441b94f6c4dbe2bb3f3b1d48dcb5e8526d5004874141f8e0aa8f20"
        },
        "effectiveDateTime": "2022-06-28T10:43:00+02:00",
        "valueCodeableConcept": {
          "coding": [
            {
              "system": "https://www.medizininformatik-initiative.de/fhir/core/modul-person/CodeSystem/Vitalstatus",
              "code": "L"
            }
          ]
        }
      },
      "search": {
        "mode": "match"
      }
    },
    {
      "fullUrl": "http://num-fhirserver.distan.medicsh.de:8080/fhir/Observation/VIT-03e1cc7d6fee0c0fdf1be9f645935312985bb9ff8ea45319c95a8eeb",
      "resource": {
        "resourceType": "Observation",
        "id": "VIT-03e1cc7d6fee0c0fdf1be9f645935312985bb9ff8ea45319c95a8eeb",
        "meta": {
          "versionId": "234833275",
          "lastUpdated": "2025-03-19T14:05:37.367Z",
          "profile": [
            "https://www.medizininformatik-initiative.de/fhir/core/modul-person/StructureDefinition/Vitalstatus|2025.0.1"
          ]
        },
        "status": "final",
        "category": [
          {
            "coding": [
              {
                "system": "http://terminology.hl7.org/CodeSystem/observation-category",
                "code": "survey"
              }
            ]
          }
        ],
        "code": {
          "coding": [
            {
              "system": "http://loinc.org",
              "code": "67162-8"
            }
          ]
        },
        "subject": {
          "reference": "Patient/PID-90441b94f6c4dbe2bb3f3b1d48dcb5e8526d5004874141f8e0aa8f20"
        },
        "effectiveDateTime": "2022-07-01T11:18:00+02:00",
        "valueCodeableConcept": {
          "coding": [
            {
              "system": "https://www.medizininformatik-initiative.de/fhir/core/modul-person/CodeSystem/Vitalstatus",
              "code": "L"
            }
          ]
        }
      },
      "search": {
        "mode": "match"
      }
    },
    {
      "fullUrl": "http://num-fhirserver.distan.medicsh.de:8080/fhir/Observation/VIT-186c2d1058f3faf24733b4c375d176e9eb5392cdaec8cac6afb05e51",
      "resource": {
        "resourceType": "Observation",
        "id": "VIT-186c2d1058f3faf24733b4c375d176e9eb5392cdaec8cac6afb05e51",
        "meta": {
          "versionId": "235500636",
          "lastUpdated": "2025-03-19T14:26:50.252Z",
          "profile": [
            "https://www.medizininformatik-initiative.de/fhir/core/modul-person/StructureDefinition/Vitalstatus|2025.0.1"
          ]
        },
        "status": "final",
        "category": [
          {
            "coding": [
              {
                "system": "http://terminology.hl7.org/CodeSystem/observation-category",
                "code": "survey"
              }
            ]
          }
        ],
        "code": {
          "coding": [
            {
              "system": "http://loinc.org",
              "code": "67162-8"
            }
          ]
        },
        "subject": {
          "reference": "Patient/PID-90441b94f6c4dbe2bb3f3b1d48dcb5e8526d5004874141f8e0aa8f20"
        },
        "effectiveDateTime": "2022-10-10T10:14:00+02:00",
        "valueCodeableConcept": {
          "coding": [
            {
              "system": "https://www.medizininformatik-initiative.de/fhir/core/modul-person/CodeSystem/Vitalstatus",
              "code": "L"
            }
          ]
        }
      },
      "search": {
        "mode": "match"
      }
    },
    {
      "fullUrl": "http://num-fhirserver.distan.medicsh.de:8080/fhir/Observation/VIT-2a30b97c636293886f75bd63f5bd49457b5a3c2c8e3dfb19efc5b17b",
      "resource": {
        "resourceType": "Observation",
        "id": "VIT-2a30b97c636293886f75bd63f5bd49457b5a3c2c8e3dfb19efc5b17b",
        "meta": {
          "versionId": "235539523",
          "lastUpdated": "2025-03-19T14:28:06.887Z",
          "profile": [
            "https://www.medizininformatik-initiative.de/fhir/core/modul-person/StructureDefinition/Vitalstatus|2025.0.1"
          ]
        },
        "status": "final",
        "category": [
          {
            "coding": [
              {
                "system": "http://terminology.hl7.org/CodeSystem/observation-category",
                "code": "survey"
              }
            ]
          }
        ],
        "code": {
          "coding": [
            {
              "system": "http://loinc.org",
              "code": "67162-8"
            }
          ]
        },
        "subject": {
          "reference": "Patient/PID-90441b94f6c4dbe2bb3f3b1d48dcb5e8526d5004874141f8e0aa8f20"
        },
        "effectiveDateTime": "2022-10-12T14:34:00+02:00",
        "valueCodeableConcept": {
          "coding": [
            {
              "system": "https://www.medizininformatik-initiative.de/fhir/core/modul-person/CodeSystem/Vitalstatus",
              "code": "L"
            }
          ]
        }
      },
      "search": {
        "mode": "match"
      }
    },
    {
      "fullUrl": "http://num-fhirserver.distan.medicsh.de:8080/fhir/Observation/VIT-46c3ef6b1de260c7a81c2aaae1ca6bac9f8abc0ec8d436b1bd0fc82c",
      "resource": {
        "resourceType": "Observation",
        "id": "VIT-46c3ef6b1de260c7a81c2aaae1ca6bac9f8abc0ec8d436b1bd0fc82c",
        "meta": {
          "versionId": "240346081",
          "lastUpdated": "2025-03-20T18:18:08.717Z",
          "profile": [
            "https://www.medizininformatik-initiative.de/fhir/core/modul-person/StructureDefinition/Vitalstatus|2025.0.1"
          ]
        },
        "status": "final",
        "category": [
          {
            "coding": [
              {
                "system": "http://terminology.hl7.org/CodeSystem/observation-category",
                "code": "survey"
              }
            ]
          }
        ],
        "code": {
          "coding": [
            {
              "system": "http://loinc.org",
              "code": "67162-8"
            }
          ]
        },
        "subject": {
          "reference": "Patient/PID-90441b94f6c4dbe2bb3f3b1d48dcb5e8526d5004874141f8e0aa8f20"
        },
        "effectiveDateTime": "2023-07-07T13:21:00+02:00",
        "valueCodeableConcept": {
          "coding": [
            {
              "system": "https://www.medizininformatik-initiative.de/fhir/core/modul-person/CodeSystem/Vitalstatus",
              "code": "L"
            }
          ]
        }
      },
      "search": {
        "mode": "match"
      }
    },
    {
      "fullUrl": "http://num-fhirserver.distan.medicsh.de:8080/fhir/Observation/VIT-487395758e9d8e11986d196da781a1dc1f1e1a75d7e646d4df181374",
      "resource": {
        "resourceType": "Observation",
        "id": "VIT-487395758e9d8e11986d196da781a1dc1f1e1a75d7e646d4df181374",
        "meta": {
          "versionId": "206729353",
          "lastUpdated": "2025-03-18T12:31:35.058Z",
          "profile": [
            "https://www.medizininformatik-initiative.de/fhir/core/modul-person/StructureDefinition/Vitalstatus|2025.0.1"
          ]
        },
        "status": "final",
        "category": [
          {
            "coding": [
              {
                "system": "http://terminology.hl7.org/CodeSystem/observation-category",
                "code": "survey"
              }
            ]
          }
        ],
        "code": {
          "coding": [
            {
              "system": "http://loinc.org",
              "code": "67162-8"
            }
          ]
        },
        "subject": {
          "reference": "Patient/PID-90441b94f6c4dbe2bb3f3b1d48dcb5e8526d5004874141f8e0aa8f20"
        },
        "effectiveDateTime": "2018-01-15T14:12:00+01:00",
        "valueCodeableConcept": {
          "coding": [
            {
              "system": "https://www.medizininformatik-initiative.de/fhir/core/modul-person/CodeSystem/Vitalstatus",
              "code": "L"
            }
          ]
        }
      },
      "search": {
        "mode": "match"
      }
    },
    {
      "fullUrl": "http://num-fhirserver.distan.medicsh.de:8080/fhir/Observation/VIT-5d254289f9f548d04af03d381389fc1fea45f684581657c0dcecb046",
      "resource": {
        "resourceType": "Observation",
        "id": "VIT-5d254289f9f548d04af03d381389fc1fea45f684581657c0dcecb046",
        "meta": {
          "versionId": "234941675",
          "lastUpdated": "2025-03-19T14:09:08.438Z",
          "profile": [
            "https://www.medizininformatik-initiative.de/fhir/core/modul-person/StructureDefinition/Vitalstatus|2025.0.1"
          ]
        },
        "status": "final",
        "category": [
          {
            "coding": [
              {
                "system": "http://terminology.hl7.org/CodeSystem/observation-category",
                "code": "survey"
              }
            ]
          }
        ],
        "code": {
          "coding": [
            {
              "system": "http://loinc.org",
              "code": "67162-8"
            }
          ]
        },
        "subject": {
          "reference": "Patient/PID-90441b94f6c4dbe2bb3f3b1d48dcb5e8526d5004874141f8e0aa8f20"
        },
        "effectiveDateTime": "2022-09-30T23:59:59+02:00",
        "valueCodeableConcept": {
          "coding": [
            {
              "system": "https://www.medizininformatik-initiative.de/fhir/core/modul-person/CodeSystem/Vitalstatus",
              "code": "L"
            }
          ]
        }
      },
      "search": {
        "mode": "match"
      }
    },
    {
      "fullUrl": "http://num-fhirserver.distan.medicsh.de:8080/fhir/Observation/VIT-654d38470ed9ee9144fc29da537b70a88a766a43d4618e8d0a2c1709",
      "resource": {
        "resourceType": "Observation",
        "id": "VIT-654d38470ed9ee9144fc29da537b70a88a766a43d4618e8d0a2c1709",
        "meta": {
          "versionId": "234959795",
          "lastUpdated": "2025-03-19T14:09:42.425Z",
          "profile": [
            "https://www.medizininformatik-initiative.de/fhir/core/modul-person/StructureDefinition/Vitalstatus|2025.0.1"
          ]
        },
        "status": "final",
        "category": [
          {
            "coding": [
              {
                "system": "http://terminology.hl7.org/CodeSystem/observation-category",
                "code": "survey"
              }
            ]
          }
        ],
        "code": {
          "coding": [
            {
              "system": "http://loinc.org",
              "code": "67162-8"
            }
          ]
        },
        "subject": {
          "reference": "Patient/PID-90441b94f6c4dbe2bb3f3b1d48dcb5e8526d5004874141f8e0aa8f20"
        },
        "effectiveDateTime": "2022-09-30T23:59:59+02:00",
        "valueCodeableConcept": {
          "coding": [
            {
              "system": "https://www.medizininformatik-initiative.de/fhir/core/modul-person/CodeSystem/Vitalstatus",
              "code": "L"
            }
          ]
        }
      },
      "search": {
        "mode": "match"
      }
    },
    {
      "fullUrl": "http://num-fhirserver.distan.medicsh.de:8080/fhir/Observation/VIT-6d4ec94c1cd8fd8f4b18353154cb0459af30f70c8d48b1ffb7cf0917",
      "resource": {
        "resourceType": "Observation",
        "id": "VIT-6d4ec94c1cd8fd8f4b18353154cb0459af30f70c8d48b1ffb7cf0917",
        "meta": {
          "versionId": "244246171",
          "lastUpdated": "2025-03-21T22:18:55.368Z",
          "profile": [
            "https://www.medizininformatik-initiative.de/fhir/core/modul-person/StructureDefinition/Vitalstatus|2025.0.1"
          ]
        },
        "status": "final",
        "category": [
          {
            "coding": [
              {
                "system": "http://terminology.hl7.org/CodeSystem/observation-category",
                "code": "survey"
              }
            ]
          }
        ],
        "code": {
          "coding": [
            {
              "system": "http://loinc.org",
              "code": "67162-8"
            }
          ]
        },
        "subject": {
          "reference": "Patient/PID-90441b94f6c4dbe2bb3f3b1d48dcb5e8526d5004874141f8e0aa8f20"
        },
        "effectiveDateTime": "2024-09-30T23:59:59+02:00",
        "valueCodeableConcept": {
          "coding": [
            {
              "system": "https://www.medizininformatik-initiative.de/fhir/core/modul-person/CodeSystem/Vitalstatus",
              "code": "L"
            }
          ]
        }
      },
      "search": {
        "mode": "match"
      }
    },
    {
      "fullUrl": "http://num-fhirserver.distan.medicsh.de:8080/fhir/Observation/VIT-81dbe7e7c484925d48c7083129ce224902bd4400720f5fc052cc5820",
      "resource": {
        "resourceType": "Observation",
        "id": "VIT-81dbe7e7c484925d48c7083129ce224902bd4400720f5fc052cc5820",
        "meta": {
          "versionId": "234959787",
          "lastUpdated": "2025-03-19T14:09:42.406Z",
          "profile": [
            "https://www.medizininformatik-initiative.de/fhir/core/modul-person/StructureDefinition/Vitalstatus|2025.0.1"
          ]
        },
        "status": "final",
        "category": [
          {
            "coding": [
              {
                "system": "http://terminology.hl7.org/CodeSystem/observation-category",
                "code": "survey"
              }
            ]
          }
        ],
        "code": {
          "coding": [
            {
              "system": "http://loinc.org",
              "code": "67162-8"
            }
          ]
        },
        "subject": {
          "reference": "Patient/PID-90441b94f6c4dbe2bb3f3b1d48dcb5e8526d5004874141f8e0aa8f20"
        },
        "effectiveDateTime": "2022-07-18T10:33:00+02:00",
        "valueCodeableConcept": {
          "coding": [
            {
              "system": "https://www.medizininformatik-initiative.de/fhir/core/modul-person/CodeSystem/Vitalstatus",
              "code": "L"
            }
          ]
        }
      },
      "search": {
        "mode": "match"
      }
    },
    {
      "fullUrl": "http://num-fhirserver.distan.medicsh.de:8080/fhir/Observation/VIT-8893dc6cf273541d7548edef3c4abd06c2579ec57c20fd870fcb4e05",
      "resource": {
        "resourceType": "Observation",
        "id": "VIT-8893dc6cf273541d7548edef3c4abd06c2579ec57c20fd870fcb4e05",
        "meta": {
          "versionId": "235526476",
          "lastUpdated": "2025-03-19T14:27:41.663Z",
          "profile": [
            "https://www.medizininformatik-initiative.de/fhir/core/modul-person/StructureDefinition/Vitalstatus|2025.0.1"
          ]
        },
        "status": "final",
        "category": [
          {
            "coding": [
              {
                "system": "http://terminology.hl7.org/CodeSystem/observation-category",
                "code": "survey"
              }
            ]
          }
        ],
        "code": {
          "coding": [
            {
              "system": "http://loinc.org",
              "code": "67162-8"
            }
          ]
        },
        "subject": {
          "reference": "Patient/PID-90441b94f6c4dbe2bb3f3b1d48dcb5e8526d5004874141f8e0aa8f20"
        },
        "effectiveDateTime": "2022-12-31T23:59:59+01:00",
        "valueCodeableConcept": {
          "coding": [
            {
              "system": "https://www.medizininformatik-initiative.de/fhir/core/modul-person/CodeSystem/Vitalstatus",
              "code": "L"
            }
          ]
        }
      },
      "search": {
        "mode": "match"
      }
    },
    {
      "fullUrl": "http://num-fhirserver.distan.medicsh.de:8080/fhir/Observation/VIT-8c481d44b1682826d63fa01e9581db151c318ce87e500d017acc3492",
      "resource": {
        "resourceType": "Observation",
        "id": "VIT-8c481d44b1682826d63fa01e9581db151c318ce87e500d017acc3492",
        "meta": {
          "versionId": "234941668",
          "lastUpdated": "2025-03-19T14:09:08.423Z",
          "profile": [
            "https://www.medizininformatik-initiative.de/fhir/core/modul-person/StructureDefinition/Vitalstatus|2025.0.1"
          ]
        },
        "status": "final",
        "category": [
          {
            "coding": [
              {
                "system": "http://terminology.hl7.org/CodeSystem/observation-category",
                "code": "survey"
              }
            ]
          }
        ],
        "code": {
          "coding": [
            {
              "system": "http://loinc.org",
              "code": "67162-8"
            }
          ]
        },
        "subject": {
          "reference": "Patient/PID-90441b94f6c4dbe2bb3f3b1d48dcb5e8526d5004874141f8e0aa8f20"
        },
        "effectiveDateTime": "2022-07-18T10:17:00+02:00",
        "valueCodeableConcept": {
          "coding": [
            {
              "system": "https://www.medizininformatik-initiative.de/fhir/core/modul-person/CodeSystem/Vitalstatus",
              "code": "L"
            }
          ]
        }
      },
      "search": {
        "mode": "match"
      }
    },
    {
      "fullUrl": "http://num-fhirserver.distan.medicsh.de:8080/fhir/Observation/VIT-8ea13df0750294677b260a7a7ee886f6ad4e8ee715015643780d953f",
      "resource": {
        "resourceType": "Observation",
        "id": "VIT-8ea13df0750294677b260a7a7ee886f6ad4e8ee715015643780d953f",
        "meta": {
          "versionId": "244246170",
          "lastUpdated": "2025-03-21T22:18:55.347Z",
          "profile": [
            "https://www.medizininformatik-initiative.de/fhir/core/modul-person/StructureDefinition/Vitalstatus|2025.0.1"
          ]
        },
        "status": "final",
        "category": [
          {
            "coding": [
              {
                "system": "http://terminology.hl7.org/CodeSystem/observation-category",
                "code": "survey"
              }
            ]
          }
        ],
        "code": {
          "coding": [
            {
              "system": "http://loinc.org",
              "code": "67162-8"
            }
          ]
        },
        "subject": {
          "reference": "Patient/PID-90441b94f6c4dbe2bb3f3b1d48dcb5e8526d5004874141f8e0aa8f20"
        },
        "effectiveDateTime": "2024-08-04T20:45:00+02:00",
        "valueCodeableConcept": {
          "coding": [
            {
              "system": "https://www.medizininformatik-initiative.de/fhir/core/modul-person/CodeSystem/Vitalstatus",
              "code": "L"
            }
          ]
        }
      },
      "search": {
        "mode": "match"
      }
    },
    {
      "fullUrl": "http://num-fhirserver.distan.medicsh.de:8080/fhir/Observation/VIT-b84b7439adf68212d45c5d7499199726b653b04b25cb046d8a5000e9",
      "resource": {
        "resourceType": "Observation",
        "id": "VIT-b84b7439adf68212d45c5d7499199726b653b04b25cb046d8a5000e9",
        "meta": {
          "versionId": "234833287",
          "lastUpdated": "2025-03-19T14:05:37.383Z",
          "profile": [
            "https://www.medizininformatik-initiative.de/fhir/core/modul-person/StructureDefinition/Vitalstatus|2025.0.1"
          ]
        },
        "status": "final",
        "category": [
          {
            "coding": [
              {
                "system": "http://terminology.hl7.org/CodeSystem/observation-category",
                "code": "survey"
              }
            ]
          }
        ],
        "code": {
          "coding": [
            {
              "system": "http://loinc.org",
              "code": "67162-8"
            }
          ]
        },
        "subject": {
          "reference": "Patient/PID-90441b94f6c4dbe2bb3f3b1d48dcb5e8526d5004874141f8e0aa8f20"
        },
        "effectiveDateTime": "2022-09-30T23:59:59+02:00",
        "valueCodeableConcept": {
          "coding": [
            {
              "system": "https://www.medizininformatik-initiative.de/fhir/core/modul-person/CodeSystem/Vitalstatus",
              "code": "L"
            }
          ]
        }
      },
      "search": {
        "mode": "match"
      }
    },
    {
      "fullUrl": "http://num-fhirserver.distan.medicsh.de:8080/fhir/Observation/VIT-b9b5bdae7f2a85e927e877191e03a1b485522b5fc8f8168e01e2aabf",
      "resource": {
        "resourceType": "Observation",
        "id": "VIT-b9b5bdae7f2a85e927e877191e03a1b485522b5fc8f8168e01e2aabf",
        "meta": {
          "versionId": "240346082",
          "lastUpdated": "2025-03-20T18:18:08.736Z",
          "profile": [
            "https://www.medizininformatik-initiative.de/fhir/core/modul-person/StructureDefinition/Vitalstatus|2025.0.1"
          ]
        },
        "status": "final",
        "category": [
          {
            "coding": [
              {
                "system": "http://terminology.hl7.org/CodeSystem/observation-category",
                "code": "survey"
              }
            ]
          }
        ],
        "code": {
          "coding": [
            {
              "system": "http://loinc.org",
              "code": "67162-8"
            }
          ]
        },
        "subject": {
          "reference": "Patient/PID-90441b94f6c4dbe2bb3f3b1d48dcb5e8526d5004874141f8e0aa8f20"
        },
        "effectiveDateTime": "2023-09-30T23:59:59+02:00",
        "valueCodeableConcept": {
          "coding": [
            {
              "system": "https://www.medizininformatik-initiative.de/fhir/core/modul-person/CodeSystem/Vitalstatus",
              "code": "L"
            }
          ]
        }
      },
      "search": {
        "mode": "match"
      }
    },
    {
      "fullUrl": "http://num-fhirserver.distan.medicsh.de:8080/fhir/Observation/VIT-cb31d2fc4c24357a161eac0257ae81f1e1ccc74a06bec10d343b05b0",
      "resource": {
        "resourceType": "Observation",
        "id": "VIT-cb31d2fc4c24357a161eac0257ae81f1e1ccc74a06bec10d343b05b0",
        "meta": {
          "versionId": "235452377",
          "lastUpdated": "2025-03-19T14:25:19.004Z",
          "profile": [
            "https://www.medizininformatik-initiative.de/fhir/core/modul-person/StructureDefinition/Vitalstatus|2025.0.1"
          ]
        },
        "status": "final",
        "category": [
          {
            "coding": [
              {
                "system": "http://terminology.hl7.org/CodeSystem/observation-category",
                "code": "survey"
              }
            ]
          }
        ],
        "code": {
          "coding": [
            {
              "system": "http://loinc.org",
              "code": "67162-8"
            }
          ]
        },
        "subject": {
          "reference": "Patient/PID-90441b94f6c4dbe2bb3f3b1d48dcb5e8526d5004874141f8e0aa8f20"
        },
        "effectiveDateTime": "2022-10-04T13:46:00+02:00",
        "valueCodeableConcept": {
          "coding": [
            {
              "system": "https://www.medizininformatik-initiative.de/fhir/core/modul-person/CodeSystem/Vitalstatus",
              "code": "L"
            }
          ]
        }
      },
      "search": {
        "mode": "match"
      }
    },
    {
      "fullUrl": "http://num-fhirserver.distan.medicsh.de:8080/fhir/Observation/VIT-d348ca4c6f16377db39ddb8f0f4289df188045faccce12a0f9cb3dd6",
      "resource": {
        "resourceType": "Observation",
        "id": "VIT-d348ca4c6f16377db39ddb8f0f4289df188045faccce12a0f9cb3dd6",
        "meta": {
          "versionId": "235539533",
          "lastUpdated": "2025-03-19T14:28:06.908Z",
          "profile": [
            "https://www.medizininformatik-initiative.de/fhir/core/modul-person/StructureDefinition/Vitalstatus|2025.0.1"
          ]
        },
        "status": "final",
        "category": [
          {
            "coding": [
              {
                "system": "http://terminology.hl7.org/CodeSystem/observation-category",
                "code": "survey"
              }
            ]
          }
        ],
        "code": {
          "coding": [
            {
              "system": "http://loinc.org",
              "code": "67162-8"
            }
          ]
        },
        "subject": {
          "reference": "Patient/PID-90441b94f6c4dbe2bb3f3b1d48dcb5e8526d5004874141f8e0aa8f20"
        },
        "effectiveDateTime": "2022-12-31T23:59:59+01:00",
        "valueCodeableConcept": {
          "coding": [
            {
              "system": "https://www.medizininformatik-initiative.de/fhir/core/modul-person/CodeSystem/Vitalstatus",
              "code": "L"
            }
          ]
        }
      },
      "search": {
        "mode": "match"
      }
    },
    {
      "fullUrl": "http://num-fhirserver.distan.medicsh.de:8080/fhir/Observation/VIT-edba724d0d829738bac1faff7a5ea17f6a2cd91207a5c9b81a477437",
      "resource": {
        "resourceType": "Observation",
        "id": "VIT-edba724d0d829738bac1faff7a5ea17f6a2cd91207a5c9b81a477437",
        "meta": {
          "versionId": "235526467",
          "lastUpdated": "2025-03-19T14:27:41.648Z",
          "profile": [
            "https://www.medizininformatik-initiative.de/fhir/core/modul-person/StructureDefinition/Vitalstatus|2025.0.1"
          ]
        },
        "status": "final",
        "category": [
          {
            "coding": [
              {
                "system": "http://terminology.hl7.org/CodeSystem/observation-category",
                "code": "survey"
              }
            ]
          }
        ],
        "code": {
          "coding": [
            {
              "system": "http://loinc.org",
              "code": "67162-8"
            }
          ]
        },
        "subject": {
          "reference": "Patient/PID-90441b94f6c4dbe2bb3f3b1d48dcb5e8526d5004874141f8e0aa8f20"
        },
        "effectiveDateTime": "2022-10-12T15:18:00+02:00",
        "valueCodeableConcept": {
          "coding": [
            {
              "system": "https://www.medizininformatik-initiative.de/fhir/core/modul-person/CodeSystem/Vitalstatus",
              "code": "L"
            }
          ]
        }
      },
      "search": {
        "mode": "match"
      }
    }
  ]
}
