{
  "resourceType": "Bundle",
  "id": "DGTUX4TT4MYJJHDB",
  "type": "searchset",
  "total": 3,
  "entry": [
    {
      "fullUrl": "http://num-fhirserver.distan.medicsh.de:8080/fhir/Patient/PID-91d74f6963a4608f1d6b769eede5ba15a44606a5d46406755a269f08",
      "resource": {
        "resourceType": "Patient",
        "id": "PID-91d74f6963a4608f1d6b769eede5ba15a44606a5d46406755a269f08",
        "meta": {
          "versionId": "206289640",
          "lastUpdated": "2025-03-18T12:13:29.848Z",
          "profile": [
            "https://www.medizininformatik-initiative.de/fhir/core/modul-person/StructureDefinition/PatientPseudonymisiert|2025.0.1"
          ]
        },
        "identifier": [
          {
            "use": "usual",
            "type": {
              "coding": [
                {
                  "system": "http://terminology.hl7.org/CodeSystem/v3-ObservationValue",
                  "code": "PSEUDED"
                }
              ]
            },
            "system": "https://www.medizininformatik-initiative.de/fhir/sid/pseudonym",
            "value": "91d74f6963a4608f1d6b769eede5ba15a44606a5d46406755a269f08"
          }
        ],
        "gender": "male",
        "birthDate": "2010-01",
        "deceasedBoolean": true
      },
      "search": {
        "mode": "match"
      }
    },
    {
      "fullUrl": "http://num-fhirserver.distan.medicsh.de:8080/fhir/Encounter/PV-5226b43603bfb9562f6e2aca8ae95698087de898128700ba603cd1c4",
      "resource": {
        "resourceType": "Encounter",
        "id": "PV-5226b43603bfb9562f6e2aca8ae95698087de898128700ba603cd1c4",
        "meta": {
          "versionId": "206288580",
          "lastUpdated": "2025-03-18T12:13:27.886Z",
          "source": "http://medic.uksh.de/source/orbis/legacy",
          "profile": [
            "https://www.medizininformatik-initiative.de/fhir/core/modul-fall/StructureDefinition/KontaktGesundheitseinrichtung|2025.0.0"
          ]
        },
        "identifier": [
          {
            "use": "official",
            "type": {
              "coding": [
                {
                  "system": "http://terminology.hl7.org/CodeSystem/v2-0203",
                  "code": "VN"
                }
              ]
            },
            "system": "http://medic.uksh.de/fhir/Encounter",
            "value": "5226b43603bfb9562f6e2aca8ae95698087de898128700ba603cd1c4"
          }
        ],
        "status": "finished",
        "class": {
          "system": "http://terminology.hl7.org/CodeSystem/v3-ActCode",
          "code": "AMB"
        },
        "type": [
          {
            "coding": [
              {
                "system": "http://fhir.de/CodeSystem/Kontaktebene",
                "code": "einrichtungskontakt"
              }
            ]
          }
        ],
        "subject": {
          "reference": "Patient/PID-91d74f6963a4608f1d6b769eede5ba15a44606a5d46406755a269f08"
        },
        "period": {
          "start": "2019-05-22T13:43:00+02:00",
          "end": "2019-06-30T23:59:59+02:00"
        },
        "hospitalization": {
          "admitSource": {
            "coding": [
              {
                "system": "http://fhir.de/CodeSystem/dgkev/Aufnahmeanlass",
                "code": "E"
              }
            ]
          }
        }
      },
      "search": {
        "mode": "match"
      }
    },
    {
      "fullUrl": "http://num-fhirserver.distan.medicsh.de:8080/fhir/Observation/VIT-d5c90aecc20ba26389ad49b2232a953c0cf051fb5006d66eab675134",
      "resource": {
        "resourceType": "Observation",
        "id": "VIT-d5c90aecc20ba26389ad49b2232a953c0cf051fb5006d66eab675134",
        "meta": {
          "versionId": "206288596",
          "lastUpdated": "2025-03-18T12:13:27.926Z",
          "profile": [
            "https://www.medizininformatik-initiative.de/fhir/core/modul-person/StructureDefinition/Vitalstatus|2025.0.1"
          ]
        },
        "status": "final",
        "category": [
          {
            "coding": [
              {
                "system": "http://terminology.hl7.org/CodeSystem/observation-category",
                "code": "survey"
              }
            ]
          }
        ],
        "code": {
          "coding": [
            {
              "system": "http://loinc.org",
              "code": "67162-8"
            }
          ]
        },
        "subject": {
          "reference": "Patient/PID-91d74f6963a4608f1d6b769eede5ba15a44606a5d46406755a269f08"
        },
        "effectiveDateTime": "2019-05-22T13:43:00+02:00",
        "valueCodeableConcept": {
          "coding": [
            {
              "system": "https://www.medizininformatik-initiative.de/fhir/core/modul-person/CodeSystem/Vitalstatus",
              "code": "L"
            }
          ]
        }
      },
      "search": {
        "mode": "match"
      }
    }
  ]
}
