{
  "resourceType": "Bundle",
  "id": "DGTUX54FHSQPDAFM",
  "type": "searchset",
  "total": 3,
  "entry": [
    {
      "fullUrl": "http://num-fhirserver.distan.medicsh.de:8080/fhir/Patient/PID-921636f3049ad1d3c23fdf694a92160be14a27325c819eabe18a119e",
      "resource": {
        "resourceType": "Patient",
        "id": "PID-921636f3049ad1d3c23fdf694a92160be14a27325c819eabe18a119e",
        "meta": {
          "versionId": "164754778",
          "lastUpdated": "2025-03-16T11:02:21.382Z",
          "profile": [
            "https://www.medizininformatik-initiative.de/fhir/core/modul-person/StructureDefinition/PatientPseudonymisiert|2025.0.1"
          ]
        },
        "identifier": [
          {
            "use": "usual",
            "type": {
              "coding": [
                {
                  "system": "http://terminology.hl7.org/CodeSystem/v3-ObservationValue",
                  "code": "PSEUDED"
                }
              ]
            },
            "system": "https://www.medizininformatik-initiative.de/fhir/sid/pseudonym",
            "value": "921636f3049ad1d3c23fdf694a92160be14a27325c819eabe18a119e"
          }
        ],
        "gender": "female",
        "birthDate": "1954-04",
        "deceasedBoolean": true,
        "address": [
          {
            "type": "both",
            "postalCode": "235",
            "country": "DE"
          }
        ]
      },
      "search": {
        "mode": "match"
      }
    },
    {
      "fullUrl": "http://num-fhirserver.distan.medicsh.de:8080/fhir/Encounter/PV-cb5e54d3c793c3d573ebb7449786439e6ac0174dfd086907f87ec7ae",
      "resource": {
        "resourceType": "Encounter",
        "id": "PV-cb5e54d3c793c3d573ebb7449786439e6ac0174dfd086907f87ec7ae",
        "meta": {
          "versionId": "164754865",
          "lastUpdated": "2025-03-16T11:02:21.572Z",
          "source": "http://medic.uksh.de/source/orbis/legacy",
          "profile": [
            "https://www.medizininformatik-initiative.de/fhir/core/modul-fall/StructureDefinition/KontaktGesundheitseinrichtung|2025.0.0"
          ]
        },
        "identifier": [
          {
            "use": "official",
            "type": {
              "coding": [
                {
                  "system": "http://terminology.hl7.org/CodeSystem/v2-0203",
                  "code": "VN"
                }
              ]
            },
            "system": "http://medic.uksh.de/fhir/Encounter",
            "value": "cb5e54d3c793c3d573ebb7449786439e6ac0174dfd086907f87ec7ae"
          }
        ],
        "status": "finished",
        "class": {
          "system": "http://terminology.hl7.org/CodeSystem/v3-ActCode",
          "code": "AMB"
        },
        "type": [
          {
            "coding": [
              {
                "system": "http://fhir.de/CodeSystem/Kontaktebene",
                "code": "einrichtungskontakt"
              }
            ]
          }
        ],
        "subject": {
          "reference": "Patient/PID-921636f3049ad1d3c23fdf694a92160be14a27325c819eabe18a119e"
        },
        "period": {
          "start": "2004-09-28T10:26:00+02:00",
          "end": "2004-09-30T23:59:59+02:00"
        }
      },
      "search": {
        "mode": "match"
      }
    },
    {
      "fullUrl": "http://num-fhirserver.distan.medicsh.de:8080/fhir/Observation/VIT-8eb46c37a3a1b5927c13a35a6dff24c16bebd75d77210bd3a7270f04",
      "resource": {
        "resourceType": "Observation",
        "id": "VIT-8eb46c37a3a1b5927c13a35a6dff24c16bebd75d77210bd3a7270f04",
        "meta": {
          "versionId": "164754876",
          "lastUpdated": "2025-03-16T11:02:21.583Z",
          "profile": [
            "https://www.medizininformatik-initiative.de/fhir/core/modul-person/StructureDefinition/Vitalstatus|2025.0.1"
          ]
        },
        "status": "final",
        "category": [
          {
            "coding": [
              {
                "system": "http://terminology.hl7.org/CodeSystem/observation-category",
                "code": "survey"
              }
            ]
          }
        ],
        "code": {
          "coding": [
            {
              "system": "http://loinc.org",
              "code": "67162-8"
            }
          ]
        },
        "subject": {
          "reference": "Patient/PID-921636f3049ad1d3c23fdf694a92160be14a27325c819eabe18a119e"
        },
        "effectiveDateTime": "2004-09-28T10:26:00+02:00",
        "valueCodeableConcept": {
          "coding": [
            {
              "system": "https://www.medizininformatik-initiative.de/fhir/core/modul-person/CodeSystem/Vitalstatus",
              "code": "L"
            }
          ]
        }
      },
      "search": {
        "mode": "match"
      }
    }
  ]
}
