{
  "resourceType": "Bundle",
  "id": "DGTUX6W22GUK7KEV",
  "type": "searchset",
  "total": 3,
  "entry": [
    {
      "fullUrl": "http://num-fhirserver.distan.medicsh.de:8080/fhir/Patient/PID-92497abc51f5b4b0fd2b277c91f5081f2b3d96ca04aff463a728d5d4",
      "resource": {
        "resourceType": "Patient",
        "id": "PID-92497abc51f5b4b0fd2b277c91f5081f2b3d96ca04aff463a728d5d4",
        "meta": {
          "versionId": "246136949",
          "lastUpdated": "2025-03-22T12:59:25.092Z",
          "profile": [
            "https://www.medizininformatik-initiative.de/fhir/core/modul-person/StructureDefinition/PatientPseudonymisiert|2025.0.1"
          ]
        },
        "identifier": [
          {
            "use": "usual",
            "type": {
              "coding": [
                {
                  "system": "http://terminology.hl7.org/CodeSystem/v3-ObservationValue",
                  "code": "PSEUDED"
                }
              ]
            },
            "system": "https://www.medizininformatik-initiative.de/fhir/sid/pseudonym",
            "value": "92497abc51f5b4b0fd2b277c91f5081f2b3d96ca04aff463a728d5d4"
          }
        ],
        "gender": "female",
        "birthDate": "2024-01",
        "deceasedBoolean": true
      },
      "search": {
        "mode": "match"
      }
    },
    {
      "fullUrl": "http://num-fhirserver.distan.medicsh.de:8080/fhir/Encounter/PV-20c482bb32c94db5b75132841fcf03bf4927e93f766fbd6ddafb71ea",
      "resource": {
        "resourceType": "Encounter",
        "id": "PV-20c482bb32c94db5b75132841fcf03bf4927e93f766fbd6ddafb71ea",
        "meta": {
          "versionId": "246136950",
          "lastUpdated": "2025-03-22T12:59:25.105Z",
          "source": "http://medic.uksh.de/source/orbis/adt",
          "profile": [
            "https://www.medizininformatik-initiative.de/fhir/core/modul-fall/StructureDefinition/KontaktGesundheitseinrichtung|2025.0.0"
          ]
        },
        "identifier": [
          {
            "use": "official",
            "type": {
              "coding": [
                {
                  "system": "http://terminology.hl7.org/CodeSystem/v2-0203",
                  "code": "VN"
                }
              ]
            },
            "system": "http://medic.uksh.de/fhir/Encounter",
            "value": "20c482bb32c94db5b75132841fcf03bf4927e93f766fbd6ddafb71ea"
          }
        ],
        "status": "in-progress",
        "class": {
          "system": "http://terminology.hl7.org/CodeSystem/v3-ActCode",
          "code": "AMB"
        },
        "type": [
          {
            "coding": [
              {
                "system": "http://fhir.de/CodeSystem/Kontaktebene",
                "code": "einrichtungskontakt"
              }
            ]
          }
        ],
        "subject": {
          "reference": "Patient/PID-92497abc51f5b4b0fd2b277c91f5081f2b3d96ca04aff463a728d5d4"
        },
        "period": {
          "start": "2025-03-13T19:10:00+01:00",
          "end": "2025-03-31T23:59:59+02:00"
        }
      },
      "search": {
        "mode": "match"
      }
    },
    {
      "fullUrl": "http://num-fhirserver.distan.medicsh.de:8080/fhir/Observation/VIT-bb7fea0e05828df7d188833031807aa19d14be3046e69afca487a641",
      "resource": {
        "resourceType": "Observation",
        "id": "VIT-bb7fea0e05828df7d188833031807aa19d14be3046e69afca487a641",
        "meta": {
          "versionId": "246136951",
          "lastUpdated": "2025-03-22T12:59:25.120Z",
          "profile": [
            "https://www.medizininformatik-initiative.de/fhir/core/modul-person/StructureDefinition/Vitalstatus|2025.0.1"
          ]
        },
        "status": "final",
        "category": [
          {
            "coding": [
              {
                "system": "http://terminology.hl7.org/CodeSystem/observation-category",
                "code": "survey"
              }
            ]
          }
        ],
        "code": {
          "coding": [
            {
              "system": "http://loinc.org",
              "code": "67162-8"
            }
          ]
        },
        "subject": {
          "reference": "Patient/PID-92497abc51f5b4b0fd2b277c91f5081f2b3d96ca04aff463a728d5d4"
        },
        "effectiveDateTime": "2025-03-13T19:10:00+01:00",
        "valueCodeableConcept": {
          "coding": [
            {
              "system": "https://www.medizininformatik-initiative.de/fhir/core/modul-person/CodeSystem/Vitalstatus",
              "code": "L"
            }
          ]
        }
      },
      "search": {
        "mode": "match"
      }
    }
  ]
}
