{
  "resourceType": "Bundle",
  "id": "DGTUX4XB3EH6HTVD",
  "type": "searchset",
  "total": 3,
  "entry": [
    {
      "fullUrl": "http://num-fhirserver.distan.medicsh.de:8080/fhir/Patient/PID-924a673cdb1933b12ab2bfd8a654d88fc2ae15d05e893e85c1ac20e5",
      "resource": {
        "resourceType": "Patient",
        "id": "PID-924a673cdb1933b12ab2bfd8a654d88fc2ae15d05e893e85c1ac20e5",
        "meta": {
          "versionId": "168185650",
          "lastUpdated": "2025-03-17T07:24:55.834Z",
          "profile": [
            "https://www.medizininformatik-initiative.de/fhir/core/modul-person/StructureDefinition/PatientPseudonymisiert|2025.0.1"
          ]
        },
        "identifier": [
          {
            "use": "usual",
            "type": {
              "coding": [
                {
                  "system": "http://terminology.hl7.org/CodeSystem/v3-ObservationValue",
                  "code": "PSEUDED"
                }
              ]
            },
            "system": "https://www.medizininformatik-initiative.de/fhir/sid/pseudonym",
            "value": "924a673cdb1933b12ab2bfd8a654d88fc2ae15d05e893e85c1ac20e5"
          }
        ],
        "birthDate": "2000-01",
        "deceasedBoolean": true
      },
      "search": {
        "mode": "match"
      }
    },
    {
      "fullUrl": "http://num-fhirserver.distan.medicsh.de:8080/fhir/Encounter/PV-62ce4a354d7d08e921724b17fe0ee7f190e18e126118a07b9646df7f",
      "resource": {
        "resourceType": "Encounter",
        "id": "PV-62ce4a354d7d08e921724b17fe0ee7f190e18e126118a07b9646df7f",
        "meta": {
          "versionId": "168185645",
          "lastUpdated": "2025-03-17T07:24:55.711Z",
          "source": "http://medic.uksh.de/source/orbis/legacy",
          "profile": [
            "https://www.medizininformatik-initiative.de/fhir/core/modul-fall/StructureDefinition/KontaktGesundheitseinrichtung|2025.0.0"
          ]
        },
        "identifier": [
          {
            "use": "official",
            "type": {
              "coding": [
                {
                  "system": "http://terminology.hl7.org/CodeSystem/v2-0203",
                  "code": "VN"
                }
              ]
            },
            "system": "http://medic.uksh.de/fhir/Encounter",
            "value": "62ce4a354d7d08e921724b17fe0ee7f190e18e126118a07b9646df7f"
          }
        ],
        "status": "finished",
        "class": {
          "system": "http://terminology.hl7.org/CodeSystem/v3-ActCode",
          "code": "AMB"
        },
        "type": [
          {
            "coding": [
              {
                "system": "http://fhir.de/CodeSystem/Kontaktebene",
                "code": "einrichtungskontakt"
              }
            ]
          }
        ],
        "subject": {
          "reference": "Patient/PID-924a673cdb1933b12ab2bfd8a654d88fc2ae15d05e893e85c1ac20e5"
        },
        "period": {
          "start": "2012-12-03T15:00:00+01:00",
          "end": "2012-12-31T23:59:59+01:00"
        },
        "hospitalization": {
          "admitSource": {
            "coding": [
              {
                "system": "http://fhir.de/CodeSystem/dgkev/Aufnahmeanlass",
                "code": "E"
              }
            ]
          }
        }
      },
      "search": {
        "mode": "match"
      }
    },
    {
      "fullUrl": "http://num-fhirserver.distan.medicsh.de:8080/fhir/Observation/VIT-e34a9b0e1775393b70fef4bca31b559d1971cad17b88e6b282b79e66",
      "resource": {
        "resourceType": "Observation",
        "id": "VIT-e34a9b0e1775393b70fef4bca31b559d1971cad17b88e6b282b79e66",
        "meta": {
          "versionId": "168185647",
          "lastUpdated": "2025-03-17T07:24:55.729Z",
          "profile": [
            "https://www.medizininformatik-initiative.de/fhir/core/modul-person/StructureDefinition/Vitalstatus|2025.0.1"
          ]
        },
        "status": "final",
        "category": [
          {
            "coding": [
              {
                "system": "http://terminology.hl7.org/CodeSystem/observation-category",
                "code": "survey"
              }
            ]
          }
        ],
        "code": {
          "coding": [
            {
              "system": "http://loinc.org",
              "code": "67162-8"
            }
          ]
        },
        "subject": {
          "reference": "Patient/PID-924a673cdb1933b12ab2bfd8a654d88fc2ae15d05e893e85c1ac20e5"
        },
        "effectiveDateTime": "2012-12-03T15:00:00+01:00",
        "valueCodeableConcept": {
          "coding": [
            {
              "system": "https://www.medizininformatik-initiative.de/fhir/core/modul-person/CodeSystem/Vitalstatus",
              "code": "L"
            }
          ]
        }
      },
      "search": {
        "mode": "match"
      }
    }
  ]
}
