{
  "resourceType": "Bundle",
  "id": "DGTUX5CZWXPTKBVR",
  "type": "searchset",
  "total": 3,
  "entry": [
    {
      "fullUrl": "http://num-fhirserver.distan.medicsh.de:8080/fhir/Patient/PID-9390934bdfee4c28db9a401cf74c383bfd188148675f54213d80a471",
      "resource": {
        "resourceType": "Patient",
        "id": "PID-9390934bdfee4c28db9a401cf74c383bfd188148675f54213d80a471",
        "meta": {
          "versionId": "128323447",
          "lastUpdated": "2025-03-14T21:18:39.779Z",
          "profile": [
            "https://www.medizininformatik-initiative.de/fhir/core/modul-person/StructureDefinition/PatientPseudonymisiert|2025.0.1"
          ]
        },
        "identifier": [
          {
            "use": "usual",
            "type": {
              "coding": [
                {
                  "system": "http://terminology.hl7.org/CodeSystem/v3-ObservationValue",
                  "code": "PSEUDED"
                }
              ]
            },
            "system": "https://www.medizininformatik-initiative.de/fhir/sid/pseudonym",
            "value": "9390934bdfee4c28db9a401cf74c383bfd188148675f54213d80a471"
          }
        ],
        "gender": "male",
        "birthDate": "2008-04",
        "deceasedBoolean": true
      },
      "search": {
        "mode": "match"
      }
    },
    {
      "fullUrl": "http://num-fhirserver.distan.medicsh.de:8080/fhir/Encounter/PV-de8705f75f999f9e57130cefe5485b1eceffabbb3903b6d6fd534fcb",
      "resource": {
        "resourceType": "Encounter",
        "id": "PV-de8705f75f999f9e57130cefe5485b1eceffabbb3903b6d6fd534fcb",
        "meta": {
          "versionId": "128323432",
          "lastUpdated": "2025-03-14T21:18:39.739Z",
          "source": "http://medic.uksh.de/source/orbis/legacy",
          "profile": [
            "https://www.medizininformatik-initiative.de/fhir/core/modul-fall/StructureDefinition/KontaktGesundheitseinrichtung|2025.0.0"
          ]
        },
        "identifier": [
          {
            "use": "official",
            "type": {
              "coding": [
                {
                  "system": "http://terminology.hl7.org/CodeSystem/v2-0203",
                  "code": "VN"
                }
              ]
            },
            "system": "http://medic.uksh.de/fhir/Encounter",
            "value": "de8705f75f999f9e57130cefe5485b1eceffabbb3903b6d6fd534fcb"
          }
        ],
        "status": "finished",
        "class": {
          "system": "http://terminology.hl7.org/CodeSystem/v3-ActCode",
          "code": "AMB"
        },
        "type": [
          {
            "coding": [
              {
                "system": "http://fhir.de/CodeSystem/Kontaktebene",
                "code": "einrichtungskontakt"
              }
            ]
          }
        ],
        "subject": {
          "reference": "Patient/PID-9390934bdfee4c28db9a401cf74c383bfd188148675f54213d80a471"
        },
        "period": {
          "start": "2008-04-01T12:32:00+02:00",
          "end": "2008-06-30T23:59:59+02:00"
        },
        "hospitalization": {
          "admitSource": {
            "coding": [
              {
                "system": "http://fhir.de/CodeSystem/dgkev/Aufnahmeanlass",
                "code": "E"
              }
            ]
          }
        }
      },
      "search": {
        "mode": "match"
      }
    },
    {
      "fullUrl": "http://num-fhirserver.distan.medicsh.de:8080/fhir/Observation/VIT-0b1ffa123eaa5a35258aa1344f1afbd25c601587a2d7c627d38f24c3",
      "resource": {
        "resourceType": "Observation",
        "id": "VIT-0b1ffa123eaa5a35258aa1344f1afbd25c601587a2d7c627d38f24c3",
        "meta": {
          "versionId": "128323442",
          "lastUpdated": "2025-03-14T21:18:39.770Z",
          "profile": [
            "https://www.medizininformatik-initiative.de/fhir/core/modul-person/StructureDefinition/Vitalstatus|2025.0.1"
          ]
        },
        "status": "final",
        "category": [
          {
            "coding": [
              {
                "system": "http://terminology.hl7.org/CodeSystem/observation-category",
                "code": "survey"
              }
            ]
          }
        ],
        "code": {
          "coding": [
            {
              "system": "http://loinc.org",
              "code": "67162-8"
            }
          ]
        },
        "subject": {
          "reference": "Patient/PID-9390934bdfee4c28db9a401cf74c383bfd188148675f54213d80a471"
        },
        "effectiveDateTime": "2008-04-01T12:32:00+02:00",
        "valueCodeableConcept": {
          "coding": [
            {
              "system": "https://www.medizininformatik-initiative.de/fhir/core/modul-person/CodeSystem/Vitalstatus",
              "code": "L"
            }
          ]
        }
      },
      "search": {
        "mode": "match"
      }
    }
  ]
}
