{
  "resourceType": "Bundle",
  "id": "DGTUYAJMNUEK6PJB",
  "type": "searchset",
  "total": 5,
  "entry": [
    {
      "fullUrl": "http://num-fhirserver.distan.medicsh.de:8080/fhir/Patient/PID-93a820ff1eb03cc301dd3f91d7877b7a0b87ca2a79df5fd49857a6e0",
      "resource": {
        "resourceType": "Patient",
        "id": "PID-93a820ff1eb03cc301dd3f91d7877b7a0b87ca2a79df5fd49857a6e0",
        "meta": {
          "versionId": "219973696",
          "lastUpdated": "2025-03-18T21:38:48.082Z",
          "profile": [
            "https://www.medizininformatik-initiative.de/fhir/core/modul-person/StructureDefinition/PatientPseudonymisiert|2025.0.1"
          ]
        },
        "identifier": [
          {
            "use": "usual",
            "type": {
              "coding": [
                {
                  "system": "http://terminology.hl7.org/CodeSystem/v3-ObservationValue",
                  "code": "PSEUDED"
                }
              ]
            },
            "system": "https://www.medizininformatik-initiative.de/fhir/sid/pseudonym",
            "value": "93a820ff1eb03cc301dd3f91d7877b7a0b87ca2a79df5fd49857a6e0"
          }
        ],
        "gender": "female",
        "birthDate": "2010-09",
        "deceasedBoolean": true
      },
      "search": {
        "mode": "match"
      }
    },
    {
      "fullUrl": "http://num-fhirserver.distan.medicsh.de:8080/fhir/Encounter/PV-216230af5fe865001d64c1cee60b931c6f6f378d40c04b7026ad8545",
      "resource": {
        "resourceType": "Encounter",
        "id": "PV-216230af5fe865001d64c1cee60b931c6f6f378d40c04b7026ad8545",
        "meta": {
          "versionId": "219973596",
          "lastUpdated": "2025-03-18T21:38:47.793Z",
          "source": "http://medic.uksh.de/source/orbis/legacy",
          "profile": [
            "https://www.medizininformatik-initiative.de/fhir/core/modul-fall/StructureDefinition/KontaktGesundheitseinrichtung|2025.0.0"
          ]
        },
        "identifier": [
          {
            "use": "official",
            "type": {
              "coding": [
                {
                  "system": "http://terminology.hl7.org/CodeSystem/v2-0203",
                  "code": "VN"
                }
              ]
            },
            "system": "http://medic.uksh.de/fhir/Encounter",
            "value": "216230af5fe865001d64c1cee60b931c6f6f378d40c04b7026ad8545"
          }
        ],
        "status": "finished",
        "class": {
          "system": "http://terminology.hl7.org/CodeSystem/v3-ActCode",
          "code": "AMB"
        },
        "type": [
          {
            "coding": [
              {
                "system": "http://fhir.de/CodeSystem/Kontaktebene",
                "code": "einrichtungskontakt"
              }
            ]
          }
        ],
        "subject": {
          "reference": "Patient/PID-93a820ff1eb03cc301dd3f91d7877b7a0b87ca2a79df5fd49857a6e0"
        },
        "period": {
          "start": "2010-11-15T15:37:00+01:00",
          "end": "2010-12-31T23:59:59+01:00"
        },
        "hospitalization": {
          "admitSource": {
            "coding": [
              {
                "system": "http://fhir.de/CodeSystem/dgkev/Aufnahmeanlass",
                "code": "E"
              }
            ]
          }
        }
      },
      "search": {
        "mode": "match"
      }
    },
    {
      "fullUrl": "http://num-fhirserver.distan.medicsh.de:8080/fhir/Encounter/PV-22e41682737aca910c5f167f671ac26fcabab9bdf8ab4910c0af6589",
      "resource": {
        "resourceType": "Encounter",
        "id": "PV-22e41682737aca910c5f167f671ac26fcabab9bdf8ab4910c0af6589",
        "meta": {
          "versionId": "219973616",
          "lastUpdated": "2025-03-18T21:38:47.845Z",
          "source": "http://medic.uksh.de/source/orbis/legacy",
          "profile": [
            "https://www.medizininformatik-initiative.de/fhir/core/modul-fall/StructureDefinition/KontaktGesundheitseinrichtung|2025.0.0"
          ]
        },
        "identifier": [
          {
            "use": "official",
            "type": {
              "coding": [
                {
                  "system": "http://terminology.hl7.org/CodeSystem/v2-0203",
                  "code": "VN"
                }
              ]
            },
            "system": "http://medic.uksh.de/fhir/Encounter",
            "value": "22e41682737aca910c5f167f671ac26fcabab9bdf8ab4910c0af6589"
          }
        ],
        "status": "finished",
        "class": {
          "system": "http://terminology.hl7.org/CodeSystem/v3-ActCode",
          "code": "AMB"
        },
        "type": [
          {
            "coding": [
              {
                "system": "http://fhir.de/CodeSystem/Kontaktebene",
                "code": "einrichtungskontakt"
              }
            ]
          }
        ],
        "subject": {
          "reference": "Patient/PID-93a820ff1eb03cc301dd3f91d7877b7a0b87ca2a79df5fd49857a6e0"
        },
        "period": {
          "start": "2010-09-28T08:51:00+02:00",
          "end": "2010-09-30T23:59:59+02:00"
        },
        "hospitalization": {
          "admitSource": {
            "coding": [
              {
                "system": "http://fhir.de/CodeSystem/dgkev/Aufnahmeanlass",
                "code": "E"
              }
            ]
          }
        }
      },
      "search": {
        "mode": "match"
      }
    },
    {
      "fullUrl": "http://num-fhirserver.distan.medicsh.de:8080/fhir/Observation/VIT-03c411552d22f46727fb54be22f111a3e13227b602d3a46b1165d251",
      "resource": {
        "resourceType": "Observation",
        "id": "VIT-03c411552d22f46727fb54be22f111a3e13227b602d3a46b1165d251",
        "meta": {
          "versionId": "219973625",
          "lastUpdated": "2025-03-18T21:38:47.870Z",
          "profile": [
            "https://www.medizininformatik-initiative.de/fhir/core/modul-person/StructureDefinition/Vitalstatus|2025.0.1"
          ]
        },
        "status": "final",
        "category": [
          {
            "coding": [
              {
                "system": "http://terminology.hl7.org/CodeSystem/observation-category",
                "code": "survey"
              }
            ]
          }
        ],
        "code": {
          "coding": [
            {
              "system": "http://loinc.org",
              "code": "67162-8"
            }
          ]
        },
        "subject": {
          "reference": "Patient/PID-93a820ff1eb03cc301dd3f91d7877b7a0b87ca2a79df5fd49857a6e0"
        },
        "effectiveDateTime": "2010-09-28T08:51:00+02:00",
        "valueCodeableConcept": {
          "coding": [
            {
              "system": "https://www.medizininformatik-initiative.de/fhir/core/modul-person/CodeSystem/Vitalstatus",
              "code": "L"
            }
          ]
        }
      },
      "search": {
        "mode": "match"
      }
    },
    {
      "fullUrl": "http://num-fhirserver.distan.medicsh.de:8080/fhir/Observation/VIT-fa30758f73e283876e504a9a01a7a9b67c77707330ce9a1f6c8dab0d",
      "resource": {
        "resourceType": "Observation",
        "id": "VIT-fa30758f73e283876e504a9a01a7a9b67c77707330ce9a1f6c8dab0d",
        "meta": {
          "versionId": "219973605",
          "lastUpdated": "2025-03-18T21:38:47.807Z",
          "profile": [
            "https://www.medizininformatik-initiative.de/fhir/core/modul-person/StructureDefinition/Vitalstatus|2025.0.1"
          ]
        },
        "status": "final",
        "category": [
          {
            "coding": [
              {
                "system": "http://terminology.hl7.org/CodeSystem/observation-category",
                "code": "survey"
              }
            ]
          }
        ],
        "code": {
          "coding": [
            {
              "system": "http://loinc.org",
              "code": "67162-8"
            }
          ]
        },
        "subject": {
          "reference": "Patient/PID-93a820ff1eb03cc301dd3f91d7877b7a0b87ca2a79df5fd49857a6e0"
        },
        "effectiveDateTime": "2010-11-15T15:37:00+01:00",
        "valueCodeableConcept": {
          "coding": [
            {
              "system": "https://www.medizininformatik-initiative.de/fhir/core/modul-person/CodeSystem/Vitalstatus",
              "code": "L"
            }
          ]
        }
      },
      "search": {
        "mode": "match"
      }
    }
  ]
}
