{
  "resourceType": "Bundle",
  "id": "DGTUX4NDPLM42YN3",
  "type": "searchset",
  "total": 3,
  "entry": [
    {
      "fullUrl": "http://num-fhirserver.distan.medicsh.de:8080/fhir/Patient/PID-99a8332befce110dbd43851103729c5d914ed5a7d854f6e9127e27e4",
      "resource": {
        "resourceType": "Patient",
        "id": "PID-99a8332befce110dbd43851103729c5d914ed5a7d854f6e9127e27e4",
        "meta": {
          "versionId": "165250735",
          "lastUpdated": "2025-03-16T13:56:56.478Z",
          "profile": [
            "https://www.medizininformatik-initiative.de/fhir/core/modul-person/StructureDefinition/PatientPseudonymisiert|2025.0.1"
          ]
        },
        "identifier": [
          {
            "use": "usual",
            "type": {
              "coding": [
                {
                  "system": "http://terminology.hl7.org/CodeSystem/v3-ObservationValue",
                  "code": "PSEUDED"
                }
              ]
            },
            "system": "https://www.medizininformatik-initiative.de/fhir/sid/pseudonym",
            "value": "99a8332befce110dbd43851103729c5d914ed5a7d854f6e9127e27e4"
          }
        ],
        "gender": "female",
        "birthDate": "2006-08",
        "deceasedBoolean": true
      },
      "search": {
        "mode": "match"
      }
    },
    {
      "fullUrl": "http://num-fhirserver.distan.medicsh.de:8080/fhir/Encounter/PV-512558da3903f16820cd9c1e81732957e4afcb3a37c1d543f3c572de",
      "resource": {
        "resourceType": "Encounter",
        "id": "PV-512558da3903f16820cd9c1e81732957e4afcb3a37c1d543f3c572de",
        "meta": {
          "versionId": "165250257",
          "lastUpdated": "2025-03-16T13:56:55.197Z",
          "source": "http://medic.uksh.de/source/orbis/legacy",
          "profile": [
            "https://www.medizininformatik-initiative.de/fhir/core/modul-fall/StructureDefinition/KontaktGesundheitseinrichtung|2025.0.0"
          ]
        },
        "identifier": [
          {
            "use": "official",
            "type": {
              "coding": [
                {
                  "system": "http://terminology.hl7.org/CodeSystem/v2-0203",
                  "code": "VN"
                }
              ]
            },
            "system": "http://medic.uksh.de/fhir/Encounter",
            "value": "512558da3903f16820cd9c1e81732957e4afcb3a37c1d543f3c572de"
          }
        ],
        "status": "finished",
        "class": {
          "system": "http://terminology.hl7.org/CodeSystem/v3-ActCode",
          "code": "AMB"
        },
        "type": [
          {
            "coding": [
              {
                "system": "http://fhir.de/CodeSystem/Kontaktebene",
                "code": "einrichtungskontakt"
              }
            ]
          }
        ],
        "subject": {
          "reference": "Patient/PID-99a8332befce110dbd43851103729c5d914ed5a7d854f6e9127e27e4"
        },
        "period": {
          "start": "2006-08-01T00:00:00+02:00",
          "end": "2006-09-30T23:59:59+02:00"
        }
      },
      "search": {
        "mode": "match"
      }
    },
    {
      "fullUrl": "http://num-fhirserver.distan.medicsh.de:8080/fhir/Observation/VIT-7bda60593348f4908ce7086c4e317adf35c676b2555aa6eddc7707d1",
      "resource": {
        "resourceType": "Observation",
        "id": "VIT-7bda60593348f4908ce7086c4e317adf35c676b2555aa6eddc7707d1",
        "meta": {
          "versionId": "165250263",
          "lastUpdated": "2025-03-16T13:56:55.212Z",
          "profile": [
            "https://www.medizininformatik-initiative.de/fhir/core/modul-person/StructureDefinition/Vitalstatus|2025.0.1"
          ]
        },
        "status": "final",
        "category": [
          {
            "coding": [
              {
                "system": "http://terminology.hl7.org/CodeSystem/observation-category",
                "code": "survey"
              }
            ]
          }
        ],
        "code": {
          "coding": [
            {
              "system": "http://loinc.org",
              "code": "67162-8"
            }
          ]
        },
        "subject": {
          "reference": "Patient/PID-99a8332befce110dbd43851103729c5d914ed5a7d854f6e9127e27e4"
        },
        "effectiveDateTime": "2006-08-01T00:00:00+02:00",
        "valueCodeableConcept": {
          "coding": [
            {
              "system": "https://www.medizininformatik-initiative.de/fhir/core/modul-person/CodeSystem/Vitalstatus",
              "code": "L"
            }
          ]
        }
      },
      "search": {
        "mode": "match"
      }
    }
  ]
}
