{
  "resourceType": "Bundle",
  "id": "DGTUX442S2QLUW6E",
  "type": "searchset",
  "total": 3,
  "entry": [
    {
      "fullUrl": "http://num-fhirserver.distan.medicsh.de:8080/fhir/Patient/PID-9a34bda3f51de8714f6f64ad7ffb7e23da39139de988dfba604f414c",
      "resource": {
        "resourceType": "Patient",
        "id": "PID-9a34bda3f51de8714f6f64ad7ffb7e23da39139de988dfba604f414c",
        "meta": {
          "versionId": "170382452",
          "lastUpdated": "2025-03-17T10:54:11.750Z",
          "profile": [
            "https://www.medizininformatik-initiative.de/fhir/core/modul-person/StructureDefinition/PatientPseudonymisiert|2025.0.1"
          ]
        },
        "identifier": [
          {
            "use": "usual",
            "type": {
              "coding": [
                {
                  "system": "http://terminology.hl7.org/CodeSystem/v3-ObservationValue",
                  "code": "PSEUDED"
                }
              ]
            },
            "system": "https://www.medizininformatik-initiative.de/fhir/sid/pseudonym",
            "value": "9a34bda3f51de8714f6f64ad7ffb7e23da39139de988dfba604f414c"
          }
        ],
        "gender": "male",
        "birthDate": "2007-11",
        "deceasedBoolean": true
      },
      "search": {
        "mode": "match"
      }
    },
    {
      "fullUrl": "http://num-fhirserver.distan.medicsh.de:8080/fhir/Encounter/PV-0d4aa8625833933579ed03fc9bed1c426df66b90ce17e206b70a2d93",
      "resource": {
        "resourceType": "Encounter",
        "id": "PV-0d4aa8625833933579ed03fc9bed1c426df66b90ce17e206b70a2d93",
        "meta": {
          "versionId": "170382457",
          "lastUpdated": "2025-03-17T10:54:11.759Z",
          "source": "http://medic.uksh.de/source/orbis/legacy",
          "profile": [
            "https://www.medizininformatik-initiative.de/fhir/core/modul-fall/StructureDefinition/KontaktGesundheitseinrichtung|2025.0.0"
          ]
        },
        "identifier": [
          {
            "use": "official",
            "type": {
              "coding": [
                {
                  "system": "http://terminology.hl7.org/CodeSystem/v2-0203",
                  "code": "VN"
                }
              ]
            },
            "system": "http://medic.uksh.de/fhir/Encounter",
            "value": "0d4aa8625833933579ed03fc9bed1c426df66b90ce17e206b70a2d93"
          }
        ],
        "status": "finished",
        "class": {
          "system": "http://terminology.hl7.org/CodeSystem/v3-ActCode",
          "code": "AMB"
        },
        "type": [
          {
            "coding": [
              {
                "system": "http://fhir.de/CodeSystem/Kontaktebene",
                "code": "einrichtungskontakt"
              }
            ]
          }
        ],
        "subject": {
          "reference": "Patient/PID-9a34bda3f51de8714f6f64ad7ffb7e23da39139de988dfba604f414c"
        },
        "period": {
          "start": "2007-11-01T11:42:00+01:00",
          "end": "2007-12-31T23:59:59+01:00"
        }
      },
      "search": {
        "mode": "match"
      }
    },
    {
      "fullUrl": "http://num-fhirserver.distan.medicsh.de:8080/fhir/Observation/VIT-eb51d28c5552cc41d391825594bef12ee02f5dd506b11cac2ae2931f",
      "resource": {
        "resourceType": "Observation",
        "id": "VIT-eb51d28c5552cc41d391825594bef12ee02f5dd506b11cac2ae2931f",
        "meta": {
          "versionId": "170382467",
          "lastUpdated": "2025-03-17T10:54:11.775Z",
          "profile": [
            "https://www.medizininformatik-initiative.de/fhir/core/modul-person/StructureDefinition/Vitalstatus|2025.0.1"
          ]
        },
        "status": "final",
        "category": [
          {
            "coding": [
              {
                "system": "http://terminology.hl7.org/CodeSystem/observation-category",
                "code": "survey"
              }
            ]
          }
        ],
        "code": {
          "coding": [
            {
              "system": "http://loinc.org",
              "code": "67162-8"
            }
          ]
        },
        "subject": {
          "reference": "Patient/PID-9a34bda3f51de8714f6f64ad7ffb7e23da39139de988dfba604f414c"
        },
        "effectiveDateTime": "2007-11-01T11:42:00+01:00",
        "valueCodeableConcept": {
          "coding": [
            {
              "system": "https://www.medizininformatik-initiative.de/fhir/core/modul-person/CodeSystem/Vitalstatus",
              "code": "L"
            }
          ]
        }
      },
      "search": {
        "mode": "match"
      }
    }
  ]
}
