{
  "resourceType": "Bundle",
  "id": "DGTUYAUXFMY5CM55",
  "type": "searchset",
  "total": 3,
  "entry": [
    {
      "fullUrl": "http://num-fhirserver.distan.medicsh.de:8080/fhir/Patient/PID-9c98d4e0188f0e79e3b38e7e54992fa98e5ac713ea454c97ca70aae1",
      "resource": {
        "resourceType": "Patient",
        "id": "PID-9c98d4e0188f0e79e3b38e7e54992fa98e5ac713ea454c97ca70aae1",
        "meta": {
          "versionId": "190401508",
          "lastUpdated": "2025-03-18T00:41:12.407Z",
          "profile": [
            "https://www.medizininformatik-initiative.de/fhir/core/modul-person/StructureDefinition/PatientPseudonymisiert|2025.0.1"
          ]
        },
        "identifier": [
          {
            "use": "usual",
            "type": {
              "coding": [
                {
                  "system": "http://terminology.hl7.org/CodeSystem/v3-ObservationValue",
                  "code": "PSEUDED"
                }
              ]
            },
            "system": "https://www.medizininformatik-initiative.de/fhir/sid/pseudonym",
            "value": "9c98d4e0188f0e79e3b38e7e54992fa98e5ac713ea454c97ca70aae1"
          }
        ],
        "gender": "female",
        "birthDate": "1980-01",
        "deceasedBoolean": true
      },
      "search": {
        "mode": "match"
      }
    },
    {
      "fullUrl": "http://num-fhirserver.distan.medicsh.de:8080/fhir/Encounter/PV-7cbe643fc9d00bd2d4c8a5b400a511bcf05ae2c7c8086b8a3e563cec",
      "resource": {
        "resourceType": "Encounter",
        "id": "PV-7cbe643fc9d00bd2d4c8a5b400a511bcf05ae2c7c8086b8a3e563cec",
        "meta": {
          "versionId": "190401503",
          "lastUpdated": "2025-03-18T00:41:12.371Z",
          "source": "http://medic.uksh.de/source/orbis/legacy",
          "profile": [
            "https://www.medizininformatik-initiative.de/fhir/core/modul-fall/StructureDefinition/KontaktGesundheitseinrichtung|2025.0.0"
          ]
        },
        "identifier": [
          {
            "use": "official",
            "type": {
              "coding": [
                {
                  "system": "http://terminology.hl7.org/CodeSystem/v2-0203",
                  "code": "VN"
                }
              ]
            },
            "system": "http://medic.uksh.de/fhir/Encounter",
            "value": "7cbe643fc9d00bd2d4c8a5b400a511bcf05ae2c7c8086b8a3e563cec"
          }
        ],
        "status": "finished",
        "class": {
          "system": "http://terminology.hl7.org/CodeSystem/v3-ActCode",
          "code": "AMB"
        },
        "type": [
          {
            "coding": [
              {
                "system": "http://fhir.de/CodeSystem/Kontaktebene",
                "code": "einrichtungskontakt"
              }
            ]
          }
        ],
        "subject": {
          "reference": "Patient/PID-9c98d4e0188f0e79e3b38e7e54992fa98e5ac713ea454c97ca70aae1"
        },
        "period": {
          "start": "2017-04-12T10:49:00+02:00",
          "end": "2017-06-30T23:59:59+02:00"
        },
        "hospitalization": {
          "admitSource": {
            "coding": [
              {
                "system": "http://fhir.de/CodeSystem/dgkev/Aufnahmeanlass",
                "code": "E"
              }
            ]
          }
        }
      },
      "search": {
        "mode": "match"
      }
    },
    {
      "fullUrl": "http://num-fhirserver.distan.medicsh.de:8080/fhir/Observation/VIT-19b08a29f5e7d5a7b183c0b44b304be55f0be62bbae3a17b6d10143c",
      "resource": {
        "resourceType": "Observation",
        "id": "VIT-19b08a29f5e7d5a7b183c0b44b304be55f0be62bbae3a17b6d10143c",
        "meta": {
          "versionId": "190401515",
          "lastUpdated": "2025-03-18T00:41:12.427Z",
          "profile": [
            "https://www.medizininformatik-initiative.de/fhir/core/modul-person/StructureDefinition/Vitalstatus|2025.0.1"
          ]
        },
        "status": "final",
        "category": [
          {
            "coding": [
              {
                "system": "http://terminology.hl7.org/CodeSystem/observation-category",
                "code": "survey"
              }
            ]
          }
        ],
        "code": {
          "coding": [
            {
              "system": "http://loinc.org",
              "code": "67162-8"
            }
          ]
        },
        "subject": {
          "reference": "Patient/PID-9c98d4e0188f0e79e3b38e7e54992fa98e5ac713ea454c97ca70aae1"
        },
        "effectiveDateTime": "2017-04-12T10:49:00+02:00",
        "valueCodeableConcept": {
          "coding": [
            {
              "system": "https://www.medizininformatik-initiative.de/fhir/core/modul-person/CodeSystem/Vitalstatus",
              "code": "L"
            }
          ]
        }
      },
      "search": {
        "mode": "match"
      }
    }
  ]
}
