{
  "resourceType": "Bundle",
  "id": "DGTUYAR3SBZA54XE",
  "type": "searchset",
  "total": 3,
  "entry": [
    {
      "fullUrl": "http://num-fhirserver.distan.medicsh.de:8080/fhir/Patient/PID-9d8e8d8a96312f597378a41e29323231f27e651c34ba2f42cec4e60e",
      "resource": {
        "resourceType": "Patient",
        "id": "PID-9d8e8d8a96312f597378a41e29323231f27e651c34ba2f42cec4e60e",
        "meta": {
          "versionId": "182183012",
          "lastUpdated": "2025-03-17T18:58:18.715Z",
          "profile": [
            "https://www.medizininformatik-initiative.de/fhir/core/modul-person/StructureDefinition/PatientPseudonymisiert|2025.0.1"
          ]
        },
        "identifier": [
          {
            "use": "usual",
            "type": {
              "coding": [
                {
                  "system": "http://terminology.hl7.org/CodeSystem/v3-ObservationValue",
                  "code": "PSEUDED"
                }
              ]
            },
            "system": "https://www.medizininformatik-initiative.de/fhir/sid/pseudonym",
            "value": "9d8e8d8a96312f597378a41e29323231f27e651c34ba2f42cec4e60e"
          }
        ],
        "gender": "male",
        "birthDate": "2011-01",
        "deceasedBoolean": true
      },
      "search": {
        "mode": "match"
      }
    },
    {
      "fullUrl": "http://num-fhirserver.distan.medicsh.de:8080/fhir/Encounter/PV-a0d313e3eb0b800e624a60135c6c98f8941e83dc7c3b9c7872ead861",
      "resource": {
        "resourceType": "Encounter",
        "id": "PV-a0d313e3eb0b800e624a60135c6c98f8941e83dc7c3b9c7872ead861",
        "meta": {
          "versionId": "182182925",
          "lastUpdated": "2025-03-17T18:58:18.580Z",
          "source": "http://medic.uksh.de/source/orbis/legacy",
          "profile": [
            "https://www.medizininformatik-initiative.de/fhir/core/modul-fall/StructureDefinition/KontaktGesundheitseinrichtung|2025.0.0"
          ]
        },
        "identifier": [
          {
            "use": "official",
            "type": {
              "coding": [
                {
                  "system": "http://terminology.hl7.org/CodeSystem/v2-0203",
                  "code": "VN"
                }
              ]
            },
            "system": "http://medic.uksh.de/fhir/Encounter",
            "value": "a0d313e3eb0b800e624a60135c6c98f8941e83dc7c3b9c7872ead861"
          }
        ],
        "status": "finished",
        "class": {
          "system": "http://terminology.hl7.org/CodeSystem/v3-ActCode",
          "code": "AMB"
        },
        "type": [
          {
            "coding": [
              {
                "system": "http://fhir.de/CodeSystem/Kontaktebene",
                "code": "einrichtungskontakt"
              }
            ]
          }
        ],
        "subject": {
          "reference": "Patient/PID-9d8e8d8a96312f597378a41e29323231f27e651c34ba2f42cec4e60e"
        },
        "period": {
          "start": "2014-02-27T14:19:00+01:00",
          "end": "2014-03-31T23:59:59+02:00"
        },
        "hospitalization": {
          "admitSource": {
            "coding": [
              {
                "system": "http://fhir.de/CodeSystem/dgkev/Aufnahmeanlass",
                "code": "E"
              }
            ]
          }
        }
      },
      "search": {
        "mode": "match"
      }
    },
    {
      "fullUrl": "http://num-fhirserver.distan.medicsh.de:8080/fhir/Observation/VIT-38b2fa82476076e3963bbc6ab2865e24160661df64cd8398ac5d95c6",
      "resource": {
        "resourceType": "Observation",
        "id": "VIT-38b2fa82476076e3963bbc6ab2865e24160661df64cd8398ac5d95c6",
        "meta": {
          "versionId": "182182945",
          "lastUpdated": "2025-03-17T18:58:18.602Z",
          "profile": [
            "https://www.medizininformatik-initiative.de/fhir/core/modul-person/StructureDefinition/Vitalstatus|2025.0.1"
          ]
        },
        "status": "final",
        "category": [
          {
            "coding": [
              {
                "system": "http://terminology.hl7.org/CodeSystem/observation-category",
                "code": "survey"
              }
            ]
          }
        ],
        "code": {
          "coding": [
            {
              "system": "http://loinc.org",
              "code": "67162-8"
            }
          ]
        },
        "subject": {
          "reference": "Patient/PID-9d8e8d8a96312f597378a41e29323231f27e651c34ba2f42cec4e60e"
        },
        "effectiveDateTime": "2014-02-27T14:19:00+01:00",
        "valueCodeableConcept": {
          "coding": [
            {
              "system": "https://www.medizininformatik-initiative.de/fhir/core/modul-person/CodeSystem/Vitalstatus",
              "code": "L"
            }
          ]
        }
      },
      "search": {
        "mode": "match"
      }
    }
  ]
}
