{
  "resourceType": "Bundle",
  "id": "DGTUX55HY5RXAI45",
  "type": "searchset",
  "total": 7,
  "entry": [
    {
      "fullUrl": "http://num-fhirserver.distan.medicsh.de:8080/fhir/Patient/PID-9ecfd17f3070a0ca1e734fd31fbb123d6cdbda94431103c55910053a",
      "resource": {
        "resourceType": "Patient",
        "id": "PID-9ecfd17f3070a0ca1e734fd31fbb123d6cdbda94431103c55910053a",
        "meta": {
          "versionId": "235699142",
          "lastUpdated": "2025-03-19T14:40:59.811Z",
          "profile": [
            "https://www.medizininformatik-initiative.de/fhir/core/modul-person/StructureDefinition/PatientPseudonymisiert|2025.0.1"
          ]
        },
        "identifier": [
          {
            "use": "usual",
            "type": {
              "coding": [
                {
                  "system": "http://terminology.hl7.org/CodeSystem/v3-ObservationValue",
                  "code": "PSEUDED"
                }
              ]
            },
            "system": "https://www.medizininformatik-initiative.de/fhir/sid/pseudonym",
            "value": "9ecfd17f3070a0ca1e734fd31fbb123d6cdbda94431103c55910053a"
          }
        ],
        "gender": "male",
        "birthDate": "1949-02",
        "deceasedBoolean": true,
        "address": [
          {
            "type": "both",
            "postalCode": "391",
            "country": "DE"
          }
        ]
      },
      "search": {
        "mode": "match"
      }
    },
    {
      "fullUrl": "http://num-fhirserver.distan.medicsh.de:8080/fhir/Encounter/PV-AK-80a497861d2f4d88d1870732f2c1b8a2717bea83d85ef82444b198b6",
      "resource": {
        "resourceType": "Encounter",
        "id": "PV-AK-80a497861d2f4d88d1870732f2c1b8a2717bea83d85ef82444b198b6",
        "meta": {
          "versionId": "234959705",
          "lastUpdated": "2025-03-19T14:09:42.253Z",
          "source": "http://medic.uksh.de/source/orbis/adt",
          "profile": [
            "https://www.medizininformatik-initiative.de/fhir/core/modul-fall/StructureDefinition/KontaktGesundheitseinrichtung|2025.0.0"
          ]
        },
        "identifier": [
          {
            "use": "official",
            "type": {
              "coding": [
                {
                  "system": "http://terminology.hl7.org/CodeSystem/v2-0203",
                  "code": "VN"
                }
              ]
            },
            "system": "http://medic.uksh.de/fhir/Encounter",
            "value": "c4251e632f088a8e579ca5f7b6ec7ccd76b0b8b70d0fccdad0c4979c"
          },
          {
            "use": "secondary",
            "type": {
              "coding": [
                {
                  "system": "http://terminology.hl7.org/CodeSystem/v2-0203",
                  "code": "U"
                }
              ]
            },
            "system": "http://medic.uksh.de.de/fhir/Encounter/department",
            "value": "LMED1.2022-07-20T10:44:00"
          }
        ],
        "status": "finished",
        "class": {
          "system": "http://terminology.hl7.org/CodeSystem/v3-ActCode",
          "code": "IMP"
        },
        "type": [
          {
            "coding": [
              {
                "system": "http://fhir.de/CodeSystem/Kontaktebene",
                "code": "abteilungskontakt"
              }
            ]
          }
        ],
        "subject": {
          "reference": "Patient/PID-9ecfd17f3070a0ca1e734fd31fbb123d6cdbda94431103c55910053a"
        },
        "period": {
          "start": "2022-07-20T10:44:00+02:00",
          "end": "2022-07-20T21:02:00+02:00"
        },
        "location": [
          {
            "location": {
              "reference": "Location/LMED1-LINAS1"
            },
            "status": "completed",
            "physicalType": {
              "coding": [
                {
                  "system": "http://terminology.hl7.org/CodeSystem/location-physical-type",
                  "code": "wa"
                }
              ]
            },
            "period": {
              "start": "2022-07-20T10:44:00+02:00",
              "end": "2022-07-20T21:02:00+02:00"
            }
          }
        ],
        "partOf": {
          "reference": "Encounter/PV-c4251e632f088a8e579ca5f7b6ec7ccd76b0b8b70d0fccdad0c4979c"
        }
      },
      "search": {
        "mode": "match"
      }
    },
    {
      "fullUrl": "http://num-fhirserver.distan.medicsh.de:8080/fhir/Location/LMED1-LINAS1",
      "resource": {
        "resourceType": "Location",
        "id": "LMED1-LINAS1",
        "meta": {
          "versionId": "37575472",
          "lastUpdated": "2025-03-11T15:53:54.399Z"
        },
        "name": "Interdisziplinäre Notaufnahme Lübeck",
        "type": [
          {
            "coding": [
              {
                "system": "http://terminology.hl7.org/CodeSystem/v3-RoleCode",
                "code": "HOSP"
              }
            ]
          }
        ],
        "physicalType": {
          "coding": [
            {
              "system": "http://terminology.hl7.org/CodeSystem/location-physical-type",
              "code": "wa",
              "display": "Ward"
            }
          ]
        },
        "partOf": {
          "reference": "Location/LMED1"
        }
      },
      "search": {
        "mode": "match"
      }
    },
    {
      "fullUrl": "http://num-fhirserver.distan.medicsh.de:8080/fhir/Encounter/PV-VK-04f5f1bb90b83af7235a570b18b9d52fe158ac401f1ac5f6de0fa4cb",
      "resource": {
        "resourceType": "Encounter",
        "id": "PV-VK-04f5f1bb90b83af7235a570b18b9d52fe158ac401f1ac5f6de0fa4cb",
        "meta": {
          "versionId": "234959696",
          "lastUpdated": "2025-03-19T14:09:42.237Z",
          "source": "http://medic.uksh.de/source/orbis/adt",
          "profile": [
            "https://www.medizininformatik-initiative.de/fhir/core/modul-fall/StructureDefinition/KontaktGesundheitseinrichtung|2025.0.0"
          ]
        },
        "identifier": [
          {
            "use": "official",
            "type": {
              "coding": [
                {
                  "system": "http://terminology.hl7.org/CodeSystem/v2-0203",
                  "code": "VN"
                }
              ]
            },
            "system": "http://medic.uksh.de/fhir/Encounter",
            "value": "c4251e632f088a8e579ca5f7b6ec7ccd76b0b8b70d0fccdad0c4979c"
          },
          {
            "use": "secondary",
            "type": {
              "coding": [
                {
                  "system": "http://terminology.hl7.org/CodeSystem/v2-0203",
                  "code": "U"
                }
              ]
            },
            "system": "http://medic.uksh.de.de/fhir/Encounter/department",
            "value": "LMED1.LINAS1.2022-07-20T10:44:00"
          }
        ],
        "status": "finished",
        "class": {
          "system": "http://terminology.hl7.org/CodeSystem/v3-ActCode",
          "code": "IMP"
        },
        "type": [
          {
            "coding": [
              {
                "system": "http://fhir.de/CodeSystem/Kontaktebene",
                "code": "versorgungsstellenkontakt"
              }
            ]
          }
        ],
        "subject": {
          "reference": "Patient/PID-9ecfd17f3070a0ca1e734fd31fbb123d6cdbda94431103c55910053a"
        },
        "period": {
          "start": "2022-07-20T10:44:00+02:00",
          "end": "2022-07-20T21:02:00+02:00"
        },
        "location": [
          {
            "location": {
              "reference": "Location/LMED1-LINAS1"
            },
            "status": "completed",
            "physicalType": {
              "coding": [
                {
                  "system": "http://terminology.hl7.org/CodeSystem/location-physical-type",
                  "code": "wa"
                }
              ]
            },
            "period": {
              "start": "2022-07-20T10:44:00+02:00",
              "end": "2022-07-20T21:02:00+02:00"
            }
          }
        ],
        "partOf": {
          "reference": "Encounter/PV-AK-80a497861d2f4d88d1870732f2c1b8a2717bea83d85ef82444b198b6"
        }
      },
      "search": {
        "mode": "match"
      }
    },
    {
      "fullUrl": "http://num-fhirserver.distan.medicsh.de:8080/fhir/Encounter/PV-c4251e632f088a8e579ca5f7b6ec7ccd76b0b8b70d0fccdad0c4979c",
      "resource": {
        "resourceType": "Encounter",
        "id": "PV-c4251e632f088a8e579ca5f7b6ec7ccd76b0b8b70d0fccdad0c4979c",
        "meta": {
          "versionId": "234959672",
          "lastUpdated": "2025-03-19T14:09:42.188Z",
          "source": "http://medic.uksh.de/source/orbis/adt",
          "profile": [
            "https://www.medizininformatik-initiative.de/fhir/core/modul-fall/StructureDefinition/KontaktGesundheitseinrichtung|2025.0.0"
          ]
        },
        "identifier": [
          {
            "use": "official",
            "type": {
              "coding": [
                {
                  "system": "http://terminology.hl7.org/CodeSystem/v2-0203",
                  "code": "VN"
                }
              ]
            },
            "system": "http://medic.uksh.de/fhir/Encounter",
            "value": "c4251e632f088a8e579ca5f7b6ec7ccd76b0b8b70d0fccdad0c4979c"
          }
        ],
        "status": "finished",
        "class": {
          "system": "http://terminology.hl7.org/CodeSystem/v3-ActCode",
          "code": "IMP"
        },
        "type": [
          {
            "coding": [
              {
                "system": "http://fhir.de/CodeSystem/Kontaktebene",
                "code": "einrichtungskontakt"
              }
            ]
          }
        ],
        "subject": {
          "reference": "Patient/PID-9ecfd17f3070a0ca1e734fd31fbb123d6cdbda94431103c55910053a"
        },
        "period": {
          "start": "2022-07-20T10:44:00+02:00",
          "end": "2022-07-20T21:02:00+02:00"
        },
        "hospitalization": {
          "dischargeDisposition": {
            "extension": [
              {
                "extension": [
                  {
                    "url": "ErsteUndZweiteStelle",
                    "valueCoding": {
                      "system": "http://fhir.de/CodeSystem/dkgev/EntlassungsgrundErsteUndZweiteStelle",
                      "code": "07",
                      "display": "Tod"
                    }
                  },
                  {
                    "url": "DritteStelle",
                    "valueCoding": {
                      "system": "http://fhir.de/CodeSystem/dkgev/EntlassungsgrundDritteStelle",
                      "code": "9",
                      "display": "keine Angabe"
                    }
                  }
                ],
                "url": "http://fhir.de/StructureDefinition/Entlassungsgrund"
              }
            ]
          }
        }
      },
      "search": {
        "mode": "match"
      }
    },
    {
      "fullUrl": "http://num-fhirserver.distan.medicsh.de:8080/fhir/Observation/VIT-0cf2e9dc0505e04e41f957aca9f8bdaa051379361962e06da71ba9de",
      "resource": {
        "resourceType": "Observation",
        "id": "VIT-0cf2e9dc0505e04e41f957aca9f8bdaa051379361962e06da71ba9de",
        "meta": {
          "versionId": "234959531",
          "lastUpdated": "2025-03-19T14:09:41.927Z",
          "profile": [
            "https://www.medizininformatik-initiative.de/fhir/core/modul-person/StructureDefinition/Vitalstatus|2025.0.1"
          ]
        },
        "status": "final",
        "category": [
          {
            "coding": [
              {
                "system": "http://terminology.hl7.org/CodeSystem/observation-category",
                "code": "survey"
              }
            ]
          }
        ],
        "code": {
          "coding": [
            {
              "system": "http://loinc.org",
              "code": "67162-8"
            }
          ]
        },
        "subject": {
          "reference": "Patient/PID-9ecfd17f3070a0ca1e734fd31fbb123d6cdbda94431103c55910053a"
        },
        "effectiveDateTime": "2022-07-20T10:44:00+02:00",
        "valueCodeableConcept": {
          "coding": [
            {
              "system": "https://www.medizininformatik-initiative.de/fhir/core/modul-person/CodeSystem/Vitalstatus",
              "code": "L"
            }
          ]
        }
      },
      "search": {
        "mode": "match"
      }
    },
    {
      "fullUrl": "http://num-fhirserver.distan.medicsh.de:8080/fhir/Observation/VIT-3a98a147829ad42905eea4a91e0209b2fbb1b0d4eb7c6a07c78add6a",
      "resource": {
        "resourceType": "Observation",
        "id": "VIT-3a98a147829ad42905eea4a91e0209b2fbb1b0d4eb7c6a07c78add6a",
        "meta": {
          "versionId": "234959687",
          "lastUpdated": "2025-03-19T14:09:42.216Z",
          "profile": [
            "https://www.medizininformatik-initiative.de/fhir/core/modul-person/StructureDefinition/Vitalstatus|2025.0.1"
          ]
        },
        "status": "final",
        "category": [
          {
            "coding": [
              {
                "system": "http://terminology.hl7.org/CodeSystem/observation-category",
                "code": "survey"
              }
            ]
          }
        ],
        "code": {
          "coding": [
            {
              "system": "http://loinc.org",
              "code": "67162-8"
            }
          ]
        },
        "subject": {
          "reference": "Patient/PID-9ecfd17f3070a0ca1e734fd31fbb123d6cdbda94431103c55910053a"
        },
        "effectiveDateTime": "2022-07-20T21:02:00+02:00",
        "valueCodeableConcept": {
          "coding": [
            {
              "system": "https://www.medizininformatik-initiative.de/fhir/core/modul-person/CodeSystem/Vitalstatus",
              "code": "T"
            }
          ]
        }
      },
      "search": {
        "mode": "match"
      }
    }
  ]
}
