{
  "resourceType": "Bundle",
  "id": "DGTUX4OCFLDE336X",
  "type": "searchset",
  "total": 3,
  "entry": [
    {
      "fullUrl": "http://num-fhirserver.distan.medicsh.de:8080/fhir/Patient/PID-a17fa7d5004b7180e05785320f1474197065fb4c7245e2078b2e1eb7",
      "resource": {
        "resourceType": "Patient",
        "id": "PID-a17fa7d5004b7180e05785320f1474197065fb4c7245e2078b2e1eb7",
        "meta": {
          "versionId": "164408641",
          "lastUpdated": "2025-03-16T08:55:29.562Z",
          "profile": [
            "https://www.medizininformatik-initiative.de/fhir/core/modul-person/StructureDefinition/PatientPseudonymisiert|2025.0.1"
          ]
        },
        "identifier": [
          {
            "use": "usual",
            "type": {
              "coding": [
                {
                  "system": "http://terminology.hl7.org/CodeSystem/v3-ObservationValue",
                  "code": "PSEUDED"
                }
              ]
            },
            "system": "https://www.medizininformatik-initiative.de/fhir/sid/pseudonym",
            "value": "a17fa7d5004b7180e05785320f1474197065fb4c7245e2078b2e1eb7"
          }
        ],
        "gender": "female",
        "birthDate": "2006-10",
        "deceasedBoolean": true
      },
      "search": {
        "mode": "match"
      }
    },
    {
      "fullUrl": "http://num-fhirserver.distan.medicsh.de:8080/fhir/Encounter/PV-947268de61924df5b94965d3c38a16e4f5be284b9c65b8deb13c1529",
      "resource": {
        "resourceType": "Encounter",
        "id": "PV-947268de61924df5b94965d3c38a16e4f5be284b9c65b8deb13c1529",
        "meta": {
          "versionId": "164408643",
          "lastUpdated": "2025-03-16T08:55:29.574Z",
          "source": "http://medic.uksh.de/source/orbis/legacy",
          "profile": [
            "https://www.medizininformatik-initiative.de/fhir/core/modul-fall/StructureDefinition/KontaktGesundheitseinrichtung|2025.0.0"
          ]
        },
        "identifier": [
          {
            "use": "official",
            "type": {
              "coding": [
                {
                  "system": "http://terminology.hl7.org/CodeSystem/v2-0203",
                  "code": "VN"
                }
              ]
            },
            "system": "http://medic.uksh.de/fhir/Encounter",
            "value": "947268de61924df5b94965d3c38a16e4f5be284b9c65b8deb13c1529"
          }
        ],
        "status": "finished",
        "class": {
          "system": "http://terminology.hl7.org/CodeSystem/v3-ActCode",
          "code": "AMB"
        },
        "type": [
          {
            "coding": [
              {
                "system": "http://fhir.de/CodeSystem/Kontaktebene",
                "code": "einrichtungskontakt"
              }
            ]
          }
        ],
        "subject": {
          "reference": "Patient/PID-a17fa7d5004b7180e05785320f1474197065fb4c7245e2078b2e1eb7"
        },
        "period": {
          "start": "2006-10-01T00:00:00+02:00",
          "end": "2006-12-31T23:59:59+01:00"
        }
      },
      "search": {
        "mode": "match"
      }
    },
    {
      "fullUrl": "http://num-fhirserver.distan.medicsh.de:8080/fhir/Observation/VIT-eb34d14410aa588ef174e059256276b72c2b8f1096924cf05952077e",
      "resource": {
        "resourceType": "Observation",
        "id": "VIT-eb34d14410aa588ef174e059256276b72c2b8f1096924cf05952077e",
        "meta": {
          "versionId": "164408646",
          "lastUpdated": "2025-03-16T08:55:29.591Z",
          "profile": [
            "https://www.medizininformatik-initiative.de/fhir/core/modul-person/StructureDefinition/Vitalstatus|2025.0.1"
          ]
        },
        "status": "final",
        "category": [
          {
            "coding": [
              {
                "system": "http://terminology.hl7.org/CodeSystem/observation-category",
                "code": "survey"
              }
            ]
          }
        ],
        "code": {
          "coding": [
            {
              "system": "http://loinc.org",
              "code": "67162-8"
            }
          ]
        },
        "subject": {
          "reference": "Patient/PID-a17fa7d5004b7180e05785320f1474197065fb4c7245e2078b2e1eb7"
        },
        "effectiveDateTime": "2006-10-01T00:00:00+02:00",
        "valueCodeableConcept": {
          "coding": [
            {
              "system": "https://www.medizininformatik-initiative.de/fhir/core/modul-person/CodeSystem/Vitalstatus",
              "code": "L"
            }
          ]
        }
      },
      "search": {
        "mode": "match"
      }
    }
  ]
}
