{
  "resourceType": "Bundle",
  "id": "DGTUX6YGMZZQ3BE7",
  "type": "searchset",
  "total": 3,
  "entry": [
    {
      "fullUrl": "http://num-fhirserver.distan.medicsh.de:8080/fhir/Patient/PID-a41fd282876b67f76d525ebd06942b3a4a76b2ec883a729e508156bf",
      "resource": {
        "resourceType": "Patient",
        "id": "PID-a41fd282876b67f76d525ebd06942b3a4a76b2ec883a729e508156bf",
        "meta": {
          "versionId": "62064467",
          "lastUpdated": "2025-03-12T17:55:17.520Z",
          "profile": [
            "https://www.medizininformatik-initiative.de/fhir/core/modul-person/StructureDefinition/PatientPseudonymisiert|2025.0.1"
          ]
        },
        "identifier": [
          {
            "use": "usual",
            "type": {
              "coding": [
                {
                  "system": "http://terminology.hl7.org/CodeSystem/v3-ObservationValue",
                  "code": "PSEUDED"
                }
              ]
            },
            "system": "https://www.medizininformatik-initiative.de/fhir/sid/pseudonym",
            "value": "a41fd282876b67f76d525ebd06942b3a4a76b2ec883a729e508156bf"
          }
        ],
        "gender": "male",
        "birthDate": "1966-01",
        "deceasedBoolean": true
      },
      "search": {
        "mode": "match"
      }
    },
    {
      "fullUrl": "http://num-fhirserver.distan.medicsh.de:8080/fhir/Encounter/PV-c90dcae9e3b1ada545cfd84778763df1c1e24b5187200970c78bb42a",
      "resource": {
        "resourceType": "Encounter",
        "id": "PV-c90dcae9e3b1ada545cfd84778763df1c1e24b5187200970c78bb42a",
        "meta": {
          "versionId": "61907835",
          "lastUpdated": "2025-03-12T17:44:53.151Z",
          "source": "http://medic.uksh.de/source/orbis/legacy",
          "profile": [
            "https://www.medizininformatik-initiative.de/fhir/core/modul-fall/StructureDefinition/KontaktGesundheitseinrichtung|2025.0.0"
          ]
        },
        "identifier": [
          {
            "use": "official",
            "type": {
              "coding": [
                {
                  "system": "http://terminology.hl7.org/CodeSystem/v2-0203",
                  "code": "VN"
                }
              ]
            },
            "system": "http://medic.uksh.de/fhir/Encounter",
            "value": "c90dcae9e3b1ada545cfd84778763df1c1e24b5187200970c78bb42a"
          }
        ],
        "status": "finished",
        "class": {
          "system": "http://terminology.hl7.org/CodeSystem/v3-ActCode",
          "code": "AMB"
        },
        "type": [
          {
            "coding": [
              {
                "system": "http://fhir.de/CodeSystem/Kontaktebene",
                "code": "einrichtungskontakt"
              }
            ]
          }
        ],
        "subject": {
          "reference": "Patient/PID-a41fd282876b67f76d525ebd06942b3a4a76b2ec883a729e508156bf"
        },
        "period": {
          "start": "2017-07-03T13:39:00+02:00",
          "end": "2017-09-30T23:59:59+02:00"
        },
        "hospitalization": {
          "admitSource": {
            "coding": [
              {
                "system": "http://fhir.de/CodeSystem/dgkev/Aufnahmeanlass",
                "code": "E"
              }
            ]
          }
        }
      },
      "search": {
        "mode": "match"
      }
    },
    {
      "fullUrl": "http://num-fhirserver.distan.medicsh.de:8080/fhir/Observation/VIT-3caa9a89c1d0d292d109a135ab9ba4d26c4f86b3c9aa35bd2e0db65b",
      "resource": {
        "resourceType": "Observation",
        "id": "VIT-3caa9a89c1d0d292d109a135ab9ba4d26c4f86b3c9aa35bd2e0db65b",
        "meta": {
          "versionId": "61907849",
          "lastUpdated": "2025-03-12T17:44:53.171Z",
          "profile": [
            "https://www.medizininformatik-initiative.de/fhir/core/modul-person/StructureDefinition/Vitalstatus|2025.0.1"
          ]
        },
        "status": "final",
        "category": [
          {
            "coding": [
              {
                "system": "http://terminology.hl7.org/CodeSystem/observation-category",
                "code": "survey"
              }
            ]
          }
        ],
        "code": {
          "coding": [
            {
              "system": "http://loinc.org",
              "code": "67162-8"
            }
          ]
        },
        "subject": {
          "reference": "Patient/PID-a41fd282876b67f76d525ebd06942b3a4a76b2ec883a729e508156bf"
        },
        "effectiveDateTime": "2017-07-03T13:39:00+02:00",
        "valueCodeableConcept": {
          "coding": [
            {
              "system": "https://www.medizininformatik-initiative.de/fhir/core/modul-person/CodeSystem/Vitalstatus",
              "code": "L"
            }
          ]
        }
      },
      "search": {
        "mode": "match"
      }
    }
  ]
}
