{
  "resourceType": "Bundle",
  "id": "DGTUYA6SAZKTJEOV",
  "type": "searchset",
  "total": 3,
  "entry": [
    {
      "fullUrl": "http://num-fhirserver.distan.medicsh.de:8080/fhir/Patient/PID-a4c1b84b90631ca3b38449f2bcdd67f01663493d3f375dafb09dcb04",
      "resource": {
        "resourceType": "Patient",
        "id": "PID-a4c1b84b90631ca3b38449f2bcdd67f01663493d3f375dafb09dcb04",
        "meta": {
          "versionId": "189336312",
          "lastUpdated": "2025-03-17T23:53:58.500Z",
          "profile": [
            "https://www.medizininformatik-initiative.de/fhir/core/modul-person/StructureDefinition/PatientPseudonymisiert|2025.0.1"
          ]
        },
        "identifier": [
          {
            "use": "usual",
            "type": {
              "coding": [
                {
                  "system": "http://terminology.hl7.org/CodeSystem/v3-ObservationValue",
                  "code": "PSEUDED"
                }
              ]
            },
            "system": "https://www.medizininformatik-initiative.de/fhir/sid/pseudonym",
            "value": "a4c1b84b90631ca3b38449f2bcdd67f01663493d3f375dafb09dcb04"
          }
        ],
        "gender": "male",
        "birthDate": "1945-01",
        "deceasedBoolean": true
      },
      "search": {
        "mode": "match"
      }
    },
    {
      "fullUrl": "http://num-fhirserver.distan.medicsh.de:8080/fhir/Encounter/PV-a6fbb3d933913d707ad51b7937f7647d2b233871c3248122bd303c8e",
      "resource": {
        "resourceType": "Encounter",
        "id": "PV-a6fbb3d933913d707ad51b7937f7647d2b233871c3248122bd303c8e",
        "meta": {
          "versionId": "189336366",
          "lastUpdated": "2025-03-17T23:53:58.587Z",
          "source": "http://medic.uksh.de/source/orbis/legacy",
          "profile": [
            "https://www.medizininformatik-initiative.de/fhir/core/modul-fall/StructureDefinition/KontaktGesundheitseinrichtung|2025.0.0"
          ]
        },
        "identifier": [
          {
            "use": "official",
            "type": {
              "coding": [
                {
                  "system": "http://terminology.hl7.org/CodeSystem/v2-0203",
                  "code": "VN"
                }
              ]
            },
            "system": "http://medic.uksh.de/fhir/Encounter",
            "value": "a6fbb3d933913d707ad51b7937f7647d2b233871c3248122bd303c8e"
          }
        ],
        "status": "finished",
        "class": {
          "system": "http://terminology.hl7.org/CodeSystem/v3-ActCode",
          "code": "AMB"
        },
        "type": [
          {
            "coding": [
              {
                "system": "http://fhir.de/CodeSystem/Kontaktebene",
                "code": "einrichtungskontakt"
              }
            ]
          }
        ],
        "subject": {
          "reference": "Patient/PID-a4c1b84b90631ca3b38449f2bcdd67f01663493d3f375dafb09dcb04"
        },
        "period": {
          "start": "2015-01-06T15:16:00+01:00",
          "end": "2015-03-31T23:59:59+02:00"
        },
        "hospitalization": {
          "admitSource": {
            "coding": [
              {
                "system": "http://fhir.de/CodeSystem/dgkev/Aufnahmeanlass",
                "code": "E"
              }
            ]
          }
        }
      },
      "search": {
        "mode": "match"
      }
    },
    {
      "fullUrl": "http://num-fhirserver.distan.medicsh.de:8080/fhir/Observation/VIT-d01b642488643bb59b82814a5d277d51bacfd0cf8108c0c92aa82623",
      "resource": {
        "resourceType": "Observation",
        "id": "VIT-d01b642488643bb59b82814a5d277d51bacfd0cf8108c0c92aa82623",
        "meta": {
          "versionId": "189336382",
          "lastUpdated": "2025-03-17T23:53:58.626Z",
          "profile": [
            "https://www.medizininformatik-initiative.de/fhir/core/modul-person/StructureDefinition/Vitalstatus|2025.0.1"
          ]
        },
        "status": "final",
        "category": [
          {
            "coding": [
              {
                "system": "http://terminology.hl7.org/CodeSystem/observation-category",
                "code": "survey"
              }
            ]
          }
        ],
        "code": {
          "coding": [
            {
              "system": "http://loinc.org",
              "code": "67162-8"
            }
          ]
        },
        "subject": {
          "reference": "Patient/PID-a4c1b84b90631ca3b38449f2bcdd67f01663493d3f375dafb09dcb04"
        },
        "effectiveDateTime": "2015-01-06T15:16:00+01:00",
        "valueCodeableConcept": {
          "coding": [
            {
              "system": "https://www.medizininformatik-initiative.de/fhir/core/modul-person/CodeSystem/Vitalstatus",
              "code": "L"
            }
          ]
        }
      },
      "search": {
        "mode": "match"
      }
    }
  ]
}
