{
  "resourceType": "Bundle",
  "id": "DGTUX5IS67IDT5YK",
  "type": "searchset",
  "total": 5,
  "entry": [
    {
      "fullUrl": "http://num-fhirserver.distan.medicsh.de:8080/fhir/Patient/PID-a63f66191950024b00007c4b5c281a9b7118f10e5718114025418db7",
      "resource": {
        "resourceType": "Patient",
        "id": "PID-a63f66191950024b00007c4b5c281a9b7118f10e5718114025418db7",
        "meta": {
          "versionId": "75300410",
          "lastUpdated": "2025-03-13T07:06:00.973Z",
          "profile": [
            "https://www.medizininformatik-initiative.de/fhir/core/modul-person/StructureDefinition/PatientPseudonymisiert|2025.0.1"
          ]
        },
        "identifier": [
          {
            "use": "usual",
            "type": {
              "coding": [
                {
                  "system": "http://terminology.hl7.org/CodeSystem/v3-ObservationValue",
                  "code": "PSEUDED"
                }
              ]
            },
            "system": "https://www.medizininformatik-initiative.de/fhir/sid/pseudonym",
            "value": "a63f66191950024b00007c4b5c281a9b7118f10e5718114025418db7"
          }
        ],
        "gender": "male",
        "birthDate": "2007-03",
        "deceasedBoolean": true
      },
      "search": {
        "mode": "match"
      }
    },
    {
      "fullUrl": "http://num-fhirserver.distan.medicsh.de:8080/fhir/Encounter/PV-0b3cd8559b2b01d4600c896a41f528250557e1adae0cac56d96bdb80",
      "resource": {
        "resourceType": "Encounter",
        "id": "PV-0b3cd8559b2b01d4600c896a41f528250557e1adae0cac56d96bdb80",
        "meta": {
          "versionId": "75300413",
          "lastUpdated": "2025-03-13T07:06:00.984Z",
          "source": "http://medic.uksh.de/source/orbis/legacy",
          "profile": [
            "https://www.medizininformatik-initiative.de/fhir/core/modul-fall/StructureDefinition/KontaktGesundheitseinrichtung|2025.0.0"
          ]
        },
        "identifier": [
          {
            "use": "official",
            "type": {
              "coding": [
                {
                  "system": "http://terminology.hl7.org/CodeSystem/v2-0203",
                  "code": "VN"
                }
              ]
            },
            "system": "http://medic.uksh.de/fhir/Encounter",
            "value": "0b3cd8559b2b01d4600c896a41f528250557e1adae0cac56d96bdb80"
          }
        ],
        "status": "finished",
        "class": {
          "system": "http://terminology.hl7.org/CodeSystem/v3-ActCode",
          "code": "AMB"
        },
        "type": [
          {
            "coding": [
              {
                "system": "http://fhir.de/CodeSystem/Kontaktebene",
                "code": "einrichtungskontakt"
              }
            ]
          }
        ],
        "subject": {
          "reference": "Patient/PID-a63f66191950024b00007c4b5c281a9b7118f10e5718114025418db7"
        },
        "period": {
          "start": "2007-04-13T09:19:00+02:00",
          "end": "2007-06-30T23:59:59+02:00"
        }
      },
      "search": {
        "mode": "match"
      }
    },
    {
      "fullUrl": "http://num-fhirserver.distan.medicsh.de:8080/fhir/Encounter/PV-e5e95e9e4e72bba88fad0b3774067840429ac07f0a09ad5a97ce70f7",
      "resource": {
        "resourceType": "Encounter",
        "id": "PV-e5e95e9e4e72bba88fad0b3774067840429ac07f0a09ad5a97ce70f7",
        "meta": {
          "versionId": "75301078",
          "lastUpdated": "2025-03-13T07:06:02.764Z",
          "source": "http://medic.uksh.de/source/orbis/legacy",
          "profile": [
            "https://www.medizininformatik-initiative.de/fhir/core/modul-fall/StructureDefinition/KontaktGesundheitseinrichtung|2025.0.0"
          ]
        },
        "identifier": [
          {
            "use": "official",
            "type": {
              "coding": [
                {
                  "system": "http://terminology.hl7.org/CodeSystem/v2-0203",
                  "code": "VN"
                }
              ]
            },
            "system": "http://medic.uksh.de/fhir/Encounter",
            "value": "e5e95e9e4e72bba88fad0b3774067840429ac07f0a09ad5a97ce70f7"
          }
        ],
        "status": "finished",
        "class": {
          "system": "http://terminology.hl7.org/CodeSystem/v3-ActCode",
          "code": "AMB"
        },
        "type": [
          {
            "coding": [
              {
                "system": "http://fhir.de/CodeSystem/Kontaktebene",
                "code": "einrichtungskontakt"
              }
            ]
          }
        ],
        "subject": {
          "reference": "Patient/PID-a63f66191950024b00007c4b5c281a9b7118f10e5718114025418db7"
        },
        "period": {
          "start": "2007-03-01T08:00:00+01:00",
          "end": "2007-03-31T23:59:59+02:00"
        }
      },
      "search": {
        "mode": "match"
      }
    },
    {
      "fullUrl": "http://num-fhirserver.distan.medicsh.de:8080/fhir/Observation/VIT-1545c65ebeec8379c05bc99d0092cee90084ad8e69518ae706386c8d",
      "resource": {
        "resourceType": "Observation",
        "id": "VIT-1545c65ebeec8379c05bc99d0092cee90084ad8e69518ae706386c8d",
        "meta": {
          "versionId": "75300422",
          "lastUpdated": "2025-03-13T07:06:01.001Z",
          "profile": [
            "https://www.medizininformatik-initiative.de/fhir/core/modul-person/StructureDefinition/Vitalstatus|2025.0.1"
          ]
        },
        "status": "final",
        "category": [
          {
            "coding": [
              {
                "system": "http://terminology.hl7.org/CodeSystem/observation-category",
                "code": "survey"
              }
            ]
          }
        ],
        "code": {
          "coding": [
            {
              "system": "http://loinc.org",
              "code": "67162-8"
            }
          ]
        },
        "subject": {
          "reference": "Patient/PID-a63f66191950024b00007c4b5c281a9b7118f10e5718114025418db7"
        },
        "effectiveDateTime": "2007-04-13T09:19:00+02:00",
        "valueCodeableConcept": {
          "coding": [
            {
              "system": "https://www.medizininformatik-initiative.de/fhir/core/modul-person/CodeSystem/Vitalstatus",
              "code": "L"
            }
          ]
        }
      },
      "search": {
        "mode": "match"
      }
    },
    {
      "fullUrl": "http://num-fhirserver.distan.medicsh.de:8080/fhir/Observation/VIT-d04e1b538674c2e99e7009dc2b50dbd20d29694e81ad403528e31bb0",
      "resource": {
        "resourceType": "Observation",
        "id": "VIT-d04e1b538674c2e99e7009dc2b50dbd20d29694e81ad403528e31bb0",
        "meta": {
          "versionId": "75301086",
          "lastUpdated": "2025-03-13T07:06:02.790Z",
          "profile": [
            "https://www.medizininformatik-initiative.de/fhir/core/modul-person/StructureDefinition/Vitalstatus|2025.0.1"
          ]
        },
        "status": "final",
        "category": [
          {
            "coding": [
              {
                "system": "http://terminology.hl7.org/CodeSystem/observation-category",
                "code": "survey"
              }
            ]
          }
        ],
        "code": {
          "coding": [
            {
              "system": "http://loinc.org",
              "code": "67162-8"
            }
          ]
        },
        "subject": {
          "reference": "Patient/PID-a63f66191950024b00007c4b5c281a9b7118f10e5718114025418db7"
        },
        "effectiveDateTime": "2007-03-01T08:00:00+01:00",
        "valueCodeableConcept": {
          "coding": [
            {
              "system": "https://www.medizininformatik-initiative.de/fhir/core/modul-person/CodeSystem/Vitalstatus",
              "code": "L"
            }
          ]
        }
      },
      "search": {
        "mode": "match"
      }
    }
  ]
}
