{
  "resourceType": "Bundle",
  "id": "DGTUYATC6LHH74MW",
  "type": "searchset",
  "total": 3,
  "entry": [
    {
      "fullUrl": "http://num-fhirserver.distan.medicsh.de:8080/fhir/Patient/PID-a8284bb74fc4c5adb73bc0b8ec36c3cb929d05fa0c5666a2db416863",
      "resource": {
        "resourceType": "Patient",
        "id": "PID-a8284bb74fc4c5adb73bc0b8ec36c3cb929d05fa0c5666a2db416863",
        "meta": {
          "versionId": "164362851",
          "lastUpdated": "2025-03-16T08:27:15.393Z",
          "profile": [
            "https://www.medizininformatik-initiative.de/fhir/core/modul-person/StructureDefinition/PatientPseudonymisiert|2025.0.1"
          ]
        },
        "identifier": [
          {
            "use": "usual",
            "type": {
              "coding": [
                {
                  "system": "http://terminology.hl7.org/CodeSystem/v3-ObservationValue",
                  "code": "PSEUDED"
                }
              ]
            },
            "system": "https://www.medizininformatik-initiative.de/fhir/sid/pseudonym",
            "value": "a8284bb74fc4c5adb73bc0b8ec36c3cb929d05fa0c5666a2db416863"
          }
        ],
        "gender": "male",
        "birthDate": "1982-07",
        "deceasedBoolean": true
      },
      "search": {
        "mode": "match"
      }
    },
    {
      "fullUrl": "http://num-fhirserver.distan.medicsh.de:8080/fhir/Encounter/PV-e8dc0d017e1cc1811cbfa70b7336438206fe2c83c1a92088df3bc3ef",
      "resource": {
        "resourceType": "Encounter",
        "id": "PV-e8dc0d017e1cc1811cbfa70b7336438206fe2c83c1a92088df3bc3ef",
        "meta": {
          "versionId": "164362846",
          "lastUpdated": "2025-03-16T08:27:15.243Z",
          "source": "http://medic.uksh.de/source/orbis/legacy",
          "profile": [
            "https://www.medizininformatik-initiative.de/fhir/core/modul-fall/StructureDefinition/KontaktGesundheitseinrichtung|2025.0.0"
          ]
        },
        "identifier": [
          {
            "use": "official",
            "type": {
              "coding": [
                {
                  "system": "http://terminology.hl7.org/CodeSystem/v2-0203",
                  "code": "VN"
                }
              ]
            },
            "system": "http://medic.uksh.de/fhir/Encounter",
            "value": "e8dc0d017e1cc1811cbfa70b7336438206fe2c83c1a92088df3bc3ef"
          }
        ],
        "status": "finished",
        "class": {
          "system": "http://terminology.hl7.org/CodeSystem/v3-ActCode",
          "code": "AMB"
        },
        "type": [
          {
            "coding": [
              {
                "system": "http://fhir.de/CodeSystem/Kontaktebene",
                "code": "einrichtungskontakt"
              }
            ]
          }
        ],
        "subject": {
          "reference": "Patient/PID-a8284bb74fc4c5adb73bc0b8ec36c3cb929d05fa0c5666a2db416863"
        },
        "period": {
          "start": "2017-09-01T12:23:00+02:00",
          "end": "2017-09-30T23:59:59+02:00"
        },
        "hospitalization": {
          "admitSource": {
            "coding": [
              {
                "system": "http://fhir.de/CodeSystem/dgkev/Aufnahmeanlass",
                "code": "E"
              }
            ]
          }
        }
      },
      "search": {
        "mode": "match"
      }
    },
    {
      "fullUrl": "http://num-fhirserver.distan.medicsh.de:8080/fhir/Observation/VIT-edc4e16c8478072d23589ce6374cb6b8626aeaa1d84bd4c77b348f2b",
      "resource": {
        "resourceType": "Observation",
        "id": "VIT-edc4e16c8478072d23589ce6374cb6b8626aeaa1d84bd4c77b348f2b",
        "meta": {
          "versionId": "164362848",
          "lastUpdated": "2025-03-16T08:27:15.272Z",
          "profile": [
            "https://www.medizininformatik-initiative.de/fhir/core/modul-person/StructureDefinition/Vitalstatus|2025.0.1"
          ]
        },
        "status": "final",
        "category": [
          {
            "coding": [
              {
                "system": "http://terminology.hl7.org/CodeSystem/observation-category",
                "code": "survey"
              }
            ]
          }
        ],
        "code": {
          "coding": [
            {
              "system": "http://loinc.org",
              "code": "67162-8"
            }
          ]
        },
        "subject": {
          "reference": "Patient/PID-a8284bb74fc4c5adb73bc0b8ec36c3cb929d05fa0c5666a2db416863"
        },
        "effectiveDateTime": "2017-09-01T12:23:00+02:00",
        "valueCodeableConcept": {
          "coding": [
            {
              "system": "https://www.medizininformatik-initiative.de/fhir/core/modul-person/CodeSystem/Vitalstatus",
              "code": "L"
            }
          ]
        }
      },
      "search": {
        "mode": "match"
      }
    }
  ]
}
