{
  "resourceType": "Bundle",
  "id": "DGTUX45T7VFVEF2R",
  "type": "searchset",
  "total": 5,
  "entry": [
    {
      "fullUrl": "http://num-fhirserver.distan.medicsh.de:8080/fhir/Patient/PID-a9c53f6dea16bdea042f52b8724c4668300afae97fce6107ff68f931",
      "resource": {
        "resourceType": "Patient",
        "id": "PID-a9c53f6dea16bdea042f52b8724c4668300afae97fce6107ff68f931",
        "meta": {
          "versionId": "145144856",
          "lastUpdated": "2025-03-15T09:12:19.979Z",
          "profile": [
            "https://www.medizininformatik-initiative.de/fhir/core/modul-person/StructureDefinition/PatientPseudonymisiert|2025.0.1"
          ]
        },
        "identifier": [
          {
            "use": "usual",
            "type": {
              "coding": [
                {
                  "system": "http://terminology.hl7.org/CodeSystem/v3-ObservationValue",
                  "code": "PSEUDED"
                }
              ]
            },
            "system": "https://www.medizininformatik-initiative.de/fhir/sid/pseudonym",
            "value": "a9c53f6dea16bdea042f52b8724c4668300afae97fce6107ff68f931"
          }
        ],
        "gender": "male",
        "birthDate": "2008-03",
        "deceasedBoolean": true
      },
      "search": {
        "mode": "match"
      }
    },
    {
      "fullUrl": "http://num-fhirserver.distan.medicsh.de:8080/fhir/Encounter/PV-079d0e4a0ba736286c92462e3bc0b86441d62914836debcff7607dad",
      "resource": {
        "resourceType": "Encounter",
        "id": "PV-079d0e4a0ba736286c92462e3bc0b86441d62914836debcff7607dad",
        "meta": {
          "versionId": "145144869",
          "lastUpdated": "2025-03-15T09:12:19.997Z",
          "source": "http://medic.uksh.de/source/orbis/legacy",
          "profile": [
            "https://www.medizininformatik-initiative.de/fhir/core/modul-fall/StructureDefinition/KontaktGesundheitseinrichtung|2025.0.0"
          ]
        },
        "identifier": [
          {
            "use": "official",
            "type": {
              "coding": [
                {
                  "system": "http://terminology.hl7.org/CodeSystem/v2-0203",
                  "code": "VN"
                }
              ]
            },
            "system": "http://medic.uksh.de/fhir/Encounter",
            "value": "079d0e4a0ba736286c92462e3bc0b86441d62914836debcff7607dad"
          }
        ],
        "status": "finished",
        "class": {
          "system": "http://terminology.hl7.org/CodeSystem/v3-ActCode",
          "code": "AMB"
        },
        "type": [
          {
            "coding": [
              {
                "system": "http://fhir.de/CodeSystem/Kontaktebene",
                "code": "einrichtungskontakt"
              }
            ]
          }
        ],
        "subject": {
          "reference": "Patient/PID-a9c53f6dea16bdea042f52b8724c4668300afae97fce6107ff68f931"
        },
        "period": {
          "start": "2008-03-01T07:43:00+01:00",
          "end": "2008-03-31T23:59:59+02:00"
        }
      },
      "search": {
        "mode": "match"
      }
    },
    {
      "fullUrl": "http://num-fhirserver.distan.medicsh.de:8080/fhir/Encounter/PV-e3a5e71fdf4fb66b00687f2d6128a0be52a496c6969564d2491620f4",
      "resource": {
        "resourceType": "Encounter",
        "id": "PV-e3a5e71fdf4fb66b00687f2d6128a0be52a496c6969564d2491620f4",
        "meta": {
          "versionId": "145144901",
          "lastUpdated": "2025-03-15T09:12:20.064Z",
          "source": "http://medic.uksh.de/source/orbis/legacy",
          "profile": [
            "https://www.medizininformatik-initiative.de/fhir/core/modul-fall/StructureDefinition/KontaktGesundheitseinrichtung|2025.0.0"
          ]
        },
        "identifier": [
          {
            "use": "official",
            "type": {
              "coding": [
                {
                  "system": "http://terminology.hl7.org/CodeSystem/v2-0203",
                  "code": "VN"
                }
              ]
            },
            "system": "http://medic.uksh.de/fhir/Encounter",
            "value": "e3a5e71fdf4fb66b00687f2d6128a0be52a496c6969564d2491620f4"
          }
        ],
        "status": "finished",
        "class": {
          "system": "http://terminology.hl7.org/CodeSystem/v3-ActCode",
          "code": "AMB"
        },
        "type": [
          {
            "coding": [
              {
                "system": "http://fhir.de/CodeSystem/Kontaktebene",
                "code": "einrichtungskontakt"
              }
            ]
          }
        ],
        "subject": {
          "reference": "Patient/PID-a9c53f6dea16bdea042f52b8724c4668300afae97fce6107ff68f931"
        },
        "period": {
          "start": "2008-03-01T07:15:00+01:00",
          "end": "2008-03-31T23:59:59+02:00"
        }
      },
      "search": {
        "mode": "match"
      }
    },
    {
      "fullUrl": "http://num-fhirserver.distan.medicsh.de:8080/fhir/Observation/VIT-321fb604d99650b383018e2cda00d7472b512b37359b8e21767015c1",
      "resource": {
        "resourceType": "Observation",
        "id": "VIT-321fb604d99650b383018e2cda00d7472b512b37359b8e21767015c1",
        "meta": {
          "versionId": "145144881",
          "lastUpdated": "2025-03-15T09:12:20.033Z",
          "profile": [
            "https://www.medizininformatik-initiative.de/fhir/core/modul-person/StructureDefinition/Vitalstatus|2025.0.1"
          ]
        },
        "status": "final",
        "category": [
          {
            "coding": [
              {
                "system": "http://terminology.hl7.org/CodeSystem/observation-category",
                "code": "survey"
              }
            ]
          }
        ],
        "code": {
          "coding": [
            {
              "system": "http://loinc.org",
              "code": "67162-8"
            }
          ]
        },
        "subject": {
          "reference": "Patient/PID-a9c53f6dea16bdea042f52b8724c4668300afae97fce6107ff68f931"
        },
        "effectiveDateTime": "2008-03-01T07:43:00+01:00",
        "valueCodeableConcept": {
          "coding": [
            {
              "system": "https://www.medizininformatik-initiative.de/fhir/core/modul-person/CodeSystem/Vitalstatus",
              "code": "L"
            }
          ]
        }
      },
      "search": {
        "mode": "match"
      }
    },
    {
      "fullUrl": "http://num-fhirserver.distan.medicsh.de:8080/fhir/Observation/VIT-79bc67c54959de3aae2aea4bb51712ad2f9235c5f6543e3690fe3976",
      "resource": {
        "resourceType": "Observation",
        "id": "VIT-79bc67c54959de3aae2aea4bb51712ad2f9235c5f6543e3690fe3976",
        "meta": {
          "versionId": "145144915",
          "lastUpdated": "2025-03-15T09:12:20.093Z",
          "profile": [
            "https://www.medizininformatik-initiative.de/fhir/core/modul-person/StructureDefinition/Vitalstatus|2025.0.1"
          ]
        },
        "status": "final",
        "category": [
          {
            "coding": [
              {
                "system": "http://terminology.hl7.org/CodeSystem/observation-category",
                "code": "survey"
              }
            ]
          }
        ],
        "code": {
          "coding": [
            {
              "system": "http://loinc.org",
              "code": "67162-8"
            }
          ]
        },
        "subject": {
          "reference": "Patient/PID-a9c53f6dea16bdea042f52b8724c4668300afae97fce6107ff68f931"
        },
        "effectiveDateTime": "2008-03-01T07:15:00+01:00",
        "valueCodeableConcept": {
          "coding": [
            {
              "system": "https://www.medizininformatik-initiative.de/fhir/core/modul-person/CodeSystem/Vitalstatus",
              "code": "L"
            }
          ]
        }
      },
      "search": {
        "mode": "match"
      }
    }
  ]
}
