{
  "resourceType": "Bundle",
  "id": "DGTUX6VE5YHD4UPZ",
  "type": "searchset",
  "total": 3,
  "entry": [
    {
      "fullUrl": "http://num-fhirserver.distan.medicsh.de:8080/fhir/Patient/PID-adbff4be636571c05e3540da0956a4dacd1960a30b3c47bea57bda03",
      "resource": {
        "resourceType": "Patient",
        "id": "PID-adbff4be636571c05e3540da0956a4dacd1960a30b3c47bea57bda03",
        "meta": {
          "versionId": "203452275",
          "lastUpdated": "2025-03-18T10:17:30.452Z",
          "profile": [
            "https://www.medizininformatik-initiative.de/fhir/core/modul-person/StructureDefinition/PatientPseudonymisiert|2025.0.1"
          ]
        },
        "identifier": [
          {
            "use": "usual",
            "type": {
              "coding": [
                {
                  "system": "http://terminology.hl7.org/CodeSystem/v3-ObservationValue",
                  "code": "PSEUDED"
                }
              ]
            },
            "system": "https://www.medizininformatik-initiative.de/fhir/sid/pseudonym",
            "value": "adbff4be636571c05e3540da0956a4dacd1960a30b3c47bea57bda03"
          }
        ],
        "gender": "male",
        "birthDate": "2000-07",
        "deceasedBoolean": true
      },
      "search": {
        "mode": "match"
      }
    },
    {
      "fullUrl": "http://num-fhirserver.distan.medicsh.de:8080/fhir/Encounter/PV-8da2365862e923c378300001120bfb7347b90531eae2e64a694cf423",
      "resource": {
        "resourceType": "Encounter",
        "id": "PV-8da2365862e923c378300001120bfb7347b90531eae2e64a694cf423",
        "meta": {
          "versionId": "203452228",
          "lastUpdated": "2025-03-18T10:17:30.330Z",
          "source": "http://medic.uksh.de/source/orbis/legacy",
          "profile": [
            "https://www.medizininformatik-initiative.de/fhir/core/modul-fall/StructureDefinition/KontaktGesundheitseinrichtung|2025.0.0"
          ]
        },
        "identifier": [
          {
            "use": "official",
            "type": {
              "coding": [
                {
                  "system": "http://terminology.hl7.org/CodeSystem/v2-0203",
                  "code": "VN"
                }
              ]
            },
            "system": "http://medic.uksh.de/fhir/Encounter",
            "value": "8da2365862e923c378300001120bfb7347b90531eae2e64a694cf423"
          }
        ],
        "status": "finished",
        "class": {
          "system": "http://terminology.hl7.org/CodeSystem/v3-ActCode",
          "code": "AMB"
        },
        "type": [
          {
            "coding": [
              {
                "system": "http://fhir.de/CodeSystem/Kontaktebene",
                "code": "einrichtungskontakt"
              }
            ]
          }
        ],
        "subject": {
          "reference": "Patient/PID-adbff4be636571c05e3540da0956a4dacd1960a30b3c47bea57bda03"
        },
        "period": {
          "start": "2018-07-03T13:20:00+02:00",
          "end": "2018-09-30T23:59:59+02:00"
        },
        "hospitalization": {
          "admitSource": {
            "coding": [
              {
                "system": "http://fhir.de/CodeSystem/dgkev/Aufnahmeanlass",
                "code": "E"
              }
            ]
          }
        }
      },
      "search": {
        "mode": "match"
      }
    },
    {
      "fullUrl": "http://num-fhirserver.distan.medicsh.de:8080/fhir/Observation/VIT-0c852aff99412dff9a254ed180e25bacfcf68302a98c2756f98033fb",
      "resource": {
        "resourceType": "Observation",
        "id": "VIT-0c852aff99412dff9a254ed180e25bacfcf68302a98c2756f98033fb",
        "meta": {
          "versionId": "203452239",
          "lastUpdated": "2025-03-18T10:17:30.361Z",
          "profile": [
            "https://www.medizininformatik-initiative.de/fhir/core/modul-person/StructureDefinition/Vitalstatus|2025.0.1"
          ]
        },
        "status": "final",
        "category": [
          {
            "coding": [
              {
                "system": "http://terminology.hl7.org/CodeSystem/observation-category",
                "code": "survey"
              }
            ]
          }
        ],
        "code": {
          "coding": [
            {
              "system": "http://loinc.org",
              "code": "67162-8"
            }
          ]
        },
        "subject": {
          "reference": "Patient/PID-adbff4be636571c05e3540da0956a4dacd1960a30b3c47bea57bda03"
        },
        "effectiveDateTime": "2018-07-03T13:20:00+02:00",
        "valueCodeableConcept": {
          "coding": [
            {
              "system": "https://www.medizininformatik-initiative.de/fhir/core/modul-person/CodeSystem/Vitalstatus",
              "code": "L"
            }
          ]
        }
      },
      "search": {
        "mode": "match"
      }
    }
  ]
}
