{
  "resourceType": "Bundle",
  "id": "DGTUX6CSG77CDCQO",
  "type": "searchset",
  "total": 12,
  "entry": [
    {
      "fullUrl": "http://num-fhirserver.distan.medicsh.de:8080/fhir/Patient/PID-aeef8c3d62af63a8793e7917f6dd96a5e7e3e3e869c0a7b4b6748736",
      "resource": {
        "resourceType": "Patient",
        "id": "PID-aeef8c3d62af63a8793e7917f6dd96a5e7e3e3e869c0a7b4b6748736",
        "meta": {
          "versionId": "242296868",
          "lastUpdated": "2025-03-21T04:46:25.170Z",
          "profile": [
            "https://www.medizininformatik-initiative.de/fhir/core/modul-person/StructureDefinition/PatientPseudonymisiert|2025.0.1"
          ]
        },
        "identifier": [
          {
            "use": "usual",
            "type": {
              "coding": [
                {
                  "system": "http://terminology.hl7.org/CodeSystem/v3-ObservationValue",
                  "code": "PSEUDED"
                }
              ]
            },
            "system": "https://www.medizininformatik-initiative.de/fhir/sid/pseudonym",
            "value": "aeef8c3d62af63a8793e7917f6dd96a5e7e3e3e869c0a7b4b6748736"
          }
        ],
        "gender": "male",
        "birthDate": "1968-04",
        "deceasedBoolean": true
      },
      "search": {
        "mode": "match"
      }
    },
    {
      "fullUrl": "http://num-fhirserver.distan.medicsh.de:8080/fhir/Encounter/PV-AK-eee23dc7b8677a0c2e936c5c9335f3ea30c743c535031a6f49c2388c",
      "resource": {
        "resourceType": "Encounter",
        "id": "PV-AK-eee23dc7b8677a0c2e936c5c9335f3ea30c743c535031a6f49c2388c",
        "meta": {
          "versionId": "242296873",
          "lastUpdated": "2025-03-21T04:46:25.342Z",
          "source": "http://medic.uksh.de/source/orbis/adt",
          "profile": [
            "https://www.medizininformatik-initiative.de/fhir/core/modul-fall/StructureDefinition/KontaktGesundheitseinrichtung|2025.0.0"
          ]
        },
        "identifier": [
          {
            "use": "official",
            "type": {
              "coding": [
                {
                  "system": "http://terminology.hl7.org/CodeSystem/v2-0203",
                  "code": "VN"
                }
              ]
            },
            "system": "http://medic.uksh.de/fhir/Encounter",
            "value": "a0b7260e20bdb682b824f22b7196a8c5d2fd8b6705bb7e5df38c620b"
          },
          {
            "use": "secondary",
            "type": {
              "coding": [
                {
                  "system": "http://terminology.hl7.org/CodeSystem/v2-0203",
                  "code": "U"
                }
              ]
            },
            "system": "http://medic.uksh.de.de/fhir/Encounter/department",
            "value": "KACHI.2024-01-09T10:55:00"
          }
        ],
        "status": "in-progress",
        "class": {
          "system": "http://terminology.hl7.org/CodeSystem/v3-ActCode",
          "code": "IMP"
        },
        "type": [
          {
            "coding": [
              {
                "system": "http://fhir.de/CodeSystem/Kontaktebene",
                "code": "abteilungskontakt"
              }
            ]
          }
        ],
        "subject": {
          "reference": "Patient/PID-aeef8c3d62af63a8793e7917f6dd96a5e7e3e3e869c0a7b4b6748736"
        },
        "period": {
          "start": "2024-01-09T10:55:00+01:00"
        },
        "location": [
          {
            "location": {
              "reference": "Location/KACHI-KC111"
            },
            "status": "active",
            "physicalType": {
              "coding": [
                {
                  "system": "http://terminology.hl7.org/CodeSystem/location-physical-type",
                  "code": "wa"
                }
              ]
            },
            "period": {
              "start": "2024-01-09T10:55:00+01:00"
            }
          }
        ],
        "partOf": {
          "reference": "Encounter/PV-a0b7260e20bdb682b824f22b7196a8c5d2fd8b6705bb7e5df38c620b"
        }
      },
      "search": {
        "mode": "match"
      }
    },
    {
      "fullUrl": "http://num-fhirserver.distan.medicsh.de:8080/fhir/Location/KACHI-KC111",
      "resource": {
        "resourceType": "Location",
        "id": "KACHI-KC111",
        "meta": {
          "versionId": "37282075",
          "lastUpdated": "2025-03-11T15:42:55.860Z"
        },
        "name": "KI - Station C.111",
        "type": [
          {
            "coding": [
              {
                "system": "http://terminology.hl7.org/CodeSystem/v3-RoleCode",
                "code": "HOSP"
              }
            ]
          }
        ],
        "physicalType": {
          "coding": [
            {
              "system": "http://terminology.hl7.org/CodeSystem/location-physical-type",
              "code": "wa",
              "display": "Ward"
            }
          ]
        },
        "partOf": {
          "reference": "Location/KACHI"
        }
      },
      "search": {
        "mode": "match"
      }
    },
    {
      "fullUrl": "http://num-fhirserver.distan.medicsh.de:8080/fhir/Encounter/PV-VK-9e98714642b052f667e5dcd47770d3442d647021d983099a1ee31ad8",
      "resource": {
        "resourceType": "Encounter",
        "id": "PV-VK-9e98714642b052f667e5dcd47770d3442d647021d983099a1ee31ad8",
        "meta": {
          "versionId": "242296871",
          "lastUpdated": "2025-03-21T04:46:25.325Z",
          "source": "http://medic.uksh.de/source/orbis/adt",
          "profile": [
            "https://www.medizininformatik-initiative.de/fhir/core/modul-fall/StructureDefinition/KontaktGesundheitseinrichtung|2025.0.0"
          ]
        },
        "identifier": [
          {
            "use": "official",
            "type": {
              "coding": [
                {
                  "system": "http://terminology.hl7.org/CodeSystem/v2-0203",
                  "code": "VN"
                }
              ]
            },
            "system": "http://medic.uksh.de/fhir/Encounter",
            "value": "a0b7260e20bdb682b824f22b7196a8c5d2fd8b6705bb7e5df38c620b"
          },
          {
            "use": "secondary",
            "type": {
              "coding": [
                {
                  "system": "http://terminology.hl7.org/CodeSystem/v2-0203",
                  "code": "U"
                }
              ]
            },
            "system": "http://medic.uksh.de.de/fhir/Encounter/department",
            "value": "KACHI.KC111.2024-01-09T10:55:00"
          }
        ],
        "status": "in-progress",
        "class": {
          "system": "http://terminology.hl7.org/CodeSystem/v3-ActCode",
          "code": "IMP"
        },
        "type": [
          {
            "coding": [
              {
                "system": "http://fhir.de/CodeSystem/Kontaktebene",
                "code": "versorgungsstellenkontakt"
              }
            ]
          }
        ],
        "subject": {
          "reference": "Patient/PID-aeef8c3d62af63a8793e7917f6dd96a5e7e3e3e869c0a7b4b6748736"
        },
        "period": {
          "start": "2024-01-09T10:55:00+01:00"
        },
        "location": [
          {
            "location": {
              "reference": "Location/KACHI-KC111"
            },
            "status": "active",
            "physicalType": {
              "coding": [
                {
                  "system": "http://terminology.hl7.org/CodeSystem/location-physical-type",
                  "code": "wa"
                }
              ]
            },
            "period": {
              "start": "2024-01-09T10:55:00+01:00"
            }
          }
        ],
        "partOf": {
          "reference": "Encounter/PV-AK-eee23dc7b8677a0c2e936c5c9335f3ea30c743c535031a6f49c2388c"
        }
      },
      "search": {
        "mode": "match"
      }
    },
    {
      "fullUrl": "http://num-fhirserver.distan.medicsh.de:8080/fhir/Encounter/PV-a0b7260e20bdb682b824f22b7196a8c5d2fd8b6705bb7e5df38c620b",
      "resource": {
        "resourceType": "Encounter",
        "id": "PV-a0b7260e20bdb682b824f22b7196a8c5d2fd8b6705bb7e5df38c620b",
        "meta": {
          "versionId": "242296869",
          "lastUpdated": "2025-03-21T04:46:25.285Z",
          "source": "http://medic.uksh.de/source/orbis/adt",
          "profile": [
            "https://www.medizininformatik-initiative.de/fhir/core/modul-fall/StructureDefinition/KontaktGesundheitseinrichtung|2025.0.0"
          ]
        },
        "identifier": [
          {
            "use": "official",
            "type": {
              "coding": [
                {
                  "system": "http://terminology.hl7.org/CodeSystem/v2-0203",
                  "code": "VN"
                }
              ]
            },
            "system": "http://medic.uksh.de/fhir/Encounter",
            "value": "a0b7260e20bdb682b824f22b7196a8c5d2fd8b6705bb7e5df38c620b"
          }
        ],
        "status": "in-progress",
        "class": {
          "system": "http://terminology.hl7.org/CodeSystem/v3-ActCode",
          "code": "IMP"
        },
        "type": [
          {
            "coding": [
              {
                "system": "http://fhir.de/CodeSystem/Kontaktebene",
                "code": "einrichtungskontakt"
              }
            ]
          }
        ],
        "subject": {
          "reference": "Patient/PID-aeef8c3d62af63a8793e7917f6dd96a5e7e3e3e869c0a7b4b6748736"
        },
        "period": {
          "start": "2024-01-09T10:55:00+01:00"
        }
      },
      "search": {
        "mode": "match"
      }
    },
    {
      "fullUrl": "http://num-fhirserver.distan.medicsh.de:8080/fhir/Observation/IU-AFRQ-e068528040157d01c244529160f7b8e4e1b8a0d444473cd995265c3a",
      "resource": {
        "resourceType": "Observation",
        "id": "IU-AFRQ-e068528040157d01c244529160f7b8e4e1b8a0d444473cd995265c3a",
        "meta": {
          "versionId": "297839648",
          "lastUpdated": "2025-03-30T11:29:03.100Z",
          "profile": [
            "https://gematik.de/fhir/isik/StructureDefinition/sd-mii-icu-monitoring-und-vitaldaten|4.0.1",
            "https://www.medizininformatik-initiative.de/fhir/ext/modul-icu/StructureDefinition/atemfrequenz|2025.0.2"
          ]
        },
        "status": "final",
        "category": [
          {
            "coding": [
              {
                "system": "http://terminology.hl7.org/CodeSystem/observation-category",
                "code": "vital-signs"
              }
            ]
          }
        ],
        "code": {
          "coding": [
            {
              "system": "http://snomed.info/sct",
              "code": "86290005"
            },
            {
              "system": "http://loinc.org",
              "code": "9279-1",
              "display": "Respiratory Rate"
            }
          ]
        },
        "subject": {
          "reference": "Patient/PID-aeef8c3d62af63a8793e7917f6dd96a5e7e3e3e869c0a7b4b6748736"
        },
        "encounter": {
          "reference": "Encounter/PV-a0b7260e20bdb682b824f22b7196a8c5d2fd8b6705bb7e5df38c620b"
        },
        "effectiveDateTime": "2024-07-21T19:11:11+02:00",
        "valueQuantity": {
          "value": 16,
          "unit": "breaths per minute",
          "system": "http://unitsofmeasure.org",
          "code": "/min"
        }
      },
      "search": {
        "mode": "match"
      }
    },
    {
      "fullUrl": "http://num-fhirserver.distan.medicsh.de:8080/fhir/Observation/IU-KGEW-8b98bde2052c15289f62bb0158e5fcb04ec73858bd658cd96a42ea93",
      "resource": {
        "resourceType": "Observation",
        "id": "IU-KGEW-8b98bde2052c15289f62bb0158e5fcb04ec73858bd658cd96a42ea93",
        "meta": {
          "versionId": "262420752",
          "lastUpdated": "2025-03-28T22:55:42.524Z",
          "profile": [
            "https://gematik.de/fhir/isik/StructureDefinition/sd-mii-icu-monitoring-und-vitaldaten|4.0.1",
            "https://www.medizininformatik-initiative.de/fhir/ext/modul-icu/StructureDefinition/koerpergewicht|2025.0.2"
          ]
        },
        "status": "final",
        "category": [
          {
            "coding": [
              {
                "system": "http://terminology.hl7.org/CodeSystem/observation-category",
                "code": "vital-signs"
              }
            ]
          }
        ],
        "code": {
          "coding": [
            {
              "system": "http://snomed.info/sct",
              "code": "27113001",
              "display": "Body weight (observable entity)"
            },
            {
              "system": "http://loinc.org",
              "code": "29463-7",
              "display": "Body weight"
            }
          ]
        },
        "subject": {
          "reference": "Patient/PID-aeef8c3d62af63a8793e7917f6dd96a5e7e3e3e869c0a7b4b6748736"
        },
        "encounter": {
          "reference": "Encounter/PV-a0b7260e20bdb682b824f22b7196a8c5d2fd8b6705bb7e5df38c620b"
        },
        "effectiveDateTime": "2024-07-03T12:05:00+02:00",
        "valueQuantity": {
          "value": 45.0,
          "unit": "kilogram",
          "system": "http://unitsofmeasure.org",
          "code": "kg"
        }
      },
      "search": {
        "mode": "match"
      }
    },
    {
      "fullUrl": "http://num-fhirserver.distan.medicsh.de:8080/fhir/Observation/IU-KGRO-550a9473d82651fdd66521552362d3ec99f1cdc8bbf3155f0b0d6f4c",
      "resource": {
        "resourceType": "Observation",
        "id": "IU-KGRO-550a9473d82651fdd66521552362d3ec99f1cdc8bbf3155f0b0d6f4c",
        "meta": {
          "versionId": "262844572",
          "lastUpdated": "2025-03-28T23:21:06.834Z",
          "profile": [
            "https://gematik.de/fhir/isik/StructureDefinition/sd-mii-icu-monitoring-und-vitaldaten|4.0.1",
            "https://www.medizininformatik-initiative.de/fhir/ext/modul-icu/StructureDefinition/koerpergroesse|2025.0.2"
          ]
        },
        "status": "final",
        "category": [
          {
            "coding": [
              {
                "system": "http://terminology.hl7.org/CodeSystem/observation-category",
                "code": "vital-signs"
              }
            ]
          }
        ],
        "code": {
          "coding": [
            {
              "system": "http://snomed.info/sct",
              "code": "1153637007",
              "display": "Body height (observable entity)"
            },
            {
              "system": "http://loinc.org",
              "code": "8302-2",
              "display": "Body height"
            }
          ]
        },
        "subject": {
          "reference": "Patient/PID-aeef8c3d62af63a8793e7917f6dd96a5e7e3e3e869c0a7b4b6748736"
        },
        "encounter": {
          "reference": "Encounter/PV-a0b7260e20bdb682b824f22b7196a8c5d2fd8b6705bb7e5df38c620b"
        },
        "effectiveDateTime": "2024-07-03T13:00:00+02:00",
        "valueQuantity": {
          "value": 145.0,
          "unit": "centimeter",
          "system": "http://unitsofmeasure.org",
          "code": "cm"
        }
      },
      "search": {
        "mode": "match"
      }
    },
    {
      "fullUrl": "http://num-fhirserver.distan.medicsh.de:8080/fhir/Observation/IU-PULS-650501be57d2cb6f72c39dead2ad3c634fd665b177b2df6b237d4546",
      "resource": {
        "resourceType": "Observation",
        "id": "IU-PULS-650501be57d2cb6f72c39dead2ad3c634fd665b177b2df6b237d4546",
        "meta": {
          "versionId": "299189272",
          "lastUpdated": "2025-03-30T12:45:35.186Z",
          "profile": [
            "https://gematik.de/fhir/isik/StructureDefinition/sd-mii-icu-monitoring-und-vitaldaten|4.0.1",
            "https://www.medizininformatik-initiative.de/fhir/ext/modul-icu/StructureDefinition/herzfrequenz|2025.0.2"
          ]
        },
        "status": "final",
        "category": [
          {
            "coding": [
              {
                "system": "http://terminology.hl7.org/CodeSystem/observation-category",
                "code": "vital-signs"
              }
            ]
          }
        ],
        "code": {
          "coding": [
            {
              "system": "http://snomed.info/sct",
              "code": "364075005",
              "display": "Heart rate (observable entity)"
            },
            {
              "system": "http://loinc.org",
              "code": "8867-4",
              "display": "Heart Rate"
            },
            {
              "system": "urn:iso:std:iso:11073:10101",
              "code": "147842",
              "display": "Heart Rate"
            }
          ]
        },
        "subject": {
          "reference": "Patient/PID-aeef8c3d62af63a8793e7917f6dd96a5e7e3e3e869c0a7b4b6748736"
        },
        "encounter": {
          "reference": "Encounter/PV-a0b7260e20bdb682b824f22b7196a8c5d2fd8b6705bb7e5df38c620b"
        },
        "effectiveDateTime": "2024-07-21T19:11:11+02:00",
        "valueQuantity": {
          "value": 103.0,
          "unit": "beats per minute",
          "system": "http://unitsofmeasure.org",
          "code": "/min"
        }
      },
      "search": {
        "mode": "match"
      }
    },
    {
      "fullUrl": "http://num-fhirserver.distan.medicsh.de:8080/fhir/Observation/IU-SPO2-84ea27eda6419880edc529f98b5f7eb564fe6ef55ad8cd4857ffc55d",
      "resource": {
        "resourceType": "Observation",
        "id": "IU-SPO2-84ea27eda6419880edc529f98b5f7eb564fe6ef55ad8cd4857ffc55d",
        "meta": {
          "versionId": "298653686",
          "lastUpdated": "2025-03-30T12:15:06.246Z",
          "profile": [
            "https://gematik.de/fhir/isik/StructureDefinition/sd-mii-icu-monitoring-und-vitaldaten|4.0.1",
            "https://gematik.de/fhir/isik/StructureDefinition/sd-mii-icu-o2saettigung-im-arteriellen-blut-durch-pulsoxymetrie|4.0.1"
          ]
        },
        "status": "final",
        "category": [
          {
            "coding": [
              {
                "system": "http://terminology.hl7.org/CodeSystem/observation-category",
                "code": "vital-signs"
              }
            ]
          }
        ],
        "code": {
          "coding": [
            {
              "system": "http://snomed.info/sct",
              "code": "442476006",
              "display": "Arterial oxygen saturation (observable entity)"
            },
            {
              "system": "http://loinc.org",
              "code": "59408-5",
              "display": "Oxygen saturation in Arterial blood by Pulse oximetry"
            },
            {
              "system": "urn:iso:std:iso:11073:10101",
              "code": "150324"
            },
            {
              "system": "http://loinc.org",
              "code": "2708-6",
              "display": "Oxygen saturation in Arterial blood"
            }
          ]
        },
        "subject": {
          "reference": "Patient/PID-aeef8c3d62af63a8793e7917f6dd96a5e7e3e3e869c0a7b4b6748736"
        },
        "encounter": {
          "reference": "Encounter/PV-a0b7260e20bdb682b824f22b7196a8c5d2fd8b6705bb7e5df38c620b"
        },
        "effectiveDateTime": "2024-07-21T19:11:11+02:00",
        "valueQuantity": {
          "value": 100.0,
          "unit": "percent",
          "system": "http://unitsofmeasure.org",
          "code": "%"
        }
      },
      "search": {
        "mode": "match"
      }
    },
    {
      "fullUrl": "http://num-fhirserver.distan.medicsh.de:8080/fhir/Observation/IU-SPO2-f3e98a8f6b5873583b99a79b10439c3f4fb57d1bd1b7ab17c502e4a4",
      "resource": {
        "resourceType": "Observation",
        "id": "IU-SPO2-f3e98a8f6b5873583b99a79b10439c3f4fb57d1bd1b7ab17c502e4a4",
        "meta": {
          "versionId": "298426109",
          "lastUpdated": "2025-03-30T12:02:09.386Z",
          "profile": [
            "https://gematik.de/fhir/isik/StructureDefinition/sd-mii-icu-monitoring-und-vitaldaten|4.0.1",
            "https://gematik.de/fhir/isik/StructureDefinition/sd-mii-icu-o2saettigung-im-arteriellen-blut-durch-pulsoxymetrie|4.0.1"
          ]
        },
        "status": "final",
        "category": [
          {
            "coding": [
              {
                "system": "http://terminology.hl7.org/CodeSystem/observation-category",
                "code": "vital-signs"
              }
            ]
          }
        ],
        "code": {
          "coding": [
            {
              "system": "http://snomed.info/sct",
              "code": "442476006",
              "display": "Arterial oxygen saturation (observable entity)"
            },
            {
              "system": "http://loinc.org",
              "code": "59408-5",
              "display": "Oxygen saturation in Arterial blood by Pulse oximetry"
            },
            {
              "system": "urn:iso:std:iso:11073:10101",
              "code": "150324"
            },
            {
              "system": "http://loinc.org",
              "code": "2708-6",
              "display": "Oxygen saturation in Arterial blood"
            }
          ]
        },
        "subject": {
          "reference": "Patient/PID-aeef8c3d62af63a8793e7917f6dd96a5e7e3e3e869c0a7b4b6748736"
        },
        "encounter": {
          "reference": "Encounter/PV-a0b7260e20bdb682b824f22b7196a8c5d2fd8b6705bb7e5df38c620b"
        },
        "effectiveDateTime": "2024-07-21T18:47:47+02:00",
        "valueQuantity": {
          "value": 85.4,
          "unit": "percent",
          "system": "http://unitsofmeasure.org",
          "code": "%"
        }
      },
      "search": {
        "mode": "match"
      }
    },
    {
      "fullUrl": "http://num-fhirserver.distan.medicsh.de:8080/fhir/Observation/VIT-0e07745d711bca2e0146d0033abaaa72d387f5ca3a615fefa1117708",
      "resource": {
        "resourceType": "Observation",
        "id": "VIT-0e07745d711bca2e0146d0033abaaa72d387f5ca3a615fefa1117708",
        "meta": {
          "versionId": "242296870",
          "lastUpdated": "2025-03-21T04:46:25.304Z",
          "profile": [
            "https://www.medizininformatik-initiative.de/fhir/core/modul-person/StructureDefinition/Vitalstatus|2025.0.1"
          ]
        },
        "status": "final",
        "category": [
          {
            "coding": [
              {
                "system": "http://terminology.hl7.org/CodeSystem/observation-category",
                "code": "survey"
              }
            ]
          }
        ],
        "code": {
          "coding": [
            {
              "system": "http://loinc.org",
              "code": "67162-8"
            }
          ]
        },
        "subject": {
          "reference": "Patient/PID-aeef8c3d62af63a8793e7917f6dd96a5e7e3e3e869c0a7b4b6748736"
        },
        "effectiveDateTime": "2024-01-09T10:55:00+01:00",
        "valueCodeableConcept": {
          "coding": [
            {
              "system": "https://www.medizininformatik-initiative.de/fhir/core/modul-person/CodeSystem/Vitalstatus",
              "code": "L"
            }
          ]
        }
      },
      "search": {
        "mode": "match"
      }
    }
  ]
}
