{
  "resourceType": "Bundle",
  "id": "DGTUYA2XNFKZ67RL",
  "type": "searchset",
  "total": 3,
  "entry": [
    {
      "fullUrl": "http://num-fhirserver.distan.medicsh.de:8080/fhir/Patient/PID-b061f421052f068005c30cfdb6862363f647954445608a16c2b0ee12",
      "resource": {
        "resourceType": "Patient",
        "id": "PID-b061f421052f068005c30cfdb6862363f647954445608a16c2b0ee12",
        "meta": {
          "versionId": "92626459",
          "lastUpdated": "2025-03-13T19:35:06.744Z",
          "profile": [
            "https://www.medizininformatik-initiative.de/fhir/core/modul-person/StructureDefinition/PatientPseudonymisiert|2025.0.1"
          ]
        },
        "identifier": [
          {
            "use": "usual",
            "type": {
              "coding": [
                {
                  "system": "http://terminology.hl7.org/CodeSystem/v3-ObservationValue",
                  "code": "PSEUDED"
                }
              ]
            },
            "system": "https://www.medizininformatik-initiative.de/fhir/sid/pseudonym",
            "value": "b061f421052f068005c30cfdb6862363f647954445608a16c2b0ee12"
          }
        ],
        "gender": "female",
        "birthDate": "1993-09",
        "deceasedBoolean": true,
        "address": [
          {
            "type": "both",
            "postalCode": "235",
            "country": "DE"
          }
        ]
      },
      "search": {
        "mode": "match"
      }
    },
    {
      "fullUrl": "http://num-fhirserver.distan.medicsh.de:8080/fhir/Encounter/PV-461e8b9b1a7a11361408c33428a82566d8a5fd0f4a99bce7190103c8",
      "resource": {
        "resourceType": "Encounter",
        "id": "PV-461e8b9b1a7a11361408c33428a82566d8a5fd0f4a99bce7190103c8",
        "meta": {
          "versionId": "92626396",
          "lastUpdated": "2025-03-13T19:35:06.566Z",
          "source": "http://medic.uksh.de/source/orbis/legacy",
          "profile": [
            "https://www.medizininformatik-initiative.de/fhir/core/modul-fall/StructureDefinition/KontaktGesundheitseinrichtung|2025.0.0"
          ]
        },
        "identifier": [
          {
            "use": "official",
            "type": {
              "coding": [
                {
                  "system": "http://terminology.hl7.org/CodeSystem/v2-0203",
                  "code": "VN"
                }
              ]
            },
            "system": "http://medic.uksh.de/fhir/Encounter",
            "value": "461e8b9b1a7a11361408c33428a82566d8a5fd0f4a99bce7190103c8"
          }
        ],
        "status": "finished",
        "class": {
          "system": "http://terminology.hl7.org/CodeSystem/v3-ActCode",
          "code": "AMB"
        },
        "type": [
          {
            "coding": [
              {
                "system": "http://fhir.de/CodeSystem/Kontaktebene",
                "code": "einrichtungskontakt"
              }
            ]
          }
        ],
        "subject": {
          "reference": "Patient/PID-b061f421052f068005c30cfdb6862363f647954445608a16c2b0ee12"
        },
        "period": {
          "start": "2018-02-13T11:21:00+01:00",
          "end": "2018-03-31T23:59:59+02:00"
        },
        "hospitalization": {
          "admitSource": {
            "coding": [
              {
                "system": "http://fhir.de/CodeSystem/dgkev/Aufnahmeanlass",
                "code": "E"
              }
            ]
          }
        }
      },
      "search": {
        "mode": "match"
      }
    },
    {
      "fullUrl": "http://num-fhirserver.distan.medicsh.de:8080/fhir/Observation/VIT-95842a0f01685b37e9441c144bd0481b92604b1503a36c4f440b398c",
      "resource": {
        "resourceType": "Observation",
        "id": "VIT-95842a0f01685b37e9441c144bd0481b92604b1503a36c4f440b398c",
        "meta": {
          "versionId": "92626406",
          "lastUpdated": "2025-03-13T19:35:06.588Z",
          "profile": [
            "https://www.medizininformatik-initiative.de/fhir/core/modul-person/StructureDefinition/Vitalstatus|2025.0.1"
          ]
        },
        "status": "final",
        "category": [
          {
            "coding": [
              {
                "system": "http://terminology.hl7.org/CodeSystem/observation-category",
                "code": "survey"
              }
            ]
          }
        ],
        "code": {
          "coding": [
            {
              "system": "http://loinc.org",
              "code": "67162-8"
            }
          ]
        },
        "subject": {
          "reference": "Patient/PID-b061f421052f068005c30cfdb6862363f647954445608a16c2b0ee12"
        },
        "effectiveDateTime": "2018-02-13T11:21:00+01:00",
        "valueCodeableConcept": {
          "coding": [
            {
              "system": "https://www.medizininformatik-initiative.de/fhir/core/modul-person/CodeSystem/Vitalstatus",
              "code": "L"
            }
          ]
        }
      },
      "search": {
        "mode": "match"
      }
    }
  ]
}
