{
  "resourceType": "Bundle",
  "id": "DGTUX5GPP3235L4M",
  "type": "searchset",
  "total": 3,
  "entry": [
    {
      "fullUrl": "http://num-fhirserver.distan.medicsh.de:8080/fhir/Patient/PID-b0c3234af598a30f3e24278c9b283fb6be0d96b09acdc41b458e79af",
      "resource": {
        "resourceType": "Patient",
        "id": "PID-b0c3234af598a30f3e24278c9b283fb6be0d96b09acdc41b458e79af",
        "meta": {
          "versionId": "152775134",
          "lastUpdated": "2025-03-15T14:46:31.667Z",
          "profile": [
            "https://www.medizininformatik-initiative.de/fhir/core/modul-person/StructureDefinition/PatientPseudonymisiert|2025.0.1"
          ]
        },
        "identifier": [
          {
            "use": "usual",
            "type": {
              "coding": [
                {
                  "system": "http://terminology.hl7.org/CodeSystem/v3-ObservationValue",
                  "code": "PSEUDED"
                }
              ]
            },
            "system": "https://www.medizininformatik-initiative.de/fhir/sid/pseudonym",
            "value": "b0c3234af598a30f3e24278c9b283fb6be0d96b09acdc41b458e79af"
          }
        ],
        "gender": "male",
        "birthDate": "2006-09",
        "deceasedBoolean": true
      },
      "search": {
        "mode": "match"
      }
    },
    {
      "fullUrl": "http://num-fhirserver.distan.medicsh.de:8080/fhir/Encounter/PV-082a7e2794d5cddd94777c926ea845e1f6df04c4263cf020ed9091d4",
      "resource": {
        "resourceType": "Encounter",
        "id": "PV-082a7e2794d5cddd94777c926ea845e1f6df04c4263cf020ed9091d4",
        "meta": {
          "versionId": "152775193",
          "lastUpdated": "2025-03-15T14:46:31.809Z",
          "source": "http://medic.uksh.de/source/orbis/legacy",
          "profile": [
            "https://www.medizininformatik-initiative.de/fhir/core/modul-fall/StructureDefinition/KontaktGesundheitseinrichtung|2025.0.0"
          ]
        },
        "identifier": [
          {
            "use": "official",
            "type": {
              "coding": [
                {
                  "system": "http://terminology.hl7.org/CodeSystem/v2-0203",
                  "code": "VN"
                }
              ]
            },
            "system": "http://medic.uksh.de/fhir/Encounter",
            "value": "082a7e2794d5cddd94777c926ea845e1f6df04c4263cf020ed9091d4"
          }
        ],
        "status": "finished",
        "class": {
          "system": "http://terminology.hl7.org/CodeSystem/v3-ActCode",
          "code": "AMB"
        },
        "type": [
          {
            "coding": [
              {
                "system": "http://fhir.de/CodeSystem/Kontaktebene",
                "code": "einrichtungskontakt"
              }
            ]
          }
        ],
        "subject": {
          "reference": "Patient/PID-b0c3234af598a30f3e24278c9b283fb6be0d96b09acdc41b458e79af"
        },
        "period": {
          "start": "2006-09-01T13:15:00+02:00",
          "end": "2006-09-30T23:59:59+02:00"
        }
      },
      "search": {
        "mode": "match"
      }
    },
    {
      "fullUrl": "http://num-fhirserver.distan.medicsh.de:8080/fhir/Observation/VIT-fe01ac056f592c3fea547e131f71677df61d676da82c5af4c54215c1",
      "resource": {
        "resourceType": "Observation",
        "id": "VIT-fe01ac056f592c3fea547e131f71677df61d676da82c5af4c54215c1",
        "meta": {
          "versionId": "152775205",
          "lastUpdated": "2025-03-15T14:46:31.839Z",
          "profile": [
            "https://www.medizininformatik-initiative.de/fhir/core/modul-person/StructureDefinition/Vitalstatus|2025.0.1"
          ]
        },
        "status": "final",
        "category": [
          {
            "coding": [
              {
                "system": "http://terminology.hl7.org/CodeSystem/observation-category",
                "code": "survey"
              }
            ]
          }
        ],
        "code": {
          "coding": [
            {
              "system": "http://loinc.org",
              "code": "67162-8"
            }
          ]
        },
        "subject": {
          "reference": "Patient/PID-b0c3234af598a30f3e24278c9b283fb6be0d96b09acdc41b458e79af"
        },
        "effectiveDateTime": "2006-09-01T13:15:00+02:00",
        "valueCodeableConcept": {
          "coding": [
            {
              "system": "https://www.medizininformatik-initiative.de/fhir/core/modul-person/CodeSystem/Vitalstatus",
              "code": "L"
            }
          ]
        }
      },
      "search": {
        "mode": "match"
      }
    }
  ]
}
