{
  "resourceType": "Bundle",
  "id": "DGTUX5XJC2US5BON",
  "type": "searchset",
  "total": 7,
  "entry": [
    {
      "fullUrl": "http://num-fhirserver.distan.medicsh.de:8080/fhir/Patient/PID-b1068fd27065e0fd41d64544460ee1ee30dccb162d98bfc75b92af94",
      "resource": {
        "resourceType": "Patient",
        "id": "PID-b1068fd27065e0fd41d64544460ee1ee30dccb162d98bfc75b92af94",
        "meta": {
          "versionId": "168148968",
          "lastUpdated": "2025-03-17T07:08:19.388Z",
          "profile": [
            "https://www.medizininformatik-initiative.de/fhir/core/modul-person/StructureDefinition/PatientPseudonymisiert|2025.0.1"
          ]
        },
        "identifier": [
          {
            "use": "usual",
            "type": {
              "coding": [
                {
                  "system": "http://terminology.hl7.org/CodeSystem/v3-ObservationValue",
                  "code": "PSEUDED"
                }
              ]
            },
            "system": "https://www.medizininformatik-initiative.de/fhir/sid/pseudonym",
            "value": "b1068fd27065e0fd41d64544460ee1ee30dccb162d98bfc75b92af94"
          }
        ],
        "gender": "male",
        "birthDate": "1901-01",
        "deceasedBoolean": true
      },
      "search": {
        "mode": "match"
      }
    },
    {
      "fullUrl": "http://num-fhirserver.distan.medicsh.de:8080/fhir/Encounter/PV-9c16113211e3315d69cfad4efa5b8c53c4f95ed6f3b79f313ea9588a",
      "resource": {
        "resourceType": "Encounter",
        "id": "PV-9c16113211e3315d69cfad4efa5b8c53c4f95ed6f3b79f313ea9588a",
        "meta": {
          "versionId": "168148975",
          "lastUpdated": "2025-03-17T07:08:19.533Z",
          "source": "http://medic.uksh.de/source/orbis/legacy",
          "profile": [
            "https://www.medizininformatik-initiative.de/fhir/core/modul-fall/StructureDefinition/KontaktGesundheitseinrichtung|2025.0.0"
          ]
        },
        "identifier": [
          {
            "use": "official",
            "type": {
              "coding": [
                {
                  "system": "http://terminology.hl7.org/CodeSystem/v2-0203",
                  "code": "VN"
                }
              ]
            },
            "system": "http://medic.uksh.de/fhir/Encounter",
            "value": "9c16113211e3315d69cfad4efa5b8c53c4f95ed6f3b79f313ea9588a"
          }
        ],
        "status": "finished",
        "class": {
          "system": "http://terminology.hl7.org/CodeSystem/v3-ActCode",
          "code": "AMB"
        },
        "type": [
          {
            "coding": [
              {
                "system": "http://fhir.de/CodeSystem/Kontaktebene",
                "code": "einrichtungskontakt"
              }
            ]
          }
        ],
        "subject": {
          "reference": "Patient/PID-b1068fd27065e0fd41d64544460ee1ee30dccb162d98bfc75b92af94"
        },
        "period": {
          "start": "2013-07-04T11:10:00+02:00",
          "end": "2013-09-30T23:59:59+02:00"
        },
        "hospitalization": {
          "admitSource": {
            "coding": [
              {
                "system": "http://fhir.de/CodeSystem/dgkev/Aufnahmeanlass",
                "code": "E"
              }
            ]
          }
        }
      },
      "search": {
        "mode": "match"
      }
    },
    {
      "fullUrl": "http://num-fhirserver.distan.medicsh.de:8080/fhir/Encounter/PV-9fec83f7942d9a20a1521664aa183493ca5aaf7babbce7403fe1f958",
      "resource": {
        "resourceType": "Encounter",
        "id": "PV-9fec83f7942d9a20a1521664aa183493ca5aaf7babbce7403fe1f958",
        "meta": {
          "versionId": "168148969",
          "lastUpdated": "2025-03-17T07:08:19.397Z",
          "source": "http://medic.uksh.de/source/orbis/legacy",
          "profile": [
            "https://www.medizininformatik-initiative.de/fhir/core/modul-fall/StructureDefinition/KontaktGesundheitseinrichtung|2025.0.0"
          ]
        },
        "identifier": [
          {
            "use": "official",
            "type": {
              "coding": [
                {
                  "system": "http://terminology.hl7.org/CodeSystem/v2-0203",
                  "code": "VN"
                }
              ]
            },
            "system": "http://medic.uksh.de/fhir/Encounter",
            "value": "9fec83f7942d9a20a1521664aa183493ca5aaf7babbce7403fe1f958"
          }
        ],
        "status": "finished",
        "class": {
          "system": "http://terminology.hl7.org/CodeSystem/v3-ActCode",
          "code": "AMB"
        },
        "type": [
          {
            "coding": [
              {
                "system": "http://fhir.de/CodeSystem/Kontaktebene",
                "code": "einrichtungskontakt"
              }
            ]
          }
        ],
        "subject": {
          "reference": "Patient/PID-b1068fd27065e0fd41d64544460ee1ee30dccb162d98bfc75b92af94"
        },
        "period": {
          "start": "2019-06-11T10:49:00+02:00",
          "end": "2019-06-30T23:59:59+02:00"
        },
        "hospitalization": {
          "admitSource": {
            "coding": [
              {
                "system": "http://fhir.de/CodeSystem/dgkev/Aufnahmeanlass",
                "code": "E"
              }
            ]
          }
        }
      },
      "search": {
        "mode": "match"
      }
    },
    {
      "fullUrl": "http://num-fhirserver.distan.medicsh.de:8080/fhir/Encounter/PV-c0f750f83d9dc39ffaffd6c8eb7995100ee69acf4c7c16287e1b708c",
      "resource": {
        "resourceType": "Encounter",
        "id": "PV-c0f750f83d9dc39ffaffd6c8eb7995100ee69acf4c7c16287e1b708c",
        "meta": {
          "versionId": "168148972",
          "lastUpdated": "2025-03-17T07:08:19.484Z",
          "source": "http://medic.uksh.de/source/orbis/legacy",
          "profile": [
            "https://www.medizininformatik-initiative.de/fhir/core/modul-fall/StructureDefinition/KontaktGesundheitseinrichtung|2025.0.0"
          ]
        },
        "identifier": [
          {
            "use": "official",
            "type": {
              "coding": [
                {
                  "system": "http://terminology.hl7.org/CodeSystem/v2-0203",
                  "code": "VN"
                }
              ]
            },
            "system": "http://medic.uksh.de/fhir/Encounter",
            "value": "c0f750f83d9dc39ffaffd6c8eb7995100ee69acf4c7c16287e1b708c"
          }
        ],
        "status": "finished",
        "class": {
          "system": "http://terminology.hl7.org/CodeSystem/v3-ActCode",
          "code": "AMB"
        },
        "type": [
          {
            "coding": [
              {
                "system": "http://fhir.de/CodeSystem/Kontaktebene",
                "code": "einrichtungskontakt"
              }
            ]
          }
        ],
        "subject": {
          "reference": "Patient/PID-b1068fd27065e0fd41d64544460ee1ee30dccb162d98bfc75b92af94"
        },
        "period": {
          "start": "2017-08-02T08:40:00+02:00",
          "end": "2017-09-30T23:59:59+02:00"
        },
        "hospitalization": {
          "admitSource": {
            "coding": [
              {
                "system": "http://fhir.de/CodeSystem/dgkev/Aufnahmeanlass",
                "code": "E"
              }
            ]
          }
        }
      },
      "search": {
        "mode": "match"
      }
    },
    {
      "fullUrl": "http://num-fhirserver.distan.medicsh.de:8080/fhir/Observation/VIT-368711276ebc18d729fb860ac5dab517f087ea300a187ca823defb78",
      "resource": {
        "resourceType": "Observation",
        "id": "VIT-368711276ebc18d729fb860ac5dab517f087ea300a187ca823defb78",
        "meta": {
          "versionId": "168148976",
          "lastUpdated": "2025-03-17T07:08:19.554Z",
          "profile": [
            "https://www.medizininformatik-initiative.de/fhir/core/modul-person/StructureDefinition/Vitalstatus|2025.0.1"
          ]
        },
        "status": "final",
        "category": [
          {
            "coding": [
              {
                "system": "http://terminology.hl7.org/CodeSystem/observation-category",
                "code": "survey"
              }
            ]
          }
        ],
        "code": {
          "coding": [
            {
              "system": "http://loinc.org",
              "code": "67162-8"
            }
          ]
        },
        "subject": {
          "reference": "Patient/PID-b1068fd27065e0fd41d64544460ee1ee30dccb162d98bfc75b92af94"
        },
        "effectiveDateTime": "2013-07-04T11:10:00+02:00",
        "valueCodeableConcept": {
          "coding": [
            {
              "system": "https://www.medizininformatik-initiative.de/fhir/core/modul-person/CodeSystem/Vitalstatus",
              "code": "L"
            }
          ]
        }
      },
      "search": {
        "mode": "match"
      }
    },
    {
      "fullUrl": "http://num-fhirserver.distan.medicsh.de:8080/fhir/Observation/VIT-8f16cda4b52e9d80dba750f6b040310a7059b4026a683890e725305b",
      "resource": {
        "resourceType": "Observation",
        "id": "VIT-8f16cda4b52e9d80dba750f6b040310a7059b4026a683890e725305b",
        "meta": {
          "versionId": "168148970",
          "lastUpdated": "2025-03-17T07:08:19.415Z",
          "profile": [
            "https://www.medizininformatik-initiative.de/fhir/core/modul-person/StructureDefinition/Vitalstatus|2025.0.1"
          ]
        },
        "status": "final",
        "category": [
          {
            "coding": [
              {
                "system": "http://terminology.hl7.org/CodeSystem/observation-category",
                "code": "survey"
              }
            ]
          }
        ],
        "code": {
          "coding": [
            {
              "system": "http://loinc.org",
              "code": "67162-8"
            }
          ]
        },
        "subject": {
          "reference": "Patient/PID-b1068fd27065e0fd41d64544460ee1ee30dccb162d98bfc75b92af94"
        },
        "effectiveDateTime": "2019-06-11T10:49:00+02:00",
        "valueCodeableConcept": {
          "coding": [
            {
              "system": "https://www.medizininformatik-initiative.de/fhir/core/modul-person/CodeSystem/Vitalstatus",
              "code": "L"
            }
          ]
        }
      },
      "search": {
        "mode": "match"
      }
    },
    {
      "fullUrl": "http://num-fhirserver.distan.medicsh.de:8080/fhir/Observation/VIT-a704e85aa2e3c06de11b703973b7a5341e5cb7f1db78f54b1686977e",
      "resource": {
        "resourceType": "Observation",
        "id": "VIT-a704e85aa2e3c06de11b703973b7a5341e5cb7f1db78f54b1686977e",
        "meta": {
          "versionId": "168148973",
          "lastUpdated": "2025-03-17T07:08:19.499Z",
          "profile": [
            "https://www.medizininformatik-initiative.de/fhir/core/modul-person/StructureDefinition/Vitalstatus|2025.0.1"
          ]
        },
        "status": "final",
        "category": [
          {
            "coding": [
              {
                "system": "http://terminology.hl7.org/CodeSystem/observation-category",
                "code": "survey"
              }
            ]
          }
        ],
        "code": {
          "coding": [
            {
              "system": "http://loinc.org",
              "code": "67162-8"
            }
          ]
        },
        "subject": {
          "reference": "Patient/PID-b1068fd27065e0fd41d64544460ee1ee30dccb162d98bfc75b92af94"
        },
        "effectiveDateTime": "2017-08-02T08:40:00+02:00",
        "valueCodeableConcept": {
          "coding": [
            {
              "system": "https://www.medizininformatik-initiative.de/fhir/core/modul-person/CodeSystem/Vitalstatus",
              "code": "L"
            }
          ]
        }
      },
      "search": {
        "mode": "match"
      }
    }
  ]
}
