{
  "resourceType": "Bundle",
  "id": "DGTUX5AQQAJDRBPG",
  "type": "searchset",
  "total": 3,
  "entry": [
    {
      "fullUrl": "http://num-fhirserver.distan.medicsh.de:8080/fhir/Patient/PID-b171c562c4a59c57bc1c52838a8b7aa9bbabd55f8ab19dc2ddcc36fd",
      "resource": {
        "resourceType": "Patient",
        "id": "PID-b171c562c4a59c57bc1c52838a8b7aa9bbabd55f8ab19dc2ddcc36fd",
        "meta": {
          "versionId": "154121634",
          "lastUpdated": "2025-03-15T15:46:29.633Z",
          "profile": [
            "https://www.medizininformatik-initiative.de/fhir/core/modul-person/StructureDefinition/PatientPseudonymisiert|2025.0.1"
          ]
        },
        "identifier": [
          {
            "use": "usual",
            "type": {
              "coding": [
                {
                  "system": "http://terminology.hl7.org/CodeSystem/v3-ObservationValue",
                  "code": "PSEUDED"
                }
              ]
            },
            "system": "https://www.medizininformatik-initiative.de/fhir/sid/pseudonym",
            "value": "b171c562c4a59c57bc1c52838a8b7aa9bbabd55f8ab19dc2ddcc36fd"
          }
        ],
        "gender": "male",
        "birthDate": "2007-08",
        "deceasedBoolean": true
      },
      "search": {
        "mode": "match"
      }
    },
    {
      "fullUrl": "http://num-fhirserver.distan.medicsh.de:8080/fhir/Encounter/PV-d0358c9f93d61fce45fd7cc62b9fde819fc76a095353e83fdddd9a64",
      "resource": {
        "resourceType": "Encounter",
        "id": "PV-d0358c9f93d61fce45fd7cc62b9fde819fc76a095353e83fdddd9a64",
        "meta": {
          "versionId": "154121425",
          "lastUpdated": "2025-03-15T15:46:29.202Z",
          "source": "http://medic.uksh.de/source/orbis/legacy",
          "profile": [
            "https://www.medizininformatik-initiative.de/fhir/core/modul-fall/StructureDefinition/KontaktGesundheitseinrichtung|2025.0.0"
          ]
        },
        "identifier": [
          {
            "use": "official",
            "type": {
              "coding": [
                {
                  "system": "http://terminology.hl7.org/CodeSystem/v2-0203",
                  "code": "VN"
                }
              ]
            },
            "system": "http://medic.uksh.de/fhir/Encounter",
            "value": "d0358c9f93d61fce45fd7cc62b9fde819fc76a095353e83fdddd9a64"
          }
        ],
        "status": "finished",
        "class": {
          "system": "http://terminology.hl7.org/CodeSystem/v3-ActCode",
          "code": "AMB"
        },
        "type": [
          {
            "coding": [
              {
                "system": "http://fhir.de/CodeSystem/Kontaktebene",
                "code": "einrichtungskontakt"
              }
            ]
          }
        ],
        "subject": {
          "reference": "Patient/PID-b171c562c4a59c57bc1c52838a8b7aa9bbabd55f8ab19dc2ddcc36fd"
        },
        "period": {
          "start": "2007-08-01T09:50:00+02:00",
          "end": "2007-09-30T23:59:59+02:00"
        }
      },
      "search": {
        "mode": "match"
      }
    },
    {
      "fullUrl": "http://num-fhirserver.distan.medicsh.de:8080/fhir/Observation/VIT-ea62dbcd3e36888d627d4c7c3043c92bdef15b7af0397e2c8ef6a223",
      "resource": {
        "resourceType": "Observation",
        "id": "VIT-ea62dbcd3e36888d627d4c7c3043c92bdef15b7af0397e2c8ef6a223",
        "meta": {
          "versionId": "154121446",
          "lastUpdated": "2025-03-15T15:46:29.239Z",
          "profile": [
            "https://www.medizininformatik-initiative.de/fhir/core/modul-person/StructureDefinition/Vitalstatus|2025.0.1"
          ]
        },
        "status": "final",
        "category": [
          {
            "coding": [
              {
                "system": "http://terminology.hl7.org/CodeSystem/observation-category",
                "code": "survey"
              }
            ]
          }
        ],
        "code": {
          "coding": [
            {
              "system": "http://loinc.org",
              "code": "67162-8"
            }
          ]
        },
        "subject": {
          "reference": "Patient/PID-b171c562c4a59c57bc1c52838a8b7aa9bbabd55f8ab19dc2ddcc36fd"
        },
        "effectiveDateTime": "2007-08-01T09:50:00+02:00",
        "valueCodeableConcept": {
          "coding": [
            {
              "system": "https://www.medizininformatik-initiative.de/fhir/core/modul-person/CodeSystem/Vitalstatus",
              "code": "L"
            }
          ]
        }
      },
      "search": {
        "mode": "match"
      }
    }
  ]
}
