{
  "resourceType": "Bundle",
  "id": "DGTUYAYC6PPAEST2",
  "type": "searchset",
  "total": 3,
  "entry": [
    {
      "fullUrl": "http://num-fhirserver.distan.medicsh.de:8080/fhir/Patient/PID-b17f93474188b6071e5fd1e0445ae514e188d0a55d776e50f1f61f70",
      "resource": {
        "resourceType": "Patient",
        "id": "PID-b17f93474188b6071e5fd1e0445ae514e188d0a55d776e50f1f61f70",
        "meta": {
          "versionId": "170811570",
          "lastUpdated": "2025-03-17T11:10:16.562Z",
          "profile": [
            "https://www.medizininformatik-initiative.de/fhir/core/modul-person/StructureDefinition/PatientPseudonymisiert|2025.0.1"
          ]
        },
        "identifier": [
          {
            "use": "usual",
            "type": {
              "coding": [
                {
                  "system": "http://terminology.hl7.org/CodeSystem/v3-ObservationValue",
                  "code": "PSEUDED"
                }
              ]
            },
            "system": "https://www.medizininformatik-initiative.de/fhir/sid/pseudonym",
            "value": "b17f93474188b6071e5fd1e0445ae514e188d0a55d776e50f1f61f70"
          }
        ],
        "gender": "female",
        "birthDate": "2015-01",
        "deceasedBoolean": true
      },
      "search": {
        "mode": "match"
      }
    },
    {
      "fullUrl": "http://num-fhirserver.distan.medicsh.de:8080/fhir/Encounter/PV-ca878848bf08da789f3a5316ed91f9299e6f6cb520c26041804fe02b",
      "resource": {
        "resourceType": "Encounter",
        "id": "PV-ca878848bf08da789f3a5316ed91f9299e6f6cb520c26041804fe02b",
        "meta": {
          "versionId": "170811346",
          "lastUpdated": "2025-03-17T11:10:16.204Z",
          "source": "http://medic.uksh.de/source/orbis/legacy",
          "profile": [
            "https://www.medizininformatik-initiative.de/fhir/core/modul-fall/StructureDefinition/KontaktGesundheitseinrichtung|2025.0.0"
          ]
        },
        "identifier": [
          {
            "use": "official",
            "type": {
              "coding": [
                {
                  "system": "http://terminology.hl7.org/CodeSystem/v2-0203",
                  "code": "VN"
                }
              ]
            },
            "system": "http://medic.uksh.de/fhir/Encounter",
            "value": "ca878848bf08da789f3a5316ed91f9299e6f6cb520c26041804fe02b"
          }
        ],
        "status": "finished",
        "class": {
          "system": "http://terminology.hl7.org/CodeSystem/v3-ActCode",
          "code": "AMB"
        },
        "type": [
          {
            "coding": [
              {
                "system": "http://fhir.de/CodeSystem/Kontaktebene",
                "code": "einrichtungskontakt"
              }
            ]
          }
        ],
        "subject": {
          "reference": "Patient/PID-b17f93474188b6071e5fd1e0445ae514e188d0a55d776e50f1f61f70"
        },
        "period": {
          "start": "2015-11-20T10:56:00+01:00",
          "end": "2015-12-31T23:59:59+01:00"
        },
        "hospitalization": {
          "admitSource": {
            "coding": [
              {
                "system": "http://fhir.de/CodeSystem/dgkev/Aufnahmeanlass",
                "code": "E"
              }
            ]
          }
        }
      },
      "search": {
        "mode": "match"
      }
    },
    {
      "fullUrl": "http://num-fhirserver.distan.medicsh.de:8080/fhir/Observation/VIT-7b94a69b21a671626becacefc3cfab1f44ecae0c560576e7b6af15dd",
      "resource": {
        "resourceType": "Observation",
        "id": "VIT-7b94a69b21a671626becacefc3cfab1f44ecae0c560576e7b6af15dd",
        "meta": {
          "versionId": "170811360",
          "lastUpdated": "2025-03-17T11:10:16.227Z",
          "profile": [
            "https://www.medizininformatik-initiative.de/fhir/core/modul-person/StructureDefinition/Vitalstatus|2025.0.1"
          ]
        },
        "status": "final",
        "category": [
          {
            "coding": [
              {
                "system": "http://terminology.hl7.org/CodeSystem/observation-category",
                "code": "survey"
              }
            ]
          }
        ],
        "code": {
          "coding": [
            {
              "system": "http://loinc.org",
              "code": "67162-8"
            }
          ]
        },
        "subject": {
          "reference": "Patient/PID-b17f93474188b6071e5fd1e0445ae514e188d0a55d776e50f1f61f70"
        },
        "effectiveDateTime": "2015-11-20T10:56:00+01:00",
        "valueCodeableConcept": {
          "coding": [
            {
              "system": "https://www.medizininformatik-initiative.de/fhir/core/modul-person/CodeSystem/Vitalstatus",
              "code": "L"
            }
          ]
        }
      },
      "search": {
        "mode": "match"
      }
    }
  ]
}
