{
  "resourceType": "Bundle",
  "id": "DGTUX4MKBIMPWAP3",
  "type": "searchset",
  "total": 3,
  "entry": [
    {
      "fullUrl": "http://num-fhirserver.distan.medicsh.de:8080/fhir/Patient/PID-b2e609e0738f41968661bf469106d7b0085622ebb90147bbb5ea0afc",
      "resource": {
        "resourceType": "Patient",
        "id": "PID-b2e609e0738f41968661bf469106d7b0085622ebb90147bbb5ea0afc",
        "meta": {
          "versionId": "61090064",
          "lastUpdated": "2025-03-12T16:54:32.534Z",
          "profile": [
            "https://www.medizininformatik-initiative.de/fhir/core/modul-person/StructureDefinition/PatientPseudonymisiert|2025.0.1"
          ]
        },
        "identifier": [
          {
            "use": "usual",
            "type": {
              "coding": [
                {
                  "system": "http://terminology.hl7.org/CodeSystem/v3-ObservationValue",
                  "code": "PSEUDED"
                }
              ]
            },
            "system": "https://www.medizininformatik-initiative.de/fhir/sid/pseudonym",
            "value": "b2e609e0738f41968661bf469106d7b0085622ebb90147bbb5ea0afc"
          }
        ],
        "gender": "male",
        "birthDate": "2006-04",
        "deceasedBoolean": true
      },
      "search": {
        "mode": "match"
      }
    },
    {
      "fullUrl": "http://num-fhirserver.distan.medicsh.de:8080/fhir/Encounter/PV-7285017435b9802d02b77d375f2b7c6ab78b92283ed3cf4ec44eae3d",
      "resource": {
        "resourceType": "Encounter",
        "id": "PV-7285017435b9802d02b77d375f2b7c6ab78b92283ed3cf4ec44eae3d",
        "meta": {
          "versionId": "61031442",
          "lastUpdated": "2025-03-12T16:51:27.001Z",
          "source": "http://medic.uksh.de/source/orbis/legacy",
          "profile": [
            "https://www.medizininformatik-initiative.de/fhir/core/modul-fall/StructureDefinition/KontaktGesundheitseinrichtung|2025.0.0"
          ]
        },
        "identifier": [
          {
            "use": "official",
            "type": {
              "coding": [
                {
                  "system": "http://terminology.hl7.org/CodeSystem/v2-0203",
                  "code": "VN"
                }
              ]
            },
            "system": "http://medic.uksh.de/fhir/Encounter",
            "value": "7285017435b9802d02b77d375f2b7c6ab78b92283ed3cf4ec44eae3d"
          }
        ],
        "status": "finished",
        "class": {
          "system": "http://terminology.hl7.org/CodeSystem/v3-ActCode",
          "code": "AMB"
        },
        "type": [
          {
            "coding": [
              {
                "system": "http://fhir.de/CodeSystem/Kontaktebene",
                "code": "einrichtungskontakt"
              }
            ]
          }
        ],
        "subject": {
          "reference": "Patient/PID-b2e609e0738f41968661bf469106d7b0085622ebb90147bbb5ea0afc"
        },
        "period": {
          "start": "2006-04-01T09:00:00+02:00",
          "end": "2006-06-30T23:59:59+02:00"
        }
      },
      "search": {
        "mode": "match"
      }
    },
    {
      "fullUrl": "http://num-fhirserver.distan.medicsh.de:8080/fhir/Observation/VIT-a343ece066a07fbebfbff689f19bc1aa1aef9270aa5ac48ef36d8762",
      "resource": {
        "resourceType": "Observation",
        "id": "VIT-a343ece066a07fbebfbff689f19bc1aa1aef9270aa5ac48ef36d8762",
        "meta": {
          "versionId": "61031461",
          "lastUpdated": "2025-03-12T16:51:27.055Z",
          "profile": [
            "https://www.medizininformatik-initiative.de/fhir/core/modul-person/StructureDefinition/Vitalstatus|2025.0.1"
          ]
        },
        "status": "final",
        "category": [
          {
            "coding": [
              {
                "system": "http://terminology.hl7.org/CodeSystem/observation-category",
                "code": "survey"
              }
            ]
          }
        ],
        "code": {
          "coding": [
            {
              "system": "http://loinc.org",
              "code": "67162-8"
            }
          ]
        },
        "subject": {
          "reference": "Patient/PID-b2e609e0738f41968661bf469106d7b0085622ebb90147bbb5ea0afc"
        },
        "effectiveDateTime": "2006-04-01T09:00:00+02:00",
        "valueCodeableConcept": {
          "coding": [
            {
              "system": "https://www.medizininformatik-initiative.de/fhir/core/modul-person/CodeSystem/Vitalstatus",
              "code": "L"
            }
          ]
        }
      },
      "search": {
        "mode": "match"
      }
    }
  ]
}
