{
  "resourceType": "Bundle",
  "id": "DGTUYBULFGI543Z4",
  "type": "searchset",
  "total": 3,
  "entry": [
    {
      "fullUrl": "http://num-fhirserver.distan.medicsh.de:8080/fhir/Patient/PID-b315c253149077af334b6b8c9bf2e543e1471791d4f6f761dc50a458",
      "resource": {
        "resourceType": "Patient",
        "id": "PID-b315c253149077af334b6b8c9bf2e543e1471791d4f6f761dc50a458",
        "meta": {
          "versionId": "245732993",
          "lastUpdated": "2025-03-22T08:00:09.234Z",
          "profile": [
            "https://www.medizininformatik-initiative.de/fhir/core/modul-person/StructureDefinition/PatientPseudonymisiert|2025.0.1"
          ]
        },
        "identifier": [
          {
            "use": "usual",
            "type": {
              "coding": [
                {
                  "system": "http://terminology.hl7.org/CodeSystem/v3-ObservationValue",
                  "code": "PSEUDED"
                }
              ]
            },
            "system": "https://www.medizininformatik-initiative.de/fhir/sid/pseudonym",
            "value": "b315c253149077af334b6b8c9bf2e543e1471791d4f6f761dc50a458"
          }
        ],
        "gender": "male",
        "birthDate": "2015-11",
        "deceasedBoolean": true,
        "address": [
          {
            "type": "both",
            "postalCode": "235",
            "country": "DE"
          }
        ]
      },
      "search": {
        "mode": "match"
      }
    },
    {
      "fullUrl": "http://num-fhirserver.distan.medicsh.de:8080/fhir/Encounter/PV-332d78e2f8334d9a40735ca9cd3f85e0796c7acd8ec6a6ecff39c710",
      "resource": {
        "resourceType": "Encounter",
        "id": "PV-332d78e2f8334d9a40735ca9cd3f85e0796c7acd8ec6a6ecff39c710",
        "meta": {
          "versionId": "245732991",
          "lastUpdated": "2025-03-22T08:00:09.208Z",
          "source": "http://medic.uksh.de/source/orbis/adt",
          "profile": [
            "https://www.medizininformatik-initiative.de/fhir/core/modul-fall/StructureDefinition/KontaktGesundheitseinrichtung|2025.0.0"
          ]
        },
        "identifier": [
          {
            "use": "official",
            "type": {
              "coding": [
                {
                  "system": "http://terminology.hl7.org/CodeSystem/v2-0203",
                  "code": "VN"
                }
              ]
            },
            "system": "http://medic.uksh.de/fhir/Encounter",
            "value": "332d78e2f8334d9a40735ca9cd3f85e0796c7acd8ec6a6ecff39c710"
          }
        ],
        "status": "in-progress",
        "class": {
          "system": "http://terminology.hl7.org/CodeSystem/v3-ActCode",
          "code": "AMB"
        },
        "type": [
          {
            "coding": [
              {
                "system": "http://fhir.de/CodeSystem/Kontaktebene",
                "code": "einrichtungskontakt"
              }
            ]
          }
        ],
        "subject": {
          "reference": "Patient/PID-b315c253149077af334b6b8c9bf2e543e1471791d4f6f761dc50a458"
        },
        "period": {
          "start": "2025-01-22T09:51:00+01:00",
          "end": "2025-03-31T23:59:59+02:00"
        }
      },
      "search": {
        "mode": "match"
      }
    },
    {
      "fullUrl": "http://num-fhirserver.distan.medicsh.de:8080/fhir/Observation/VIT-11a34411972530cb5cef3fac06e6870fa09773fbe3cd6382f8cc9ebd",
      "resource": {
        "resourceType": "Observation",
        "id": "VIT-11a34411972530cb5cef3fac06e6870fa09773fbe3cd6382f8cc9ebd",
        "meta": {
          "versionId": "245732992",
          "lastUpdated": "2025-03-22T08:00:09.225Z",
          "profile": [
            "https://www.medizininformatik-initiative.de/fhir/core/modul-person/StructureDefinition/Vitalstatus|2025.0.1"
          ]
        },
        "status": "final",
        "category": [
          {
            "coding": [
              {
                "system": "http://terminology.hl7.org/CodeSystem/observation-category",
                "code": "survey"
              }
            ]
          }
        ],
        "code": {
          "coding": [
            {
              "system": "http://loinc.org",
              "code": "67162-8"
            }
          ]
        },
        "subject": {
          "reference": "Patient/PID-b315c253149077af334b6b8c9bf2e543e1471791d4f6f761dc50a458"
        },
        "effectiveDateTime": "2025-01-22T09:51:00+01:00",
        "valueCodeableConcept": {
          "coding": [
            {
              "system": "https://www.medizininformatik-initiative.de/fhir/core/modul-person/CodeSystem/Vitalstatus",
              "code": "L"
            }
          ]
        }
      },
      "search": {
        "mode": "match"
      }
    }
  ]
}
