{
  "resourceType": "Bundle",
  "id": "DGTUYB56CA7OHROS",
  "type": "searchset",
  "total": 34,
  "entry": [
    {
      "fullUrl": "http://num-fhirserver.distan.medicsh.de:8080/fhir/Patient/PID-b3726941048382de178e41960d22a94900e8a13fba50ca69f897a2bb",
      "resource": {
        "resourceType": "Patient",
        "id": "PID-b3726941048382de178e41960d22a94900e8a13fba50ca69f897a2bb",
        "meta": {
          "versionId": "234198015",
          "lastUpdated": "2025-03-19T13:45:19.315Z",
          "profile": [
            "https://www.medizininformatik-initiative.de/fhir/core/modul-person/StructureDefinition/PatientPseudonymisiert|2025.0.1"
          ]
        },
        "identifier": [
          {
            "use": "usual",
            "type": {
              "coding": [
                {
                  "system": "http://terminology.hl7.org/CodeSystem/v3-ObservationValue",
                  "code": "PSEUDED"
                }
              ]
            },
            "system": "https://www.medizininformatik-initiative.de/fhir/sid/pseudonym",
            "value": "b3726941048382de178e41960d22a94900e8a13fba50ca69f897a2bb"
          }
        ],
        "gender": "male",
        "birthDate": "2014-07",
        "deceasedBoolean": true
      },
      "search": {
        "mode": "match"
      }
    },
    {
      "fullUrl": "http://num-fhirserver.distan.medicsh.de:8080/fhir/Condition/CON-09cad0d291c81a645ed96a130b3a4d7a5dca363b755445fe7c6675fe",
      "resource": {
        "resourceType": "Condition",
        "id": "CON-09cad0d291c81a645ed96a130b3a4d7a5dca363b755445fe7c6675fe",
        "meta": {
          "versionId": "4428412",
          "lastUpdated": "2025-03-10T18:07:56.994Z",
          "profile": [
            "https://www.medizininformatik-initiative.de/fhir/core/modul-diagnose/StructureDefinition/Diagnose|2025.0.0"
          ]
        },
        "code": {
          "coding": [
            {
              "system": "http://fhir.de/CodeSystem/bfarm/icd-10-gm",
              "version": "2022",
              "code": "L89.36"
            }
          ]
        },
        "subject": {
          "reference": "Patient/PID-b3726941048382de178e41960d22a94900e8a13fba50ca69f897a2bb"
        },
        "encounter": {
          "reference": "Encounter/PV-ad2948e3428e1614077f204eb49fcf485527cc14a29b9f66322ee3ab"
        },
        "recordedDate": "2023-02-06T15:06:00+01:00"
      },
      "search": {
        "mode": "match"
      }
    },
    {
      "fullUrl": "http://num-fhirserver.distan.medicsh.de:8080/fhir/Condition/CON-0bd88da1ff9f37074a331a4678a83ffb53dc946f282f088c36c63e5b",
      "resource": {
        "resourceType": "Condition",
        "id": "CON-0bd88da1ff9f37074a331a4678a83ffb53dc946f282f088c36c63e5b",
        "meta": {
          "versionId": "18906502",
          "lastUpdated": "2025-03-11T02:28:58.345Z",
          "profile": [
            "https://www.medizininformatik-initiative.de/fhir/core/modul-diagnose/StructureDefinition/Diagnose|2025.0.0"
          ]
        },
        "code": {
          "coding": [
            {
              "system": "http://fhir.de/CodeSystem/bfarm/icd-10-gm",
              "version": "2024",
              "code": "C20"
            }
          ]
        },
        "subject": {
          "reference": "Patient/PID-b3726941048382de178e41960d22a94900e8a13fba50ca69f897a2bb"
        },
        "encounter": {
          "reference": "Encounter/PV-2bf39f05e0f5d3616802ac838dbc26b29632ebd5d2b24d492210c5d3"
        },
        "recordedDate": "2024-05-02T14:20:00+02:00"
      },
      "search": {
        "mode": "match"
      }
    },
    {
      "fullUrl": "http://num-fhirserver.distan.medicsh.de:8080/fhir/Condition/CON-0e71272904d5d07a37241d2a2f3286e41e61dfd441c815211b8aa719",
      "resource": {
        "resourceType": "Condition",
        "id": "CON-0e71272904d5d07a37241d2a2f3286e41e61dfd441c815211b8aa719",
        "meta": {
          "versionId": "18926191",
          "lastUpdated": "2025-03-11T02:29:41.738Z",
          "profile": [
            "https://www.medizininformatik-initiative.de/fhir/core/modul-diagnose/StructureDefinition/Diagnose|2025.0.0"
          ]
        },
        "code": {
          "coding": [
            {
              "system": "http://fhir.de/CodeSystem/bfarm/icd-10-gm",
              "version": "2024",
              "code": "C20"
            }
          ]
        },
        "subject": {
          "reference": "Patient/PID-b3726941048382de178e41960d22a94900e8a13fba50ca69f897a2bb"
        },
        "encounter": {
          "reference": "Encounter/PV-2bf39f05e0f5d3616802ac838dbc26b29632ebd5d2b24d492210c5d3"
        },
        "recordedDate": "2024-05-02T14:20:00+02:00"
      },
      "search": {
        "mode": "match"
      }
    },
    {
      "fullUrl": "http://num-fhirserver.distan.medicsh.de:8080/fhir/Condition/CON-295197d63ad77d9f44765b190ba0b76011eefbec036451df5afc0151",
      "resource": {
        "resourceType": "Condition",
        "id": "CON-295197d63ad77d9f44765b190ba0b76011eefbec036451df5afc0151",
        "meta": {
          "versionId": "4447569",
          "lastUpdated": "2025-03-10T18:08:35.796Z",
          "profile": [
            "https://www.medizininformatik-initiative.de/fhir/core/modul-diagnose/StructureDefinition/Diagnose|2025.0.0"
          ]
        },
        "code": {
          "coding": [
            {
              "system": "http://fhir.de/CodeSystem/bfarm/icd-10-gm",
              "version": "2022",
              "code": "L89.20"
            }
          ]
        },
        "subject": {
          "reference": "Patient/PID-b3726941048382de178e41960d22a94900e8a13fba50ca69f897a2bb"
        },
        "encounter": {
          "reference": "Encounter/PV-ad2948e3428e1614077f204eb49fcf485527cc14a29b9f66322ee3ab"
        },
        "recordedDate": "2023-02-06T15:06:00+01:00"
      },
      "search": {
        "mode": "match"
      }
    },
    {
      "fullUrl": "http://num-fhirserver.distan.medicsh.de:8080/fhir/Condition/CON-2bfae7b338027bff67e36689e450dc3d73a6d89cff12c4d19ec2c76d",
      "resource": {
        "resourceType": "Condition",
        "id": "CON-2bfae7b338027bff67e36689e450dc3d73a6d89cff12c4d19ec2c76d",
        "meta": {
          "versionId": "248497886",
          "lastUpdated": "2025-03-26T02:17:56.616Z",
          "profile": [
            "https://www.medizininformatik-initiative.de/fhir/core/modul-diagnose/StructureDefinition/Diagnose|2025.0.0"
          ]
        },
        "code": {
          "coding": [
            {
              "system": "http://fhir.de/CodeSystem/bfarm/icd-10-gm",
              "version": "2022",
              "code": "I33.0"
            }
          ]
        },
        "subject": {
          "reference": "Patient/PID-b3726941048382de178e41960d22a94900e8a13fba50ca69f897a2bb"
        },
        "encounter": {
          "reference": "Encounter/PV-ad2948e3428e1614077f204eb49fcf485527cc14a29b9f66322ee3ab"
        },
        "recordedDate": "2025-03-25T10:00:00+01:00"
      },
      "search": {
        "mode": "match"
      }
    },
    {
      "fullUrl": "http://num-fhirserver.distan.medicsh.de:8080/fhir/Condition/CON-2fbd013a437afd60f208d792273391f8f2ad400b23d4491ea10717c3",
      "resource": {
        "resourceType": "Condition",
        "id": "CON-2fbd013a437afd60f208d792273391f8f2ad400b23d4491ea10717c3",
        "meta": {
          "versionId": "17753188",
          "lastUpdated": "2025-03-11T01:46:23.663Z",
          "profile": [
            "https://www.medizininformatik-initiative.de/fhir/core/modul-diagnose/StructureDefinition/Diagnose|2025.0.0"
          ]
        },
        "code": {
          "coding": [
            {
              "system": "http://fhir.de/CodeSystem/bfarm/icd-10-gm",
              "version": "2022",
              "code": "L89.11"
            }
          ]
        },
        "subject": {
          "reference": "Patient/PID-b3726941048382de178e41960d22a94900e8a13fba50ca69f897a2bb"
        },
        "encounter": {
          "reference": "Encounter/PV-ad2948e3428e1614077f204eb49fcf485527cc14a29b9f66322ee3ab"
        },
        "recordedDate": "2024-02-05T15:52:00+01:00"
      },
      "search": {
        "mode": "match"
      }
    },
    {
      "fullUrl": "http://num-fhirserver.distan.medicsh.de:8080/fhir/Condition/CON-4dd0d7269e101b27bf4477ebbbe7cebf0afa6eb93e558109cf597710",
      "resource": {
        "resourceType": "Condition",
        "id": "CON-4dd0d7269e101b27bf4477ebbbe7cebf0afa6eb93e558109cf597710",
        "meta": {
          "versionId": "19792178",
          "lastUpdated": "2025-03-11T03:02:02.625Z",
          "profile": [
            "https://www.medizininformatik-initiative.de/fhir/core/modul-diagnose/StructureDefinition/Diagnose|2025.0.0"
          ]
        },
        "code": {
          "coding": [
            {
              "system": "http://fhir.de/CodeSystem/bfarm/icd-10-gm",
              "version": "2022",
              "code": "C50.0"
            }
          ]
        },
        "subject": {
          "reference": "Patient/PID-b3726941048382de178e41960d22a94900e8a13fba50ca69f897a2bb"
        },
        "encounter": {
          "reference": "Encounter/PV-ad2948e3428e1614077f204eb49fcf485527cc14a29b9f66322ee3ab"
        },
        "recordedDate": "2024-07-03T15:45:00+02:00"
      },
      "search": {
        "mode": "match"
      }
    },
    {
      "fullUrl": "http://num-fhirserver.distan.medicsh.de:8080/fhir/Condition/CON-57a295d4c1a88518f207d05f33ae41126d8d74f662b7c22fbed882db",
      "resource": {
        "resourceType": "Condition",
        "id": "CON-57a295d4c1a88518f207d05f33ae41126d8d74f662b7c22fbed882db",
        "meta": {
          "versionId": "18864952",
          "lastUpdated": "2025-03-11T02:27:22.732Z",
          "profile": [
            "https://www.medizininformatik-initiative.de/fhir/core/modul-diagnose/StructureDefinition/Diagnose|2025.0.0"
          ]
        },
        "code": {
          "coding": [
            {
              "system": "http://fhir.de/CodeSystem/bfarm/icd-10-gm",
              "version": "2022",
              "code": "C20"
            }
          ]
        },
        "subject": {
          "reference": "Patient/PID-b3726941048382de178e41960d22a94900e8a13fba50ca69f897a2bb"
        },
        "encounter": {
          "reference": "Encounter/PV-ad2948e3428e1614077f204eb49fcf485527cc14a29b9f66322ee3ab"
        },
        "recordedDate": "2024-05-02T08:50:00+02:00"
      },
      "search": {
        "mode": "match"
      }
    },
    {
      "fullUrl": "http://num-fhirserver.distan.medicsh.de:8080/fhir/Condition/CON-6c7f70812f218e46b90f44a22818e365d797eff8291311aff967fc80",
      "resource": {
        "resourceType": "Condition",
        "id": "CON-6c7f70812f218e46b90f44a22818e365d797eff8291311aff967fc80",
        "meta": {
          "versionId": "248497889",
          "lastUpdated": "2025-03-26T02:17:56.629Z",
          "profile": [
            "https://www.medizininformatik-initiative.de/fhir/core/modul-diagnose/StructureDefinition/Diagnose|2025.0.0"
          ]
        },
        "code": {
          "coding": [
            {
              "system": "http://fhir.de/CodeSystem/bfarm/icd-10-gm",
              "version": "2025",
              "code": "570762"
            }
          ]
        },
        "subject": {
          "reference": "Patient/PID-b3726941048382de178e41960d22a94900e8a13fba50ca69f897a2bb"
        },
        "encounter": {
          "reference": "Encounter/PV-ad2948e3428e1614077f204eb49fcf485527cc14a29b9f66322ee3ab"
        },
        "recordedDate": "2025-03-25T10:00:00+01:00"
      },
      "search": {
        "mode": "match"
      }
    },
    {
      "fullUrl": "http://num-fhirserver.distan.medicsh.de:8080/fhir/Condition/CON-9038206c3dc95cd1f4211115ae6a167229ada5ba1c1342ef717c8039",
      "resource": {
        "resourceType": "Condition",
        "id": "CON-9038206c3dc95cd1f4211115ae6a167229ada5ba1c1342ef717c8039",
        "meta": {
          "versionId": "18893252",
          "lastUpdated": "2025-03-11T02:28:27.520Z",
          "profile": [
            "https://www.medizininformatik-initiative.de/fhir/core/modul-diagnose/StructureDefinition/Diagnose|2025.0.0"
          ]
        },
        "code": {
          "coding": [
            {
              "system": "http://fhir.de/CodeSystem/bfarm/icd-10-gm",
              "version": "2024",
              "code": "C20"
            }
          ]
        },
        "subject": {
          "reference": "Patient/PID-b3726941048382de178e41960d22a94900e8a13fba50ca69f897a2bb"
        },
        "encounter": {
          "reference": "Encounter/PV-2bf39f05e0f5d3616802ac838dbc26b29632ebd5d2b24d492210c5d3"
        },
        "recordedDate": "2024-05-02T14:19:00+02:00"
      },
      "search": {
        "mode": "match"
      }
    },
    {
      "fullUrl": "http://num-fhirserver.distan.medicsh.de:8080/fhir/Condition/CON-90978c252defc113d77db1938117b30af025b99b24fe937cb8f63206",
      "resource": {
        "resourceType": "Condition",
        "id": "CON-90978c252defc113d77db1938117b30af025b99b24fe937cb8f63206",
        "meta": {
          "versionId": "17853396",
          "lastUpdated": "2025-03-11T01:50:11.378Z",
          "profile": [
            "https://www.medizininformatik-initiative.de/fhir/core/modul-diagnose/StructureDefinition/Diagnose|2025.0.0"
          ]
        },
        "code": {
          "coding": [
            {
              "system": "http://fhir.de/CodeSystem/bfarm/icd-10-gm",
              "version": "2022",
              "code": "L89.36"
            }
          ]
        },
        "subject": {
          "reference": "Patient/PID-b3726941048382de178e41960d22a94900e8a13fba50ca69f897a2bb"
        },
        "encounter": {
          "reference": "Encounter/PV-ad2948e3428e1614077f204eb49fcf485527cc14a29b9f66322ee3ab"
        },
        "recordedDate": "2024-02-12T14:11:00+01:00"
      },
      "search": {
        "mode": "match"
      }
    },
    {
      "fullUrl": "http://num-fhirserver.distan.medicsh.de:8080/fhir/Condition/CON-95b51b6907acd000fc6807b80ac8e2230c37df959fb8032b33451a73",
      "resource": {
        "resourceType": "Condition",
        "id": "CON-95b51b6907acd000fc6807b80ac8e2230c37df959fb8032b33451a73",
        "meta": {
          "versionId": "18937606",
          "lastUpdated": "2025-03-11T02:30:07.244Z",
          "profile": [
            "https://www.medizininformatik-initiative.de/fhir/core/modul-diagnose/StructureDefinition/Diagnose|2025.0.0"
          ]
        },
        "code": {
          "coding": [
            {
              "system": "http://fhir.de/CodeSystem/bfarm/icd-10-gm",
              "version": "2022",
              "code": "C20"
            }
          ]
        },
        "subject": {
          "reference": "Patient/PID-b3726941048382de178e41960d22a94900e8a13fba50ca69f897a2bb"
        },
        "encounter": {
          "reference": "Encounter/PV-ad2948e3428e1614077f204eb49fcf485527cc14a29b9f66322ee3ab"
        },
        "recordedDate": "2022-02-14T07:35:00+01:00"
      },
      "search": {
        "mode": "match"
      }
    },
    {
      "fullUrl": "http://num-fhirserver.distan.medicsh.de:8080/fhir/Condition/CON-a4a275a2be8a1b12fa9c37d7a92040e32906db50a05abca3a5de79c7",
      "resource": {
        "resourceType": "Condition",
        "id": "CON-a4a275a2be8a1b12fa9c37d7a92040e32906db50a05abca3a5de79c7",
        "meta": {
          "versionId": "17853885",
          "lastUpdated": "2025-03-11T01:50:12.446Z",
          "profile": [
            "https://www.medizininformatik-initiative.de/fhir/core/modul-diagnose/StructureDefinition/Diagnose|2025.0.0"
          ]
        },
        "code": {
          "coding": [
            {
              "system": "http://fhir.de/CodeSystem/bfarm/icd-10-gm",
              "version": "2022",
              "code": "L89.20"
            }
          ]
        },
        "subject": {
          "reference": "Patient/PID-b3726941048382de178e41960d22a94900e8a13fba50ca69f897a2bb"
        },
        "encounter": {
          "reference": "Encounter/PV-ad2948e3428e1614077f204eb49fcf485527cc14a29b9f66322ee3ab"
        },
        "recordedDate": "2024-02-12T14:11:00+01:00"
      },
      "search": {
        "mode": "match"
      }
    },
    {
      "fullUrl": "http://num-fhirserver.distan.medicsh.de:8080/fhir/Condition/CON-ae4d8d7fb5b5c15964a3f6f966995caf0fb8dfada3c95d3b86606cc7",
      "resource": {
        "resourceType": "Condition",
        "id": "CON-ae4d8d7fb5b5c15964a3f6f966995caf0fb8dfada3c95d3b86606cc7",
        "meta": {
          "versionId": "17856931",
          "lastUpdated": "2025-03-11T01:50:19.173Z",
          "profile": [
            "https://www.medizininformatik-initiative.de/fhir/core/modul-diagnose/StructureDefinition/Diagnose|2025.0.0"
          ]
        },
        "code": {
          "coding": [
            {
              "system": "http://fhir.de/CodeSystem/bfarm/icd-10-gm",
              "version": "2022",
              "code": "C20"
            }
          ]
        },
        "subject": {
          "reference": "Patient/PID-b3726941048382de178e41960d22a94900e8a13fba50ca69f897a2bb"
        },
        "encounter": {
          "reference": "Encounter/PV-ad2948e3428e1614077f204eb49fcf485527cc14a29b9f66322ee3ab"
        },
        "recordedDate": "2022-02-14T07:34:00+01:00"
      },
      "search": {
        "mode": "match"
      }
    },
    {
      "fullUrl": "http://num-fhirserver.distan.medicsh.de:8080/fhir/Condition/CON-b88a10d375c70c2f6990972f9db4980c339474482549ed059dac0671",
      "resource": {
        "resourceType": "Condition",
        "id": "CON-b88a10d375c70c2f6990972f9db4980c339474482549ed059dac0671",
        "meta": {
          "versionId": "17872566",
          "lastUpdated": "2025-03-11T01:50:53.262Z",
          "profile": [
            "https://www.medizininformatik-initiative.de/fhir/core/modul-diagnose/StructureDefinition/Diagnose|2025.0.0"
          ]
        },
        "code": {
          "coding": [
            {
              "system": "http://fhir.de/CodeSystem/bfarm/icd-10-gm",
              "version": "2022",
              "code": "L89.11"
            }
          ]
        },
        "subject": {
          "reference": "Patient/PID-b3726941048382de178e41960d22a94900e8a13fba50ca69f897a2bb"
        },
        "encounter": {
          "reference": "Encounter/PV-ad2948e3428e1614077f204eb49fcf485527cc14a29b9f66322ee3ab"
        },
        "recordedDate": "2024-02-12T14:10:00+01:00"
      },
      "search": {
        "mode": "match"
      }
    },
    {
      "fullUrl": "http://num-fhirserver.distan.medicsh.de:8080/fhir/Condition/CON-e91561c5ec671033a3bee955f58a40000399eddb240d9a6b957eacfe",
      "resource": {
        "resourceType": "Condition",
        "id": "CON-e91561c5ec671033a3bee955f58a40000399eddb240d9a6b957eacfe",
        "meta": {
          "versionId": "18863111",
          "lastUpdated": "2025-03-11T02:27:18.396Z",
          "profile": [
            "https://www.medizininformatik-initiative.de/fhir/core/modul-diagnose/StructureDefinition/Diagnose|2025.0.0"
          ]
        },
        "code": {
          "coding": [
            {
              "system": "http://fhir.de/CodeSystem/bfarm/icd-10-gm",
              "version": "2022",
              "code": "C20"
            }
          ]
        },
        "subject": {
          "reference": "Patient/PID-b3726941048382de178e41960d22a94900e8a13fba50ca69f897a2bb"
        },
        "encounter": {
          "reference": "Encounter/PV-ad2948e3428e1614077f204eb49fcf485527cc14a29b9f66322ee3ab"
        },
        "recordedDate": "2024-05-02T08:50:00+02:00"
      },
      "search": {
        "mode": "match"
      }
    },
    {
      "fullUrl": "http://num-fhirserver.distan.medicsh.de:8080/fhir/Condition/CON-ef88c52d483029a39678be94c16ca744eb31c540c969f87e53690470",
      "resource": {
        "resourceType": "Condition",
        "id": "CON-ef88c52d483029a39678be94c16ca744eb31c540c969f87e53690470",
        "meta": {
          "versionId": "19782805",
          "lastUpdated": "2025-03-11T03:01:39.687Z",
          "profile": [
            "https://www.medizininformatik-initiative.de/fhir/core/modul-diagnose/StructureDefinition/Diagnose|2025.0.0"
          ]
        },
        "code": {
          "coding": [
            {
              "system": "http://fhir.de/CodeSystem/bfarm/icd-10-gm",
              "version": "2022",
              "code": "C50.0"
            }
          ]
        },
        "subject": {
          "reference": "Patient/PID-b3726941048382de178e41960d22a94900e8a13fba50ca69f897a2bb"
        },
        "encounter": {
          "reference": "Encounter/PV-ad2948e3428e1614077f204eb49fcf485527cc14a29b9f66322ee3ab"
        },
        "recordedDate": "2024-07-03T15:45:00+02:00"
      },
      "search": {
        "mode": "match"
      }
    },
    {
      "fullUrl": "http://num-fhirserver.distan.medicsh.de:8080/fhir/Encounter/PV-2bf39f05e0f5d3616802ac838dbc26b29632ebd5d2b24d492210c5d3",
      "resource": {
        "resourceType": "Encounter",
        "id": "PV-2bf39f05e0f5d3616802ac838dbc26b29632ebd5d2b24d492210c5d3",
        "meta": {
          "versionId": "243388451",
          "lastUpdated": "2025-03-21T16:44:13.832Z",
          "source": "http://medic.uksh.de/source/orbis/adt",
          "profile": [
            "https://www.medizininformatik-initiative.de/fhir/core/modul-fall/StructureDefinition/KontaktGesundheitseinrichtung|2025.0.0"
          ]
        },
        "identifier": [
          {
            "use": "official",
            "type": {
              "coding": [
                {
                  "system": "http://terminology.hl7.org/CodeSystem/v2-0203",
                  "code": "VN"
                }
              ]
            },
            "system": "http://medic.uksh.de/fhir/Encounter",
            "value": "2bf39f05e0f5d3616802ac838dbc26b29632ebd5d2b24d492210c5d3"
          }
        ],
        "status": "finished",
        "class": {
          "system": "http://terminology.hl7.org/CodeSystem/v3-ActCode",
          "code": "IMP"
        },
        "type": [
          {
            "coding": [
              {
                "system": "http://fhir.de/CodeSystem/Kontaktebene",
                "code": "einrichtungskontakt"
              }
            ]
          }
        ],
        "subject": {
          "reference": "Patient/PID-b3726941048382de178e41960d22a94900e8a13fba50ca69f897a2bb"
        },
        "period": {
          "start": "2024-05-02T14:19:00+02:00",
          "end": "2024-05-02T14:21:00+02:00"
        }
      },
      "search": {
        "mode": "match"
      }
    },
    {
      "fullUrl": "http://num-fhirserver.distan.medicsh.de:8080/fhir/Encounter/PV-AK-2e87d2b7ecd99c63a3a8c1347a6bf83125f8e4c306d6fcc5ec975ab6",
      "resource": {
        "resourceType": "Encounter",
        "id": "PV-AK-2e87d2b7ecd99c63a3a8c1347a6bf83125f8e4c306d6fcc5ec975ab6",
        "meta": {
          "versionId": "243381019",
          "lastUpdated": "2025-03-21T16:41:10.973Z",
          "source": "http://medic.uksh.de/source/orbis/adt",
          "profile": [
            "https://www.medizininformatik-initiative.de/fhir/core/modul-fall/StructureDefinition/KontaktGesundheitseinrichtung|2025.0.0"
          ]
        },
        "identifier": [
          {
            "use": "official",
            "type": {
              "coding": [
                {
                  "system": "http://terminology.hl7.org/CodeSystem/v2-0203",
                  "code": "VN"
                }
              ]
            },
            "system": "http://medic.uksh.de/fhir/Encounter",
            "value": "ad2948e3428e1614077f204eb49fcf485527cc14a29b9f66322ee3ab"
          },
          {
            "use": "secondary",
            "type": {
              "coding": [
                {
                  "system": "http://terminology.hl7.org/CodeSystem/v2-0203",
                  "code": "U"
                }
              ]
            },
            "system": "http://medic.uksh.de.de/fhir/Encounter/department",
            "value": "ITSG.2022-02-14T07:34:00"
          }
        ],
        "status": "finished",
        "class": {
          "system": "http://terminology.hl7.org/CodeSystem/v3-ActCode",
          "code": "IMP"
        },
        "type": [
          {
            "coding": [
              {
                "system": "http://fhir.de/CodeSystem/Kontaktebene",
                "code": "abteilungskontakt"
              }
            ]
          }
        ],
        "subject": {
          "reference": "Patient/PID-b3726941048382de178e41960d22a94900e8a13fba50ca69f897a2bb"
        },
        "period": {
          "start": "2022-02-14T07:34:00+01:00",
          "end": "2024-05-02T08:51:00+02:00"
        },
        "location": [
          {
            "location": {
              "reference": "Location/ITSG-ITSGSTAT"
            },
            "status": "completed",
            "physicalType": {
              "coding": [
                {
                  "system": "http://terminology.hl7.org/CodeSystem/location-physical-type",
                  "code": "wa"
                }
              ]
            },
            "period": {
              "start": "2022-02-14T07:34:00+01:00",
              "end": "2024-05-02T08:51:00+02:00"
            }
          }
        ],
        "partOf": {
          "reference": "Encounter/PV-ad2948e3428e1614077f204eb49fcf485527cc14a29b9f66322ee3ab"
        }
      },
      "search": {
        "mode": "match"
      }
    },
    {
      "fullUrl": "http://num-fhirserver.distan.medicsh.de:8080/fhir/Encounter/PV-AK-b2e1b84e2efe047429981c7612d6fa67a44d671d726e6504cb7ff11d",
      "resource": {
        "resourceType": "Encounter",
        "id": "PV-AK-b2e1b84e2efe047429981c7612d6fa67a44d671d726e6504cb7ff11d",
        "meta": {
          "versionId": "243388457",
          "lastUpdated": "2025-03-21T16:44:13.907Z",
          "source": "http://medic.uksh.de/source/orbis/adt",
          "profile": [
            "https://www.medizininformatik-initiative.de/fhir/core/modul-fall/StructureDefinition/KontaktGesundheitseinrichtung|2025.0.0"
          ]
        },
        "identifier": [
          {
            "use": "official",
            "type": {
              "coding": [
                {
                  "system": "http://terminology.hl7.org/CodeSystem/v2-0203",
                  "code": "VN"
                }
              ]
            },
            "system": "http://medic.uksh.de/fhir/Encounter",
            "value": "2bf39f05e0f5d3616802ac838dbc26b29632ebd5d2b24d492210c5d3"
          },
          {
            "use": "secondary",
            "type": {
              "coding": [
                {
                  "system": "http://terminology.hl7.org/CodeSystem/v2-0203",
                  "code": "U"
                }
              ]
            },
            "system": "http://medic.uksh.de.de/fhir/Encounter/department",
            "value": "ITSG.2024-05-02T14:19:00"
          }
        ],
        "status": "finished",
        "class": {
          "system": "http://terminology.hl7.org/CodeSystem/v3-ActCode",
          "code": "IMP"
        },
        "type": [
          {
            "coding": [
              {
                "system": "http://fhir.de/CodeSystem/Kontaktebene",
                "code": "abteilungskontakt"
              }
            ]
          }
        ],
        "subject": {
          "reference": "Patient/PID-b3726941048382de178e41960d22a94900e8a13fba50ca69f897a2bb"
        },
        "period": {
          "start": "2024-05-02T14:19:00+02:00",
          "end": "2024-05-02T14:21:00+02:00"
        },
        "location": [
          {
            "location": {
              "reference": "Location/ITSG-ITSGSTAT"
            },
            "status": "completed",
            "physicalType": {
              "coding": [
                {
                  "system": "http://terminology.hl7.org/CodeSystem/location-physical-type",
                  "code": "wa"
                }
              ]
            },
            "period": {
              "start": "2024-05-02T14:19:00+02:00",
              "end": "2024-05-02T14:21:00+02:00"
            }
          }
        ],
        "partOf": {
          "reference": "Encounter/PV-2bf39f05e0f5d3616802ac838dbc26b29632ebd5d2b24d492210c5d3"
        }
      },
      "search": {
        "mode": "match"
      }
    },
    {
      "fullUrl": "http://num-fhirserver.distan.medicsh.de:8080/fhir/Encounter/PV-VK-13d80b7c5281f723a24c38c78776fa2fc6ea5bfb6cd931955f1c7653",
      "resource": {
        "resourceType": "Encounter",
        "id": "PV-VK-13d80b7c5281f723a24c38c78776fa2fc6ea5bfb6cd931955f1c7653",
        "meta": {
          "versionId": "243381018",
          "lastUpdated": "2025-03-21T16:41:10.951Z",
          "source": "http://medic.uksh.de/source/orbis/adt",
          "profile": [
            "https://www.medizininformatik-initiative.de/fhir/core/modul-fall/StructureDefinition/KontaktGesundheitseinrichtung|2025.0.0"
          ]
        },
        "identifier": [
          {
            "use": "official",
            "type": {
              "coding": [
                {
                  "system": "http://terminology.hl7.org/CodeSystem/v2-0203",
                  "code": "VN"
                }
              ]
            },
            "system": "http://medic.uksh.de/fhir/Encounter",
            "value": "ad2948e3428e1614077f204eb49fcf485527cc14a29b9f66322ee3ab"
          },
          {
            "use": "secondary",
            "type": {
              "coding": [
                {
                  "system": "http://terminology.hl7.org/CodeSystem/v2-0203",
                  "code": "U"
                }
              ]
            },
            "system": "http://medic.uksh.de.de/fhir/Encounter/department",
            "value": "ITSG.ITSGSTAT.2022-02-14T07:34:00"
          }
        ],
        "status": "finished",
        "class": {
          "system": "http://terminology.hl7.org/CodeSystem/v3-ActCode",
          "code": "IMP"
        },
        "type": [
          {
            "coding": [
              {
                "system": "http://fhir.de/CodeSystem/Kontaktebene",
                "code": "versorgungsstellenkontakt"
              }
            ]
          }
        ],
        "subject": {
          "reference": "Patient/PID-b3726941048382de178e41960d22a94900e8a13fba50ca69f897a2bb"
        },
        "period": {
          "start": "2022-02-14T07:34:00+01:00",
          "end": "2024-05-02T08:51:00+02:00"
        },
        "location": [
          {
            "location": {
              "reference": "Location/ITSG-ITSGSTAT"
            },
            "status": "completed",
            "physicalType": {
              "coding": [
                {
                  "system": "http://terminology.hl7.org/CodeSystem/location-physical-type",
                  "code": "wa"
                }
              ]
            },
            "period": {
              "start": "2022-02-14T07:34:00+01:00",
              "end": "2024-05-02T08:51:00+02:00"
            }
          }
        ],
        "partOf": {
          "reference": "Encounter/PV-AK-2e87d2b7ecd99c63a3a8c1347a6bf83125f8e4c306d6fcc5ec975ab6"
        }
      },
      "search": {
        "mode": "match"
      }
    },
    {
      "fullUrl": "http://num-fhirserver.distan.medicsh.de:8080/fhir/Encounter/PV-VK-89a2c4500cbf3d3c0834191bf8548d79497217974aa0eea9d3ac7230",
      "resource": {
        "resourceType": "Encounter",
        "id": "PV-VK-89a2c4500cbf3d3c0834191bf8548d79497217974aa0eea9d3ac7230",
        "meta": {
          "versionId": "243388454",
          "lastUpdated": "2025-03-21T16:44:13.887Z",
          "source": "http://medic.uksh.de/source/orbis/adt",
          "profile": [
            "https://www.medizininformatik-initiative.de/fhir/core/modul-fall/StructureDefinition/KontaktGesundheitseinrichtung|2025.0.0"
          ]
        },
        "identifier": [
          {
            "use": "official",
            "type": {
              "coding": [
                {
                  "system": "http://terminology.hl7.org/CodeSystem/v2-0203",
                  "code": "VN"
                }
              ]
            },
            "system": "http://medic.uksh.de/fhir/Encounter",
            "value": "2bf39f05e0f5d3616802ac838dbc26b29632ebd5d2b24d492210c5d3"
          },
          {
            "use": "secondary",
            "type": {
              "coding": [
                {
                  "system": "http://terminology.hl7.org/CodeSystem/v2-0203",
                  "code": "U"
                }
              ]
            },
            "system": "http://medic.uksh.de.de/fhir/Encounter/department",
            "value": "ITSG.ITSGSTAT.2024-05-02T14:19:00"
          }
        ],
        "status": "finished",
        "class": {
          "system": "http://terminology.hl7.org/CodeSystem/v3-ActCode",
          "code": "IMP"
        },
        "type": [
          {
            "coding": [
              {
                "system": "http://fhir.de/CodeSystem/Kontaktebene",
                "code": "versorgungsstellenkontakt"
              }
            ]
          }
        ],
        "subject": {
          "reference": "Patient/PID-b3726941048382de178e41960d22a94900e8a13fba50ca69f897a2bb"
        },
        "period": {
          "start": "2024-05-02T14:19:00+02:00",
          "end": "2024-05-02T14:21:00+02:00"
        },
        "location": [
          {
            "location": {
              "reference": "Location/ITSG-ITSGSTAT"
            },
            "status": "completed",
            "physicalType": {
              "coding": [
                {
                  "system": "http://terminology.hl7.org/CodeSystem/location-physical-type",
                  "code": "wa"
                }
              ]
            },
            "period": {
              "start": "2024-05-02T14:19:00+02:00",
              "end": "2024-05-02T14:21:00+02:00"
            }
          }
        ],
        "partOf": {
          "reference": "Encounter/PV-AK-b2e1b84e2efe047429981c7612d6fa67a44d671d726e6504cb7ff11d"
        }
      },
      "search": {
        "mode": "match"
      }
    },
    {
      "fullUrl": "http://num-fhirserver.distan.medicsh.de:8080/fhir/Encounter/PV-ad2948e3428e1614077f204eb49fcf485527cc14a29b9f66322ee3ab",
      "resource": {
        "resourceType": "Encounter",
        "id": "PV-ad2948e3428e1614077f204eb49fcf485527cc14a29b9f66322ee3ab",
        "meta": {
          "versionId": "243381015",
          "lastUpdated": "2025-03-21T16:41:10.892Z",
          "source": "http://medic.uksh.de/source/orbis/adt",
          "profile": [
            "https://www.medizininformatik-initiative.de/fhir/core/modul-fall/StructureDefinition/KontaktGesundheitseinrichtung|2025.0.0"
          ]
        },
        "identifier": [
          {
            "use": "official",
            "type": {
              "coding": [
                {
                  "system": "http://terminology.hl7.org/CodeSystem/v2-0203",
                  "code": "VN"
                }
              ]
            },
            "system": "http://medic.uksh.de/fhir/Encounter",
            "value": "ad2948e3428e1614077f204eb49fcf485527cc14a29b9f66322ee3ab"
          }
        ],
        "status": "finished",
        "class": {
          "system": "http://terminology.hl7.org/CodeSystem/v3-ActCode",
          "code": "IMP"
        },
        "type": [
          {
            "coding": [
              {
                "system": "http://fhir.de/CodeSystem/Kontaktebene",
                "code": "einrichtungskontakt"
              }
            ]
          }
        ],
        "subject": {
          "reference": "Patient/PID-b3726941048382de178e41960d22a94900e8a13fba50ca69f897a2bb"
        },
        "period": {
          "start": "2022-02-14T07:34:00+01:00",
          "end": "2024-05-02T08:51:00+02:00"
        }
      },
      "search": {
        "mode": "match"
      }
    },
    {
      "fullUrl": "http://num-fhirserver.distan.medicsh.de:8080/fhir/Observation/VIT-29ef61329a81ccab588616371f68a264bacc312abb8911fa6f086915",
      "resource": {
        "resourceType": "Observation",
        "id": "VIT-29ef61329a81ccab588616371f68a264bacc312abb8911fa6f086915",
        "meta": {
          "versionId": "243381017",
          "lastUpdated": "2025-03-21T16:41:10.930Z",
          "profile": [
            "https://www.medizininformatik-initiative.de/fhir/core/modul-person/StructureDefinition/Vitalstatus|2025.0.1"
          ]
        },
        "status": "final",
        "category": [
          {
            "coding": [
              {
                "system": "http://terminology.hl7.org/CodeSystem/observation-category",
                "code": "survey"
              }
            ]
          }
        ],
        "code": {
          "coding": [
            {
              "system": "http://loinc.org",
              "code": "67162-8"
            }
          ]
        },
        "subject": {
          "reference": "Patient/PID-b3726941048382de178e41960d22a94900e8a13fba50ca69f897a2bb"
        },
        "effectiveDateTime": "2024-05-02T08:51:00+02:00",
        "valueCodeableConcept": {
          "coding": [
            {
              "system": "https://www.medizininformatik-initiative.de/fhir/core/modul-person/CodeSystem/Vitalstatus",
              "code": "L"
            }
          ]
        }
      },
      "search": {
        "mode": "match"
      }
    },
    {
      "fullUrl": "http://num-fhirserver.distan.medicsh.de:8080/fhir/Observation/VIT-4beceb53d3581464d3867f87e59f2aa0e8dc26b7939bf1d7447465d8",
      "resource": {
        "resourceType": "Observation",
        "id": "VIT-4beceb53d3581464d3867f87e59f2aa0e8dc26b7939bf1d7447465d8",
        "meta": {
          "versionId": "243388453",
          "lastUpdated": "2025-03-21T16:44:13.868Z",
          "profile": [
            "https://www.medizininformatik-initiative.de/fhir/core/modul-person/StructureDefinition/Vitalstatus|2025.0.1"
          ]
        },
        "status": "final",
        "category": [
          {
            "coding": [
              {
                "system": "http://terminology.hl7.org/CodeSystem/observation-category",
                "code": "survey"
              }
            ]
          }
        ],
        "code": {
          "coding": [
            {
              "system": "http://loinc.org",
              "code": "67162-8"
            }
          ]
        },
        "subject": {
          "reference": "Patient/PID-b3726941048382de178e41960d22a94900e8a13fba50ca69f897a2bb"
        },
        "effectiveDateTime": "2024-05-02T14:21:00+02:00",
        "valueCodeableConcept": {
          "coding": [
            {
              "system": "https://www.medizininformatik-initiative.de/fhir/core/modul-person/CodeSystem/Vitalstatus",
              "code": "L"
            }
          ]
        }
      },
      "search": {
        "mode": "match"
      }
    },
    {
      "fullUrl": "http://num-fhirserver.distan.medicsh.de:8080/fhir/Observation/VIT-6d04f0f07d75eefeac71788dcb8cc07d7e654c75049dd0a67bf3e5a3",
      "resource": {
        "resourceType": "Observation",
        "id": "VIT-6d04f0f07d75eefeac71788dcb8cc07d7e654c75049dd0a67bf3e5a3",
        "meta": {
          "versionId": "243388435",
          "lastUpdated": "2025-03-21T16:44:13.512Z",
          "profile": [
            "https://www.medizininformatik-initiative.de/fhir/core/modul-person/StructureDefinition/Vitalstatus|2025.0.1"
          ]
        },
        "status": "final",
        "category": [
          {
            "coding": [
              {
                "system": "http://terminology.hl7.org/CodeSystem/observation-category",
                "code": "survey"
              }
            ]
          }
        ],
        "code": {
          "coding": [
            {
              "system": "http://loinc.org",
              "code": "67162-8"
            }
          ]
        },
        "subject": {
          "reference": "Patient/PID-b3726941048382de178e41960d22a94900e8a13fba50ca69f897a2bb"
        },
        "effectiveDateTime": "2024-05-02T14:19:00+02:00",
        "valueCodeableConcept": {
          "coding": [
            {
              "system": "https://www.medizininformatik-initiative.de/fhir/core/modul-person/CodeSystem/Vitalstatus",
              "code": "L"
            }
          ]
        }
      },
      "search": {
        "mode": "match"
      }
    },
    {
      "fullUrl": "http://num-fhirserver.distan.medicsh.de:8080/fhir/Observation/VIT-ba78e0d090e38e1289c618476f238f99f26f3ea0866a6a8790f414e7",
      "resource": {
        "resourceType": "Observation",
        "id": "VIT-ba78e0d090e38e1289c618476f238f99f26f3ea0866a6a8790f414e7",
        "meta": {
          "versionId": "233896696",
          "lastUpdated": "2025-03-19T13:35:11.489Z",
          "profile": [
            "https://www.medizininformatik-initiative.de/fhir/core/modul-person/StructureDefinition/Vitalstatus|2025.0.1"
          ]
        },
        "status": "final",
        "category": [
          {
            "coding": [
              {
                "system": "http://terminology.hl7.org/CodeSystem/observation-category",
                "code": "survey"
              }
            ]
          }
        ],
        "code": {
          "coding": [
            {
              "system": "http://loinc.org",
              "code": "67162-8"
            }
          ]
        },
        "subject": {
          "reference": "Patient/PID-b3726941048382de178e41960d22a94900e8a13fba50ca69f897a2bb"
        },
        "effectiveDateTime": "2022-02-14T07:34:00+01:00",
        "valueCodeableConcept": {
          "coding": [
            {
              "system": "https://www.medizininformatik-initiative.de/fhir/core/modul-person/CodeSystem/Vitalstatus",
              "code": "L"
            }
          ]
        }
      },
      "search": {
        "mode": "match"
      }
    },
    {
      "fullUrl": "http://num-fhirserver.distan.medicsh.de:8080/fhir/Procedure/PR-44638850a46fbca5d3bda82678dd1beb22e509f8f8509f4518766661",
      "resource": {
        "resourceType": "Procedure",
        "id": "PR-44638850a46fbca5d3bda82678dd1beb22e509f8f8509f4518766661",
        "meta": {
          "versionId": "383717538",
          "lastUpdated": "2025-10-08T23:06:47.690Z",
          "profile": [
            "https://www.medizininformatik-initiative.de/fhir/core/modul-prozedur/StructureDefinition/Procedure|2025.0.0"
          ]
        },
        "status": "completed",
        "category": {
          "coding": [
            {
              "system": "http://snomed.info/sct",
              "code": "394841004",
              "display": "Other category"
            }
          ]
        },
        "code": {
          "coding": [
            {
              "system": "http://fhir.de/CodeSystem/bfarm/ops",
              "version": "2022",
              "code": "9-984.8",
              "display": "Pflegebedürftigkeit: Pflegebedürftig nach Pflegegrad 3"
            }
          ]
        },
        "subject": {
          "reference": "Patient/PID-b3726941048382de178e41960d22a94900e8a13fba50ca69f897a2bb"
        },
        "encounter": {
          "reference": "Encounter/PV-ad2948e3428e1614077f204eb49fcf485527cc14a29b9f66322ee3ab"
        },
        "performedDateTime": "2022-02-14T07:34:00+01:00"
      },
      "search": {
        "mode": "match"
      }
    },
    {
      "fullUrl": "http://num-fhirserver.distan.medicsh.de:8080/fhir/Procedure/PR-9f934efc8e29d23e0e8b6db1767f61d8c75b116d6d7a7e7c3cb4d502",
      "resource": {
        "resourceType": "Procedure",
        "id": "PR-9f934efc8e29d23e0e8b6db1767f61d8c75b116d6d7a7e7c3cb4d502",
        "meta": {
          "versionId": "383716818",
          "lastUpdated": "2025-10-08T23:06:46.058Z",
          "profile": [
            "https://www.medizininformatik-initiative.de/fhir/core/modul-prozedur/StructureDefinition/Procedure|2025.0.0"
          ]
        },
        "status": "completed",
        "category": {
          "coding": [
            {
              "system": "http://snomed.info/sct",
              "code": "394841004",
              "display": "Other category"
            }
          ]
        },
        "code": {
          "coding": [
            {
              "system": "http://fhir.de/CodeSystem/bfarm/ops",
              "version": "2022",
              "code": "9-984.a",
              "display": "Pflegebedürftigkeit: Pflegebedürftig nach Pflegegrad 5"
            }
          ]
        },
        "subject": {
          "reference": "Patient/PID-b3726941048382de178e41960d22a94900e8a13fba50ca69f897a2bb"
        },
        "encounter": {
          "reference": "Encounter/PV-ad2948e3428e1614077f204eb49fcf485527cc14a29b9f66322ee3ab"
        },
        "performedDateTime": "2022-02-14T07:34:00+01:00"
      },
      "search": {
        "mode": "match"
      }
    },
    {
      "fullUrl": "http://num-fhirserver.distan.medicsh.de:8080/fhir/Procedure/PR-acf0a13445ebf36605740348cbb27dc556991640527edb108f2cbd7e",
      "resource": {
        "resourceType": "Procedure",
        "id": "PR-acf0a13445ebf36605740348cbb27dc556991640527edb108f2cbd7e",
        "meta": {
          "versionId": "383716873",
          "lastUpdated": "2025-10-08T23:06:46.195Z",
          "profile": [
            "https://www.medizininformatik-initiative.de/fhir/core/modul-prozedur/StructureDefinition/Procedure|2025.0.0"
          ]
        },
        "status": "completed",
        "category": {
          "coding": [
            {
              "system": "http://snomed.info/sct",
              "code": "394841004",
              "display": "Other category"
            }
          ]
        },
        "code": {
          "coding": [
            {
              "system": "http://fhir.de/CodeSystem/bfarm/ops",
              "version": "2022",
              "code": "9-984.9",
              "display": "Pflegebedürftigkeit: Pflegebedürftig nach Pflegegrad 4"
            }
          ]
        },
        "subject": {
          "reference": "Patient/PID-b3726941048382de178e41960d22a94900e8a13fba50ca69f897a2bb"
        },
        "encounter": {
          "reference": "Encounter/PV-ad2948e3428e1614077f204eb49fcf485527cc14a29b9f66322ee3ab"
        },
        "performedDateTime": "2022-02-14T07:34:00+01:00"
      },
      "search": {
        "mode": "match"
      }
    },
    {
      "fullUrl": "http://num-fhirserver.distan.medicsh.de:8080/fhir/Procedure/PR-e8c042d74c6f23d4dca38d15c028d856dd6c96060790b8888a3e0d31",
      "resource": {
        "resourceType": "Procedure",
        "id": "PR-e8c042d74c6f23d4dca38d15c028d856dd6c96060790b8888a3e0d31",
        "meta": {
          "versionId": "383716826",
          "lastUpdated": "2025-10-08T23:06:46.080Z",
          "profile": [
            "https://www.medizininformatik-initiative.de/fhir/core/modul-prozedur/StructureDefinition/Procedure|2025.0.0"
          ]
        },
        "status": "completed",
        "category": {
          "coding": [
            {
              "system": "http://snomed.info/sct",
              "code": "394841004",
              "display": "Other category"
            }
          ]
        },
        "code": {
          "coding": [
            {
              "system": "http://fhir.de/CodeSystem/bfarm/ops",
              "version": "2022",
              "code": "9-984.a",
              "display": "Pflegebedürftigkeit: Pflegebedürftig nach Pflegegrad 5"
            }
          ]
        },
        "subject": {
          "reference": "Patient/PID-b3726941048382de178e41960d22a94900e8a13fba50ca69f897a2bb"
        },
        "encounter": {
          "reference": "Encounter/PV-ad2948e3428e1614077f204eb49fcf485527cc14a29b9f66322ee3ab"
        },
        "performedDateTime": "2022-02-14T07:34:00+01:00"
      },
      "search": {
        "mode": "match"
      }
    },
    {
      "fullUrl": "http://num-fhirserver.distan.medicsh.de:8080/fhir/Procedure/PR-e9adb50122e1741163dfa14ec9983530c8e887ac1eccbd10ff782ac8",
      "resource": {
        "resourceType": "Procedure",
        "id": "PR-e9adb50122e1741163dfa14ec9983530c8e887ac1eccbd10ff782ac8",
        "meta": {
          "versionId": "383717554",
          "lastUpdated": "2025-10-08T23:06:47.723Z",
          "profile": [
            "https://www.medizininformatik-initiative.de/fhir/core/modul-prozedur/StructureDefinition/Procedure|2025.0.0"
          ]
        },
        "status": "completed",
        "category": {
          "coding": [
            {
              "system": "http://snomed.info/sct",
              "code": "394841004",
              "display": "Other category"
            }
          ]
        },
        "code": {
          "coding": [
            {
              "system": "http://fhir.de/CodeSystem/bfarm/ops",
              "version": "2022",
              "code": "9-984.9",
              "display": "Pflegebedürftigkeit: Pflegebedürftig nach Pflegegrad 4"
            }
          ]
        },
        "subject": {
          "reference": "Patient/PID-b3726941048382de178e41960d22a94900e8a13fba50ca69f897a2bb"
        },
        "encounter": {
          "reference": "Encounter/PV-ad2948e3428e1614077f204eb49fcf485527cc14a29b9f66322ee3ab"
        },
        "performedDateTime": "2022-02-14T07:34:00+01:00"
      },
      "search": {
        "mode": "match"
      }
    },
    {
      "fullUrl": "http://num-fhirserver.distan.medicsh.de:8080/fhir/Procedure/PR-f9e43beb327bba39e5100d53cadd4f2baa6753fdfdaffb588f79c6cf",
      "resource": {
        "resourceType": "Procedure",
        "id": "PR-f9e43beb327bba39e5100d53cadd4f2baa6753fdfdaffb588f79c6cf",
        "meta": {
          "versionId": "383717475",
          "lastUpdated": "2025-10-08T23:06:47.508Z",
          "profile": [
            "https://www.medizininformatik-initiative.de/fhir/core/modul-prozedur/StructureDefinition/Procedure|2025.0.0"
          ]
        },
        "status": "completed",
        "category": {
          "coding": [
            {
              "system": "http://snomed.info/sct",
              "code": "394841004",
              "display": "Other category"
            }
          ]
        },
        "code": {
          "coding": [
            {
              "system": "http://fhir.de/CodeSystem/bfarm/ops",
              "version": "2022",
              "code": "9-984.8",
              "display": "Pflegebedürftigkeit: Pflegebedürftig nach Pflegegrad 3"
            }
          ]
        },
        "subject": {
          "reference": "Patient/PID-b3726941048382de178e41960d22a94900e8a13fba50ca69f897a2bb"
        },
        "encounter": {
          "reference": "Encounter/PV-ad2948e3428e1614077f204eb49fcf485527cc14a29b9f66322ee3ab"
        },
        "performedDateTime": "2022-02-14T07:34:00+01:00"
      },
      "search": {
        "mode": "match"
      }
    }
  ]
}
