{
  "resourceType": "Bundle",
  "id": "DGTUX5BTYU4BKPM2",
  "type": "searchset",
  "total": 3,
  "entry": [
    {
      "fullUrl": "http://num-fhirserver.distan.medicsh.de:8080/fhir/Patient/PID-b413e914f1edc1dd2948ce6f235edd5eba754a6ffbb915bd69e0cbb4",
      "resource": {
        "resourceType": "Patient",
        "id": "PID-b413e914f1edc1dd2948ce6f235edd5eba754a6ffbb915bd69e0cbb4",
        "meta": {
          "versionId": "198049423",
          "lastUpdated": "2025-03-18T06:16:10.793Z",
          "profile": [
            "https://www.medizininformatik-initiative.de/fhir/core/modul-person/StructureDefinition/PatientPseudonymisiert|2025.0.1"
          ]
        },
        "identifier": [
          {
            "use": "usual",
            "type": {
              "coding": [
                {
                  "system": "http://terminology.hl7.org/CodeSystem/v3-ObservationValue",
                  "code": "PSEUDED"
                }
              ]
            },
            "system": "https://www.medizininformatik-initiative.de/fhir/sid/pseudonym",
            "value": "b413e914f1edc1dd2948ce6f235edd5eba754a6ffbb915bd69e0cbb4"
          }
        ],
        "gender": "male",
        "birthDate": "2008-01",
        "deceasedBoolean": true
      },
      "search": {
        "mode": "match"
      }
    },
    {
      "fullUrl": "http://num-fhirserver.distan.medicsh.de:8080/fhir/Encounter/PV-dbb1cb06f63b31bf02e4e149725f6d6b4f7b897915c53b588e2aafc4",
      "resource": {
        "resourceType": "Encounter",
        "id": "PV-dbb1cb06f63b31bf02e4e149725f6d6b4f7b897915c53b588e2aafc4",
        "meta": {
          "versionId": "198049581",
          "lastUpdated": "2025-03-18T06:16:11.225Z",
          "source": "http://medic.uksh.de/source/orbis/legacy",
          "profile": [
            "https://www.medizininformatik-initiative.de/fhir/core/modul-fall/StructureDefinition/KontaktGesundheitseinrichtung|2025.0.0"
          ]
        },
        "identifier": [
          {
            "use": "official",
            "type": {
              "coding": [
                {
                  "system": "http://terminology.hl7.org/CodeSystem/v2-0203",
                  "code": "VN"
                }
              ]
            },
            "system": "http://medic.uksh.de/fhir/Encounter",
            "value": "dbb1cb06f63b31bf02e4e149725f6d6b4f7b897915c53b588e2aafc4"
          }
        ],
        "status": "finished",
        "class": {
          "system": "http://terminology.hl7.org/CodeSystem/v3-ActCode",
          "code": "AMB"
        },
        "type": [
          {
            "coding": [
              {
                "system": "http://fhir.de/CodeSystem/Kontaktebene",
                "code": "einrichtungskontakt"
              }
            ]
          }
        ],
        "subject": {
          "reference": "Patient/PID-b413e914f1edc1dd2948ce6f235edd5eba754a6ffbb915bd69e0cbb4"
        },
        "period": {
          "start": "2008-01-01T07:36:00+01:00",
          "end": "2008-03-31T23:59:59+02:00"
        }
      },
      "search": {
        "mode": "match"
      }
    },
    {
      "fullUrl": "http://num-fhirserver.distan.medicsh.de:8080/fhir/Observation/VIT-6ed0c963f1461e8f666c5adbc38d1b911ac6a527f33ba7cd2049d954",
      "resource": {
        "resourceType": "Observation",
        "id": "VIT-6ed0c963f1461e8f666c5adbc38d1b911ac6a527f33ba7cd2049d954",
        "meta": {
          "versionId": "198049592",
          "lastUpdated": "2025-03-18T06:16:11.265Z",
          "profile": [
            "https://www.medizininformatik-initiative.de/fhir/core/modul-person/StructureDefinition/Vitalstatus|2025.0.1"
          ]
        },
        "status": "final",
        "category": [
          {
            "coding": [
              {
                "system": "http://terminology.hl7.org/CodeSystem/observation-category",
                "code": "survey"
              }
            ]
          }
        ],
        "code": {
          "coding": [
            {
              "system": "http://loinc.org",
              "code": "67162-8"
            }
          ]
        },
        "subject": {
          "reference": "Patient/PID-b413e914f1edc1dd2948ce6f235edd5eba754a6ffbb915bd69e0cbb4"
        },
        "effectiveDateTime": "2008-01-01T07:36:00+01:00",
        "valueCodeableConcept": {
          "coding": [
            {
              "system": "https://www.medizininformatik-initiative.de/fhir/core/modul-person/CodeSystem/Vitalstatus",
              "code": "L"
            }
          ]
        }
      },
      "search": {
        "mode": "match"
      }
    }
  ]
}
