{
  "resourceType": "Bundle",
  "id": "DGTUX5LN26FTISYN",
  "type": "searchset",
  "total": 3,
  "entry": [
    {
      "fullUrl": "http://num-fhirserver.distan.medicsh.de:8080/fhir/Patient/PID-b54b3d059157839a62c0ce621a66c6c517e9699bee9dee4768b16dd4",
      "resource": {
        "resourceType": "Patient",
        "id": "PID-b54b3d059157839a62c0ce621a66c6c517e9699bee9dee4768b16dd4",
        "meta": {
          "versionId": "80648426",
          "lastUpdated": "2025-03-13T11:01:05.100Z",
          "profile": [
            "https://www.medizininformatik-initiative.de/fhir/core/modul-person/StructureDefinition/PatientPseudonymisiert|2025.0.1"
          ]
        },
        "identifier": [
          {
            "use": "usual",
            "type": {
              "coding": [
                {
                  "system": "http://terminology.hl7.org/CodeSystem/v3-ObservationValue",
                  "code": "PSEUDED"
                }
              ]
            },
            "system": "https://www.medizininformatik-initiative.de/fhir/sid/pseudonym",
            "value": "b54b3d059157839a62c0ce621a66c6c517e9699bee9dee4768b16dd4"
          }
        ],
        "gender": "male",
        "birthDate": "2006-10",
        "deceasedBoolean": true
      },
      "search": {
        "mode": "match"
      }
    },
    {
      "fullUrl": "http://num-fhirserver.distan.medicsh.de:8080/fhir/Encounter/PV-d1f780930c70b6fd8a1db95d2617e66cbee415f110f919e06aab0d8a",
      "resource": {
        "resourceType": "Encounter",
        "id": "PV-d1f780930c70b6fd8a1db95d2617e66cbee415f110f919e06aab0d8a",
        "meta": {
          "versionId": "80648430",
          "lastUpdated": "2025-03-13T11:01:05.106Z",
          "source": "http://medic.uksh.de/source/orbis/legacy",
          "profile": [
            "https://www.medizininformatik-initiative.de/fhir/core/modul-fall/StructureDefinition/KontaktGesundheitseinrichtung|2025.0.0"
          ]
        },
        "identifier": [
          {
            "use": "official",
            "type": {
              "coding": [
                {
                  "system": "http://terminology.hl7.org/CodeSystem/v2-0203",
                  "code": "VN"
                }
              ]
            },
            "system": "http://medic.uksh.de/fhir/Encounter",
            "value": "d1f780930c70b6fd8a1db95d2617e66cbee415f110f919e06aab0d8a"
          }
        ],
        "status": "finished",
        "class": {
          "system": "http://terminology.hl7.org/CodeSystem/v3-ActCode",
          "code": "AMB"
        },
        "type": [
          {
            "coding": [
              {
                "system": "http://fhir.de/CodeSystem/Kontaktebene",
                "code": "einrichtungskontakt"
              }
            ]
          }
        ],
        "subject": {
          "reference": "Patient/PID-b54b3d059157839a62c0ce621a66c6c517e9699bee9dee4768b16dd4"
        },
        "period": {
          "start": "2006-10-01T10:46:00+02:00",
          "end": "2006-12-31T23:59:59+01:00"
        }
      },
      "search": {
        "mode": "match"
      }
    },
    {
      "fullUrl": "http://num-fhirserver.distan.medicsh.de:8080/fhir/Observation/VIT-d33598ec1fcda06ad4e490fd44cde2b660660b2e89a374618b064cc9",
      "resource": {
        "resourceType": "Observation",
        "id": "VIT-d33598ec1fcda06ad4e490fd44cde2b660660b2e89a374618b064cc9",
        "meta": {
          "versionId": "80648439",
          "lastUpdated": "2025-03-13T11:01:05.120Z",
          "profile": [
            "https://www.medizininformatik-initiative.de/fhir/core/modul-person/StructureDefinition/Vitalstatus|2025.0.1"
          ]
        },
        "status": "final",
        "category": [
          {
            "coding": [
              {
                "system": "http://terminology.hl7.org/CodeSystem/observation-category",
                "code": "survey"
              }
            ]
          }
        ],
        "code": {
          "coding": [
            {
              "system": "http://loinc.org",
              "code": "67162-8"
            }
          ]
        },
        "subject": {
          "reference": "Patient/PID-b54b3d059157839a62c0ce621a66c6c517e9699bee9dee4768b16dd4"
        },
        "effectiveDateTime": "2006-10-01T10:46:00+02:00",
        "valueCodeableConcept": {
          "coding": [
            {
              "system": "https://www.medizininformatik-initiative.de/fhir/core/modul-person/CodeSystem/Vitalstatus",
              "code": "L"
            }
          ]
        }
      },
      "search": {
        "mode": "match"
      }
    }
  ]
}
