{
  "resourceType": "Bundle",
  "id": "DGTUYA5ZQVQL3NBA",
  "type": "searchset",
  "total": 5,
  "entry": [
    {
      "fullUrl": "http://num-fhirserver.distan.medicsh.de:8080/fhir/Patient/PID-b64a98813b5560ad75c6a8791b03a190e5946b58e36ad6b29e02a214",
      "resource": {
        "resourceType": "Patient",
        "id": "PID-b64a98813b5560ad75c6a8791b03a190e5946b58e36ad6b29e02a214",
        "meta": {
          "versionId": "210994388",
          "lastUpdated": "2025-03-18T15:25:11.051Z",
          "profile": [
            "https://www.medizininformatik-initiative.de/fhir/core/modul-person/StructureDefinition/PatientPseudonymisiert|2025.0.1"
          ]
        },
        "identifier": [
          {
            "use": "usual",
            "type": {
              "coding": [
                {
                  "system": "http://terminology.hl7.org/CodeSystem/v3-ObservationValue",
                  "code": "PSEUDED"
                }
              ]
            },
            "system": "https://www.medizininformatik-initiative.de/fhir/sid/pseudonym",
            "value": "b64a98813b5560ad75c6a8791b03a190e5946b58e36ad6b29e02a214"
          }
        ],
        "gender": "female",
        "birthDate": "1991-10",
        "deceasedBoolean": true
      },
      "search": {
        "mode": "match"
      }
    },
    {
      "fullUrl": "http://num-fhirserver.distan.medicsh.de:8080/fhir/Encounter/PV-33c245dcc30d6ded803929834d54440ecd3fc2f17ca845fb2c0f8675",
      "resource": {
        "resourceType": "Encounter",
        "id": "PV-33c245dcc30d6ded803929834d54440ecd3fc2f17ca845fb2c0f8675",
        "meta": {
          "versionId": "210994396",
          "lastUpdated": "2025-03-18T15:25:11.073Z",
          "source": "http://medic.uksh.de/source/orbis/legacy",
          "profile": [
            "https://www.medizininformatik-initiative.de/fhir/core/modul-fall/StructureDefinition/KontaktGesundheitseinrichtung|2025.0.0"
          ]
        },
        "identifier": [
          {
            "use": "official",
            "type": {
              "coding": [
                {
                  "system": "http://terminology.hl7.org/CodeSystem/v2-0203",
                  "code": "VN"
                }
              ]
            },
            "system": "http://medic.uksh.de/fhir/Encounter",
            "value": "33c245dcc30d6ded803929834d54440ecd3fc2f17ca845fb2c0f8675"
          }
        ],
        "status": "finished",
        "class": {
          "system": "http://terminology.hl7.org/CodeSystem/v3-ActCode",
          "code": "AMB"
        },
        "type": [
          {
            "coding": [
              {
                "system": "http://fhir.de/CodeSystem/Kontaktebene",
                "code": "einrichtungskontakt"
              }
            ]
          }
        ],
        "subject": {
          "reference": "Patient/PID-b64a98813b5560ad75c6a8791b03a190e5946b58e36ad6b29e02a214"
        },
        "period": {
          "start": "2015-06-04T18:09:00+02:00",
          "end": "2015-06-30T23:59:59+02:00"
        },
        "hospitalization": {
          "admitSource": {
            "coding": [
              {
                "system": "http://fhir.de/CodeSystem/dgkev/Aufnahmeanlass",
                "code": "E"
              }
            ]
          }
        }
      },
      "search": {
        "mode": "match"
      }
    },
    {
      "fullUrl": "http://num-fhirserver.distan.medicsh.de:8080/fhir/Encounter/PV-6ffb2f492f213c715c0f0ad7d46ed6afb80efe45d0827709140ba814",
      "resource": {
        "resourceType": "Encounter",
        "id": "PV-6ffb2f492f213c715c0f0ad7d46ed6afb80efe45d0827709140ba814",
        "meta": {
          "versionId": "210994405",
          "lastUpdated": "2025-03-18T15:25:11.094Z",
          "source": "http://medic.uksh.de/source/orbis/legacy",
          "profile": [
            "https://www.medizininformatik-initiative.de/fhir/core/modul-fall/StructureDefinition/KontaktGesundheitseinrichtung|2025.0.0"
          ]
        },
        "identifier": [
          {
            "use": "official",
            "type": {
              "coding": [
                {
                  "system": "http://terminology.hl7.org/CodeSystem/v2-0203",
                  "code": "VN"
                }
              ]
            },
            "system": "http://medic.uksh.de/fhir/Encounter",
            "value": "6ffb2f492f213c715c0f0ad7d46ed6afb80efe45d0827709140ba814"
          }
        ],
        "status": "finished",
        "class": {
          "system": "http://terminology.hl7.org/CodeSystem/v3-ActCode",
          "code": "AMB"
        },
        "type": [
          {
            "coding": [
              {
                "system": "http://fhir.de/CodeSystem/Kontaktebene",
                "code": "einrichtungskontakt"
              }
            ]
          }
        ],
        "subject": {
          "reference": "Patient/PID-b64a98813b5560ad75c6a8791b03a190e5946b58e36ad6b29e02a214"
        },
        "period": {
          "start": "2015-06-04T18:06:00+02:00",
          "end": "2015-06-30T23:59:59+02:00"
        },
        "hospitalization": {
          "admitSource": {
            "coding": [
              {
                "system": "http://fhir.de/CodeSystem/dgkev/Aufnahmeanlass",
                "code": "E"
              }
            ]
          }
        }
      },
      "search": {
        "mode": "match"
      }
    },
    {
      "fullUrl": "http://num-fhirserver.distan.medicsh.de:8080/fhir/Observation/VIT-463d39535a9b2b0045becf09ba2b5fe6a48885171f7d8ece7e315c5e",
      "resource": {
        "resourceType": "Observation",
        "id": "VIT-463d39535a9b2b0045becf09ba2b5fe6a48885171f7d8ece7e315c5e",
        "meta": {
          "versionId": "210994417",
          "lastUpdated": "2025-03-18T15:25:11.121Z",
          "profile": [
            "https://www.medizininformatik-initiative.de/fhir/core/modul-person/StructureDefinition/Vitalstatus|2025.0.1"
          ]
        },
        "status": "final",
        "category": [
          {
            "coding": [
              {
                "system": "http://terminology.hl7.org/CodeSystem/observation-category",
                "code": "survey"
              }
            ]
          }
        ],
        "code": {
          "coding": [
            {
              "system": "http://loinc.org",
              "code": "67162-8"
            }
          ]
        },
        "subject": {
          "reference": "Patient/PID-b64a98813b5560ad75c6a8791b03a190e5946b58e36ad6b29e02a214"
        },
        "effectiveDateTime": "2015-06-04T18:06:00+02:00",
        "valueCodeableConcept": {
          "coding": [
            {
              "system": "https://www.medizininformatik-initiative.de/fhir/core/modul-person/CodeSystem/Vitalstatus",
              "code": "L"
            }
          ]
        }
      },
      "search": {
        "mode": "match"
      }
    },
    {
      "fullUrl": "http://num-fhirserver.distan.medicsh.de:8080/fhir/Observation/VIT-8a30e362b9557a62ab3b8eaf96ef62894e7a8fcab66424208e326234",
      "resource": {
        "resourceType": "Observation",
        "id": "VIT-8a30e362b9557a62ab3b8eaf96ef62894e7a8fcab66424208e326234",
        "meta": {
          "versionId": "210994408",
          "lastUpdated": "2025-03-18T15:25:11.099Z",
          "profile": [
            "https://www.medizininformatik-initiative.de/fhir/core/modul-person/StructureDefinition/Vitalstatus|2025.0.1"
          ]
        },
        "status": "final",
        "category": [
          {
            "coding": [
              {
                "system": "http://terminology.hl7.org/CodeSystem/observation-category",
                "code": "survey"
              }
            ]
          }
        ],
        "code": {
          "coding": [
            {
              "system": "http://loinc.org",
              "code": "67162-8"
            }
          ]
        },
        "subject": {
          "reference": "Patient/PID-b64a98813b5560ad75c6a8791b03a190e5946b58e36ad6b29e02a214"
        },
        "effectiveDateTime": "2015-06-04T18:09:00+02:00",
        "valueCodeableConcept": {
          "coding": [
            {
              "system": "https://www.medizininformatik-initiative.de/fhir/core/modul-person/CodeSystem/Vitalstatus",
              "code": "L"
            }
          ]
        }
      },
      "search": {
        "mode": "match"
      }
    }
  ]
}
