{
  "resourceType": "Bundle",
  "id": "DGTUX4SJIBWBAE2V",
  "type": "searchset",
  "total": 3,
  "entry": [
    {
      "fullUrl": "http://num-fhirserver.distan.medicsh.de:8080/fhir/Patient/PID-b71793c689d6fe906aac3816a051322e922d0645bbf785326e05f40c",
      "resource": {
        "resourceType": "Patient",
        "id": "PID-b71793c689d6fe906aac3816a051322e922d0645bbf785326e05f40c",
        "meta": {
          "versionId": "163831020",
          "lastUpdated": "2025-03-16T05:10:01.862Z",
          "profile": [
            "https://www.medizininformatik-initiative.de/fhir/core/modul-person/StructureDefinition/PatientPseudonymisiert|2025.0.1"
          ]
        },
        "identifier": [
          {
            "use": "usual",
            "type": {
              "coding": [
                {
                  "system": "http://terminology.hl7.org/CodeSystem/v3-ObservationValue",
                  "code": "PSEUDED"
                }
              ]
            },
            "system": "https://www.medizininformatik-initiative.de/fhir/sid/pseudonym",
            "value": "b71793c689d6fe906aac3816a051322e922d0645bbf785326e05f40c"
          }
        ],
        "gender": "male",
        "birthDate": "1944-12",
        "deceasedBoolean": true
      },
      "search": {
        "mode": "match"
      }
    },
    {
      "fullUrl": "http://num-fhirserver.distan.medicsh.de:8080/fhir/Encounter/PV-e350d76f56bd20b6020ab6a91c153589d003fdfd4740d70450263b1d",
      "resource": {
        "resourceType": "Encounter",
        "id": "PV-e350d76f56bd20b6020ab6a91c153589d003fdfd4740d70450263b1d",
        "meta": {
          "versionId": "163831021",
          "lastUpdated": "2025-03-16T05:10:01.915Z",
          "source": "http://medic.uksh.de/source/orbis/legacy",
          "profile": [
            "https://www.medizininformatik-initiative.de/fhir/core/modul-fall/StructureDefinition/KontaktGesundheitseinrichtung|2025.0.0"
          ]
        },
        "identifier": [
          {
            "use": "official",
            "type": {
              "coding": [
                {
                  "system": "http://terminology.hl7.org/CodeSystem/v2-0203",
                  "code": "VN"
                }
              ]
            },
            "system": "http://medic.uksh.de/fhir/Encounter",
            "value": "e350d76f56bd20b6020ab6a91c153589d003fdfd4740d70450263b1d"
          }
        ],
        "status": "finished",
        "class": {
          "system": "http://terminology.hl7.org/CodeSystem/v3-ActCode",
          "code": "AMB"
        },
        "type": [
          {
            "coding": [
              {
                "system": "http://fhir.de/CodeSystem/Kontaktebene",
                "code": "einrichtungskontakt"
              }
            ]
          }
        ],
        "subject": {
          "reference": "Patient/PID-b71793c689d6fe906aac3816a051322e922d0645bbf785326e05f40c"
        },
        "period": {
          "start": "2006-12-07T00:00:00+01:00",
          "end": "2006-12-31T23:59:59+01:00"
        }
      },
      "search": {
        "mode": "match"
      }
    },
    {
      "fullUrl": "http://num-fhirserver.distan.medicsh.de:8080/fhir/Observation/VIT-37d74c377523999d8e6c41872731716c90ea6820e842b5bdd2be1589",
      "resource": {
        "resourceType": "Observation",
        "id": "VIT-37d74c377523999d8e6c41872731716c90ea6820e842b5bdd2be1589",
        "meta": {
          "versionId": "163831022",
          "lastUpdated": "2025-03-16T05:10:01.937Z",
          "profile": [
            "https://www.medizininformatik-initiative.de/fhir/core/modul-person/StructureDefinition/Vitalstatus|2025.0.1"
          ]
        },
        "status": "final",
        "category": [
          {
            "coding": [
              {
                "system": "http://terminology.hl7.org/CodeSystem/observation-category",
                "code": "survey"
              }
            ]
          }
        ],
        "code": {
          "coding": [
            {
              "system": "http://loinc.org",
              "code": "67162-8"
            }
          ]
        },
        "subject": {
          "reference": "Patient/PID-b71793c689d6fe906aac3816a051322e922d0645bbf785326e05f40c"
        },
        "effectiveDateTime": "2006-12-07T00:00:00+01:00",
        "valueCodeableConcept": {
          "coding": [
            {
              "system": "https://www.medizininformatik-initiative.de/fhir/core/modul-person/CodeSystem/Vitalstatus",
              "code": "L"
            }
          ]
        }
      },
      "search": {
        "mode": "match"
      }
    }
  ]
}
