{
  "resourceType": "Bundle",
  "id": "DGTUYBSKZIUNFZZQ",
  "type": "searchset",
  "total": 45,
  "entry": [
    {
      "fullUrl": "http://num-fhirserver.distan.medicsh.de:8080/fhir/Patient/PID-b99f91afc8c366654b6f63fbd93df0fc164e0b27c1a58ca2eab564c1",
      "resource": {
        "resourceType": "Patient",
        "id": "PID-b99f91afc8c366654b6f63fbd93df0fc164e0b27c1a58ca2eab564c1",
        "meta": {
          "versionId": "234037776",
          "lastUpdated": "2025-03-19T13:39:49.313Z",
          "profile": [
            "https://www.medizininformatik-initiative.de/fhir/core/modul-person/StructureDefinition/PatientPseudonymisiert|2025.0.1"
          ]
        },
        "identifier": [
          {
            "use": "usual",
            "type": {
              "coding": [
                {
                  "system": "http://terminology.hl7.org/CodeSystem/v3-ObservationValue",
                  "code": "PSEUDED"
                }
              ]
            },
            "system": "https://www.medizininformatik-initiative.de/fhir/sid/pseudonym",
            "value": "b99f91afc8c366654b6f63fbd93df0fc164e0b27c1a58ca2eab564c1"
          }
        ],
        "gender": "male",
        "birthDate": "1980-03",
        "deceasedBoolean": true,
        "address": [
          {
            "type": "both",
            "postalCode": "235",
            "country": "DE"
          }
        ]
      },
      "search": {
        "mode": "match"
      }
    },
    {
      "fullUrl": "http://num-fhirserver.distan.medicsh.de:8080/fhir/Condition/CON-185a36635607454c0240cd96d867cc0512ed02de0d4ed51b577750af",
      "resource": {
        "resourceType": "Condition",
        "id": "CON-185a36635607454c0240cd96d867cc0512ed02de0d4ed51b577750af",
        "meta": {
          "versionId": "324653809",
          "lastUpdated": "2025-04-30T02:01:03.277Z",
          "profile": [
            "https://www.medizininformatik-initiative.de/fhir/core/modul-diagnose/StructureDefinition/Diagnose|2025.0.0"
          ]
        },
        "code": {
          "coding": [
            {
              "system": "http://fhir.de/CodeSystem/bfarm/icd-10-gm",
              "version": "2025",
              "code": "D40.0"
            }
          ]
        },
        "subject": {
          "reference": "Patient/PID-b99f91afc8c366654b6f63fbd93df0fc164e0b27c1a58ca2eab564c1"
        },
        "encounter": {
          "reference": "Encounter/PV-f01a059010d7974056c94ee1e16605fa778dbee3d394774913e13db5"
        },
        "recordedDate": "2025-04-21T08:27:00+02:00"
      },
      "search": {
        "mode": "match"
      }
    },
    {
      "fullUrl": "http://num-fhirserver.distan.medicsh.de:8080/fhir/Condition/CON-2ce182772412f6bc234f0d1ff48564d259dee8c893bec75d0e4451fa",
      "resource": {
        "resourceType": "Condition",
        "id": "CON-2ce182772412f6bc234f0d1ff48564d259dee8c893bec75d0e4451fa",
        "meta": {
          "versionId": "324657766",
          "lastUpdated": "2025-04-30T02:01:15.344Z",
          "profile": [
            "https://www.medizininformatik-initiative.de/fhir/core/modul-diagnose/StructureDefinition/Diagnose|2025.0.0"
          ]
        },
        "code": {
          "coding": [
            {
              "system": "http://fhir.de/CodeSystem/bfarm/icd-10-gm",
              "version": "2025",
              "code": "D48.7"
            }
          ]
        },
        "subject": {
          "reference": "Patient/PID-b99f91afc8c366654b6f63fbd93df0fc164e0b27c1a58ca2eab564c1"
        },
        "encounter": {
          "reference": "Encounter/PV-61c9a11af77e67d3fc3dd7bd4a83c22e609fc93714b310206bedaeba"
        },
        "recordedDate": "2025-04-23T07:32:00+02:00"
      },
      "search": {
        "mode": "match"
      }
    },
    {
      "fullUrl": "http://num-fhirserver.distan.medicsh.de:8080/fhir/Condition/CON-a9eb7b12156d466594f7fb12abaa87a13f6d0e2c6df834d28658395d",
      "resource": {
        "resourceType": "Condition",
        "id": "CON-a9eb7b12156d466594f7fb12abaa87a13f6d0e2c6df834d28658395d",
        "meta": {
          "versionId": "324658664",
          "lastUpdated": "2025-04-30T02:01:18.150Z",
          "profile": [
            "https://www.medizininformatik-initiative.de/fhir/core/modul-diagnose/StructureDefinition/Diagnose|2025.0.0"
          ]
        },
        "code": {
          "coding": [
            {
              "system": "http://fhir.de/CodeSystem/bfarm/icd-10-gm",
              "version": "2025",
              "code": "D40.0"
            }
          ]
        },
        "subject": {
          "reference": "Patient/PID-b99f91afc8c366654b6f63fbd93df0fc164e0b27c1a58ca2eab564c1"
        },
        "encounter": {
          "reference": "Encounter/PV-9fb0e1a562f21b06853a515de0a8e3a7abd75154fc99cd6fd95626e8"
        },
        "recordedDate": "2025-04-23T07:48:00+02:00"
      },
      "search": {
        "mode": "match"
      }
    },
    {
      "fullUrl": "http://num-fhirserver.distan.medicsh.de:8080/fhir/Encounter/PV-0059fb945fd6a52468a61244c0c3e38706b5b8acc373f87c5373a557",
      "resource": {
        "resourceType": "Encounter",
        "id": "PV-0059fb945fd6a52468a61244c0c3e38706b5b8acc373f87c5373a557",
        "meta": {
          "versionId": "239835260",
          "lastUpdated": "2025-03-20T14:46:55.429Z",
          "source": "http://medic.uksh.de/source/orbis/adt",
          "profile": [
            "https://www.medizininformatik-initiative.de/fhir/core/modul-fall/StructureDefinition/KontaktGesundheitseinrichtung|2025.0.0"
          ]
        },
        "identifier": [
          {
            "use": "official",
            "type": {
              "coding": [
                {
                  "system": "http://terminology.hl7.org/CodeSystem/v2-0203",
                  "code": "VN"
                }
              ]
            },
            "system": "http://medic.uksh.de/fhir/Encounter",
            "value": "0059fb945fd6a52468a61244c0c3e38706b5b8acc373f87c5373a557"
          }
        ],
        "status": "in-progress",
        "class": {
          "system": "http://terminology.hl7.org/CodeSystem/v3-ActCode",
          "code": "IMP"
        },
        "type": [
          {
            "coding": [
              {
                "system": "http://fhir.de/CodeSystem/Kontaktebene",
                "code": "einrichtungskontakt"
              }
            ]
          }
        ],
        "subject": {
          "reference": "Patient/PID-b99f91afc8c366654b6f63fbd93df0fc164e0b27c1a58ca2eab564c1"
        },
        "period": {
          "start": "2023-05-31T09:58:00+02:00"
        }
      },
      "search": {
        "mode": "match"
      }
    },
    {
      "fullUrl": "http://num-fhirserver.distan.medicsh.de:8080/fhir/Encounter/PV-5977061df7427a473ef77115e494143d8fa6203362bb5c9b738ef593",
      "resource": {
        "resourceType": "Encounter",
        "id": "PV-5977061df7427a473ef77115e494143d8fa6203362bb5c9b738ef593",
        "meta": {
          "versionId": "233783408",
          "lastUpdated": "2025-03-19T13:31:25.510Z",
          "source": "http://medic.uksh.de/source/orbis/adt",
          "profile": [
            "https://www.medizininformatik-initiative.de/fhir/core/modul-fall/StructureDefinition/KontaktGesundheitseinrichtung|2025.0.0"
          ]
        },
        "identifier": [
          {
            "use": "official",
            "type": {
              "coding": [
                {
                  "system": "http://terminology.hl7.org/CodeSystem/v2-0203",
                  "code": "VN"
                }
              ]
            },
            "system": "http://medic.uksh.de/fhir/Encounter",
            "value": "5977061df7427a473ef77115e494143d8fa6203362bb5c9b738ef593"
          }
        ],
        "status": "finished",
        "class": {
          "system": "http://terminology.hl7.org/CodeSystem/v3-ActCode",
          "code": "IMP"
        },
        "type": [
          {
            "coding": [
              {
                "system": "http://fhir.de/CodeSystem/Kontaktebene",
                "code": "einrichtungskontakt"
              }
            ]
          }
        ],
        "subject": {
          "reference": "Patient/PID-b99f91afc8c366654b6f63fbd93df0fc164e0b27c1a58ca2eab564c1"
        },
        "period": {
          "start": "2021-09-23T21:51:00+02:00",
          "end": "2021-09-24T00:00:00+02:00"
        }
      },
      "search": {
        "mode": "match"
      }
    },
    {
      "fullUrl": "http://num-fhirserver.distan.medicsh.de:8080/fhir/Encounter/PV-6181f57e75866b43c1a74f6572f8c9596a130d9cf6a91e621791570e",
      "resource": {
        "resourceType": "Encounter",
        "id": "PV-6181f57e75866b43c1a74f6572f8c9596a130d9cf6a91e621791570e",
        "meta": {
          "versionId": "242284852",
          "lastUpdated": "2025-03-21T04:41:14.650Z",
          "source": "http://medic.uksh.de/source/orbis/adt",
          "profile": [
            "https://www.medizininformatik-initiative.de/fhir/core/modul-fall/StructureDefinition/KontaktGesundheitseinrichtung|2025.0.0"
          ]
        },
        "identifier": [
          {
            "use": "official",
            "type": {
              "coding": [
                {
                  "system": "http://terminology.hl7.org/CodeSystem/v2-0203",
                  "code": "VN"
                }
              ]
            },
            "system": "http://medic.uksh.de/fhir/Encounter",
            "value": "6181f57e75866b43c1a74f6572f8c9596a130d9cf6a91e621791570e"
          }
        ],
        "status": "finished",
        "class": {
          "system": "http://terminology.hl7.org/CodeSystem/v3-ActCode",
          "code": "AMB"
        },
        "type": [
          {
            "coding": [
              {
                "system": "http://fhir.de/CodeSystem/Kontaktebene",
                "code": "einrichtungskontakt"
              }
            ]
          }
        ],
        "subject": {
          "reference": "Patient/PID-b99f91afc8c366654b6f63fbd93df0fc164e0b27c1a58ca2eab564c1"
        },
        "period": {
          "start": "2024-01-08T13:18:00+01:00",
          "end": "2024-03-31T23:59:59+02:00"
        }
      },
      "search": {
        "mode": "match"
      }
    },
    {
      "fullUrl": "http://num-fhirserver.distan.medicsh.de:8080/fhir/Encounter/PV-61c9a11af77e67d3fc3dd7bd4a83c22e609fc93714b310206bedaeba",
      "resource": {
        "resourceType": "Encounter",
        "id": "PV-61c9a11af77e67d3fc3dd7bd4a83c22e609fc93714b310206bedaeba",
        "meta": {
          "versionId": "323801671",
          "lastUpdated": "2025-04-24T03:13:31.471Z",
          "source": "http://medic.uksh.de/source/orbis/adt",
          "profile": [
            "https://www.medizininformatik-initiative.de/fhir/core/modul-fall/StructureDefinition/KontaktGesundheitseinrichtung|2025.0.0"
          ]
        },
        "identifier": [
          {
            "use": "official",
            "type": {
              "coding": [
                {
                  "system": "http://terminology.hl7.org/CodeSystem/v2-0203",
                  "code": "VN"
                }
              ]
            },
            "system": "http://medic.uksh.de/fhir/Encounter",
            "value": "61c9a11af77e67d3fc3dd7bd4a83c22e609fc93714b310206bedaeba"
          }
        ],
        "status": "finished",
        "class": {
          "system": "http://terminology.hl7.org/CodeSystem/v3-ActCode",
          "code": "IMP"
        },
        "type": [
          {
            "coding": [
              {
                "system": "http://fhir.de/CodeSystem/Kontaktebene",
                "code": "einrichtungskontakt"
              }
            ]
          }
        ],
        "subject": {
          "reference": "Patient/PID-b99f91afc8c366654b6f63fbd93df0fc164e0b27c1a58ca2eab564c1"
        },
        "period": {
          "start": "2025-04-21T07:30:00+02:00",
          "end": "2025-04-21T13:40:00+02:00"
        }
      },
      "search": {
        "mode": "match"
      }
    },
    {
      "fullUrl": "http://num-fhirserver.distan.medicsh.de:8080/fhir/Encounter/PV-6ba7faf9ca0b35f8b051c7a403796cee925ed1d26be00a5d9f482188",
      "resource": {
        "resourceType": "Encounter",
        "id": "PV-6ba7faf9ca0b35f8b051c7a403796cee925ed1d26be00a5d9f482188",
        "meta": {
          "versionId": "242224748",
          "lastUpdated": "2025-03-21T04:16:22.026Z",
          "source": "http://medic.uksh.de/source/orbis/adt",
          "profile": [
            "https://www.medizininformatik-initiative.de/fhir/core/modul-fall/StructureDefinition/KontaktGesundheitseinrichtung|2025.0.0"
          ]
        },
        "identifier": [
          {
            "use": "official",
            "type": {
              "coding": [
                {
                  "system": "http://terminology.hl7.org/CodeSystem/v2-0203",
                  "code": "VN"
                }
              ]
            },
            "system": "http://medic.uksh.de/fhir/Encounter",
            "value": "6ba7faf9ca0b35f8b051c7a403796cee925ed1d26be00a5d9f482188"
          }
        ],
        "status": "finished",
        "class": {
          "system": "http://terminology.hl7.org/CodeSystem/v3-ActCode",
          "code": "AMB"
        },
        "type": [
          {
            "coding": [
              {
                "system": "http://fhir.de/CodeSystem/Kontaktebene",
                "code": "einrichtungskontakt"
              }
            ]
          }
        ],
        "subject": {
          "reference": "Patient/PID-b99f91afc8c366654b6f63fbd93df0fc164e0b27c1a58ca2eab564c1"
        },
        "period": {
          "start": "2024-01-02T16:12:00+01:00",
          "end": "2024-03-31T23:59:59+02:00"
        }
      },
      "search": {
        "mode": "match"
      }
    },
    {
      "fullUrl": "http://num-fhirserver.distan.medicsh.de:8080/fhir/Encounter/PV-9fb0e1a562f21b06853a515de0a8e3a7abd75154fc99cd6fd95626e8",
      "resource": {
        "resourceType": "Encounter",
        "id": "PV-9fb0e1a562f21b06853a515de0a8e3a7abd75154fc99cd6fd95626e8",
        "meta": {
          "versionId": "325303043",
          "lastUpdated": "2025-04-30T03:00:25.568Z",
          "source": "http://medic.uksh.de/source/orbis/adt",
          "profile": [
            "https://www.medizininformatik-initiative.de/fhir/core/modul-fall/StructureDefinition/KontaktGesundheitseinrichtung|2025.0.0"
          ]
        },
        "identifier": [
          {
            "use": "official",
            "type": {
              "coding": [
                {
                  "system": "http://terminology.hl7.org/CodeSystem/v2-0203",
                  "code": "VN"
                }
              ]
            },
            "system": "http://medic.uksh.de/fhir/Encounter",
            "value": "9fb0e1a562f21b06853a515de0a8e3a7abd75154fc99cd6fd95626e8"
          }
        ],
        "status": "finished",
        "class": {
          "system": "http://terminology.hl7.org/CodeSystem/v3-ActCode",
          "code": "IMP"
        },
        "type": [
          {
            "coding": [
              {
                "system": "http://fhir.de/CodeSystem/Kontaktebene",
                "code": "einrichtungskontakt"
              }
            ]
          }
        ],
        "subject": {
          "reference": "Patient/PID-b99f91afc8c366654b6f63fbd93df0fc164e0b27c1a58ca2eab564c1"
        },
        "period": {
          "start": "2025-04-21T07:47:00+02:00",
          "end": "2025-04-22T14:18:00+02:00"
        }
      },
      "search": {
        "mode": "match"
      }
    },
    {
      "fullUrl": "http://num-fhirserver.distan.medicsh.de:8080/fhir/Encounter/PV-AK-3c6c8583365940411423667248adf02ffd14c34040a25f8dc32243fb",
      "resource": {
        "resourceType": "Encounter",
        "id": "PV-AK-3c6c8583365940411423667248adf02ffd14c34040a25f8dc32243fb",
        "meta": {
          "versionId": "323801676",
          "lastUpdated": "2025-04-24T03:13:31.553Z",
          "source": "http://medic.uksh.de/source/orbis/adt",
          "profile": [
            "https://www.medizininformatik-initiative.de/fhir/core/modul-fall/StructureDefinition/KontaktGesundheitseinrichtung|2025.0.0"
          ]
        },
        "identifier": [
          {
            "use": "official",
            "type": {
              "coding": [
                {
                  "system": "http://terminology.hl7.org/CodeSystem/v2-0203",
                  "code": "VN"
                }
              ]
            },
            "system": "http://medic.uksh.de/fhir/Encounter",
            "value": "61c9a11af77e67d3fc3dd7bd4a83c22e609fc93714b310206bedaeba"
          },
          {
            "use": "secondary",
            "type": {
              "coding": [
                {
                  "system": "http://terminology.hl7.org/CodeSystem/v2-0203",
                  "code": "U"
                }
              ]
            },
            "system": "http://medic.uksh.de.de/fhir/Encounter/department",
            "value": "LUROL.2025-04-21T07:30:00"
          }
        ],
        "status": "finished",
        "class": {
          "system": "http://terminology.hl7.org/CodeSystem/v3-ActCode",
          "code": "IMP"
        },
        "type": [
          {
            "coding": [
              {
                "system": "http://fhir.de/CodeSystem/Kontaktebene",
                "code": "abteilungskontakt"
              }
            ]
          }
        ],
        "subject": {
          "reference": "Patient/PID-b99f91afc8c366654b6f63fbd93df0fc164e0b27c1a58ca2eab564c1"
        },
        "period": {
          "start": "2025-04-21T07:30:00+02:00",
          "end": "2025-04-21T13:40:00+02:00"
        },
        "location": [
          {
            "location": {
              "reference": "Location/LUROL-LA413"
            },
            "status": "completed",
            "physicalType": {
              "coding": [
                {
                  "system": "http://terminology.hl7.org/CodeSystem/location-physical-type",
                  "code": "wa"
                }
              ]
            },
            "period": {
              "start": "2025-04-21T07:30:00+02:00",
              "end": "2025-04-21T13:40:00+02:00"
            }
          }
        ],
        "partOf": {
          "reference": "Encounter/PV-61c9a11af77e67d3fc3dd7bd4a83c22e609fc93714b310206bedaeba"
        }
      },
      "search": {
        "mode": "match"
      }
    },
    {
      "fullUrl": "http://num-fhirserver.distan.medicsh.de:8080/fhir/Location/LUROL-LA413",
      "resource": {
        "resourceType": "Location",
        "id": "LUROL-LA413",
        "meta": {
          "versionId": "37500302",
          "lastUpdated": "2025-03-11T15:51:36.530Z"
        },
        "name": "HL - Station A.413",
        "type": [
          {
            "coding": [
              {
                "system": "http://terminology.hl7.org/CodeSystem/v3-RoleCode",
                "code": "HOSP"
              }
            ]
          }
        ],
        "physicalType": {
          "coding": [
            {
              "system": "http://terminology.hl7.org/CodeSystem/location-physical-type",
              "code": "wa",
              "display": "Ward"
            }
          ]
        },
        "partOf": {
          "reference": "Location/LUROL"
        }
      },
      "search": {
        "mode": "match"
      }
    },
    {
      "fullUrl": "http://num-fhirserver.distan.medicsh.de:8080/fhir/Encounter/PV-AK-7d5abf28703299816b5743470c2352b8ecb273975fe13358334bb10d",
      "resource": {
        "resourceType": "Encounter",
        "id": "PV-AK-7d5abf28703299816b5743470c2352b8ecb273975fe13358334bb10d",
        "meta": {
          "versionId": "325303047",
          "lastUpdated": "2025-04-30T03:00:25.661Z",
          "source": "http://medic.uksh.de/source/orbis/adt",
          "profile": [
            "https://www.medizininformatik-initiative.de/fhir/core/modul-fall/StructureDefinition/KontaktGesundheitseinrichtung|2025.0.0"
          ]
        },
        "identifier": [
          {
            "use": "official",
            "type": {
              "coding": [
                {
                  "system": "http://terminology.hl7.org/CodeSystem/v2-0203",
                  "code": "VN"
                }
              ]
            },
            "system": "http://medic.uksh.de/fhir/Encounter",
            "value": "9fb0e1a562f21b06853a515de0a8e3a7abd75154fc99cd6fd95626e8"
          },
          {
            "use": "secondary",
            "type": {
              "coding": [
                {
                  "system": "http://terminology.hl7.org/CodeSystem/v2-0203",
                  "code": "U"
                }
              ]
            },
            "system": "http://medic.uksh.de.de/fhir/Encounter/department",
            "value": "LUROL.2025-04-21T07:47:00"
          }
        ],
        "status": "finished",
        "class": {
          "system": "http://terminology.hl7.org/CodeSystem/v3-ActCode",
          "code": "IMP"
        },
        "type": [
          {
            "coding": [
              {
                "system": "http://fhir.de/CodeSystem/Kontaktebene",
                "code": "abteilungskontakt"
              }
            ]
          }
        ],
        "subject": {
          "reference": "Patient/PID-b99f91afc8c366654b6f63fbd93df0fc164e0b27c1a58ca2eab564c1"
        },
        "period": {
          "start": "2025-04-21T07:47:00+02:00",
          "end": "2025-04-22T14:18:00+02:00"
        },
        "location": [
          {
            "location": {
              "reference": "Location/LUROL-LA413"
            },
            "status": "completed",
            "physicalType": {
              "coding": [
                {
                  "system": "http://terminology.hl7.org/CodeSystem/location-physical-type",
                  "code": "wa"
                }
              ]
            },
            "period": {
              "start": "2025-04-21T07:47:00+02:00",
              "end": "2025-04-22T14:18:00+02:00"
            }
          }
        ],
        "partOf": {
          "reference": "Encounter/PV-9fb0e1a562f21b06853a515de0a8e3a7abd75154fc99cd6fd95626e8"
        }
      },
      "search": {
        "mode": "match"
      }
    },
    {
      "fullUrl": "http://num-fhirserver.distan.medicsh.de:8080/fhir/Encounter/PV-AK-86bcdd9952130cd79656c294126b0a842bc60ab21508ea7765052179",
      "resource": {
        "resourceType": "Encounter",
        "id": "PV-AK-86bcdd9952130cd79656c294126b0a842bc60ab21508ea7765052179",
        "meta": {
          "versionId": "239835264",
          "lastUpdated": "2025-03-20T14:46:55.490Z",
          "source": "http://medic.uksh.de/source/orbis/adt",
          "profile": [
            "https://www.medizininformatik-initiative.de/fhir/core/modul-fall/StructureDefinition/KontaktGesundheitseinrichtung|2025.0.0"
          ]
        },
        "identifier": [
          {
            "use": "official",
            "type": {
              "coding": [
                {
                  "system": "http://terminology.hl7.org/CodeSystem/v2-0203",
                  "code": "VN"
                }
              ]
            },
            "system": "http://medic.uksh.de/fhir/Encounter",
            "value": "0059fb945fd6a52468a61244c0c3e38706b5b8acc373f87c5373a557"
          },
          {
            "use": "secondary",
            "type": {
              "coding": [
                {
                  "system": "http://terminology.hl7.org/CodeSystem/v2-0203",
                  "code": "U"
                }
              ]
            },
            "system": "http://medic.uksh.de.de/fhir/Encounter/department",
            "value": "KINA.2023-05-31T09:58:00"
          }
        ],
        "status": "in-progress",
        "class": {
          "system": "http://terminology.hl7.org/CodeSystem/v3-ActCode",
          "code": "IMP"
        },
        "type": [
          {
            "coding": [
              {
                "system": "http://fhir.de/CodeSystem/Kontaktebene",
                "code": "abteilungskontakt"
              }
            ]
          }
        ],
        "subject": {
          "reference": "Patient/PID-b99f91afc8c366654b6f63fbd93df0fc164e0b27c1a58ca2eab564c1"
        },
        "period": {
          "start": "2023-05-31T09:58:00+02:00"
        },
        "location": [
          {
            "location": {
              "reference": "Location/KINA-KINAS1"
            },
            "status": "active",
            "physicalType": {
              "coding": [
                {
                  "system": "http://terminology.hl7.org/CodeSystem/location-physical-type",
                  "code": "wa"
                }
              ]
            },
            "period": {
              "start": "2023-05-31T09:58:00+02:00"
            }
          }
        ],
        "partOf": {
          "reference": "Encounter/PV-0059fb945fd6a52468a61244c0c3e38706b5b8acc373f87c5373a557"
        }
      },
      "search": {
        "mode": "match"
      }
    },
    {
      "fullUrl": "http://num-fhirserver.distan.medicsh.de:8080/fhir/Location/KINA-KINAS1",
      "resource": {
        "resourceType": "Location",
        "id": "KINA-KINAS1",
        "meta": {
          "versionId": "37364893",
          "lastUpdated": "2025-03-11T15:46:36.224Z"
        },
        "name": "Interdisziplinäre Notaufnahmestation Kiel",
        "type": [
          {
            "coding": [
              {
                "system": "http://terminology.hl7.org/CodeSystem/v3-RoleCode",
                "code": "HOSP"
              }
            ]
          }
        ],
        "physicalType": {
          "coding": [
            {
              "system": "http://terminology.hl7.org/CodeSystem/location-physical-type",
              "code": "wa",
              "display": "Ward"
            }
          ]
        },
        "partOf": {
          "reference": "Location/KINA"
        }
      },
      "search": {
        "mode": "match"
      }
    },
    {
      "fullUrl": "http://num-fhirserver.distan.medicsh.de:8080/fhir/Encounter/PV-AK-c372401eced7f6b94cf7b7d85aa993d09d346aee8492c397c4398a3f",
      "resource": {
        "resourceType": "Encounter",
        "id": "PV-AK-c372401eced7f6b94cf7b7d85aa993d09d346aee8492c397c4398a3f",
        "meta": {
          "versionId": "233783448",
          "lastUpdated": "2025-03-19T13:31:25.587Z",
          "source": "http://medic.uksh.de/source/orbis/adt",
          "profile": [
            "https://www.medizininformatik-initiative.de/fhir/core/modul-fall/StructureDefinition/KontaktGesundheitseinrichtung|2025.0.0"
          ]
        },
        "identifier": [
          {
            "use": "official",
            "type": {
              "coding": [
                {
                  "system": "http://terminology.hl7.org/CodeSystem/v2-0203",
                  "code": "VN"
                }
              ]
            },
            "system": "http://medic.uksh.de/fhir/Encounter",
            "value": "5977061df7427a473ef77115e494143d8fa6203362bb5c9b738ef593"
          },
          {
            "use": "secondary",
            "type": {
              "coding": [
                {
                  "system": "http://terminology.hl7.org/CodeSystem/v2-0203",
                  "code": "U"
                }
              ]
            },
            "system": "http://medic.uksh.de.de/fhir/Encounter/department",
            "value": "LMED1.2021-09-23T21:51:00"
          }
        ],
        "status": "finished",
        "class": {
          "system": "http://terminology.hl7.org/CodeSystem/v3-ActCode",
          "code": "IMP"
        },
        "type": [
          {
            "coding": [
              {
                "system": "http://fhir.de/CodeSystem/Kontaktebene",
                "code": "abteilungskontakt"
              }
            ]
          }
        ],
        "subject": {
          "reference": "Patient/PID-b99f91afc8c366654b6f63fbd93df0fc164e0b27c1a58ca2eab564c1"
        },
        "period": {
          "start": "2021-09-23T21:51:00+02:00",
          "end": "2021-09-24T00:00:00+02:00"
        },
        "location": [
          {
            "location": {
              "reference": "Location/LMED1-LA122"
            },
            "status": "completed",
            "physicalType": {
              "coding": [
                {
                  "system": "http://terminology.hl7.org/CodeSystem/location-physical-type",
                  "code": "wa"
                }
              ]
            },
            "period": {
              "start": "2021-09-23T21:51:00+02:00",
              "end": "2021-09-24T00:00:00+02:00"
            }
          }
        ],
        "partOf": {
          "reference": "Encounter/PV-5977061df7427a473ef77115e494143d8fa6203362bb5c9b738ef593"
        }
      },
      "search": {
        "mode": "match"
      }
    },
    {
      "fullUrl": "http://num-fhirserver.distan.medicsh.de:8080/fhir/Location/LMED1-LA122",
      "resource": {
        "resourceType": "Location",
        "id": "LMED1-LA122",
        "meta": {
          "versionId": "37452726",
          "lastUpdated": "2025-03-11T15:49:58.668Z"
        },
        "name": "HL - Station A.122",
        "type": [
          {
            "coding": [
              {
                "system": "http://terminology.hl7.org/CodeSystem/v3-RoleCode",
                "code": "HOSP"
              }
            ]
          }
        ],
        "physicalType": {
          "coding": [
            {
              "system": "http://terminology.hl7.org/CodeSystem/location-physical-type",
              "code": "wa",
              "display": "Ward"
            }
          ]
        },
        "partOf": {
          "reference": "Location/LMED1"
        }
      },
      "search": {
        "mode": "match"
      }
    },
    {
      "fullUrl": "http://num-fhirserver.distan.medicsh.de:8080/fhir/Encounter/PV-VK-14704e995263960e0c78beac73355aa4196a9660cae9e6a5af084550",
      "resource": {
        "resourceType": "Encounter",
        "id": "PV-VK-14704e995263960e0c78beac73355aa4196a9660cae9e6a5af084550",
        "meta": {
          "versionId": "325303046",
          "lastUpdated": "2025-04-30T03:00:25.641Z",
          "source": "http://medic.uksh.de/source/orbis/adt",
          "profile": [
            "https://www.medizininformatik-initiative.de/fhir/core/modul-fall/StructureDefinition/KontaktGesundheitseinrichtung|2025.0.0"
          ]
        },
        "identifier": [
          {
            "use": "official",
            "type": {
              "coding": [
                {
                  "system": "http://terminology.hl7.org/CodeSystem/v2-0203",
                  "code": "VN"
                }
              ]
            },
            "system": "http://medic.uksh.de/fhir/Encounter",
            "value": "9fb0e1a562f21b06853a515de0a8e3a7abd75154fc99cd6fd95626e8"
          },
          {
            "use": "secondary",
            "type": {
              "coding": [
                {
                  "system": "http://terminology.hl7.org/CodeSystem/v2-0203",
                  "code": "U"
                }
              ]
            },
            "system": "http://medic.uksh.de.de/fhir/Encounter/department",
            "value": "LUROL.LA413.2025-04-21T07:47:00"
          }
        ],
        "status": "finished",
        "class": {
          "system": "http://terminology.hl7.org/CodeSystem/v3-ActCode",
          "code": "IMP"
        },
        "type": [
          {
            "coding": [
              {
                "system": "http://fhir.de/CodeSystem/Kontaktebene",
                "code": "versorgungsstellenkontakt"
              }
            ]
          }
        ],
        "subject": {
          "reference": "Patient/PID-b99f91afc8c366654b6f63fbd93df0fc164e0b27c1a58ca2eab564c1"
        },
        "period": {
          "start": "2025-04-21T07:47:00+02:00",
          "end": "2025-04-22T14:18:00+02:00"
        },
        "location": [
          {
            "location": {
              "reference": "Location/LUROL-LA413"
            },
            "status": "completed",
            "physicalType": {
              "coding": [
                {
                  "system": "http://terminology.hl7.org/CodeSystem/location-physical-type",
                  "code": "wa"
                }
              ]
            },
            "period": {
              "start": "2025-04-21T07:47:00+02:00",
              "end": "2025-04-22T14:18:00+02:00"
            }
          }
        ],
        "partOf": {
          "reference": "Encounter/PV-AK-7d5abf28703299816b5743470c2352b8ecb273975fe13358334bb10d"
        }
      },
      "search": {
        "mode": "match"
      }
    },
    {
      "fullUrl": "http://num-fhirserver.distan.medicsh.de:8080/fhir/Encounter/PV-VK-2cf48295a9f2c0308171af5d93de19786a60d1095109e5856f1490d6",
      "resource": {
        "resourceType": "Encounter",
        "id": "PV-VK-2cf48295a9f2c0308171af5d93de19786a60d1095109e5856f1490d6",
        "meta": {
          "versionId": "239835263",
          "lastUpdated": "2025-03-20T14:46:55.471Z",
          "source": "http://medic.uksh.de/source/orbis/adt",
          "profile": [
            "https://www.medizininformatik-initiative.de/fhir/core/modul-fall/StructureDefinition/KontaktGesundheitseinrichtung|2025.0.0"
          ]
        },
        "identifier": [
          {
            "use": "official",
            "type": {
              "coding": [
                {
                  "system": "http://terminology.hl7.org/CodeSystem/v2-0203",
                  "code": "VN"
                }
              ]
            },
            "system": "http://medic.uksh.de/fhir/Encounter",
            "value": "0059fb945fd6a52468a61244c0c3e38706b5b8acc373f87c5373a557"
          },
          {
            "use": "secondary",
            "type": {
              "coding": [
                {
                  "system": "http://terminology.hl7.org/CodeSystem/v2-0203",
                  "code": "U"
                }
              ]
            },
            "system": "http://medic.uksh.de.de/fhir/Encounter/department",
            "value": "KINA.KINAS1.2023-05-31T09:58:00"
          }
        ],
        "status": "in-progress",
        "class": {
          "system": "http://terminology.hl7.org/CodeSystem/v3-ActCode",
          "code": "IMP"
        },
        "type": [
          {
            "coding": [
              {
                "system": "http://fhir.de/CodeSystem/Kontaktebene",
                "code": "versorgungsstellenkontakt"
              }
            ]
          }
        ],
        "subject": {
          "reference": "Patient/PID-b99f91afc8c366654b6f63fbd93df0fc164e0b27c1a58ca2eab564c1"
        },
        "period": {
          "start": "2023-05-31T09:58:00+02:00"
        },
        "location": [
          {
            "location": {
              "reference": "Location/KINA-KINAS1"
            },
            "status": "active",
            "physicalType": {
              "coding": [
                {
                  "system": "http://terminology.hl7.org/CodeSystem/location-physical-type",
                  "code": "wa"
                }
              ]
            },
            "period": {
              "start": "2023-05-31T09:58:00+02:00"
            }
          }
        ],
        "partOf": {
          "reference": "Encounter/PV-AK-86bcdd9952130cd79656c294126b0a842bc60ab21508ea7765052179"
        }
      },
      "search": {
        "mode": "match"
      }
    },
    {
      "fullUrl": "http://num-fhirserver.distan.medicsh.de:8080/fhir/Encounter/PV-VK-85a06d6aafce8850da725d3f29a1e59e239fb57dbc43b03ca03da052",
      "resource": {
        "resourceType": "Encounter",
        "id": "PV-VK-85a06d6aafce8850da725d3f29a1e59e239fb57dbc43b03ca03da052",
        "meta": {
          "versionId": "233783436",
          "lastUpdated": "2025-03-19T13:31:25.568Z",
          "source": "http://medic.uksh.de/source/orbis/adt",
          "profile": [
            "https://www.medizininformatik-initiative.de/fhir/core/modul-fall/StructureDefinition/KontaktGesundheitseinrichtung|2025.0.0"
          ]
        },
        "identifier": [
          {
            "use": "official",
            "type": {
              "coding": [
                {
                  "system": "http://terminology.hl7.org/CodeSystem/v2-0203",
                  "code": "VN"
                }
              ]
            },
            "system": "http://medic.uksh.de/fhir/Encounter",
            "value": "5977061df7427a473ef77115e494143d8fa6203362bb5c9b738ef593"
          },
          {
            "use": "secondary",
            "type": {
              "coding": [
                {
                  "system": "http://terminology.hl7.org/CodeSystem/v2-0203",
                  "code": "U"
                }
              ]
            },
            "system": "http://medic.uksh.de.de/fhir/Encounter/department",
            "value": "LMED1.LA122.2021-09-23T21:51:00"
          }
        ],
        "status": "finished",
        "class": {
          "system": "http://terminology.hl7.org/CodeSystem/v3-ActCode",
          "code": "IMP"
        },
        "type": [
          {
            "coding": [
              {
                "system": "http://fhir.de/CodeSystem/Kontaktebene",
                "code": "versorgungsstellenkontakt"
              }
            ]
          }
        ],
        "subject": {
          "reference": "Patient/PID-b99f91afc8c366654b6f63fbd93df0fc164e0b27c1a58ca2eab564c1"
        },
        "period": {
          "start": "2021-09-23T21:51:00+02:00",
          "end": "2021-09-24T00:00:00+02:00"
        },
        "location": [
          {
            "location": {
              "reference": "Location/LMED1-LA122"
            },
            "status": "completed",
            "physicalType": {
              "coding": [
                {
                  "system": "http://terminology.hl7.org/CodeSystem/location-physical-type",
                  "code": "wa"
                }
              ]
            },
            "period": {
              "start": "2021-09-23T21:51:00+02:00",
              "end": "2021-09-24T00:00:00+02:00"
            }
          }
        ],
        "partOf": {
          "reference": "Encounter/PV-AK-c372401eced7f6b94cf7b7d85aa993d09d346aee8492c397c4398a3f"
        }
      },
      "search": {
        "mode": "match"
      }
    },
    {
      "fullUrl": "http://num-fhirserver.distan.medicsh.de:8080/fhir/Encounter/PV-VK-8aa3f9ab548e5c9762f1f38d442f8a9bdc0de475a0d4a3e854d90441",
      "resource": {
        "resourceType": "Encounter",
        "id": "PV-VK-8aa3f9ab548e5c9762f1f38d442f8a9bdc0de475a0d4a3e854d90441",
        "meta": {
          "versionId": "323801674",
          "lastUpdated": "2025-04-24T03:13:31.533Z",
          "source": "http://medic.uksh.de/source/orbis/adt",
          "profile": [
            "https://www.medizininformatik-initiative.de/fhir/core/modul-fall/StructureDefinition/KontaktGesundheitseinrichtung|2025.0.0"
          ]
        },
        "identifier": [
          {
            "use": "official",
            "type": {
              "coding": [
                {
                  "system": "http://terminology.hl7.org/CodeSystem/v2-0203",
                  "code": "VN"
                }
              ]
            },
            "system": "http://medic.uksh.de/fhir/Encounter",
            "value": "61c9a11af77e67d3fc3dd7bd4a83c22e609fc93714b310206bedaeba"
          },
          {
            "use": "secondary",
            "type": {
              "coding": [
                {
                  "system": "http://terminology.hl7.org/CodeSystem/v2-0203",
                  "code": "U"
                }
              ]
            },
            "system": "http://medic.uksh.de.de/fhir/Encounter/department",
            "value": "LUROL.LA413.2025-04-21T07:30:00"
          }
        ],
        "status": "finished",
        "class": {
          "system": "http://terminology.hl7.org/CodeSystem/v3-ActCode",
          "code": "IMP"
        },
        "type": [
          {
            "coding": [
              {
                "system": "http://fhir.de/CodeSystem/Kontaktebene",
                "code": "versorgungsstellenkontakt"
              }
            ]
          }
        ],
        "subject": {
          "reference": "Patient/PID-b99f91afc8c366654b6f63fbd93df0fc164e0b27c1a58ca2eab564c1"
        },
        "period": {
          "start": "2025-04-21T07:30:00+02:00",
          "end": "2025-04-21T13:40:00+02:00"
        },
        "location": [
          {
            "location": {
              "reference": "Location/LUROL-LA413"
            },
            "status": "completed",
            "physicalType": {
              "coding": [
                {
                  "system": "http://terminology.hl7.org/CodeSystem/location-physical-type",
                  "code": "wa"
                }
              ]
            },
            "period": {
              "start": "2025-04-21T07:30:00+02:00",
              "end": "2025-04-21T13:40:00+02:00"
            }
          }
        ],
        "partOf": {
          "reference": "Encounter/PV-AK-3c6c8583365940411423667248adf02ffd14c34040a25f8dc32243fb"
        }
      },
      "search": {
        "mode": "match"
      }
    },
    {
      "fullUrl": "http://num-fhirserver.distan.medicsh.de:8080/fhir/Encounter/PV-cd60e8a7eb99c5ebeca26fcc8c4b0e022aaf6f4af154b2afbe1ca1dc",
      "resource": {
        "resourceType": "Encounter",
        "id": "PV-cd60e8a7eb99c5ebeca26fcc8c4b0e022aaf6f4af154b2afbe1ca1dc",
        "meta": {
          "versionId": "242553177",
          "lastUpdated": "2025-03-21T06:37:21.199Z",
          "source": "http://medic.uksh.de/source/orbis/adt",
          "profile": [
            "https://www.medizininformatik-initiative.de/fhir/core/modul-fall/StructureDefinition/KontaktGesundheitseinrichtung|2025.0.0"
          ]
        },
        "identifier": [
          {
            "use": "official",
            "type": {
              "coding": [
                {
                  "system": "http://terminology.hl7.org/CodeSystem/v2-0203",
                  "code": "VN"
                }
              ]
            },
            "system": "http://medic.uksh.de/fhir/Encounter",
            "value": "cd60e8a7eb99c5ebeca26fcc8c4b0e022aaf6f4af154b2afbe1ca1dc"
          }
        ],
        "status": "finished",
        "class": {
          "system": "http://terminology.hl7.org/CodeSystem/v3-ActCode",
          "code": "AMB"
        },
        "type": [
          {
            "coding": [
              {
                "system": "http://fhir.de/CodeSystem/Kontaktebene",
                "code": "einrichtungskontakt"
              }
            ]
          }
        ],
        "subject": {
          "reference": "Patient/PID-b99f91afc8c366654b6f63fbd93df0fc164e0b27c1a58ca2eab564c1"
        },
        "period": {
          "start": "2024-02-02T11:49:00+01:00",
          "end": "2024-03-31T23:59:59+02:00"
        }
      },
      "search": {
        "mode": "match"
      }
    },
    {
      "fullUrl": "http://num-fhirserver.distan.medicsh.de:8080/fhir/Encounter/PV-f01a059010d7974056c94ee1e16605fa778dbee3d394774913e13db5",
      "resource": {
        "resourceType": "Encounter",
        "id": "PV-f01a059010d7974056c94ee1e16605fa778dbee3d394774913e13db5",
        "meta": {
          "versionId": "323802297",
          "lastUpdated": "2025-04-24T03:13:55.437Z",
          "source": "http://medic.uksh.de/source/orbis/adt",
          "profile": [
            "https://www.medizininformatik-initiative.de/fhir/core/modul-fall/StructureDefinition/KontaktGesundheitseinrichtung|2025.0.0"
          ]
        },
        "identifier": [
          {
            "use": "official",
            "type": {
              "coding": [
                {
                  "system": "http://terminology.hl7.org/CodeSystem/v2-0203",
                  "code": "VN"
                }
              ]
            },
            "system": "http://medic.uksh.de/fhir/Encounter",
            "value": "f01a059010d7974056c94ee1e16605fa778dbee3d394774913e13db5"
          }
        ],
        "status": "in-progress",
        "class": {
          "system": "http://terminology.hl7.org/CodeSystem/v3-ActCode",
          "code": "AMB"
        },
        "type": [
          {
            "coding": [
              {
                "system": "http://fhir.de/CodeSystem/Kontaktebene",
                "code": "einrichtungskontakt"
              }
            ]
          }
        ],
        "subject": {
          "reference": "Patient/PID-b99f91afc8c366654b6f63fbd93df0fc164e0b27c1a58ca2eab564c1"
        },
        "period": {
          "start": "2025-04-21T08:27:00+02:00",
          "end": "2025-06-30T23:59:59+02:00"
        }
      },
      "search": {
        "mode": "match"
      }
    },
    {
      "fullUrl": "http://num-fhirserver.distan.medicsh.de:8080/fhir/Observation/IU-KGEW-16ba4992b647a4405fab9a903e3036ee7473aac87cb9d86f746c5494",
      "resource": {
        "resourceType": "Observation",
        "id": "IU-KGEW-16ba4992b647a4405fab9a903e3036ee7473aac87cb9d86f746c5494",
        "meta": {
          "versionId": "260091642",
          "lastUpdated": "2025-03-28T20:34:52.973Z",
          "profile": [
            "https://gematik.de/fhir/isik/StructureDefinition/sd-mii-icu-monitoring-und-vitaldaten|4.0.1",
            "https://www.medizininformatik-initiative.de/fhir/ext/modul-icu/StructureDefinition/koerpergewicht|2025.0.2"
          ]
        },
        "status": "final",
        "category": [
          {
            "coding": [
              {
                "system": "http://terminology.hl7.org/CodeSystem/observation-category",
                "code": "vital-signs"
              }
            ]
          }
        ],
        "code": {
          "coding": [
            {
              "system": "http://snomed.info/sct",
              "code": "27113001",
              "display": "Body weight (observable entity)"
            },
            {
              "system": "http://loinc.org",
              "code": "29463-7",
              "display": "Body weight"
            }
          ]
        },
        "subject": {
          "reference": "Patient/PID-b99f91afc8c366654b6f63fbd93df0fc164e0b27c1a58ca2eab564c1"
        },
        "encounter": {
          "reference": "Encounter/PV-0059fb945fd6a52468a61244c0c3e38706b5b8acc373f87c5373a557"
        },
        "effectiveDateTime": "2023-12-19T13:30:00+01:00",
        "valueQuantity": {
          "value": 67.0,
          "unit": "kilogram",
          "system": "http://unitsofmeasure.org",
          "code": "kg"
        }
      },
      "search": {
        "mode": "match"
      }
    },
    {
      "fullUrl": "http://num-fhirserver.distan.medicsh.de:8080/fhir/Observation/IU-KGEW-c720ba3fd72bca631e2b2227147fe32835e0738ef7bb2430e34790e6",
      "resource": {
        "resourceType": "Observation",
        "id": "IU-KGEW-c720ba3fd72bca631e2b2227147fe32835e0738ef7bb2430e34790e6",
        "meta": {
          "versionId": "260091592",
          "lastUpdated": "2025-03-28T20:34:52.794Z",
          "profile": [
            "https://gematik.de/fhir/isik/StructureDefinition/sd-mii-icu-monitoring-und-vitaldaten|4.0.1",
            "https://www.medizininformatik-initiative.de/fhir/ext/modul-icu/StructureDefinition/koerpergewicht|2025.0.2"
          ]
        },
        "status": "final",
        "category": [
          {
            "coding": [
              {
                "system": "http://terminology.hl7.org/CodeSystem/observation-category",
                "code": "vital-signs"
              }
            ]
          }
        ],
        "code": {
          "coding": [
            {
              "system": "http://snomed.info/sct",
              "code": "27113001",
              "display": "Body weight (observable entity)"
            },
            {
              "system": "http://loinc.org",
              "code": "29463-7",
              "display": "Body weight"
            }
          ]
        },
        "subject": {
          "reference": "Patient/PID-b99f91afc8c366654b6f63fbd93df0fc164e0b27c1a58ca2eab564c1"
        },
        "encounter": {
          "reference": "Encounter/PV-0059fb945fd6a52468a61244c0c3e38706b5b8acc373f87c5373a557"
        },
        "effectiveDateTime": "2023-12-19T12:45:00+01:00",
        "valueQuantity": {
          "value": 63.0,
          "unit": "kilogram",
          "system": "http://unitsofmeasure.org",
          "code": "kg"
        }
      },
      "search": {
        "mode": "match"
      }
    },
    {
      "fullUrl": "http://num-fhirserver.distan.medicsh.de:8080/fhir/Observation/IU-KGRO-f447ad32c909c7824f44be0caaaccc97e408cec6d18c386e33b887bd",
      "resource": {
        "resourceType": "Observation",
        "id": "IU-KGRO-f447ad32c909c7824f44be0caaaccc97e408cec6d18c386e33b887bd",
        "meta": {
          "versionId": "260091853",
          "lastUpdated": "2025-03-28T20:34:53.733Z",
          "profile": [
            "https://gematik.de/fhir/isik/StructureDefinition/sd-mii-icu-monitoring-und-vitaldaten|4.0.1",
            "https://www.medizininformatik-initiative.de/fhir/ext/modul-icu/StructureDefinition/koerpergroesse|2025.0.2"
          ]
        },
        "status": "final",
        "category": [
          {
            "coding": [
              {
                "system": "http://terminology.hl7.org/CodeSystem/observation-category",
                "code": "vital-signs"
              }
            ]
          }
        ],
        "code": {
          "coding": [
            {
              "system": "http://snomed.info/sct",
              "code": "1153637007",
              "display": "Body height (observable entity)"
            },
            {
              "system": "http://loinc.org",
              "code": "8302-2",
              "display": "Body height"
            }
          ]
        },
        "subject": {
          "reference": "Patient/PID-b99f91afc8c366654b6f63fbd93df0fc164e0b27c1a58ca2eab564c1"
        },
        "encounter": {
          "reference": "Encounter/PV-0059fb945fd6a52468a61244c0c3e38706b5b8acc373f87c5373a557"
        },
        "effectiveDateTime": "2023-12-19T12:55:00+01:00",
        "valueQuantity": {
          "value": 170.0,
          "unit": "centimeter",
          "system": "http://unitsofmeasure.org",
          "code": "cm"
        }
      },
      "search": {
        "mode": "match"
      }
    },
    {
      "fullUrl": "http://num-fhirserver.distan.medicsh.de:8080/fhir/Observation/IU-PULS-b1c6fcbed4e98e51d7a33c6acdce28a05270afdc0bb6696196cf29e0",
      "resource": {
        "resourceType": "Observation",
        "id": "IU-PULS-b1c6fcbed4e98e51d7a33c6acdce28a05270afdc0bb6696196cf29e0",
        "meta": {
          "versionId": "300507909",
          "lastUpdated": "2025-03-30T13:59:10.227Z",
          "profile": [
            "https://gematik.de/fhir/isik/StructureDefinition/sd-mii-icu-monitoring-und-vitaldaten|4.0.1",
            "https://www.medizininformatik-initiative.de/fhir/ext/modul-icu/StructureDefinition/herzfrequenz|2025.0.2"
          ]
        },
        "status": "final",
        "category": [
          {
            "coding": [
              {
                "system": "http://terminology.hl7.org/CodeSystem/observation-category",
                "code": "vital-signs"
              }
            ]
          }
        ],
        "code": {
          "coding": [
            {
              "system": "http://snomed.info/sct",
              "code": "364075005",
              "display": "Heart rate (observable entity)"
            },
            {
              "system": "http://loinc.org",
              "code": "8867-4",
              "display": "Heart Rate"
            },
            {
              "system": "urn:iso:std:iso:11073:10101",
              "code": "147842",
              "display": "Heart Rate"
            }
          ]
        },
        "subject": {
          "reference": "Patient/PID-b99f91afc8c366654b6f63fbd93df0fc164e0b27c1a58ca2eab564c1"
        },
        "encounter": {
          "reference": "Encounter/PV-0059fb945fd6a52468a61244c0c3e38706b5b8acc373f87c5373a557"
        },
        "effectiveDateTime": "2024-01-30T09:40:00+01:00",
        "valueQuantity": {
          "value": 95.0,
          "unit": "beats per minute",
          "system": "http://unitsofmeasure.org",
          "code": "/min"
        }
      },
      "search": {
        "mode": "match"
      }
    },
    {
      "fullUrl": "http://num-fhirserver.distan.medicsh.de:8080/fhir/Observation/IU-RRAR-1bcded5ef56769bfab056a2455a58b1c1a5a56d862a2d17da41742de",
      "resource": {
        "resourceType": "Observation",
        "id": "IU-RRAR-1bcded5ef56769bfab056a2455a58b1c1a5a56d862a2d17da41742de",
        "meta": {
          "versionId": "292282824",
          "lastUpdated": "2025-03-30T05:47:30.481Z",
          "profile": [
            "https://gematik.de/fhir/isik/StructureDefinition/sd-mii-icu-monitoring-und-vitaldaten|4.0.1",
            "https://www.medizininformatik-initiative.de/fhir/ext/modul-icu/StructureDefinition/arterieller-blutdruck|2025.0.2"
          ]
        },
        "status": "final",
        "category": [
          {
            "coding": [
              {
                "system": "http://terminology.hl7.org/CodeSystem/observation-category",
                "code": "vital-signs"
              }
            ]
          }
        ],
        "code": {
          "coding": [
            {
              "system": "http://snomed.info/sct",
              "code": "364090009",
              "display": "Systemic arterial pressure (observable entity)"
            },
            {
              "system": "http://loinc.org",
              "code": "85354-9",
              "display": "Blood pressure panel with all children optional"
            }
          ]
        },
        "subject": {
          "reference": "Patient/PID-b99f91afc8c366654b6f63fbd93df0fc164e0b27c1a58ca2eab564c1"
        },
        "encounter": {
          "reference": "Encounter/PV-0059fb945fd6a52468a61244c0c3e38706b5b8acc373f87c5373a557"
        },
        "effectiveDateTime": "2024-01-30T09:40:00+01:00",
        "component": [
          {
            "code": {
              "coding": [
                {
                  "system": "http://loinc.org",
                  "code": "8480-6",
                  "display": "Systolic blood pressure"
                },
                {
                  "system": "http://snomed.info/sct",
                  "code": "271649006",
                  "display": "Systolic blood pressure (observable entity)"
                },
                {
                  "system": "urn:iso:std:iso:11073:10101",
                  "code": "150017",
                  "display": "Systolic blood pressure"
                }
              ]
            },
            "valueQuantity": {
              "value": 100.0,
              "unit": "millimeter Mercury column",
              "system": "http://unitsofmeasure.org",
              "code": "mm[Hg]"
            }
          },
          {
            "code": {
              "coding": [
                {
                  "system": "http://loinc.org",
                  "code": "8462-4",
                  "display": "Diastolic blood pressure"
                },
                {
                  "system": "http://snomed.info/sct",
                  "code": "271650006",
                  "display": "Diastolic blood pressure (observable entity)"
                },
                {
                  "system": "urn:iso:std:iso:11073:10101",
                  "code": "150018",
                  "display": "Diastolic blood pressure"
                }
              ]
            },
            "valueQuantity": {
              "value": 40.0,
              "unit": "millimeter Mercury column",
              "system": "http://unitsofmeasure.org",
              "code": "mm[Hg]"
            }
          }
        ]
      },
      "search": {
        "mode": "match"
      }
    },
    {
      "fullUrl": "http://num-fhirserver.distan.medicsh.de:8080/fhir/Observation/IU-SPO2-9f494e4915cf789ac2a8df00b2cb01091822404f8b8a9e599380efee",
      "resource": {
        "resourceType": "Observation",
        "id": "IU-SPO2-9f494e4915cf789ac2a8df00b2cb01091822404f8b8a9e599380efee",
        "meta": {
          "versionId": "299437232",
          "lastUpdated": "2025-03-30T12:59:01.623Z",
          "profile": [
            "https://gematik.de/fhir/isik/StructureDefinition/sd-mii-icu-monitoring-und-vitaldaten|4.0.1",
            "https://gematik.de/fhir/isik/StructureDefinition/sd-mii-icu-o2saettigung-im-arteriellen-blut-durch-pulsoxymetrie|4.0.1"
          ]
        },
        "status": "final",
        "category": [
          {
            "coding": [
              {
                "system": "http://terminology.hl7.org/CodeSystem/observation-category",
                "code": "vital-signs"
              }
            ]
          }
        ],
        "code": {
          "coding": [
            {
              "system": "http://snomed.info/sct",
              "code": "442476006",
              "display": "Arterial oxygen saturation (observable entity)"
            },
            {
              "system": "http://loinc.org",
              "code": "59408-5",
              "display": "Oxygen saturation in Arterial blood by Pulse oximetry"
            },
            {
              "system": "urn:iso:std:iso:11073:10101",
              "code": "150324"
            },
            {
              "system": "http://loinc.org",
              "code": "2708-6",
              "display": "Oxygen saturation in Arterial blood"
            }
          ]
        },
        "subject": {
          "reference": "Patient/PID-b99f91afc8c366654b6f63fbd93df0fc164e0b27c1a58ca2eab564c1"
        },
        "encounter": {
          "reference": "Encounter/PV-0059fb945fd6a52468a61244c0c3e38706b5b8acc373f87c5373a557"
        },
        "effectiveDateTime": "2024-01-30T09:50:00+01:00",
        "valueQuantity": {
          "value": 82.0,
          "unit": "percent",
          "system": "http://unitsofmeasure.org",
          "code": "%"
        }
      },
      "search": {
        "mode": "match"
      }
    },
    {
      "fullUrl": "http://num-fhirserver.distan.medicsh.de:8080/fhir/Observation/IU-TEMP-8053b41c4fad562bed7aa770f1f5a5a8138e2033c73f3d95276c5065",
      "resource": {
        "resourceType": "Observation",
        "id": "IU-TEMP-8053b41c4fad562bed7aa770f1f5a5a8138e2033c73f3d95276c5065",
        "meta": {
          "versionId": "287276289",
          "lastUpdated": "2025-03-30T00:41:29.041Z",
          "profile": [
            "https://gematik.de/fhir/isik/StructureDefinition/sd-mii-icu-koerpertemperatur-generisch|4.0.1",
            "https://gematik.de/fhir/isik/StructureDefinition/sd-mii-icu-monitoring-und-vitaldaten|4.0.1",
            "https://gematik.de/fhir/isik/StructureDefinition/sd-mii-icu-koerpertemperatur-harnblase|4.0.1"
          ]
        },
        "status": "final",
        "category": [
          {
            "coding": [
              {
                "system": "http://terminology.hl7.org/CodeSystem/observation-category",
                "code": "vital-signs"
              }
            ]
          }
        ],
        "code": {
          "coding": [
            {
              "system": "http://loinc.org",
              "code": "8310-5",
              "display": "Body temperature"
            },
            {
              "system": "http://loinc.org",
              "code": "8334-5",
              "display": "Body temperature - Urinary bladder"
            },
            {
              "system": "http://snomed.info/sct",
              "code": "698832009",
              "display": "Core body temperature measured at urinary bladder (observable entity)"
            }
          ]
        },
        "subject": {
          "reference": "Patient/PID-b99f91afc8c366654b6f63fbd93df0fc164e0b27c1a58ca2eab564c1"
        },
        "encounter": {
          "reference": "Encounter/PV-0059fb945fd6a52468a61244c0c3e38706b5b8acc373f87c5373a557"
        },
        "effectiveDateTime": "2024-01-30T09:50:00+01:00",
        "valueQuantity": {
          "value": 39.0,
          "unit": "degree Celsius",
          "system": "http://unitsofmeasure.org",
          "code": "Cel"
        },
        "bodySite": {
          "coding": [
            {
              "system": "http://snomed.info/sct",
              "code": "89837001",
              "display": "Urinary bladder structure (body structure)"
            }
          ]
        }
      },
      "search": {
        "mode": "match"
      }
    },
    {
      "fullUrl": "http://num-fhirserver.distan.medicsh.de:8080/fhir/Observation/VIT-30b96a507a3c5115e96c6410ff0e326221fbd1b41fe357f375490443",
      "resource": {
        "resourceType": "Observation",
        "id": "VIT-30b96a507a3c5115e96c6410ff0e326221fbd1b41fe357f375490443",
        "meta": {
          "versionId": "323801672",
          "lastUpdated": "2025-04-24T03:13:31.494Z",
          "profile": [
            "https://www.medizininformatik-initiative.de/fhir/core/modul-person/StructureDefinition/Vitalstatus|2025.0.1"
          ]
        },
        "status": "final",
        "category": [
          {
            "coding": [
              {
                "system": "http://terminology.hl7.org/CodeSystem/observation-category",
                "code": "survey"
              }
            ]
          }
        ],
        "code": {
          "coding": [
            {
              "system": "http://loinc.org",
              "code": "67162-8"
            }
          ]
        },
        "subject": {
          "reference": "Patient/PID-b99f91afc8c366654b6f63fbd93df0fc164e0b27c1a58ca2eab564c1"
        },
        "effectiveDateTime": "2025-04-21T07:30:00+02:00",
        "valueCodeableConcept": {
          "coding": [
            {
              "system": "https://www.medizininformatik-initiative.de/fhir/core/modul-person/CodeSystem/Vitalstatus",
              "code": "L"
            }
          ]
        }
      },
      "search": {
        "mode": "match"
      }
    },
    {
      "fullUrl": "http://num-fhirserver.distan.medicsh.de:8080/fhir/Observation/VIT-3bff4a3f023b1dd62d5cc2ddeb0f99de4e76d2ea24fef728ff932980",
      "resource": {
        "resourceType": "Observation",
        "id": "VIT-3bff4a3f023b1dd62d5cc2ddeb0f99de4e76d2ea24fef728ff932980",
        "meta": {
          "versionId": "242553178",
          "lastUpdated": "2025-03-21T06:37:21.218Z",
          "profile": [
            "https://www.medizininformatik-initiative.de/fhir/core/modul-person/StructureDefinition/Vitalstatus|2025.0.1"
          ]
        },
        "status": "final",
        "category": [
          {
            "coding": [
              {
                "system": "http://terminology.hl7.org/CodeSystem/observation-category",
                "code": "survey"
              }
            ]
          }
        ],
        "code": {
          "coding": [
            {
              "system": "http://loinc.org",
              "code": "67162-8"
            }
          ]
        },
        "subject": {
          "reference": "Patient/PID-b99f91afc8c366654b6f63fbd93df0fc164e0b27c1a58ca2eab564c1"
        },
        "effectiveDateTime": "2024-02-02T11:49:00+01:00",
        "valueCodeableConcept": {
          "coding": [
            {
              "system": "https://www.medizininformatik-initiative.de/fhir/core/modul-person/CodeSystem/Vitalstatus",
              "code": "L"
            }
          ]
        }
      },
      "search": {
        "mode": "match"
      }
    },
    {
      "fullUrl": "http://num-fhirserver.distan.medicsh.de:8080/fhir/Observation/VIT-4cf5af15b9ea0d8df6da7c821a4365cf195b1fba59f3a9e600a4188b",
      "resource": {
        "resourceType": "Observation",
        "id": "VIT-4cf5af15b9ea0d8df6da7c821a4365cf195b1fba59f3a9e600a4188b",
        "meta": {
          "versionId": "242284854",
          "lastUpdated": "2025-03-21T04:41:14.665Z",
          "profile": [
            "https://www.medizininformatik-initiative.de/fhir/core/modul-person/StructureDefinition/Vitalstatus|2025.0.1"
          ]
        },
        "status": "final",
        "category": [
          {
            "coding": [
              {
                "system": "http://terminology.hl7.org/CodeSystem/observation-category",
                "code": "survey"
              }
            ]
          }
        ],
        "code": {
          "coding": [
            {
              "system": "http://loinc.org",
              "code": "67162-8"
            }
          ]
        },
        "subject": {
          "reference": "Patient/PID-b99f91afc8c366654b6f63fbd93df0fc164e0b27c1a58ca2eab564c1"
        },
        "effectiveDateTime": "2024-01-08T13:18:00+01:00",
        "valueCodeableConcept": {
          "coding": [
            {
              "system": "https://www.medizininformatik-initiative.de/fhir/core/modul-person/CodeSystem/Vitalstatus",
              "code": "L"
            }
          ]
        }
      },
      "search": {
        "mode": "match"
      }
    },
    {
      "fullUrl": "http://num-fhirserver.distan.medicsh.de:8080/fhir/Observation/VIT-5655098765287360fa77cee7aa459493fa7d5f13315072c794acef22",
      "resource": {
        "resourceType": "Observation",
        "id": "VIT-5655098765287360fa77cee7aa459493fa7d5f13315072c794acef22",
        "meta": {
          "versionId": "323801773",
          "lastUpdated": "2025-04-24T03:13:35.363Z",
          "profile": [
            "https://www.medizininformatik-initiative.de/fhir/core/modul-person/StructureDefinition/Vitalstatus|2025.0.1"
          ]
        },
        "status": "final",
        "category": [
          {
            "coding": [
              {
                "system": "http://terminology.hl7.org/CodeSystem/observation-category",
                "code": "survey"
              }
            ]
          }
        ],
        "code": {
          "coding": [
            {
              "system": "http://loinc.org",
              "code": "67162-8"
            }
          ]
        },
        "subject": {
          "reference": "Patient/PID-b99f91afc8c366654b6f63fbd93df0fc164e0b27c1a58ca2eab564c1"
        },
        "effectiveDateTime": "2025-04-21T07:47:00+02:00",
        "valueCodeableConcept": {
          "coding": [
            {
              "system": "https://www.medizininformatik-initiative.de/fhir/core/modul-person/CodeSystem/Vitalstatus",
              "code": "L"
            }
          ]
        }
      },
      "search": {
        "mode": "match"
      }
    },
    {
      "fullUrl": "http://num-fhirserver.distan.medicsh.de:8080/fhir/Observation/VIT-637e5620aeddab6054d25c058995dabce75040ab2ded4acbfc135a2b",
      "resource": {
        "resourceType": "Observation",
        "id": "VIT-637e5620aeddab6054d25c058995dabce75040ab2ded4acbfc135a2b",
        "meta": {
          "versionId": "323802298",
          "lastUpdated": "2025-04-24T03:13:55.458Z",
          "profile": [
            "https://www.medizininformatik-initiative.de/fhir/core/modul-person/StructureDefinition/Vitalstatus|2025.0.1"
          ]
        },
        "status": "final",
        "category": [
          {
            "coding": [
              {
                "system": "http://terminology.hl7.org/CodeSystem/observation-category",
                "code": "survey"
              }
            ]
          }
        ],
        "code": {
          "coding": [
            {
              "system": "http://loinc.org",
              "code": "67162-8"
            }
          ]
        },
        "subject": {
          "reference": "Patient/PID-b99f91afc8c366654b6f63fbd93df0fc164e0b27c1a58ca2eab564c1"
        },
        "effectiveDateTime": "2025-04-21T08:27:00+02:00",
        "valueCodeableConcept": {
          "coding": [
            {
              "system": "https://www.medizininformatik-initiative.de/fhir/core/modul-person/CodeSystem/Vitalstatus",
              "code": "L"
            }
          ]
        }
      },
      "search": {
        "mode": "match"
      }
    },
    {
      "fullUrl": "http://num-fhirserver.distan.medicsh.de:8080/fhir/Observation/VIT-6643ad0dc9967f5de0a3ab92482f0f7ad1fe09d107504caccf6603cc",
      "resource": {
        "resourceType": "Observation",
        "id": "VIT-6643ad0dc9967f5de0a3ab92482f0f7ad1fe09d107504caccf6603cc",
        "meta": {
          "versionId": "239835262",
          "lastUpdated": "2025-03-20T14:46:55.450Z",
          "profile": [
            "https://www.medizininformatik-initiative.de/fhir/core/modul-person/StructureDefinition/Vitalstatus|2025.0.1"
          ]
        },
        "status": "final",
        "category": [
          {
            "coding": [
              {
                "system": "http://terminology.hl7.org/CodeSystem/observation-category",
                "code": "survey"
              }
            ]
          }
        ],
        "code": {
          "coding": [
            {
              "system": "http://loinc.org",
              "code": "67162-8"
            }
          ]
        },
        "subject": {
          "reference": "Patient/PID-b99f91afc8c366654b6f63fbd93df0fc164e0b27c1a58ca2eab564c1"
        },
        "effectiveDateTime": "2023-05-31T09:58:00+02:00",
        "valueCodeableConcept": {
          "coding": [
            {
              "system": "https://www.medizininformatik-initiative.de/fhir/core/modul-person/CodeSystem/Vitalstatus",
              "code": "L"
            }
          ]
        }
      },
      "search": {
        "mode": "match"
      }
    },
    {
      "fullUrl": "http://num-fhirserver.distan.medicsh.de:8080/fhir/Observation/VIT-8073b47ed6f6fa4614c61667722bca6f351ecd37bb95b3fa1b0ca44d",
      "resource": {
        "resourceType": "Observation",
        "id": "VIT-8073b47ed6f6fa4614c61667722bca6f351ecd37bb95b3fa1b0ca44d",
        "meta": {
          "versionId": "233783426",
          "lastUpdated": "2025-03-19T13:31:25.547Z",
          "profile": [
            "https://www.medizininformatik-initiative.de/fhir/core/modul-person/StructureDefinition/Vitalstatus|2025.0.1"
          ]
        },
        "status": "final",
        "category": [
          {
            "coding": [
              {
                "system": "http://terminology.hl7.org/CodeSystem/observation-category",
                "code": "survey"
              }
            ]
          }
        ],
        "code": {
          "coding": [
            {
              "system": "http://loinc.org",
              "code": "67162-8"
            }
          ]
        },
        "subject": {
          "reference": "Patient/PID-b99f91afc8c366654b6f63fbd93df0fc164e0b27c1a58ca2eab564c1"
        },
        "effectiveDateTime": "2021-09-24T00:00:00+02:00",
        "valueCodeableConcept": {
          "coding": [
            {
              "system": "https://www.medizininformatik-initiative.de/fhir/core/modul-person/CodeSystem/Vitalstatus",
              "code": "L"
            }
          ]
        }
      },
      "search": {
        "mode": "match"
      }
    },
    {
      "fullUrl": "http://num-fhirserver.distan.medicsh.de:8080/fhir/Observation/VIT-91b86d9c12c233f3c33869256b00d63660dd045f1cf960616652cd5f",
      "resource": {
        "resourceType": "Observation",
        "id": "VIT-91b86d9c12c233f3c33869256b00d63660dd045f1cf960616652cd5f",
        "meta": {
          "versionId": "323801802",
          "lastUpdated": "2025-04-24T03:13:36.444Z",
          "profile": [
            "https://www.medizininformatik-initiative.de/fhir/core/modul-person/StructureDefinition/Vitalstatus|2025.0.1"
          ]
        },
        "status": "final",
        "category": [
          {
            "coding": [
              {
                "system": "http://terminology.hl7.org/CodeSystem/observation-category",
                "code": "survey"
              }
            ]
          }
        ],
        "code": {
          "coding": [
            {
              "system": "http://loinc.org",
              "code": "67162-8"
            }
          ]
        },
        "subject": {
          "reference": "Patient/PID-b99f91afc8c366654b6f63fbd93df0fc164e0b27c1a58ca2eab564c1"
        },
        "effectiveDateTime": "2025-04-22T14:18:00+02:00",
        "valueCodeableConcept": {
          "coding": [
            {
              "system": "https://www.medizininformatik-initiative.de/fhir/core/modul-person/CodeSystem/Vitalstatus",
              "code": "L"
            }
          ]
        }
      },
      "search": {
        "mode": "match"
      }
    },
    {
      "fullUrl": "http://num-fhirserver.distan.medicsh.de:8080/fhir/Observation/VIT-aed96d2b6be8d018c407c3674c4dad0e141ee7b5a169bad5f57ee638",
      "resource": {
        "resourceType": "Observation",
        "id": "VIT-aed96d2b6be8d018c407c3674c4dad0e141ee7b5a169bad5f57ee638",
        "meta": {
          "versionId": "233783376",
          "lastUpdated": "2025-03-19T13:31:25.426Z",
          "profile": [
            "https://www.medizininformatik-initiative.de/fhir/core/modul-person/StructureDefinition/Vitalstatus|2025.0.1"
          ]
        },
        "status": "final",
        "category": [
          {
            "coding": [
              {
                "system": "http://terminology.hl7.org/CodeSystem/observation-category",
                "code": "survey"
              }
            ]
          }
        ],
        "code": {
          "coding": [
            {
              "system": "http://loinc.org",
              "code": "67162-8"
            }
          ]
        },
        "subject": {
          "reference": "Patient/PID-b99f91afc8c366654b6f63fbd93df0fc164e0b27c1a58ca2eab564c1"
        },
        "effectiveDateTime": "2021-09-23T21:51:00+02:00",
        "valueCodeableConcept": {
          "coding": [
            {
              "system": "https://www.medizininformatik-initiative.de/fhir/core/modul-person/CodeSystem/Vitalstatus",
              "code": "L"
            }
          ]
        }
      },
      "search": {
        "mode": "match"
      }
    },
    {
      "fullUrl": "http://num-fhirserver.distan.medicsh.de:8080/fhir/Observation/VIT-c160d19e80fb69f3ac31990ac8eba654446a3cd64942ba8a991badc2",
      "resource": {
        "resourceType": "Observation",
        "id": "VIT-c160d19e80fb69f3ac31990ac8eba654446a3cd64942ba8a991badc2",
        "meta": {
          "versionId": "242224749",
          "lastUpdated": "2025-03-21T04:16:22.048Z",
          "profile": [
            "https://www.medizininformatik-initiative.de/fhir/core/modul-person/StructureDefinition/Vitalstatus|2025.0.1"
          ]
        },
        "status": "final",
        "category": [
          {
            "coding": [
              {
                "system": "http://terminology.hl7.org/CodeSystem/observation-category",
                "code": "survey"
              }
            ]
          }
        ],
        "code": {
          "coding": [
            {
              "system": "http://loinc.org",
              "code": "67162-8"
            }
          ]
        },
        "subject": {
          "reference": "Patient/PID-b99f91afc8c366654b6f63fbd93df0fc164e0b27c1a58ca2eab564c1"
        },
        "effectiveDateTime": "2024-01-02T16:12:00+01:00",
        "valueCodeableConcept": {
          "coding": [
            {
              "system": "https://www.medizininformatik-initiative.de/fhir/core/modul-person/CodeSystem/Vitalstatus",
              "code": "L"
            }
          ]
        }
      },
      "search": {
        "mode": "match"
      }
    },
    {
      "fullUrl": "http://num-fhirserver.distan.medicsh.de:8080/fhir/Observation/VIT-c506986837d75823d392d9836d7f3f50d2553fba3cd7cb43b9d13e67",
      "resource": {
        "resourceType": "Observation",
        "id": "VIT-c506986837d75823d392d9836d7f3f50d2553fba3cd7cb43b9d13e67",
        "meta": {
          "versionId": "242224750",
          "lastUpdated": "2025-03-21T04:16:22.068Z",
          "profile": [
            "https://www.medizininformatik-initiative.de/fhir/core/modul-person/StructureDefinition/Vitalstatus|2025.0.1"
          ]
        },
        "status": "final",
        "category": [
          {
            "coding": [
              {
                "system": "http://terminology.hl7.org/CodeSystem/observation-category",
                "code": "survey"
              }
            ]
          }
        ],
        "code": {
          "coding": [
            {
              "system": "http://loinc.org",
              "code": "67162-8"
            }
          ]
        },
        "subject": {
          "reference": "Patient/PID-b99f91afc8c366654b6f63fbd93df0fc164e0b27c1a58ca2eab564c1"
        },
        "effectiveDateTime": "2024-03-31T23:59:59+02:00",
        "valueCodeableConcept": {
          "coding": [
            {
              "system": "https://www.medizininformatik-initiative.de/fhir/core/modul-person/CodeSystem/Vitalstatus",
              "code": "L"
            }
          ]
        }
      },
      "search": {
        "mode": "match"
      }
    },
    {
      "fullUrl": "http://num-fhirserver.distan.medicsh.de:8080/fhir/Observation/VIT-caab6dc4d15ebfb24b65eb20d2a3275ff0c622ab419daddbf7b4fc65",
      "resource": {
        "resourceType": "Observation",
        "id": "VIT-caab6dc4d15ebfb24b65eb20d2a3275ff0c622ab419daddbf7b4fc65",
        "meta": {
          "versionId": "242284855",
          "lastUpdated": "2025-03-21T04:41:14.680Z",
          "profile": [
            "https://www.medizininformatik-initiative.de/fhir/core/modul-person/StructureDefinition/Vitalstatus|2025.0.1"
          ]
        },
        "status": "final",
        "category": [
          {
            "coding": [
              {
                "system": "http://terminology.hl7.org/CodeSystem/observation-category",
                "code": "survey"
              }
            ]
          }
        ],
        "code": {
          "coding": [
            {
              "system": "http://loinc.org",
              "code": "67162-8"
            }
          ]
        },
        "subject": {
          "reference": "Patient/PID-b99f91afc8c366654b6f63fbd93df0fc164e0b27c1a58ca2eab564c1"
        },
        "effectiveDateTime": "2024-03-31T23:59:59+02:00",
        "valueCodeableConcept": {
          "coding": [
            {
              "system": "https://www.medizininformatik-initiative.de/fhir/core/modul-person/CodeSystem/Vitalstatus",
              "code": "L"
            }
          ]
        }
      },
      "search": {
        "mode": "match"
      }
    },
    {
      "fullUrl": "http://num-fhirserver.distan.medicsh.de:8080/fhir/Observation/VIT-d2a1d739ca45a062a3838b7db7defbbb800cbd240302c1ad05f37f59",
      "resource": {
        "resourceType": "Observation",
        "id": "VIT-d2a1d739ca45a062a3838b7db7defbbb800cbd240302c1ad05f37f59",
        "meta": {
          "versionId": "242553180",
          "lastUpdated": "2025-03-21T06:37:21.234Z",
          "profile": [
            "https://www.medizininformatik-initiative.de/fhir/core/modul-person/StructureDefinition/Vitalstatus|2025.0.1"
          ]
        },
        "status": "final",
        "category": [
          {
            "coding": [
              {
                "system": "http://terminology.hl7.org/CodeSystem/observation-category",
                "code": "survey"
              }
            ]
          }
        ],
        "code": {
          "coding": [
            {
              "system": "http://loinc.org",
              "code": "67162-8"
            }
          ]
        },
        "subject": {
          "reference": "Patient/PID-b99f91afc8c366654b6f63fbd93df0fc164e0b27c1a58ca2eab564c1"
        },
        "effectiveDateTime": "2024-03-31T23:59:59+02:00",
        "valueCodeableConcept": {
          "coding": [
            {
              "system": "https://www.medizininformatik-initiative.de/fhir/core/modul-person/CodeSystem/Vitalstatus",
              "code": "L"
            }
          ]
        }
      },
      "search": {
        "mode": "match"
      }
    },
    {
      "fullUrl": "http://num-fhirserver.distan.medicsh.de:8080/fhir/Observation/VIT-f91d598d551005107f2d9cf140de033337ba0a1c41fcf922e4f93961",
      "resource": {
        "resourceType": "Observation",
        "id": "VIT-f91d598d551005107f2d9cf140de033337ba0a1c41fcf922e4f93961",
        "meta": {
          "versionId": "323801673",
          "lastUpdated": "2025-04-24T03:13:31.510Z",
          "profile": [
            "https://www.medizininformatik-initiative.de/fhir/core/modul-person/StructureDefinition/Vitalstatus|2025.0.1"
          ]
        },
        "status": "final",
        "category": [
          {
            "coding": [
              {
                "system": "http://terminology.hl7.org/CodeSystem/observation-category",
                "code": "survey"
              }
            ]
          }
        ],
        "code": {
          "coding": [
            {
              "system": "http://loinc.org",
              "code": "67162-8"
            }
          ]
        },
        "subject": {
          "reference": "Patient/PID-b99f91afc8c366654b6f63fbd93df0fc164e0b27c1a58ca2eab564c1"
        },
        "effectiveDateTime": "2025-04-21T13:40:00+02:00",
        "valueCodeableConcept": {
          "coding": [
            {
              "system": "https://www.medizininformatik-initiative.de/fhir/core/modul-person/CodeSystem/Vitalstatus",
              "code": "L"
            }
          ]
        }
      },
      "search": {
        "mode": "match"
      }
    },
    {
      "fullUrl": "http://num-fhirserver.distan.medicsh.de:8080/fhir/Procedure/PR-380d44d5a17cdec021153da1e66d9985912183cb19ca3f9f52dc1008",
      "resource": {
        "resourceType": "Procedure",
        "id": "PR-380d44d5a17cdec021153da1e66d9985912183cb19ca3f9f52dc1008",
        "meta": {
          "versionId": "384413494",
          "lastUpdated": "2025-10-08T23:36:59.925Z",
          "profile": [
            "https://www.medizininformatik-initiative.de/fhir/core/modul-prozedur/StructureDefinition/Procedure|2025.0.0"
          ]
        },
        "status": "completed",
        "category": {
          "coding": [
            {
              "system": "http://snomed.info/sct",
              "code": "165197003",
              "display": "Diagnostic assessment"
            }
          ]
        },
        "code": {
          "coding": [
            {
              "extension": [
                {
                  "url": "http://fhir.de/StructureDefinition/seitenlokalisation",
                  "valueCoding": {
                    "system": "https://fhir.kbv.de/CodeSystem/KBV_CS_SFHIR_ICD_SEITENLOKALISATION",
                    "code": "R",
                    "display": "rechts"
                  }
                }
              ],
              "system": "http://fhir.de/CodeSystem/bfarm/ops",
              "version": "2025",
              "code": "1-426.0",
              "display": "(Perkutane) Biopsie an Lymphknoten, Milz und Thymus mit Steuerung durch bildgebende Verfahren: Lymphknoten, zervikal"
            }
          ]
        },
        "subject": {
          "reference": "Patient/PID-b99f91afc8c366654b6f63fbd93df0fc164e0b27c1a58ca2eab564c1"
        },
        "encounter": {
          "reference": "Encounter/PV-61c9a11af77e67d3fc3dd7bd4a83c22e609fc93714b310206bedaeba"
        },
        "performedDateTime": "2025-04-23T07:34:00+02:00"
      },
      "search": {
        "mode": "match"
      }
    }
  ]
}
