{
  "resourceType": "Bundle",
  "id": "DGTUX6WFY3FSUED2",
  "type": "searchset",
  "total": 5,
  "entry": [
    {
      "fullUrl": "http://num-fhirserver.distan.medicsh.de:8080/fhir/Patient/PID-baf1121f6ac8dc73aa5272873dc32ae44f227f652f803cc7e83527d5",
      "resource": {
        "resourceType": "Patient",
        "id": "PID-baf1121f6ac8dc73aa5272873dc32ae44f227f652f803cc7e83527d5",
        "meta": {
          "versionId": "235847731",
          "lastUpdated": "2025-03-19T15:05:32.269Z",
          "profile": [
            "https://www.medizininformatik-initiative.de/fhir/core/modul-person/StructureDefinition/PatientPseudonymisiert|2025.0.1"
          ]
        },
        "identifier": [
          {
            "use": "usual",
            "type": {
              "coding": [
                {
                  "system": "http://terminology.hl7.org/CodeSystem/v3-ObservationValue",
                  "code": "PSEUDED"
                }
              ]
            },
            "system": "https://www.medizininformatik-initiative.de/fhir/sid/pseudonym",
            "value": "baf1121f6ac8dc73aa5272873dc32ae44f227f652f803cc7e83527d5"
          }
        ],
        "gender": "male",
        "birthDate": "2022-09",
        "deceasedBoolean": true
      },
      "search": {
        "mode": "match"
      }
    },
    {
      "fullUrl": "http://num-fhirserver.distan.medicsh.de:8080/fhir/Encounter/PV-4b4936b96047d2b455a4ade24bd8a428bb5769709e39141c61a14ec1",
      "resource": {
        "resourceType": "Encounter",
        "id": "PV-4b4936b96047d2b455a4ade24bd8a428bb5769709e39141c61a14ec1",
        "meta": {
          "versionId": "235452282",
          "lastUpdated": "2025-03-19T14:25:18.846Z",
          "source": "http://medic.uksh.de/source/orbis/adt",
          "profile": [
            "https://www.medizininformatik-initiative.de/fhir/core/modul-fall/StructureDefinition/KontaktGesundheitseinrichtung|2025.0.0"
          ]
        },
        "identifier": [
          {
            "use": "official",
            "type": {
              "coding": [
                {
                  "system": "http://terminology.hl7.org/CodeSystem/v2-0203",
                  "code": "VN"
                }
              ]
            },
            "system": "http://medic.uksh.de/fhir/Encounter",
            "value": "4b4936b96047d2b455a4ade24bd8a428bb5769709e39141c61a14ec1"
          }
        ],
        "status": "in-progress",
        "class": {
          "system": "http://terminology.hl7.org/CodeSystem/v3-ActCode",
          "code": "IMP"
        },
        "type": [
          {
            "coding": [
              {
                "system": "http://fhir.de/CodeSystem/Kontaktebene",
                "code": "einrichtungskontakt"
              }
            ]
          }
        ],
        "subject": {
          "reference": "Patient/PID-baf1121f6ac8dc73aa5272873dc32ae44f227f652f803cc7e83527d5"
        },
        "period": {
          "start": "2022-10-01T11:20:00+02:00"
        }
      },
      "search": {
        "mode": "match"
      }
    },
    {
      "fullUrl": "http://num-fhirserver.distan.medicsh.de:8080/fhir/Encounter/PV-AK-455d0a93124ca9ac6251bc320b2d7da1a0bef4e3f3b4718d05aa6a33",
      "resource": {
        "resourceType": "Encounter",
        "id": "PV-AK-455d0a93124ca9ac6251bc320b2d7da1a0bef4e3f3b4718d05aa6a33",
        "meta": {
          "versionId": "235452305",
          "lastUpdated": "2025-03-19T14:25:18.881Z",
          "source": "http://medic.uksh.de/source/orbis/adt",
          "profile": [
            "https://www.medizininformatik-initiative.de/fhir/core/modul-fall/StructureDefinition/KontaktGesundheitseinrichtung|2025.0.0"
          ]
        },
        "identifier": [
          {
            "use": "official",
            "type": {
              "coding": [
                {
                  "system": "http://terminology.hl7.org/CodeSystem/v2-0203",
                  "code": "VN"
                }
              ]
            },
            "system": "http://medic.uksh.de/fhir/Encounter",
            "value": "4b4936b96047d2b455a4ade24bd8a428bb5769709e39141c61a14ec1"
          },
          {
            "use": "secondary",
            "type": {
              "coding": [
                {
                  "system": "http://terminology.hl7.org/CodeSystem/v2-0203",
                  "code": "U"
                }
              ]
            },
            "system": "http://medic.uksh.de.de/fhir/Encounter/department",
            "value": "ITSG.2022-10-01T11:20:00"
          }
        ],
        "status": "in-progress",
        "class": {
          "system": "http://terminology.hl7.org/CodeSystem/v3-ActCode",
          "code": "IMP"
        },
        "type": [
          {
            "coding": [
              {
                "system": "http://fhir.de/CodeSystem/Kontaktebene",
                "code": "abteilungskontakt"
              }
            ]
          }
        ],
        "subject": {
          "reference": "Patient/PID-baf1121f6ac8dc73aa5272873dc32ae44f227f652f803cc7e83527d5"
        },
        "period": {
          "start": "2022-10-01T11:20:00+02:00"
        },
        "location": [
          {
            "location": {
              "reference": "Location/ITSG-HIGHMEDSTAT"
            },
            "status": "active",
            "physicalType": {
              "coding": [
                {
                  "system": "http://terminology.hl7.org/CodeSystem/location-physical-type",
                  "code": "wa"
                }
              ]
            },
            "period": {
              "start": "2022-10-01T11:20:00+02:00"
            }
          }
        ],
        "partOf": {
          "reference": "Encounter/PV-4b4936b96047d2b455a4ade24bd8a428bb5769709e39141c61a14ec1"
        }
      },
      "search": {
        "mode": "match"
      }
    },
    {
      "fullUrl": "http://num-fhirserver.distan.medicsh.de:8080/fhir/Encounter/PV-VK-6ed478f7fc3b92d68de6c5f21ba2673264c1fdcd87355324edf03ef6",
      "resource": {
        "resourceType": "Encounter",
        "id": "PV-VK-6ed478f7fc3b92d68de6c5f21ba2673264c1fdcd87355324edf03ef6",
        "meta": {
          "versionId": "235452294",
          "lastUpdated": "2025-03-19T14:25:18.867Z",
          "source": "http://medic.uksh.de/source/orbis/adt",
          "profile": [
            "https://www.medizininformatik-initiative.de/fhir/core/modul-fall/StructureDefinition/KontaktGesundheitseinrichtung|2025.0.0"
          ]
        },
        "identifier": [
          {
            "use": "official",
            "type": {
              "coding": [
                {
                  "system": "http://terminology.hl7.org/CodeSystem/v2-0203",
                  "code": "VN"
                }
              ]
            },
            "system": "http://medic.uksh.de/fhir/Encounter",
            "value": "4b4936b96047d2b455a4ade24bd8a428bb5769709e39141c61a14ec1"
          },
          {
            "use": "secondary",
            "type": {
              "coding": [
                {
                  "system": "http://terminology.hl7.org/CodeSystem/v2-0203",
                  "code": "U"
                }
              ]
            },
            "system": "http://medic.uksh.de.de/fhir/Encounter/department",
            "value": "ITSG.HIGHMEDSTAT.2022-10-01T11:20:00"
          }
        ],
        "status": "in-progress",
        "class": {
          "system": "http://terminology.hl7.org/CodeSystem/v3-ActCode",
          "code": "IMP"
        },
        "type": [
          {
            "coding": [
              {
                "system": "http://fhir.de/CodeSystem/Kontaktebene",
                "code": "versorgungsstellenkontakt"
              }
            ]
          }
        ],
        "subject": {
          "reference": "Patient/PID-baf1121f6ac8dc73aa5272873dc32ae44f227f652f803cc7e83527d5"
        },
        "period": {
          "start": "2022-10-01T11:20:00+02:00"
        },
        "location": [
          {
            "location": {
              "reference": "Location/ITSG-HIGHMEDSTAT"
            },
            "status": "active",
            "physicalType": {
              "coding": [
                {
                  "system": "http://terminology.hl7.org/CodeSystem/location-physical-type",
                  "code": "wa"
                }
              ]
            },
            "period": {
              "start": "2022-10-01T11:20:00+02:00"
            }
          }
        ],
        "partOf": {
          "reference": "Encounter/PV-AK-455d0a93124ca9ac6251bc320b2d7da1a0bef4e3f3b4718d05aa6a33"
        }
      },
      "search": {
        "mode": "match"
      }
    },
    {
      "fullUrl": "http://num-fhirserver.distan.medicsh.de:8080/fhir/Observation/VIT-1380e7e657f90e8338981d71298804909b561059b9004008a0716727",
      "resource": {
        "resourceType": "Observation",
        "id": "VIT-1380e7e657f90e8338981d71298804909b561059b9004008a0716727",
        "meta": {
          "versionId": "235452286",
          "lastUpdated": "2025-03-19T14:25:18.856Z",
          "profile": [
            "https://www.medizininformatik-initiative.de/fhir/core/modul-person/StructureDefinition/Vitalstatus|2025.0.1"
          ]
        },
        "status": "final",
        "category": [
          {
            "coding": [
              {
                "system": "http://terminology.hl7.org/CodeSystem/observation-category",
                "code": "survey"
              }
            ]
          }
        ],
        "code": {
          "coding": [
            {
              "system": "http://loinc.org",
              "code": "67162-8"
            }
          ]
        },
        "subject": {
          "reference": "Patient/PID-baf1121f6ac8dc73aa5272873dc32ae44f227f652f803cc7e83527d5"
        },
        "effectiveDateTime": "2022-10-01T11:20:00+02:00",
        "valueCodeableConcept": {
          "coding": [
            {
              "system": "https://www.medizininformatik-initiative.de/fhir/core/modul-person/CodeSystem/Vitalstatus",
              "code": "L"
            }
          ]
        }
      },
      "search": {
        "mode": "match"
      }
    }
  ]
}
