{
  "resourceType": "Bundle",
  "id": "DGTUYAM5OSUXG4BG",
  "type": "searchset",
  "total": 9,
  "entry": [
    {
      "fullUrl": "http://num-fhirserver.distan.medicsh.de:8080/fhir/Patient/PID-bd0368dd635c70af25af7007ea50a8443158ecf4410ce9dac998662c",
      "resource": {
        "resourceType": "Patient",
        "id": "PID-bd0368dd635c70af25af7007ea50a8443158ecf4410ce9dac998662c",
        "meta": {
          "versionId": "106024216",
          "lastUpdated": "2025-03-14T05:11:02.860Z",
          "profile": [
            "https://www.medizininformatik-initiative.de/fhir/core/modul-person/StructureDefinition/PatientPseudonymisiert|2025.0.1"
          ]
        },
        "identifier": [
          {
            "use": "usual",
            "type": {
              "coding": [
                {
                  "system": "http://terminology.hl7.org/CodeSystem/v3-ObservationValue",
                  "code": "PSEUDED"
                }
              ]
            },
            "system": "https://www.medizininformatik-initiative.de/fhir/sid/pseudonym",
            "value": "bd0368dd635c70af25af7007ea50a8443158ecf4410ce9dac998662c"
          }
        ],
        "gender": "male",
        "birthDate": "2009-09",
        "deceasedBoolean": true,
        "address": [
          {
            "type": "both",
            "postalCode": "241",
            "country": "DE"
          }
        ]
      },
      "search": {
        "mode": "match"
      }
    },
    {
      "fullUrl": "http://num-fhirserver.distan.medicsh.de:8080/fhir/Encounter/PV-4e66b13d674c79bad5313b839f56699448ee21f7de06c48b12541031",
      "resource": {
        "resourceType": "Encounter",
        "id": "PV-4e66b13d674c79bad5313b839f56699448ee21f7de06c48b12541031",
        "meta": {
          "versionId": "106024256",
          "lastUpdated": "2025-03-14T05:11:02.999Z",
          "source": "http://medic.uksh.de/source/orbis/legacy",
          "profile": [
            "https://www.medizininformatik-initiative.de/fhir/core/modul-fall/StructureDefinition/KontaktGesundheitseinrichtung|2025.0.0"
          ]
        },
        "identifier": [
          {
            "use": "official",
            "type": {
              "coding": [
                {
                  "system": "http://terminology.hl7.org/CodeSystem/v2-0203",
                  "code": "VN"
                }
              ]
            },
            "system": "http://medic.uksh.de/fhir/Encounter",
            "value": "4e66b13d674c79bad5313b839f56699448ee21f7de06c48b12541031"
          }
        ],
        "status": "finished",
        "class": {
          "system": "http://terminology.hl7.org/CodeSystem/v3-ActCode",
          "code": "AMB"
        },
        "type": [
          {
            "coding": [
              {
                "system": "http://fhir.de/CodeSystem/Kontaktebene",
                "code": "einrichtungskontakt"
              }
            ]
          }
        ],
        "subject": {
          "reference": "Patient/PID-bd0368dd635c70af25af7007ea50a8443158ecf4410ce9dac998662c"
        },
        "period": {
          "start": "2009-10-01T12:21:00+02:00",
          "end": "2009-12-31T23:59:59+01:00"
        },
        "hospitalization": {
          "admitSource": {
            "coding": [
              {
                "system": "http://fhir.de/CodeSystem/dgkev/Aufnahmeanlass",
                "code": "E"
              }
            ]
          }
        }
      },
      "search": {
        "mode": "match"
      }
    },
    {
      "fullUrl": "http://num-fhirserver.distan.medicsh.de:8080/fhir/Encounter/PV-6f32931d182261ec4229f79acd91f3874996bb24b3a857f04b54eca4",
      "resource": {
        "resourceType": "Encounter",
        "id": "PV-6f32931d182261ec4229f79acd91f3874996bb24b3a857f04b54eca4",
        "meta": {
          "versionId": "106024156",
          "lastUpdated": "2025-03-14T05:11:02.671Z",
          "source": "http://medic.uksh.de/source/orbis/legacy",
          "profile": [
            "https://www.medizininformatik-initiative.de/fhir/core/modul-fall/StructureDefinition/KontaktGesundheitseinrichtung|2025.0.0"
          ]
        },
        "identifier": [
          {
            "use": "official",
            "type": {
              "coding": [
                {
                  "system": "http://terminology.hl7.org/CodeSystem/v2-0203",
                  "code": "VN"
                }
              ]
            },
            "system": "http://medic.uksh.de/fhir/Encounter",
            "value": "6f32931d182261ec4229f79acd91f3874996bb24b3a857f04b54eca4"
          }
        ],
        "status": "finished",
        "class": {
          "system": "http://terminology.hl7.org/CodeSystem/v3-ActCode",
          "code": "AMB"
        },
        "type": [
          {
            "coding": [
              {
                "system": "http://fhir.de/CodeSystem/Kontaktebene",
                "code": "einrichtungskontakt"
              }
            ]
          }
        ],
        "subject": {
          "reference": "Patient/PID-bd0368dd635c70af25af7007ea50a8443158ecf4410ce9dac998662c"
        },
        "period": {
          "start": "2021-02-01T15:55:00+01:00",
          "end": "2021-03-31T23:59:59+02:00"
        }
      },
      "search": {
        "mode": "match"
      }
    },
    {
      "fullUrl": "http://num-fhirserver.distan.medicsh.de:8080/fhir/Encounter/PV-7618fe2afe8730f10a20f1ef124a89562bec60893bc87b1d9c3cf13a",
      "resource": {
        "resourceType": "Encounter",
        "id": "PV-7618fe2afe8730f10a20f1ef124a89562bec60893bc87b1d9c3cf13a",
        "meta": {
          "versionId": "106024388",
          "lastUpdated": "2025-03-14T05:11:03.397Z",
          "source": "http://medic.uksh.de/source/orbis/legacy",
          "profile": [
            "https://www.medizininformatik-initiative.de/fhir/core/modul-fall/StructureDefinition/KontaktGesundheitseinrichtung|2025.0.0"
          ]
        },
        "identifier": [
          {
            "use": "official",
            "type": {
              "coding": [
                {
                  "system": "http://terminology.hl7.org/CodeSystem/v2-0203",
                  "code": "VN"
                }
              ]
            },
            "system": "http://medic.uksh.de/fhir/Encounter",
            "value": "7618fe2afe8730f10a20f1ef124a89562bec60893bc87b1d9c3cf13a"
          }
        ],
        "status": "finished",
        "class": {
          "system": "http://terminology.hl7.org/CodeSystem/v3-ActCode",
          "code": "AMB"
        },
        "type": [
          {
            "coding": [
              {
                "system": "http://fhir.de/CodeSystem/Kontaktebene",
                "code": "einrichtungskontakt"
              }
            ]
          }
        ],
        "subject": {
          "reference": "Patient/PID-bd0368dd635c70af25af7007ea50a8443158ecf4410ce9dac998662c"
        },
        "period": {
          "start": "2009-09-28T08:00:00+02:00",
          "end": "2009-09-30T23:59:59+02:00"
        },
        "hospitalization": {
          "admitSource": {
            "coding": [
              {
                "system": "http://fhir.de/CodeSystem/dgkev/Aufnahmeanlass",
                "code": "E"
              }
            ]
          }
        }
      },
      "search": {
        "mode": "match"
      }
    },
    {
      "fullUrl": "http://num-fhirserver.distan.medicsh.de:8080/fhir/Encounter/PV-cb637e3374c4b3b81f92ff3359f2a046e10b4d745cb380ab36e0bd79",
      "resource": {
        "resourceType": "Encounter",
        "id": "PV-cb637e3374c4b3b81f92ff3359f2a046e10b4d745cb380ab36e0bd79",
        "meta": {
          "versionId": "106024211",
          "lastUpdated": "2025-03-14T05:11:02.850Z",
          "source": "http://medic.uksh.de/source/orbis/legacy",
          "profile": [
            "https://www.medizininformatik-initiative.de/fhir/core/modul-fall/StructureDefinition/KontaktGesundheitseinrichtung|2025.0.0"
          ]
        },
        "identifier": [
          {
            "use": "official",
            "type": {
              "coding": [
                {
                  "system": "http://terminology.hl7.org/CodeSystem/v2-0203",
                  "code": "VN"
                }
              ]
            },
            "system": "http://medic.uksh.de/fhir/Encounter",
            "value": "cb637e3374c4b3b81f92ff3359f2a046e10b4d745cb380ab36e0bd79"
          }
        ],
        "status": "finished",
        "class": {
          "system": "http://terminology.hl7.org/CodeSystem/v3-ActCode",
          "code": "AMB"
        },
        "type": [
          {
            "coding": [
              {
                "system": "http://fhir.de/CodeSystem/Kontaktebene",
                "code": "einrichtungskontakt"
              }
            ]
          }
        ],
        "subject": {
          "reference": "Patient/PID-bd0368dd635c70af25af7007ea50a8443158ecf4410ce9dac998662c"
        },
        "period": {
          "start": "2014-06-18T14:22:00+02:00",
          "end": "2014-06-30T23:59:59+02:00"
        },
        "hospitalization": {
          "admitSource": {
            "coding": [
              {
                "system": "http://fhir.de/CodeSystem/dgkev/Aufnahmeanlass",
                "code": "E"
              }
            ]
          }
        }
      },
      "search": {
        "mode": "match"
      }
    },
    {
      "fullUrl": "http://num-fhirserver.distan.medicsh.de:8080/fhir/Observation/VIT-09448af579bfb28c770bb6eb7f91fe22e5b19fac8575c490fbdc111b",
      "resource": {
        "resourceType": "Observation",
        "id": "VIT-09448af579bfb28c770bb6eb7f91fe22e5b19fac8575c490fbdc111b",
        "meta": {
          "versionId": "106024267",
          "lastUpdated": "2025-03-14T05:11:03.024Z",
          "profile": [
            "https://www.medizininformatik-initiative.de/fhir/core/modul-person/StructureDefinition/Vitalstatus|2025.0.1"
          ]
        },
        "status": "final",
        "category": [
          {
            "coding": [
              {
                "system": "http://terminology.hl7.org/CodeSystem/observation-category",
                "code": "survey"
              }
            ]
          }
        ],
        "code": {
          "coding": [
            {
              "system": "http://loinc.org",
              "code": "67162-8"
            }
          ]
        },
        "subject": {
          "reference": "Patient/PID-bd0368dd635c70af25af7007ea50a8443158ecf4410ce9dac998662c"
        },
        "effectiveDateTime": "2009-10-01T12:21:00+02:00",
        "valueCodeableConcept": {
          "coding": [
            {
              "system": "https://www.medizininformatik-initiative.de/fhir/core/modul-person/CodeSystem/Vitalstatus",
              "code": "L"
            }
          ]
        }
      },
      "search": {
        "mode": "match"
      }
    },
    {
      "fullUrl": "http://num-fhirserver.distan.medicsh.de:8080/fhir/Observation/VIT-8ca067b1c5dd3f5099d8165addf81ac1812d70c7a61f5b44c0651d79",
      "resource": {
        "resourceType": "Observation",
        "id": "VIT-8ca067b1c5dd3f5099d8165addf81ac1812d70c7a61f5b44c0651d79",
        "meta": {
          "versionId": "106024222",
          "lastUpdated": "2025-03-14T05:11:02.882Z",
          "profile": [
            "https://www.medizininformatik-initiative.de/fhir/core/modul-person/StructureDefinition/Vitalstatus|2025.0.1"
          ]
        },
        "status": "final",
        "category": [
          {
            "coding": [
              {
                "system": "http://terminology.hl7.org/CodeSystem/observation-category",
                "code": "survey"
              }
            ]
          }
        ],
        "code": {
          "coding": [
            {
              "system": "http://loinc.org",
              "code": "67162-8"
            }
          ]
        },
        "subject": {
          "reference": "Patient/PID-bd0368dd635c70af25af7007ea50a8443158ecf4410ce9dac998662c"
        },
        "effectiveDateTime": "2014-06-18T14:22:00+02:00",
        "valueCodeableConcept": {
          "coding": [
            {
              "system": "https://www.medizininformatik-initiative.de/fhir/core/modul-person/CodeSystem/Vitalstatus",
              "code": "L"
            }
          ]
        }
      },
      "search": {
        "mode": "match"
      }
    },
    {
      "fullUrl": "http://num-fhirserver.distan.medicsh.de:8080/fhir/Observation/VIT-b306e522117487e51b68bb39e4859f426ff4fdf41c2d5410c20575d2",
      "resource": {
        "resourceType": "Observation",
        "id": "VIT-b306e522117487e51b68bb39e4859f426ff4fdf41c2d5410c20575d2",
        "meta": {
          "versionId": "106024166",
          "lastUpdated": "2025-03-14T05:11:02.697Z",
          "profile": [
            "https://www.medizininformatik-initiative.de/fhir/core/modul-person/StructureDefinition/Vitalstatus|2025.0.1"
          ]
        },
        "status": "final",
        "category": [
          {
            "coding": [
              {
                "system": "http://terminology.hl7.org/CodeSystem/observation-category",
                "code": "survey"
              }
            ]
          }
        ],
        "code": {
          "coding": [
            {
              "system": "http://loinc.org",
              "code": "67162-8"
            }
          ]
        },
        "subject": {
          "reference": "Patient/PID-bd0368dd635c70af25af7007ea50a8443158ecf4410ce9dac998662c"
        },
        "effectiveDateTime": "2021-02-01T15:55:00+01:00",
        "valueCodeableConcept": {
          "coding": [
            {
              "system": "https://www.medizininformatik-initiative.de/fhir/core/modul-person/CodeSystem/Vitalstatus",
              "code": "L"
            }
          ]
        }
      },
      "search": {
        "mode": "match"
      }
    },
    {
      "fullUrl": "http://num-fhirserver.distan.medicsh.de:8080/fhir/Observation/VIT-c5af092696ff4671ed24556ac1eaaffc28dd6dbc2c8b670ff68ff7af",
      "resource": {
        "resourceType": "Observation",
        "id": "VIT-c5af092696ff4671ed24556ac1eaaffc28dd6dbc2c8b670ff68ff7af",
        "meta": {
          "versionId": "106024397",
          "lastUpdated": "2025-03-14T05:11:03.420Z",
          "profile": [
            "https://www.medizininformatik-initiative.de/fhir/core/modul-person/StructureDefinition/Vitalstatus|2025.0.1"
          ]
        },
        "status": "final",
        "category": [
          {
            "coding": [
              {
                "system": "http://terminology.hl7.org/CodeSystem/observation-category",
                "code": "survey"
              }
            ]
          }
        ],
        "code": {
          "coding": [
            {
              "system": "http://loinc.org",
              "code": "67162-8"
            }
          ]
        },
        "subject": {
          "reference": "Patient/PID-bd0368dd635c70af25af7007ea50a8443158ecf4410ce9dac998662c"
        },
        "effectiveDateTime": "2009-09-28T08:00:00+02:00",
        "valueCodeableConcept": {
          "coding": [
            {
              "system": "https://www.medizininformatik-initiative.de/fhir/core/modul-person/CodeSystem/Vitalstatus",
              "code": "L"
            }
          ]
        }
      },
      "search": {
        "mode": "match"
      }
    }
  ]
}
