{
  "resourceType": "Bundle",
  "id": "DGTUX6UZVSW2THWC",
  "type": "searchset",
  "total": 5,
  "entry": [
    {
      "fullUrl": "http://num-fhirserver.distan.medicsh.de:8080/fhir/Patient/PID-beca76c5f6486e329eba2839763ab20ce9a4eff059091fd92309b5a8",
      "resource": {
        "resourceType": "Patient",
        "id": "PID-beca76c5f6486e329eba2839763ab20ce9a4eff059091fd92309b5a8",
        "meta": {
          "versionId": "164216356",
          "lastUpdated": "2025-03-16T07:30:42.502Z",
          "profile": [
            "https://www.medizininformatik-initiative.de/fhir/core/modul-person/StructureDefinition/PatientPseudonymisiert|2025.0.1"
          ]
        },
        "identifier": [
          {
            "use": "usual",
            "type": {
              "coding": [
                {
                  "system": "http://terminology.hl7.org/CodeSystem/v3-ObservationValue",
                  "code": "PSEUDED"
                }
              ]
            },
            "system": "https://www.medizininformatik-initiative.de/fhir/sid/pseudonym",
            "value": "beca76c5f6486e329eba2839763ab20ce9a4eff059091fd92309b5a8"
          }
        ],
        "gender": "male",
        "birthDate": "1990-01",
        "deceasedBoolean": true
      },
      "search": {
        "mode": "match"
      }
    },
    {
      "fullUrl": "http://num-fhirserver.distan.medicsh.de:8080/fhir/Encounter/PV-2afab479314147e5c88644d9cf40209cdcd623681f8758edcfdd812c",
      "resource": {
        "resourceType": "Encounter",
        "id": "PV-2afab479314147e5c88644d9cf40209cdcd623681f8758edcfdd812c",
        "meta": {
          "versionId": "164216357",
          "lastUpdated": "2025-03-16T07:30:43.777Z",
          "source": "http://medic.uksh.de/source/orbis/legacy",
          "profile": [
            "https://www.medizininformatik-initiative.de/fhir/core/modul-fall/StructureDefinition/KontaktGesundheitseinrichtung|2025.0.0"
          ]
        },
        "identifier": [
          {
            "use": "official",
            "type": {
              "coding": [
                {
                  "system": "http://terminology.hl7.org/CodeSystem/v2-0203",
                  "code": "VN"
                }
              ]
            },
            "system": "http://medic.uksh.de/fhir/Encounter",
            "value": "2afab479314147e5c88644d9cf40209cdcd623681f8758edcfdd812c"
          }
        ],
        "status": "finished",
        "class": {
          "system": "http://terminology.hl7.org/CodeSystem/v3-ActCode",
          "code": "AMB"
        },
        "type": [
          {
            "coding": [
              {
                "system": "http://fhir.de/CodeSystem/Kontaktebene",
                "code": "einrichtungskontakt"
              }
            ]
          }
        ],
        "subject": {
          "reference": "Patient/PID-beca76c5f6486e329eba2839763ab20ce9a4eff059091fd92309b5a8"
        },
        "period": {
          "start": "2018-07-05T13:35:00+02:00",
          "end": "2018-09-30T23:59:59+02:00"
        },
        "hospitalization": {
          "admitSource": {
            "coding": [
              {
                "system": "http://fhir.de/CodeSystem/dgkev/Aufnahmeanlass",
                "code": "E"
              }
            ]
          }
        }
      },
      "search": {
        "mode": "match"
      }
    },
    {
      "fullUrl": "http://num-fhirserver.distan.medicsh.de:8080/fhir/Encounter/PV-b17bd3c044438737fb26abacc98c2b35fae7d4e00900e19053e761d5",
      "resource": {
        "resourceType": "Encounter",
        "id": "PV-b17bd3c044438737fb26abacc98c2b35fae7d4e00900e19053e761d5",
        "meta": {
          "versionId": "164216354",
          "lastUpdated": "2025-03-16T07:30:42.047Z",
          "source": "http://medic.uksh.de/source/orbis/legacy",
          "profile": [
            "https://www.medizininformatik-initiative.de/fhir/core/modul-fall/StructureDefinition/KontaktGesundheitseinrichtung|2025.0.0"
          ]
        },
        "identifier": [
          {
            "use": "official",
            "type": {
              "coding": [
                {
                  "system": "http://terminology.hl7.org/CodeSystem/v2-0203",
                  "code": "VN"
                }
              ]
            },
            "system": "http://medic.uksh.de/fhir/Encounter",
            "value": "b17bd3c044438737fb26abacc98c2b35fae7d4e00900e19053e761d5"
          }
        ],
        "status": "finished",
        "class": {
          "system": "http://terminology.hl7.org/CodeSystem/v3-ActCode",
          "code": "AMB"
        },
        "type": [
          {
            "coding": [
              {
                "system": "http://fhir.de/CodeSystem/Kontaktebene",
                "code": "einrichtungskontakt"
              }
            ]
          }
        ],
        "subject": {
          "reference": "Patient/PID-beca76c5f6486e329eba2839763ab20ce9a4eff059091fd92309b5a8"
        },
        "period": {
          "start": "2018-07-09T08:18:00+02:00",
          "end": "2018-09-30T23:59:59+02:00"
        },
        "hospitalization": {
          "admitSource": {
            "coding": [
              {
                "system": "http://fhir.de/CodeSystem/dgkev/Aufnahmeanlass",
                "code": "E"
              }
            ]
          }
        }
      },
      "search": {
        "mode": "match"
      }
    },
    {
      "fullUrl": "http://num-fhirserver.distan.medicsh.de:8080/fhir/Observation/VIT-01f625de9b52172399fd29f2fd53ed949fda5dc6ee5c4eaeb70dec0f",
      "resource": {
        "resourceType": "Observation",
        "id": "VIT-01f625de9b52172399fd29f2fd53ed949fda5dc6ee5c4eaeb70dec0f",
        "meta": {
          "versionId": "164216358",
          "lastUpdated": "2025-03-16T07:30:43.797Z",
          "profile": [
            "https://www.medizininformatik-initiative.de/fhir/core/modul-person/StructureDefinition/Vitalstatus|2025.0.1"
          ]
        },
        "status": "final",
        "category": [
          {
            "coding": [
              {
                "system": "http://terminology.hl7.org/CodeSystem/observation-category",
                "code": "survey"
              }
            ]
          }
        ],
        "code": {
          "coding": [
            {
              "system": "http://loinc.org",
              "code": "67162-8"
            }
          ]
        },
        "subject": {
          "reference": "Patient/PID-beca76c5f6486e329eba2839763ab20ce9a4eff059091fd92309b5a8"
        },
        "effectiveDateTime": "2018-07-05T13:35:00+02:00",
        "valueCodeableConcept": {
          "coding": [
            {
              "system": "https://www.medizininformatik-initiative.de/fhir/core/modul-person/CodeSystem/Vitalstatus",
              "code": "L"
            }
          ]
        }
      },
      "search": {
        "mode": "match"
      }
    },
    {
      "fullUrl": "http://num-fhirserver.distan.medicsh.de:8080/fhir/Observation/VIT-31bf3e3139b243e2d347ec76221e79ee47c2c11ff999def6feed0cfe",
      "resource": {
        "resourceType": "Observation",
        "id": "VIT-31bf3e3139b243e2d347ec76221e79ee47c2c11ff999def6feed0cfe",
        "meta": {
          "versionId": "164216355",
          "lastUpdated": "2025-03-16T07:30:42.067Z",
          "profile": [
            "https://www.medizininformatik-initiative.de/fhir/core/modul-person/StructureDefinition/Vitalstatus|2025.0.1"
          ]
        },
        "status": "final",
        "category": [
          {
            "coding": [
              {
                "system": "http://terminology.hl7.org/CodeSystem/observation-category",
                "code": "survey"
              }
            ]
          }
        ],
        "code": {
          "coding": [
            {
              "system": "http://loinc.org",
              "code": "67162-8"
            }
          ]
        },
        "subject": {
          "reference": "Patient/PID-beca76c5f6486e329eba2839763ab20ce9a4eff059091fd92309b5a8"
        },
        "effectiveDateTime": "2018-07-09T08:18:00+02:00",
        "valueCodeableConcept": {
          "coding": [
            {
              "system": "https://www.medizininformatik-initiative.de/fhir/core/modul-person/CodeSystem/Vitalstatus",
              "code": "L"
            }
          ]
        }
      },
      "search": {
        "mode": "match"
      }
    }
  ]
}
