{
  "resourceType": "Bundle",
  "id": "DGTUX4UAURZKNRWO",
  "type": "searchset",
  "total": 3,
  "entry": [
    {
      "fullUrl": "http://num-fhirserver.distan.medicsh.de:8080/fhir/Patient/PID-bffa88129f9a583e2facae6062c6f1a322f15ce0c89a333416387642",
      "resource": {
        "resourceType": "Patient",
        "id": "PID-bffa88129f9a583e2facae6062c6f1a322f15ce0c89a333416387642",
        "meta": {
          "versionId": "126706060",
          "lastUpdated": "2025-03-14T20:07:06.138Z",
          "profile": [
            "https://www.medizininformatik-initiative.de/fhir/core/modul-person/StructureDefinition/PatientPseudonymisiert|2025.0.1"
          ]
        },
        "identifier": [
          {
            "use": "usual",
            "type": {
              "coding": [
                {
                  "system": "http://terminology.hl7.org/CodeSystem/v3-ObservationValue",
                  "code": "PSEUDED"
                }
              ]
            },
            "system": "https://www.medizininformatik-initiative.de/fhir/sid/pseudonym",
            "value": "bffa88129f9a583e2facae6062c6f1a322f15ce0c89a333416387642"
          }
        ],
        "gender": "male",
        "birthDate": "2010-01",
        "deceasedBoolean": true
      },
      "search": {
        "mode": "match"
      }
    },
    {
      "fullUrl": "http://num-fhirserver.distan.medicsh.de:8080/fhir/Encounter/PV-88d78e2f62fb7aa9c0c764c040e8a87e384fa3554c2d798816f4849d",
      "resource": {
        "resourceType": "Encounter",
        "id": "PV-88d78e2f62fb7aa9c0c764c040e8a87e384fa3554c2d798816f4849d",
        "meta": {
          "versionId": "126705815",
          "lastUpdated": "2025-03-14T20:07:05.691Z",
          "source": "http://medic.uksh.de/source/orbis/legacy",
          "profile": [
            "https://www.medizininformatik-initiative.de/fhir/core/modul-fall/StructureDefinition/KontaktGesundheitseinrichtung|2025.0.0"
          ]
        },
        "identifier": [
          {
            "use": "official",
            "type": {
              "coding": [
                {
                  "system": "http://terminology.hl7.org/CodeSystem/v2-0203",
                  "code": "VN"
                }
              ]
            },
            "system": "http://medic.uksh.de/fhir/Encounter",
            "value": "88d78e2f62fb7aa9c0c764c040e8a87e384fa3554c2d798816f4849d"
          }
        ],
        "status": "finished",
        "class": {
          "system": "http://terminology.hl7.org/CodeSystem/v3-ActCode",
          "code": "AMB"
        },
        "type": [
          {
            "coding": [
              {
                "system": "http://fhir.de/CodeSystem/Kontaktebene",
                "code": "einrichtungskontakt"
              }
            ]
          }
        ],
        "subject": {
          "reference": "Patient/PID-bffa88129f9a583e2facae6062c6f1a322f15ce0c89a333416387642"
        },
        "period": {
          "start": "2019-05-27T14:42:00+02:00",
          "end": "2019-06-30T23:59:59+02:00"
        },
        "hospitalization": {
          "admitSource": {
            "coding": [
              {
                "system": "http://fhir.de/CodeSystem/dgkev/Aufnahmeanlass",
                "code": "E"
              }
            ]
          }
        }
      },
      "search": {
        "mode": "match"
      }
    },
    {
      "fullUrl": "http://num-fhirserver.distan.medicsh.de:8080/fhir/Observation/VIT-60f916be75c3a55ef8806faf27b091e62d51e6e455c1ed85fddc2cf8",
      "resource": {
        "resourceType": "Observation",
        "id": "VIT-60f916be75c3a55ef8806faf27b091e62d51e6e455c1ed85fddc2cf8",
        "meta": {
          "versionId": "126705833",
          "lastUpdated": "2025-03-14T20:07:05.709Z",
          "profile": [
            "https://www.medizininformatik-initiative.de/fhir/core/modul-person/StructureDefinition/Vitalstatus|2025.0.1"
          ]
        },
        "status": "final",
        "category": [
          {
            "coding": [
              {
                "system": "http://terminology.hl7.org/CodeSystem/observation-category",
                "code": "survey"
              }
            ]
          }
        ],
        "code": {
          "coding": [
            {
              "system": "http://loinc.org",
              "code": "67162-8"
            }
          ]
        },
        "subject": {
          "reference": "Patient/PID-bffa88129f9a583e2facae6062c6f1a322f15ce0c89a333416387642"
        },
        "effectiveDateTime": "2019-05-27T14:42:00+02:00",
        "valueCodeableConcept": {
          "coding": [
            {
              "system": "https://www.medizininformatik-initiative.de/fhir/core/modul-person/CodeSystem/Vitalstatus",
              "code": "L"
            }
          ]
        }
      },
      "search": {
        "mode": "match"
      }
    }
  ]
}
