{
  "resourceType": "Bundle",
  "id": "DGTUYBTMOKOKFZS2",
  "type": "searchset",
  "total": 7,
  "entry": [
    {
      "fullUrl": "http://num-fhirserver.distan.medicsh.de:8080/fhir/Patient/PID-c44e67af188a6fa3fb6b2724407a541d938f3f148a20ad0bd8f52f6b",
      "resource": {
        "resourceType": "Patient",
        "id": "PID-c44e67af188a6fa3fb6b2724407a541d938f3f148a20ad0bd8f52f6b",
        "meta": {
          "versionId": "240062218",
          "lastUpdated": "2025-03-20T16:23:31.606Z",
          "profile": [
            "https://www.medizininformatik-initiative.de/fhir/core/modul-person/StructureDefinition/PatientPseudonymisiert|2025.0.1"
          ]
        },
        "identifier": [
          {
            "use": "usual",
            "type": {
              "coding": [
                {
                  "system": "http://terminology.hl7.org/CodeSystem/v3-ObservationValue",
                  "code": "PSEUDED"
                }
              ]
            },
            "system": "https://www.medizininformatik-initiative.de/fhir/sid/pseudonym",
            "value": "c44e67af188a6fa3fb6b2724407a541d938f3f148a20ad0bd8f52f6b"
          }
        ],
        "gender": "female",
        "birthDate": "2000-11",
        "deceasedBoolean": true,
        "address": [
          {
            "type": "both",
            "postalCode": "235",
            "country": "DE"
          }
        ]
      },
      "search": {
        "mode": "match"
      }
    },
    {
      "fullUrl": "http://num-fhirserver.distan.medicsh.de:8080/fhir/Encounter/PV-3dd000684aa163995ca3a96f799f7bf59a2ad44d83aafa59c1d6f585",
      "resource": {
        "resourceType": "Encounter",
        "id": "PV-3dd000684aa163995ca3a96f799f7bf59a2ad44d83aafa59c1d6f585",
        "meta": {
          "versionId": "240063086",
          "lastUpdated": "2025-03-20T16:23:49.422Z",
          "source": "http://medic.uksh.de/source/orbis/adt",
          "profile": [
            "https://www.medizininformatik-initiative.de/fhir/core/modul-fall/StructureDefinition/KontaktGesundheitseinrichtung|2025.0.0"
          ]
        },
        "identifier": [
          {
            "use": "official",
            "type": {
              "coding": [
                {
                  "system": "http://terminology.hl7.org/CodeSystem/v2-0203",
                  "code": "VN"
                }
              ]
            },
            "system": "http://medic.uksh.de/fhir/Encounter",
            "value": "3dd000684aa163995ca3a96f799f7bf59a2ad44d83aafa59c1d6f585"
          }
        ],
        "status": "finished",
        "class": {
          "system": "http://terminology.hl7.org/CodeSystem/v3-ActCode",
          "code": "AMB"
        },
        "type": [
          {
            "coding": [
              {
                "system": "http://fhir.de/CodeSystem/Kontaktebene",
                "code": "einrichtungskontakt"
              }
            ]
          }
        ],
        "subject": {
          "reference": "Patient/PID-c44e67af188a6fa3fb6b2724407a541d938f3f148a20ad0bd8f52f6b"
        },
        "period": {
          "start": "2023-06-16T13:27:00+02:00",
          "end": "2023-06-30T23:59:59+02:00"
        }
      },
      "search": {
        "mode": "match"
      }
    },
    {
      "fullUrl": "http://num-fhirserver.distan.medicsh.de:8080/fhir/Encounter/PV-62f45cd3f8e2ff5911d27bc6a505909fb47d2ab6c8740ec0041e56fe",
      "resource": {
        "resourceType": "Encounter",
        "id": "PV-62f45cd3f8e2ff5911d27bc6a505909fb47d2ab6c8740ec0041e56fe",
        "meta": {
          "versionId": "240062217",
          "lastUpdated": "2025-03-20T16:23:31.585Z",
          "source": "http://medic.uksh.de/source/orbis/adt",
          "profile": [
            "https://www.medizininformatik-initiative.de/fhir/core/modul-fall/StructureDefinition/KontaktGesundheitseinrichtung|2025.0.0"
          ]
        },
        "identifier": [
          {
            "use": "official",
            "type": {
              "coding": [
                {
                  "system": "http://terminology.hl7.org/CodeSystem/v2-0203",
                  "code": "VN"
                }
              ]
            },
            "system": "http://medic.uksh.de/fhir/Encounter",
            "value": "62f45cd3f8e2ff5911d27bc6a505909fb47d2ab6c8740ec0041e56fe"
          }
        ],
        "status": "finished",
        "class": {
          "system": "http://terminology.hl7.org/CodeSystem/v3-ActCode",
          "code": "AMB"
        },
        "type": [
          {
            "coding": [
              {
                "system": "http://fhir.de/CodeSystem/Kontaktebene",
                "code": "einrichtungskontakt"
              }
            ]
          }
        ],
        "subject": {
          "reference": "Patient/PID-c44e67af188a6fa3fb6b2724407a541d938f3f148a20ad0bd8f52f6b"
        },
        "period": {
          "start": "2023-06-16T10:52:00+02:00",
          "end": "2023-06-30T23:59:59+02:00"
        }
      },
      "search": {
        "mode": "match"
      }
    },
    {
      "fullUrl": "http://num-fhirserver.distan.medicsh.de:8080/fhir/Observation/VIT-5249188de9e2ceab5c669277177adf1512441aff4b8134c6c0cf0210",
      "resource": {
        "resourceType": "Observation",
        "id": "VIT-5249188de9e2ceab5c669277177adf1512441aff4b8134c6c0cf0210",
        "meta": {
          "versionId": "240063088",
          "lastUpdated": "2025-03-20T16:23:49.440Z",
          "profile": [
            "https://www.medizininformatik-initiative.de/fhir/core/modul-person/StructureDefinition/Vitalstatus|2025.0.1"
          ]
        },
        "status": "final",
        "category": [
          {
            "coding": [
              {
                "system": "http://terminology.hl7.org/CodeSystem/observation-category",
                "code": "survey"
              }
            ]
          }
        ],
        "code": {
          "coding": [
            {
              "system": "http://loinc.org",
              "code": "67162-8"
            }
          ]
        },
        "subject": {
          "reference": "Patient/PID-c44e67af188a6fa3fb6b2724407a541d938f3f148a20ad0bd8f52f6b"
        },
        "effectiveDateTime": "2023-06-16T13:27:00+02:00",
        "valueCodeableConcept": {
          "coding": [
            {
              "system": "https://www.medizininformatik-initiative.de/fhir/core/modul-person/CodeSystem/Vitalstatus",
              "code": "L"
            }
          ]
        }
      },
      "search": {
        "mode": "match"
      }
    },
    {
      "fullUrl": "http://num-fhirserver.distan.medicsh.de:8080/fhir/Observation/VIT-68954b74954e5d854048117dfd2ddf0ac723d3b304a82a81169fda0e",
      "resource": {
        "resourceType": "Observation",
        "id": "VIT-68954b74954e5d854048117dfd2ddf0ac723d3b304a82a81169fda0e",
        "meta": {
          "versionId": "240063089",
          "lastUpdated": "2025-03-20T16:23:49.457Z",
          "profile": [
            "https://www.medizininformatik-initiative.de/fhir/core/modul-person/StructureDefinition/Vitalstatus|2025.0.1"
          ]
        },
        "status": "final",
        "category": [
          {
            "coding": [
              {
                "system": "http://terminology.hl7.org/CodeSystem/observation-category",
                "code": "survey"
              }
            ]
          }
        ],
        "code": {
          "coding": [
            {
              "system": "http://loinc.org",
              "code": "67162-8"
            }
          ]
        },
        "subject": {
          "reference": "Patient/PID-c44e67af188a6fa3fb6b2724407a541d938f3f148a20ad0bd8f52f6b"
        },
        "effectiveDateTime": "2023-06-30T23:59:59+02:00",
        "valueCodeableConcept": {
          "coding": [
            {
              "system": "https://www.medizininformatik-initiative.de/fhir/core/modul-person/CodeSystem/Vitalstatus",
              "code": "L"
            }
          ]
        }
      },
      "search": {
        "mode": "match"
      }
    },
    {
      "fullUrl": "http://num-fhirserver.distan.medicsh.de:8080/fhir/Observation/VIT-dd8fa6ef18d22e42b96646e2075b15446421567d341abd045ab8f1d4",
      "resource": {
        "resourceType": "Observation",
        "id": "VIT-dd8fa6ef18d22e42b96646e2075b15446421567d341abd045ab8f1d4",
        "meta": {
          "versionId": "240062220",
          "lastUpdated": "2025-03-20T16:23:31.629Z",
          "profile": [
            "https://www.medizininformatik-initiative.de/fhir/core/modul-person/StructureDefinition/Vitalstatus|2025.0.1"
          ]
        },
        "status": "final",
        "category": [
          {
            "coding": [
              {
                "system": "http://terminology.hl7.org/CodeSystem/observation-category",
                "code": "survey"
              }
            ]
          }
        ],
        "code": {
          "coding": [
            {
              "system": "http://loinc.org",
              "code": "67162-8"
            }
          ]
        },
        "subject": {
          "reference": "Patient/PID-c44e67af188a6fa3fb6b2724407a541d938f3f148a20ad0bd8f52f6b"
        },
        "effectiveDateTime": "2023-06-30T23:59:59+02:00",
        "valueCodeableConcept": {
          "coding": [
            {
              "system": "https://www.medizininformatik-initiative.de/fhir/core/modul-person/CodeSystem/Vitalstatus",
              "code": "L"
            }
          ]
        }
      },
      "search": {
        "mode": "match"
      }
    },
    {
      "fullUrl": "http://num-fhirserver.distan.medicsh.de:8080/fhir/Observation/VIT-df711660c2bf6a48f76f1fc9b5451e35c947a6d8b52d913b95eb3a42",
      "resource": {
        "resourceType": "Observation",
        "id": "VIT-df711660c2bf6a48f76f1fc9b5451e35c947a6d8b52d913b95eb3a42",
        "meta": {
          "versionId": "240062219",
          "lastUpdated": "2025-03-20T16:23:31.606Z",
          "profile": [
            "https://www.medizininformatik-initiative.de/fhir/core/modul-person/StructureDefinition/Vitalstatus|2025.0.1"
          ]
        },
        "status": "final",
        "category": [
          {
            "coding": [
              {
                "system": "http://terminology.hl7.org/CodeSystem/observation-category",
                "code": "survey"
              }
            ]
          }
        ],
        "code": {
          "coding": [
            {
              "system": "http://loinc.org",
              "code": "67162-8"
            }
          ]
        },
        "subject": {
          "reference": "Patient/PID-c44e67af188a6fa3fb6b2724407a541d938f3f148a20ad0bd8f52f6b"
        },
        "effectiveDateTime": "2023-06-16T10:52:00+02:00",
        "valueCodeableConcept": {
          "coding": [
            {
              "system": "https://www.medizininformatik-initiative.de/fhir/core/modul-person/CodeSystem/Vitalstatus",
              "code": "L"
            }
          ]
        }
      },
      "search": {
        "mode": "match"
      }
    }
  ]
}
