{
  "resourceType": "Bundle",
  "id": "DGTUX5DUCMZBMYJT",
  "type": "searchset",
  "total": 3,
  "entry": [
    {
      "fullUrl": "http://num-fhirserver.distan.medicsh.de:8080/fhir/Patient/PID-c479453c7e3aaa1911c1ce630d96e170bcc1bb040d3b725b7f21f185",
      "resource": {
        "resourceType": "Patient",
        "id": "PID-c479453c7e3aaa1911c1ce630d96e170bcc1bb040d3b725b7f21f185",
        "meta": {
          "versionId": "164077916",
          "lastUpdated": "2025-03-16T06:39:05.751Z",
          "profile": [
            "https://www.medizininformatik-initiative.de/fhir/core/modul-person/StructureDefinition/PatientPseudonymisiert|2025.0.1"
          ]
        },
        "identifier": [
          {
            "use": "usual",
            "type": {
              "coding": [
                {
                  "system": "http://terminology.hl7.org/CodeSystem/v3-ObservationValue",
                  "code": "PSEUDED"
                }
              ]
            },
            "system": "https://www.medizininformatik-initiative.de/fhir/sid/pseudonym",
            "value": "c479453c7e3aaa1911c1ce630d96e170bcc1bb040d3b725b7f21f185"
          }
        ],
        "gender": "male",
        "birthDate": "2007-10",
        "deceasedBoolean": true
      },
      "search": {
        "mode": "match"
      }
    },
    {
      "fullUrl": "http://num-fhirserver.distan.medicsh.de:8080/fhir/Encounter/PV-fe17e3b204edfbf584200b4c2a96e8b0751063cd28205b97283e7276",
      "resource": {
        "resourceType": "Encounter",
        "id": "PV-fe17e3b204edfbf584200b4c2a96e8b0751063cd28205b97283e7276",
        "meta": {
          "versionId": "164077917",
          "lastUpdated": "2025-03-16T06:39:05.774Z",
          "source": "http://medic.uksh.de/source/orbis/legacy",
          "profile": [
            "https://www.medizininformatik-initiative.de/fhir/core/modul-fall/StructureDefinition/KontaktGesundheitseinrichtung|2025.0.0"
          ]
        },
        "identifier": [
          {
            "use": "official",
            "type": {
              "coding": [
                {
                  "system": "http://terminology.hl7.org/CodeSystem/v2-0203",
                  "code": "VN"
                }
              ]
            },
            "system": "http://medic.uksh.de/fhir/Encounter",
            "value": "fe17e3b204edfbf584200b4c2a96e8b0751063cd28205b97283e7276"
          }
        ],
        "status": "finished",
        "class": {
          "system": "http://terminology.hl7.org/CodeSystem/v3-ActCode",
          "code": "AMB"
        },
        "type": [
          {
            "coding": [
              {
                "system": "http://fhir.de/CodeSystem/Kontaktebene",
                "code": "einrichtungskontakt"
              }
            ]
          }
        ],
        "subject": {
          "reference": "Patient/PID-c479453c7e3aaa1911c1ce630d96e170bcc1bb040d3b725b7f21f185"
        },
        "period": {
          "start": "2007-10-01T11:18:00+02:00",
          "end": "2007-12-31T23:59:59+01:00"
        }
      },
      "search": {
        "mode": "match"
      }
    },
    {
      "fullUrl": "http://num-fhirserver.distan.medicsh.de:8080/fhir/Observation/VIT-cc30cf43b166fdfdf0c0a5d8b7a84ffda6d98497ec905dcedb96f5a8",
      "resource": {
        "resourceType": "Observation",
        "id": "VIT-cc30cf43b166fdfdf0c0a5d8b7a84ffda6d98497ec905dcedb96f5a8",
        "meta": {
          "versionId": "164077918",
          "lastUpdated": "2025-03-16T06:39:05.793Z",
          "profile": [
            "https://www.medizininformatik-initiative.de/fhir/core/modul-person/StructureDefinition/Vitalstatus|2025.0.1"
          ]
        },
        "status": "final",
        "category": [
          {
            "coding": [
              {
                "system": "http://terminology.hl7.org/CodeSystem/observation-category",
                "code": "survey"
              }
            ]
          }
        ],
        "code": {
          "coding": [
            {
              "system": "http://loinc.org",
              "code": "67162-8"
            }
          ]
        },
        "subject": {
          "reference": "Patient/PID-c479453c7e3aaa1911c1ce630d96e170bcc1bb040d3b725b7f21f185"
        },
        "effectiveDateTime": "2007-10-01T11:18:00+02:00",
        "valueCodeableConcept": {
          "coding": [
            {
              "system": "https://www.medizininformatik-initiative.de/fhir/core/modul-person/CodeSystem/Vitalstatus",
              "code": "L"
            }
          ]
        }
      },
      "search": {
        "mode": "match"
      }
    }
  ]
}
