{
  "resourceType": "Bundle",
  "id": "DGTUYBKLYFNROBZY",
  "type": "searchset",
  "total": 3,
  "entry": [
    {
      "fullUrl": "http://num-fhirserver.distan.medicsh.de:8080/fhir/Patient/PID-c616d18fa30f524f007bb521cda98d85d9214cef15517b1a8468c391",
      "resource": {
        "resourceType": "Patient",
        "id": "PID-c616d18fa30f524f007bb521cda98d85d9214cef15517b1a8468c391",
        "meta": {
          "versionId": "69499513",
          "lastUpdated": "2025-03-13T02:39:21.121Z",
          "profile": [
            "https://www.medizininformatik-initiative.de/fhir/core/modul-person/StructureDefinition/PatientPseudonymisiert|2025.0.1"
          ]
        },
        "identifier": [
          {
            "use": "usual",
            "type": {
              "coding": [
                {
                  "system": "http://terminology.hl7.org/CodeSystem/v3-ObservationValue",
                  "code": "PSEUDED"
                }
              ]
            },
            "system": "https://www.medizininformatik-initiative.de/fhir/sid/pseudonym",
            "value": "c616d18fa30f524f007bb521cda98d85d9214cef15517b1a8468c391"
          }
        ],
        "birthDate": "2001-01",
        "deceasedBoolean": true,
        "address": [
          {
            "type": "both",
            "postalCode": "235",
            "country": "DE"
          }
        ]
      },
      "search": {
        "mode": "match"
      }
    },
    {
      "fullUrl": "http://num-fhirserver.distan.medicsh.de:8080/fhir/Encounter/PV-4ba6c9dca4314d1d1294bf1e28bb10d04cb7169578287f81212b0a62",
      "resource": {
        "resourceType": "Encounter",
        "id": "PV-4ba6c9dca4314d1d1294bf1e28bb10d04cb7169578287f81212b0a62",
        "meta": {
          "versionId": "69499499",
          "lastUpdated": "2025-03-13T02:39:21.084Z",
          "source": "http://medic.uksh.de/source/orbis/legacy",
          "profile": [
            "https://www.medizininformatik-initiative.de/fhir/core/modul-fall/StructureDefinition/KontaktGesundheitseinrichtung|2025.0.0"
          ]
        },
        "identifier": [
          {
            "use": "official",
            "type": {
              "coding": [
                {
                  "system": "http://terminology.hl7.org/CodeSystem/v2-0203",
                  "code": "VN"
                }
              ]
            },
            "system": "http://medic.uksh.de/fhir/Encounter",
            "value": "4ba6c9dca4314d1d1294bf1e28bb10d04cb7169578287f81212b0a62"
          }
        ],
        "status": "finished",
        "class": {
          "system": "http://terminology.hl7.org/CodeSystem/v3-ActCode",
          "code": "AMB"
        },
        "type": [
          {
            "coding": [
              {
                "system": "http://fhir.de/CodeSystem/Kontaktebene",
                "code": "einrichtungskontakt"
              }
            ]
          }
        ],
        "subject": {
          "reference": "Patient/PID-c616d18fa30f524f007bb521cda98d85d9214cef15517b1a8468c391"
        },
        "period": {
          "start": "2021-07-01T10:32:00+02:00",
          "end": "2021-09-30T23:59:59+02:00"
        }
      },
      "search": {
        "mode": "match"
      }
    },
    {
      "fullUrl": "http://num-fhirserver.distan.medicsh.de:8080/fhir/Observation/VIT-c2f7d5e6b087b9c836e63166c2cbe09a777f7edb82f832919a1ef455",
      "resource": {
        "resourceType": "Observation",
        "id": "VIT-c2f7d5e6b087b9c836e63166c2cbe09a777f7edb82f832919a1ef455",
        "meta": {
          "versionId": "69499508",
          "lastUpdated": "2025-03-13T02:39:21.105Z",
          "profile": [
            "https://www.medizininformatik-initiative.de/fhir/core/modul-person/StructureDefinition/Vitalstatus|2025.0.1"
          ]
        },
        "status": "final",
        "category": [
          {
            "coding": [
              {
                "system": "http://terminology.hl7.org/CodeSystem/observation-category",
                "code": "survey"
              }
            ]
          }
        ],
        "code": {
          "coding": [
            {
              "system": "http://loinc.org",
              "code": "67162-8"
            }
          ]
        },
        "subject": {
          "reference": "Patient/PID-c616d18fa30f524f007bb521cda98d85d9214cef15517b1a8468c391"
        },
        "effectiveDateTime": "2021-07-01T10:32:00+02:00",
        "valueCodeableConcept": {
          "coding": [
            {
              "system": "https://www.medizininformatik-initiative.de/fhir/core/modul-person/CodeSystem/Vitalstatus",
              "code": "L"
            }
          ]
        }
      },
      "search": {
        "mode": "match"
      }
    }
  ]
}
