{
  "resourceType": "Bundle",
  "id": "DGTUX5TLUPEUJOSD",
  "type": "searchset",
  "total": 9,
  "entry": [
    {
      "fullUrl": "http://num-fhirserver.distan.medicsh.de:8080/fhir/Patient/PID-c66befff9a99aeaf1fd556e8dfcddc1d9c2e89ec1bdb7b4dc4e7752b",
      "resource": {
        "resourceType": "Patient",
        "id": "PID-c66befff9a99aeaf1fd556e8dfcddc1d9c2e89ec1bdb7b4dc4e7752b",
        "meta": {
          "versionId": "241540498",
          "lastUpdated": "2025-03-21T02:05:04.680Z",
          "profile": [
            "https://www.medizininformatik-initiative.de/fhir/core/modul-person/StructureDefinition/PatientPseudonymisiert|2025.0.1"
          ]
        },
        "identifier": [
          {
            "use": "usual",
            "type": {
              "coding": [
                {
                  "system": "http://terminology.hl7.org/CodeSystem/v3-ObservationValue",
                  "code": "PSEUDED"
                }
              ]
            },
            "system": "https://www.medizininformatik-initiative.de/fhir/sid/pseudonym",
            "value": "c66befff9a99aeaf1fd556e8dfcddc1d9c2e89ec1bdb7b4dc4e7752b"
          }
        ],
        "gender": "male",
        "birthDate": "2023-11",
        "deceasedBoolean": true,
        "address": [
          {
            "type": "both",
            "postalCode": "223",
            "country": "DE"
          }
        ]
      },
      "search": {
        "mode": "match"
      }
    },
    {
      "fullUrl": "http://num-fhirserver.distan.medicsh.de:8080/fhir/Condition/CON-34125b86692ca67ade506e09aec75541dda37a9b12f8f3862517560e",
      "resource": {
        "resourceType": "Condition",
        "id": "CON-34125b86692ca67ade506e09aec75541dda37a9b12f8f3862517560e",
        "meta": {
          "versionId": "16763193",
          "lastUpdated": "2025-03-11T01:08:51.250Z",
          "profile": [
            "https://www.medizininformatik-initiative.de/fhir/core/modul-diagnose/StructureDefinition/Diagnose|2025.0.0"
          ]
        },
        "code": {
          "coding": [
            {
              "system": "http://fhir.de/CodeSystem/bfarm/icd-10-gm",
              "version": "2023",
              "code": "Z38.0"
            }
          ]
        },
        "subject": {
          "reference": "Patient/PID-c66befff9a99aeaf1fd556e8dfcddc1d9c2e89ec1bdb7b4dc4e7752b"
        },
        "encounter": {
          "reference": "Encounter/PV-9231b35a295f64895b203b62711626a4a66de50ac3ffff94c8a03828"
        },
        "recordedDate": "2023-11-21T10:06:00+01:00"
      },
      "search": {
        "mode": "match"
      }
    },
    {
      "fullUrl": "http://num-fhirserver.distan.medicsh.de:8080/fhir/Condition/CON-3d0acfb69eef3c0e5c7b01ea68135eec66718a36a7276ad1a7085b63",
      "resource": {
        "resourceType": "Condition",
        "id": "CON-3d0acfb69eef3c0e5c7b01ea68135eec66718a36a7276ad1a7085b63",
        "meta": {
          "versionId": "16776234",
          "lastUpdated": "2025-03-11T01:09:19.668Z",
          "profile": [
            "https://www.medizininformatik-initiative.de/fhir/core/modul-diagnose/StructureDefinition/Diagnose|2025.0.0"
          ]
        },
        "code": {
          "coding": [
            {
              "system": "http://fhir.de/CodeSystem/bfarm/icd-10-gm",
              "version": "2023",
              "code": "Z38.0"
            }
          ]
        },
        "subject": {
          "reference": "Patient/PID-c66befff9a99aeaf1fd556e8dfcddc1d9c2e89ec1bdb7b4dc4e7752b"
        },
        "encounter": {
          "reference": "Encounter/PV-9231b35a295f64895b203b62711626a4a66de50ac3ffff94c8a03828"
        },
        "recordedDate": "2023-11-01T10:03:00+01:00"
      },
      "search": {
        "mode": "match"
      }
    },
    {
      "fullUrl": "http://num-fhirserver.distan.medicsh.de:8080/fhir/Condition/CON-565a530dcd9dc3067849561788b05ce2a99ce81c89c07b2f7d4751db",
      "resource": {
        "resourceType": "Condition",
        "id": "CON-565a530dcd9dc3067849561788b05ce2a99ce81c89c07b2f7d4751db",
        "meta": {
          "versionId": "16771665",
          "lastUpdated": "2025-03-11T01:09:09.567Z",
          "profile": [
            "https://www.medizininformatik-initiative.de/fhir/core/modul-diagnose/StructureDefinition/Diagnose|2025.0.0"
          ]
        },
        "code": {
          "coding": [
            {
              "system": "http://fhir.de/CodeSystem/bfarm/icd-10-gm",
              "version": "2023",
              "code": "Z38.0"
            }
          ]
        },
        "subject": {
          "reference": "Patient/PID-c66befff9a99aeaf1fd556e8dfcddc1d9c2e89ec1bdb7b4dc4e7752b"
        },
        "encounter": {
          "reference": "Encounter/PV-9231b35a295f64895b203b62711626a4a66de50ac3ffff94c8a03828"
        },
        "recordedDate": "2023-11-21T10:06:00+01:00"
      },
      "search": {
        "mode": "match"
      }
    },
    {
      "fullUrl": "http://num-fhirserver.distan.medicsh.de:8080/fhir/Encounter/PV-9231b35a295f64895b203b62711626a4a66de50ac3ffff94c8a03828",
      "resource": {
        "resourceType": "Encounter",
        "id": "PV-9231b35a295f64895b203b62711626a4a66de50ac3ffff94c8a03828",
        "meta": {
          "versionId": "241540540",
          "lastUpdated": "2025-03-21T02:05:06.072Z",
          "source": "http://medic.uksh.de/source/orbis/adt",
          "profile": [
            "https://www.medizininformatik-initiative.de/fhir/core/modul-fall/StructureDefinition/KontaktGesundheitseinrichtung|2025.0.0"
          ]
        },
        "identifier": [
          {
            "use": "official",
            "type": {
              "coding": [
                {
                  "system": "http://terminology.hl7.org/CodeSystem/v2-0203",
                  "code": "VN"
                }
              ]
            },
            "system": "http://medic.uksh.de/fhir/Encounter",
            "value": "9231b35a295f64895b203b62711626a4a66de50ac3ffff94c8a03828"
          }
        ],
        "status": "finished",
        "class": {
          "system": "http://terminology.hl7.org/CodeSystem/v3-ActCode",
          "code": "IMP"
        },
        "type": [
          {
            "coding": [
              {
                "system": "http://fhir.de/CodeSystem/Kontaktebene",
                "code": "einrichtungskontakt"
              }
            ]
          }
        ],
        "subject": {
          "reference": "Patient/PID-c66befff9a99aeaf1fd556e8dfcddc1d9c2e89ec1bdb7b4dc4e7752b"
        },
        "period": {
          "start": "2023-11-01T10:03:00+01:00",
          "end": "2023-11-21T10:07:00+01:00"
        }
      },
      "search": {
        "mode": "match"
      }
    },
    {
      "fullUrl": "http://num-fhirserver.distan.medicsh.de:8080/fhir/Encounter/PV-AK-130c11199a6e7905b3360709d49579259bd222a7ef04fb826f0b39eb",
      "resource": {
        "resourceType": "Encounter",
        "id": "PV-AK-130c11199a6e7905b3360709d49579259bd222a7ef04fb826f0b39eb",
        "meta": {
          "versionId": "241540546",
          "lastUpdated": "2025-03-21T02:05:06.149Z",
          "source": "http://medic.uksh.de/source/orbis/adt",
          "profile": [
            "https://www.medizininformatik-initiative.de/fhir/core/modul-fall/StructureDefinition/KontaktGesundheitseinrichtung|2025.0.0"
          ]
        },
        "identifier": [
          {
            "use": "official",
            "type": {
              "coding": [
                {
                  "system": "http://terminology.hl7.org/CodeSystem/v2-0203",
                  "code": "VN"
                }
              ]
            },
            "system": "http://medic.uksh.de/fhir/Encounter",
            "value": "9231b35a295f64895b203b62711626a4a66de50ac3ffff94c8a03828"
          },
          {
            "use": "secondary",
            "type": {
              "coding": [
                {
                  "system": "http://terminology.hl7.org/CodeSystem/v2-0203",
                  "code": "U"
                }
              ]
            },
            "system": "http://medic.uksh.de.de/fhir/Encounter/department",
            "value": "MKS-HL.2023-11-01T10:03:00"
          }
        ],
        "status": "finished",
        "class": {
          "system": "http://terminology.hl7.org/CodeSystem/v3-ActCode",
          "code": "IMP"
        },
        "type": [
          {
            "coding": [
              {
                "system": "http://fhir.de/CodeSystem/Kontaktebene",
                "code": "abteilungskontakt"
              }
            ]
          }
        ],
        "subject": {
          "reference": "Patient/PID-c66befff9a99aeaf1fd556e8dfcddc1d9c2e89ec1bdb7b4dc4e7752b"
        },
        "period": {
          "start": "2023-11-01T10:03:00+01:00",
          "end": "2023-11-21T10:07:00+01:00"
        },
        "location": [
          {
            "location": {
              "reference": "Location/MKS-HL-LMKS"
            },
            "status": "completed",
            "physicalType": {
              "coding": [
                {
                  "system": "http://terminology.hl7.org/CodeSystem/location-physical-type",
                  "code": "wa"
                }
              ]
            },
            "period": {
              "start": "2023-11-01T10:03:00+01:00",
              "end": "2023-11-21T10:07:00+01:00"
            }
          }
        ],
        "partOf": {
          "reference": "Encounter/PV-9231b35a295f64895b203b62711626a4a66de50ac3ffff94c8a03828"
        }
      },
      "search": {
        "mode": "match"
      }
    },
    {
      "fullUrl": "http://num-fhirserver.distan.medicsh.de:8080/fhir/Encounter/PV-VK-e3c46ab491015f69e04614aefa32174da02021d5ebea77375bab3ba8",
      "resource": {
        "resourceType": "Encounter",
        "id": "PV-VK-e3c46ab491015f69e04614aefa32174da02021d5ebea77375bab3ba8",
        "meta": {
          "versionId": "241540545",
          "lastUpdated": "2025-03-21T02:05:06.129Z",
          "source": "http://medic.uksh.de/source/orbis/adt",
          "profile": [
            "https://www.medizininformatik-initiative.de/fhir/core/modul-fall/StructureDefinition/KontaktGesundheitseinrichtung|2025.0.0"
          ]
        },
        "identifier": [
          {
            "use": "official",
            "type": {
              "coding": [
                {
                  "system": "http://terminology.hl7.org/CodeSystem/v2-0203",
                  "code": "VN"
                }
              ]
            },
            "system": "http://medic.uksh.de/fhir/Encounter",
            "value": "9231b35a295f64895b203b62711626a4a66de50ac3ffff94c8a03828"
          },
          {
            "use": "secondary",
            "type": {
              "coding": [
                {
                  "system": "http://terminology.hl7.org/CodeSystem/v2-0203",
                  "code": "U"
                }
              ]
            },
            "system": "http://medic.uksh.de.de/fhir/Encounter/department",
            "value": "MKS-HL.LMKS.2023-11-01T10:03:00"
          }
        ],
        "status": "finished",
        "class": {
          "system": "http://terminology.hl7.org/CodeSystem/v3-ActCode",
          "code": "IMP"
        },
        "type": [
          {
            "coding": [
              {
                "system": "http://fhir.de/CodeSystem/Kontaktebene",
                "code": "versorgungsstellenkontakt"
              }
            ]
          }
        ],
        "subject": {
          "reference": "Patient/PID-c66befff9a99aeaf1fd556e8dfcddc1d9c2e89ec1bdb7b4dc4e7752b"
        },
        "period": {
          "start": "2023-11-01T10:03:00+01:00",
          "end": "2023-11-21T10:07:00+01:00"
        },
        "location": [
          {
            "location": {
              "reference": "Location/MKS-HL-LMKS"
            },
            "status": "completed",
            "physicalType": {
              "coding": [
                {
                  "system": "http://terminology.hl7.org/CodeSystem/location-physical-type",
                  "code": "wa"
                }
              ]
            },
            "period": {
              "start": "2023-11-01T10:03:00+01:00",
              "end": "2023-11-21T10:07:00+01:00"
            }
          }
        ],
        "partOf": {
          "reference": "Encounter/PV-AK-130c11199a6e7905b3360709d49579259bd222a7ef04fb826f0b39eb"
        }
      },
      "search": {
        "mode": "match"
      }
    },
    {
      "fullUrl": "http://num-fhirserver.distan.medicsh.de:8080/fhir/Observation/VIT-cb02ca4bdb2b6ba0ded35a70d3be97c72c63e2f655f9313e0c9fa1b4",
      "resource": {
        "resourceType": "Observation",
        "id": "VIT-cb02ca4bdb2b6ba0ded35a70d3be97c72c63e2f655f9313e0c9fa1b4",
        "meta": {
          "versionId": "241540496",
          "lastUpdated": "2025-03-21T02:05:04.651Z",
          "profile": [
            "https://www.medizininformatik-initiative.de/fhir/core/modul-person/StructureDefinition/Vitalstatus|2025.0.1"
          ]
        },
        "status": "final",
        "category": [
          {
            "coding": [
              {
                "system": "http://terminology.hl7.org/CodeSystem/observation-category",
                "code": "survey"
              }
            ]
          }
        ],
        "code": {
          "coding": [
            {
              "system": "http://loinc.org",
              "code": "67162-8"
            }
          ]
        },
        "subject": {
          "reference": "Patient/PID-c66befff9a99aeaf1fd556e8dfcddc1d9c2e89ec1bdb7b4dc4e7752b"
        },
        "effectiveDateTime": "2023-11-01T10:03:00+01:00",
        "valueCodeableConcept": {
          "coding": [
            {
              "system": "https://www.medizininformatik-initiative.de/fhir/core/modul-person/CodeSystem/Vitalstatus",
              "code": "L"
            }
          ]
        }
      },
      "search": {
        "mode": "match"
      }
    },
    {
      "fullUrl": "http://num-fhirserver.distan.medicsh.de:8080/fhir/Observation/VIT-dec262f3adb1c0f5b17239fac6152b9543a6887d8583e4dbaf92b953",
      "resource": {
        "resourceType": "Observation",
        "id": "VIT-dec262f3adb1c0f5b17239fac6152b9543a6887d8583e4dbaf92b953",
        "meta": {
          "versionId": "241540543",
          "lastUpdated": "2025-03-21T02:05:06.109Z",
          "profile": [
            "https://www.medizininformatik-initiative.de/fhir/core/modul-person/StructureDefinition/Vitalstatus|2025.0.1"
          ]
        },
        "status": "final",
        "category": [
          {
            "coding": [
              {
                "system": "http://terminology.hl7.org/CodeSystem/observation-category",
                "code": "survey"
              }
            ]
          }
        ],
        "code": {
          "coding": [
            {
              "system": "http://loinc.org",
              "code": "67162-8"
            }
          ]
        },
        "subject": {
          "reference": "Patient/PID-c66befff9a99aeaf1fd556e8dfcddc1d9c2e89ec1bdb7b4dc4e7752b"
        },
        "effectiveDateTime": "2023-11-21T10:07:00+01:00",
        "valueCodeableConcept": {
          "coding": [
            {
              "system": "https://www.medizininformatik-initiative.de/fhir/core/modul-person/CodeSystem/Vitalstatus",
              "code": "L"
            }
          ]
        }
      },
      "search": {
        "mode": "match"
      }
    }
  ]
}
