{
  "resourceType": "Bundle",
  "id": "DGTUYAUM2QSISJVA",
  "type": "searchset",
  "total": 3,
  "entry": [
    {
      "fullUrl": "http://num-fhirserver.distan.medicsh.de:8080/fhir/Patient/PID-c82383f7678ec2f480e6a7955b2949c59a83609c5db081205410ddbe",
      "resource": {
        "resourceType": "Patient",
        "id": "PID-c82383f7678ec2f480e6a7955b2949c59a83609c5db081205410ddbe",
        "meta": {
          "versionId": "133508875",
          "lastUpdated": "2025-03-15T00:51:27.165Z",
          "profile": [
            "https://www.medizininformatik-initiative.de/fhir/core/modul-person/StructureDefinition/PatientPseudonymisiert|2025.0.1"
          ]
        },
        "identifier": [
          {
            "use": "usual",
            "type": {
              "coding": [
                {
                  "system": "http://terminology.hl7.org/CodeSystem/v3-ObservationValue",
                  "code": "PSEUDED"
                }
              ]
            },
            "system": "https://www.medizininformatik-initiative.de/fhir/sid/pseudonym",
            "value": "c82383f7678ec2f480e6a7955b2949c59a83609c5db081205410ddbe"
          }
        ],
        "gender": "male",
        "birthDate": "1981-03",
        "deceasedBoolean": true
      },
      "search": {
        "mode": "match"
      }
    },
    {
      "fullUrl": "http://num-fhirserver.distan.medicsh.de:8080/fhir/Encounter/PV-a7a58e2b31f0c229c1ff2f4d6e4eda4be4a131c5655feb7d597732b2",
      "resource": {
        "resourceType": "Encounter",
        "id": "PV-a7a58e2b31f0c229c1ff2f4d6e4eda4be4a131c5655feb7d597732b2",
        "meta": {
          "versionId": "133508885",
          "lastUpdated": "2025-03-15T00:51:27.194Z",
          "source": "http://medic.uksh.de/source/orbis/legacy",
          "profile": [
            "https://www.medizininformatik-initiative.de/fhir/core/modul-fall/StructureDefinition/KontaktGesundheitseinrichtung|2025.0.0"
          ]
        },
        "identifier": [
          {
            "use": "official",
            "type": {
              "coding": [
                {
                  "system": "http://terminology.hl7.org/CodeSystem/v2-0203",
                  "code": "VN"
                }
              ]
            },
            "system": "http://medic.uksh.de/fhir/Encounter",
            "value": "a7a58e2b31f0c229c1ff2f4d6e4eda4be4a131c5655feb7d597732b2"
          }
        ],
        "status": "finished",
        "class": {
          "system": "http://terminology.hl7.org/CodeSystem/v3-ActCode",
          "code": "AMB"
        },
        "type": [
          {
            "coding": [
              {
                "system": "http://fhir.de/CodeSystem/Kontaktebene",
                "code": "einrichtungskontakt"
              }
            ]
          }
        ],
        "subject": {
          "reference": "Patient/PID-c82383f7678ec2f480e6a7955b2949c59a83609c5db081205410ddbe"
        },
        "period": {
          "start": "2017-08-30T16:50:00+02:00",
          "end": "2017-09-30T23:59:59+02:00"
        },
        "hospitalization": {
          "admitSource": {
            "coding": [
              {
                "system": "http://fhir.de/CodeSystem/dgkev/Aufnahmeanlass",
                "code": "E"
              }
            ]
          }
        }
      },
      "search": {
        "mode": "match"
      }
    },
    {
      "fullUrl": "http://num-fhirserver.distan.medicsh.de:8080/fhir/Observation/VIT-4c48d1c2ec6d8f3294a6d3c02e53ce8996f6b0ffb299145341ee9824",
      "resource": {
        "resourceType": "Observation",
        "id": "VIT-4c48d1c2ec6d8f3294a6d3c02e53ce8996f6b0ffb299145341ee9824",
        "meta": {
          "versionId": "133508894",
          "lastUpdated": "2025-03-15T00:51:27.227Z",
          "profile": [
            "https://www.medizininformatik-initiative.de/fhir/core/modul-person/StructureDefinition/Vitalstatus|2025.0.1"
          ]
        },
        "status": "final",
        "category": [
          {
            "coding": [
              {
                "system": "http://terminology.hl7.org/CodeSystem/observation-category",
                "code": "survey"
              }
            ]
          }
        ],
        "code": {
          "coding": [
            {
              "system": "http://loinc.org",
              "code": "67162-8"
            }
          ]
        },
        "subject": {
          "reference": "Patient/PID-c82383f7678ec2f480e6a7955b2949c59a83609c5db081205410ddbe"
        },
        "effectiveDateTime": "2017-08-30T16:50:00+02:00",
        "valueCodeableConcept": {
          "coding": [
            {
              "system": "https://www.medizininformatik-initiative.de/fhir/core/modul-person/CodeSystem/Vitalstatus",
              "code": "L"
            }
          ]
        }
      },
      "search": {
        "mode": "match"
      }
    }
  ]
}
