{
  "resourceType": "Bundle",
  "id": "DGTUYALJNDUT3PZF",
  "type": "searchset",
  "total": 3,
  "entry": [
    {
      "fullUrl": "http://num-fhirserver.distan.medicsh.de:8080/fhir/Patient/PID-cdbb822db5f773ee168bcc648c44fb2d77a9856ccd241b721f9c1d38",
      "resource": {
        "resourceType": "Patient",
        "id": "PID-cdbb822db5f773ee168bcc648c44fb2d77a9856ccd241b721f9c1d38",
        "meta": {
          "versionId": "163209020",
          "lastUpdated": "2025-03-16T01:30:15Z",
          "profile": [
            "https://www.medizininformatik-initiative.de/fhir/core/modul-person/StructureDefinition/PatientPseudonymisiert|2025.0.1"
          ]
        },
        "identifier": [
          {
            "use": "usual",
            "type": {
              "coding": [
                {
                  "system": "http://terminology.hl7.org/CodeSystem/v3-ObservationValue",
                  "code": "PSEUDED"
                }
              ]
            },
            "system": "https://www.medizininformatik-initiative.de/fhir/sid/pseudonym",
            "value": "cdbb822db5f773ee168bcc648c44fb2d77a9856ccd241b721f9c1d38"
          }
        ],
        "gender": "male",
        "birthDate": "1950-01",
        "deceasedBoolean": true
      },
      "search": {
        "mode": "match"
      }
    },
    {
      "fullUrl": "http://num-fhirserver.distan.medicsh.de:8080/fhir/Encounter/PV-6da63b47f5597e62fbb2accb3263cfcd4750dfc6eb6700098dddb624",
      "resource": {
        "resourceType": "Encounter",
        "id": "PV-6da63b47f5597e62fbb2accb3263cfcd4750dfc6eb6700098dddb624",
        "meta": {
          "versionId": "163208951",
          "lastUpdated": "2025-03-16T01:30:14.832Z",
          "source": "http://medic.uksh.de/source/orbis/legacy",
          "profile": [
            "https://www.medizininformatik-initiative.de/fhir/core/modul-fall/StructureDefinition/KontaktGesundheitseinrichtung|2025.0.0"
          ]
        },
        "identifier": [
          {
            "use": "official",
            "type": {
              "coding": [
                {
                  "system": "http://terminology.hl7.org/CodeSystem/v2-0203",
                  "code": "VN"
                }
              ]
            },
            "system": "http://medic.uksh.de/fhir/Encounter",
            "value": "6da63b47f5597e62fbb2accb3263cfcd4750dfc6eb6700098dddb624"
          }
        ],
        "status": "finished",
        "class": {
          "system": "http://terminology.hl7.org/CodeSystem/v3-ActCode",
          "code": "AMB"
        },
        "type": [
          {
            "coding": [
              {
                "system": "http://fhir.de/CodeSystem/Kontaktebene",
                "code": "einrichtungskontakt"
              }
            ]
          }
        ],
        "subject": {
          "reference": "Patient/PID-cdbb822db5f773ee168bcc648c44fb2d77a9856ccd241b721f9c1d38"
        },
        "period": {
          "start": "2010-04-13T13:55:00+02:00",
          "end": "2010-06-30T23:59:59+02:00"
        },
        "hospitalization": {
          "admitSource": {
            "coding": [
              {
                "system": "http://fhir.de/CodeSystem/dgkev/Aufnahmeanlass",
                "code": "E"
              }
            ]
          }
        }
      },
      "search": {
        "mode": "match"
      }
    },
    {
      "fullUrl": "http://num-fhirserver.distan.medicsh.de:8080/fhir/Observation/VIT-04f34bd43a76a44eec404a65971d11a6597b3f6080333a2d96a9036c",
      "resource": {
        "resourceType": "Observation",
        "id": "VIT-04f34bd43a76a44eec404a65971d11a6597b3f6080333a2d96a9036c",
        "meta": {
          "versionId": "163208957",
          "lastUpdated": "2025-03-16T01:30:14.843Z",
          "profile": [
            "https://www.medizininformatik-initiative.de/fhir/core/modul-person/StructureDefinition/Vitalstatus|2025.0.1"
          ]
        },
        "status": "final",
        "category": [
          {
            "coding": [
              {
                "system": "http://terminology.hl7.org/CodeSystem/observation-category",
                "code": "survey"
              }
            ]
          }
        ],
        "code": {
          "coding": [
            {
              "system": "http://loinc.org",
              "code": "67162-8"
            }
          ]
        },
        "subject": {
          "reference": "Patient/PID-cdbb822db5f773ee168bcc648c44fb2d77a9856ccd241b721f9c1d38"
        },
        "effectiveDateTime": "2010-04-13T13:55:00+02:00",
        "valueCodeableConcept": {
          "coding": [
            {
              "system": "https://www.medizininformatik-initiative.de/fhir/core/modul-person/CodeSystem/Vitalstatus",
              "code": "L"
            }
          ]
        }
      },
      "search": {
        "mode": "match"
      }
    }
  ]
}
