{
  "resourceType": "Bundle",
  "id": "DGTUYBEOFRW6RLSX",
  "type": "searchset",
  "total": 25,
  "entry": [
    {
      "fullUrl": "http://num-fhirserver.distan.medicsh.de:8080/fhir/Patient/PID-ce196f0ea7e0a6dcdfe67fe8f18af4cc32ad437c5d6bc3c0fd85bb19",
      "resource": {
        "resourceType": "Patient",
        "id": "PID-ce196f0ea7e0a6dcdfe67fe8f18af4cc32ad437c5d6bc3c0fd85bb19",
        "meta": {
          "versionId": "107577357",
          "lastUpdated": "2025-03-14T06:17:00.245Z",
          "profile": [
            "https://www.medizininformatik-initiative.de/fhir/core/modul-person/StructureDefinition/PatientPseudonymisiert|2025.0.1"
          ]
        },
        "identifier": [
          {
            "use": "usual",
            "type": {
              "coding": [
                {
                  "system": "http://terminology.hl7.org/CodeSystem/v3-ObservationValue",
                  "code": "PSEUDED"
                }
              ]
            },
            "system": "https://www.medizininformatik-initiative.de/fhir/sid/pseudonym",
            "value": "ce196f0ea7e0a6dcdfe67fe8f18af4cc32ad437c5d6bc3c0fd85bb19"
          }
        ],
        "gender": "male",
        "birthDate": "1951-01",
        "deceasedBoolean": true,
        "address": [
          {
            "type": "both",
            "postalCode": "241",
            "country": "DE"
          }
        ]
      },
      "search": {
        "mode": "match"
      }
    },
    {
      "fullUrl": "http://num-fhirserver.distan.medicsh.de:8080/fhir/Encounter/PV-22c3a270f867a3ce05f8530ae1a4506756f13a7f994467d8d5f5db0c",
      "resource": {
        "resourceType": "Encounter",
        "id": "PV-22c3a270f867a3ce05f8530ae1a4506756f13a7f994467d8d5f5db0c",
        "meta": {
          "versionId": "244156711",
          "lastUpdated": "2025-03-21T21:44:52.880Z",
          "source": "http://medic.uksh.de/source/orbis/adt",
          "profile": [
            "https://www.medizininformatik-initiative.de/fhir/core/modul-fall/StructureDefinition/KontaktGesundheitseinrichtung|2025.0.0"
          ]
        },
        "identifier": [
          {
            "use": "official",
            "type": {
              "coding": [
                {
                  "system": "http://terminology.hl7.org/CodeSystem/v2-0203",
                  "code": "VN"
                }
              ]
            },
            "system": "http://medic.uksh.de/fhir/Encounter",
            "value": "22c3a270f867a3ce05f8530ae1a4506756f13a7f994467d8d5f5db0c"
          }
        ],
        "status": "finished",
        "class": {
          "system": "http://terminology.hl7.org/CodeSystem/v3-ActCode",
          "code": "AMB"
        },
        "type": [
          {
            "coding": [
              {
                "system": "http://fhir.de/CodeSystem/Kontaktebene",
                "code": "einrichtungskontakt"
              }
            ]
          }
        ],
        "subject": {
          "reference": "Patient/PID-ce196f0ea7e0a6dcdfe67fe8f18af4cc32ad437c5d6bc3c0fd85bb19"
        },
        "period": {
          "start": "2024-07-24T16:14:00+02:00",
          "end": "2024-09-30T23:59:59+02:00"
        }
      },
      "search": {
        "mode": "match"
      }
    },
    {
      "fullUrl": "http://num-fhirserver.distan.medicsh.de:8080/fhir/Encounter/PV-277484b22bdf5fda8265852ba75b409357d24cc6fc7684b3b2b3da3c",
      "resource": {
        "resourceType": "Encounter",
        "id": "PV-277484b22bdf5fda8265852ba75b409357d24cc6fc7684b3b2b3da3c",
        "meta": {
          "versionId": "107577643",
          "lastUpdated": "2025-03-14T06:17:00.890Z",
          "source": "http://medic.uksh.de/source/orbis/legacy",
          "profile": [
            "https://www.medizininformatik-initiative.de/fhir/core/modul-fall/StructureDefinition/KontaktGesundheitseinrichtung|2025.0.0"
          ]
        },
        "identifier": [
          {
            "use": "official",
            "type": {
              "coding": [
                {
                  "system": "http://terminology.hl7.org/CodeSystem/v2-0203",
                  "code": "VN"
                }
              ]
            },
            "system": "http://medic.uksh.de/fhir/Encounter",
            "value": "277484b22bdf5fda8265852ba75b409357d24cc6fc7684b3b2b3da3c"
          }
        ],
        "status": "finished",
        "class": {
          "system": "http://terminology.hl7.org/CodeSystem/v3-ActCode",
          "code": "AMB"
        },
        "type": [
          {
            "coding": [
              {
                "system": "http://fhir.de/CodeSystem/Kontaktebene",
                "code": "einrichtungskontakt"
              }
            ]
          }
        ],
        "subject": {
          "reference": "Patient/PID-ce196f0ea7e0a6dcdfe67fe8f18af4cc32ad437c5d6bc3c0fd85bb19"
        },
        "period": {
          "start": "2016-04-18T15:36:00+02:00",
          "end": "2016-06-30T23:59:59+02:00"
        },
        "hospitalization": {
          "admitSource": {
            "coding": [
              {
                "system": "http://fhir.de/CodeSystem/dgkev/Aufnahmeanlass",
                "code": "E"
              }
            ]
          }
        }
      },
      "search": {
        "mode": "match"
      }
    },
    {
      "fullUrl": "http://num-fhirserver.distan.medicsh.de:8080/fhir/Encounter/PV-48f3f724e7048c45f0539dcc7cb877e4f41b47a00b35f31800273d68",
      "resource": {
        "resourceType": "Encounter",
        "id": "PV-48f3f724e7048c45f0539dcc7cb877e4f41b47a00b35f31800273d68",
        "meta": {
          "versionId": "245746675",
          "lastUpdated": "2025-03-22T08:06:43.086Z",
          "source": "http://medic.uksh.de/source/orbis/adt",
          "profile": [
            "https://www.medizininformatik-initiative.de/fhir/core/modul-fall/StructureDefinition/KontaktGesundheitseinrichtung|2025.0.0"
          ]
        },
        "identifier": [
          {
            "use": "official",
            "type": {
              "coding": [
                {
                  "system": "http://terminology.hl7.org/CodeSystem/v2-0203",
                  "code": "VN"
                }
              ]
            },
            "system": "http://medic.uksh.de/fhir/Encounter",
            "value": "48f3f724e7048c45f0539dcc7cb877e4f41b47a00b35f31800273d68"
          }
        ],
        "status": "in-progress",
        "class": {
          "system": "http://terminology.hl7.org/CodeSystem/v3-ActCode",
          "code": "AMB"
        },
        "type": [
          {
            "coding": [
              {
                "system": "http://fhir.de/CodeSystem/Kontaktebene",
                "code": "einrichtungskontakt"
              }
            ]
          }
        ],
        "subject": {
          "reference": "Patient/PID-ce196f0ea7e0a6dcdfe67fe8f18af4cc32ad437c5d6bc3c0fd85bb19"
        },
        "period": {
          "start": "2025-01-23T11:05:00+01:00",
          "end": "2025-03-31T23:59:59+02:00"
        }
      },
      "search": {
        "mode": "match"
      }
    },
    {
      "fullUrl": "http://num-fhirserver.distan.medicsh.de:8080/fhir/Encounter/PV-5fdb4323a405b35f0acb7ade5d4ad11150a8a3b29ed4227d1cb6a526",
      "resource": {
        "resourceType": "Encounter",
        "id": "PV-5fdb4323a405b35f0acb7ade5d4ad11150a8a3b29ed4227d1cb6a526",
        "meta": {
          "versionId": "107577405",
          "lastUpdated": "2025-03-14T06:17:00.336Z",
          "source": "http://medic.uksh.de/source/orbis/legacy",
          "profile": [
            "https://www.medizininformatik-initiative.de/fhir/core/modul-fall/StructureDefinition/KontaktGesundheitseinrichtung|2025.0.0"
          ]
        },
        "identifier": [
          {
            "use": "official",
            "type": {
              "coding": [
                {
                  "system": "http://terminology.hl7.org/CodeSystem/v2-0203",
                  "code": "VN"
                }
              ]
            },
            "system": "http://medic.uksh.de/fhir/Encounter",
            "value": "5fdb4323a405b35f0acb7ade5d4ad11150a8a3b29ed4227d1cb6a526"
          }
        ],
        "status": "finished",
        "class": {
          "system": "http://terminology.hl7.org/CodeSystem/v3-ActCode",
          "code": "AMB"
        },
        "type": [
          {
            "coding": [
              {
                "system": "http://fhir.de/CodeSystem/Kontaktebene",
                "code": "einrichtungskontakt"
              }
            ]
          }
        ],
        "subject": {
          "reference": "Patient/PID-ce196f0ea7e0a6dcdfe67fe8f18af4cc32ad437c5d6bc3c0fd85bb19"
        },
        "period": {
          "start": "2016-03-30T08:40:00+02:00",
          "end": "2016-03-31T23:59:59+02:00"
        },
        "hospitalization": {
          "admitSource": {
            "coding": [
              {
                "system": "http://fhir.de/CodeSystem/dgkev/Aufnahmeanlass",
                "code": "E"
              }
            ]
          }
        }
      },
      "search": {
        "mode": "match"
      }
    },
    {
      "fullUrl": "http://num-fhirserver.distan.medicsh.de:8080/fhir/Encounter/PV-689b429a71e45cb9cc18c737a414c10000e5313b4b39d5f9e5d8d2ae",
      "resource": {
        "resourceType": "Encounter",
        "id": "PV-689b429a71e45cb9cc18c737a414c10000e5313b4b39d5f9e5d8d2ae",
        "meta": {
          "versionId": "107577483",
          "lastUpdated": "2025-03-14T06:17:00.512Z",
          "source": "http://medic.uksh.de/source/orbis/legacy",
          "profile": [
            "https://www.medizininformatik-initiative.de/fhir/core/modul-fall/StructureDefinition/KontaktGesundheitseinrichtung|2025.0.0"
          ]
        },
        "identifier": [
          {
            "use": "official",
            "type": {
              "coding": [
                {
                  "system": "http://terminology.hl7.org/CodeSystem/v2-0203",
                  "code": "VN"
                }
              ]
            },
            "system": "http://medic.uksh.de/fhir/Encounter",
            "value": "689b429a71e45cb9cc18c737a414c10000e5313b4b39d5f9e5d8d2ae"
          }
        ],
        "status": "finished",
        "class": {
          "system": "http://terminology.hl7.org/CodeSystem/v3-ActCode",
          "code": "AMB"
        },
        "type": [
          {
            "coding": [
              {
                "system": "http://fhir.de/CodeSystem/Kontaktebene",
                "code": "einrichtungskontakt"
              }
            ]
          }
        ],
        "subject": {
          "reference": "Patient/PID-ce196f0ea7e0a6dcdfe67fe8f18af4cc32ad437c5d6bc3c0fd85bb19"
        },
        "period": {
          "start": "2010-03-09T13:14:00+01:00",
          "end": "2010-03-31T23:59:59+02:00"
        },
        "hospitalization": {
          "admitSource": {
            "coding": [
              {
                "system": "http://fhir.de/CodeSystem/dgkev/Aufnahmeanlass",
                "code": "E"
              }
            ]
          }
        }
      },
      "search": {
        "mode": "match"
      }
    },
    {
      "fullUrl": "http://num-fhirserver.distan.medicsh.de:8080/fhir/Encounter/PV-6a4c0b6d8d01a1fefc4b8d9467842637df84e4319d46b73fe134a386",
      "resource": {
        "resourceType": "Encounter",
        "id": "PV-6a4c0b6d8d01a1fefc4b8d9467842637df84e4319d46b73fe134a386",
        "meta": {
          "versionId": "107577683",
          "lastUpdated": "2025-03-14T06:17:00.996Z",
          "source": "http://medic.uksh.de/source/orbis/legacy",
          "profile": [
            "https://www.medizininformatik-initiative.de/fhir/core/modul-fall/StructureDefinition/KontaktGesundheitseinrichtung|2025.0.0"
          ]
        },
        "identifier": [
          {
            "use": "official",
            "type": {
              "coding": [
                {
                  "system": "http://terminology.hl7.org/CodeSystem/v2-0203",
                  "code": "VN"
                }
              ]
            },
            "system": "http://medic.uksh.de/fhir/Encounter",
            "value": "6a4c0b6d8d01a1fefc4b8d9467842637df84e4319d46b73fe134a386"
          }
        ],
        "status": "finished",
        "class": {
          "system": "http://terminology.hl7.org/CodeSystem/v3-ActCode",
          "code": "AMB"
        },
        "type": [
          {
            "coding": [
              {
                "system": "http://fhir.de/CodeSystem/Kontaktebene",
                "code": "einrichtungskontakt"
              }
            ]
          }
        ],
        "subject": {
          "reference": "Patient/PID-ce196f0ea7e0a6dcdfe67fe8f18af4cc32ad437c5d6bc3c0fd85bb19"
        },
        "period": {
          "start": "2010-03-10T08:49:00+01:00",
          "end": "2010-03-31T23:59:59+02:00"
        },
        "hospitalization": {
          "admitSource": {
            "coding": [
              {
                "system": "http://fhir.de/CodeSystem/dgkev/Aufnahmeanlass",
                "code": "E"
              }
            ]
          }
        }
      },
      "search": {
        "mode": "match"
      }
    },
    {
      "fullUrl": "http://num-fhirserver.distan.medicsh.de:8080/fhir/Encounter/PV-70a1a44157a511ad92cfd08d4234907cfafb0cf2a98c4ff4df180d08",
      "resource": {
        "resourceType": "Encounter",
        "id": "PV-70a1a44157a511ad92cfd08d4234907cfafb0cf2a98c4ff4df180d08",
        "meta": {
          "versionId": "107577403",
          "lastUpdated": "2025-03-14T06:17:00.330Z",
          "source": "http://medic.uksh.de/source/orbis/legacy",
          "profile": [
            "https://www.medizininformatik-initiative.de/fhir/core/modul-fall/StructureDefinition/KontaktGesundheitseinrichtung|2025.0.0"
          ]
        },
        "identifier": [
          {
            "use": "official",
            "type": {
              "coding": [
                {
                  "system": "http://terminology.hl7.org/CodeSystem/v2-0203",
                  "code": "VN"
                }
              ]
            },
            "system": "http://medic.uksh.de/fhir/Encounter",
            "value": "70a1a44157a511ad92cfd08d4234907cfafb0cf2a98c4ff4df180d08"
          }
        ],
        "status": "finished",
        "class": {
          "system": "http://terminology.hl7.org/CodeSystem/v3-ActCode",
          "code": "AMB"
        },
        "type": [
          {
            "coding": [
              {
                "system": "http://fhir.de/CodeSystem/Kontaktebene",
                "code": "einrichtungskontakt"
              }
            ]
          }
        ],
        "subject": {
          "reference": "Patient/PID-ce196f0ea7e0a6dcdfe67fe8f18af4cc32ad437c5d6bc3c0fd85bb19"
        },
        "period": {
          "start": "2010-06-04T10:10:00+02:00",
          "end": "2010-06-30T23:59:59+02:00"
        },
        "hospitalization": {
          "admitSource": {
            "coding": [
              {
                "system": "http://fhir.de/CodeSystem/dgkev/Aufnahmeanlass",
                "code": "E"
              }
            ]
          }
        }
      },
      "search": {
        "mode": "match"
      }
    },
    {
      "fullUrl": "http://num-fhirserver.distan.medicsh.de:8080/fhir/Encounter/PV-ab8624b00068926415b42bd4ffec7acdc71ae0097964c5ba39d7d058",
      "resource": {
        "resourceType": "Encounter",
        "id": "PV-ab8624b00068926415b42bd4ffec7acdc71ae0097964c5ba39d7d058",
        "meta": {
          "versionId": "107577550",
          "lastUpdated": "2025-03-14T06:17:00.660Z",
          "source": "http://medic.uksh.de/source/orbis/legacy",
          "profile": [
            "https://www.medizininformatik-initiative.de/fhir/core/modul-fall/StructureDefinition/KontaktGesundheitseinrichtung|2025.0.0"
          ]
        },
        "identifier": [
          {
            "use": "official",
            "type": {
              "coding": [
                {
                  "system": "http://terminology.hl7.org/CodeSystem/v2-0203",
                  "code": "VN"
                }
              ]
            },
            "system": "http://medic.uksh.de/fhir/Encounter",
            "value": "ab8624b00068926415b42bd4ffec7acdc71ae0097964c5ba39d7d058"
          }
        ],
        "status": "finished",
        "class": {
          "system": "http://terminology.hl7.org/CodeSystem/v3-ActCode",
          "code": "AMB"
        },
        "type": [
          {
            "coding": [
              {
                "system": "http://fhir.de/CodeSystem/Kontaktebene",
                "code": "einrichtungskontakt"
              }
            ]
          }
        ],
        "subject": {
          "reference": "Patient/PID-ce196f0ea7e0a6dcdfe67fe8f18af4cc32ad437c5d6bc3c0fd85bb19"
        },
        "period": {
          "start": "2017-10-19T17:51:00+02:00",
          "end": "2017-12-31T23:59:59+01:00"
        },
        "hospitalization": {
          "admitSource": {
            "coding": [
              {
                "system": "http://fhir.de/CodeSystem/dgkev/Aufnahmeanlass",
                "code": "E"
              }
            ]
          }
        }
      },
      "search": {
        "mode": "match"
      }
    },
    {
      "fullUrl": "http://num-fhirserver.distan.medicsh.de:8080/fhir/Encounter/PV-c66b73dcab674c2f30e9d6703171edb0d936e29bb771cc0c8665c9d9",
      "resource": {
        "resourceType": "Encounter",
        "id": "PV-c66b73dcab674c2f30e9d6703171edb0d936e29bb771cc0c8665c9d9",
        "meta": {
          "versionId": "107577442",
          "lastUpdated": "2025-03-14T06:17:00.421Z",
          "source": "http://medic.uksh.de/source/orbis/legacy",
          "profile": [
            "https://www.medizininformatik-initiative.de/fhir/core/modul-fall/StructureDefinition/KontaktGesundheitseinrichtung|2025.0.0"
          ]
        },
        "identifier": [
          {
            "use": "official",
            "type": {
              "coding": [
                {
                  "system": "http://terminology.hl7.org/CodeSystem/v2-0203",
                  "code": "VN"
                }
              ]
            },
            "system": "http://medic.uksh.de/fhir/Encounter",
            "value": "c66b73dcab674c2f30e9d6703171edb0d936e29bb771cc0c8665c9d9"
          }
        ],
        "status": "finished",
        "class": {
          "system": "http://terminology.hl7.org/CodeSystem/v3-ActCode",
          "code": "AMB"
        },
        "type": [
          {
            "coding": [
              {
                "system": "http://fhir.de/CodeSystem/Kontaktebene",
                "code": "einrichtungskontakt"
              }
            ]
          }
        ],
        "subject": {
          "reference": "Patient/PID-ce196f0ea7e0a6dcdfe67fe8f18af4cc32ad437c5d6bc3c0fd85bb19"
        },
        "period": {
          "start": "2010-03-10T08:52:00+01:00",
          "end": "2010-03-31T23:59:59+02:00"
        },
        "hospitalization": {
          "admitSource": {
            "coding": [
              {
                "system": "http://fhir.de/CodeSystem/dgkev/Aufnahmeanlass",
                "code": "E"
              }
            ]
          }
        }
      },
      "search": {
        "mode": "match"
      }
    },
    {
      "fullUrl": "http://num-fhirserver.distan.medicsh.de:8080/fhir/Encounter/PV-ed02637d94321f45f8b6226bae5af9100ea6fada0a33a819dab1167e",
      "resource": {
        "resourceType": "Encounter",
        "id": "PV-ed02637d94321f45f8b6226bae5af9100ea6fada0a33a819dab1167e",
        "meta": {
          "versionId": "107577729",
          "lastUpdated": "2025-03-14T06:17:01.082Z",
          "source": "http://medic.uksh.de/source/orbis/legacy",
          "profile": [
            "https://www.medizininformatik-initiative.de/fhir/core/modul-fall/StructureDefinition/KontaktGesundheitseinrichtung|2025.0.0"
          ]
        },
        "identifier": [
          {
            "use": "official",
            "type": {
              "coding": [
                {
                  "system": "http://terminology.hl7.org/CodeSystem/v2-0203",
                  "code": "VN"
                }
              ]
            },
            "system": "http://medic.uksh.de/fhir/Encounter",
            "value": "ed02637d94321f45f8b6226bae5af9100ea6fada0a33a819dab1167e"
          }
        ],
        "status": "finished",
        "class": {
          "system": "http://terminology.hl7.org/CodeSystem/v3-ActCode",
          "code": "AMB"
        },
        "type": [
          {
            "coding": [
              {
                "system": "http://fhir.de/CodeSystem/Kontaktebene",
                "code": "einrichtungskontakt"
              }
            ]
          }
        ],
        "subject": {
          "reference": "Patient/PID-ce196f0ea7e0a6dcdfe67fe8f18af4cc32ad437c5d6bc3c0fd85bb19"
        },
        "period": {
          "start": "2016-02-10T12:39:00+01:00",
          "end": "2016-03-31T23:59:59+02:00"
        },
        "hospitalization": {
          "admitSource": {
            "coding": [
              {
                "system": "http://fhir.de/CodeSystem/dgkev/Aufnahmeanlass",
                "code": "E"
              }
            ]
          }
        }
      },
      "search": {
        "mode": "match"
      }
    },
    {
      "fullUrl": "http://num-fhirserver.distan.medicsh.de:8080/fhir/Encounter/PV-f58293faa2b79d6fe879bf3b5df1fe7ea2791471b26804667f4a74e7",
      "resource": {
        "resourceType": "Encounter",
        "id": "PV-f58293faa2b79d6fe879bf3b5df1fe7ea2791471b26804667f4a74e7",
        "meta": {
          "versionId": "107577588",
          "lastUpdated": "2025-03-14T06:17:00.754Z",
          "source": "http://medic.uksh.de/source/orbis/legacy",
          "profile": [
            "https://www.medizininformatik-initiative.de/fhir/core/modul-fall/StructureDefinition/KontaktGesundheitseinrichtung|2025.0.0"
          ]
        },
        "identifier": [
          {
            "use": "official",
            "type": {
              "coding": [
                {
                  "system": "http://terminology.hl7.org/CodeSystem/v2-0203",
                  "code": "VN"
                }
              ]
            },
            "system": "http://medic.uksh.de/fhir/Encounter",
            "value": "f58293faa2b79d6fe879bf3b5df1fe7ea2791471b26804667f4a74e7"
          }
        ],
        "status": "finished",
        "class": {
          "system": "http://terminology.hl7.org/CodeSystem/v3-ActCode",
          "code": "AMB"
        },
        "type": [
          {
            "coding": [
              {
                "system": "http://fhir.de/CodeSystem/Kontaktebene",
                "code": "einrichtungskontakt"
              }
            ]
          }
        ],
        "subject": {
          "reference": "Patient/PID-ce196f0ea7e0a6dcdfe67fe8f18af4cc32ad437c5d6bc3c0fd85bb19"
        },
        "period": {
          "start": "2012-02-17T14:15:00+01:00",
          "end": "2012-03-31T23:59:59+02:00"
        },
        "hospitalization": {
          "admitSource": {
            "coding": [
              {
                "system": "http://fhir.de/CodeSystem/dgkev/Aufnahmeanlass",
                "code": "E"
              }
            ]
          }
        }
      },
      "search": {
        "mode": "match"
      }
    },
    {
      "fullUrl": "http://num-fhirserver.distan.medicsh.de:8080/fhir/Observation/VIT-06cf182c3b78f04b32964198a0cd1453200a6a361857eb406e099664",
      "resource": {
        "resourceType": "Observation",
        "id": "VIT-06cf182c3b78f04b32964198a0cd1453200a6a361857eb406e099664",
        "meta": {
          "versionId": "107577419",
          "lastUpdated": "2025-03-14T06:17:00.364Z",
          "profile": [
            "https://www.medizininformatik-initiative.de/fhir/core/modul-person/StructureDefinition/Vitalstatus|2025.0.1"
          ]
        },
        "status": "final",
        "category": [
          {
            "coding": [
              {
                "system": "http://terminology.hl7.org/CodeSystem/observation-category",
                "code": "survey"
              }
            ]
          }
        ],
        "code": {
          "coding": [
            {
              "system": "http://loinc.org",
              "code": "67162-8"
            }
          ]
        },
        "subject": {
          "reference": "Patient/PID-ce196f0ea7e0a6dcdfe67fe8f18af4cc32ad437c5d6bc3c0fd85bb19"
        },
        "effectiveDateTime": "2010-06-04T10:10:00+02:00",
        "valueCodeableConcept": {
          "coding": [
            {
              "system": "https://www.medizininformatik-initiative.de/fhir/core/modul-person/CodeSystem/Vitalstatus",
              "code": "L"
            }
          ]
        }
      },
      "search": {
        "mode": "match"
      }
    },
    {
      "fullUrl": "http://num-fhirserver.distan.medicsh.de:8080/fhir/Observation/VIT-288081e8e20f67752d1c6a1564263920e6c3c70cb7db764dbc5f98c7",
      "resource": {
        "resourceType": "Observation",
        "id": "VIT-288081e8e20f67752d1c6a1564263920e6c3c70cb7db764dbc5f98c7",
        "meta": {
          "versionId": "107577701",
          "lastUpdated": "2025-03-14T06:17:01.034Z",
          "profile": [
            "https://www.medizininformatik-initiative.de/fhir/core/modul-person/StructureDefinition/Vitalstatus|2025.0.1"
          ]
        },
        "status": "final",
        "category": [
          {
            "coding": [
              {
                "system": "http://terminology.hl7.org/CodeSystem/observation-category",
                "code": "survey"
              }
            ]
          }
        ],
        "code": {
          "coding": [
            {
              "system": "http://loinc.org",
              "code": "67162-8"
            }
          ]
        },
        "subject": {
          "reference": "Patient/PID-ce196f0ea7e0a6dcdfe67fe8f18af4cc32ad437c5d6bc3c0fd85bb19"
        },
        "effectiveDateTime": "2010-03-10T08:49:00+01:00",
        "valueCodeableConcept": {
          "coding": [
            {
              "system": "https://www.medizininformatik-initiative.de/fhir/core/modul-person/CodeSystem/Vitalstatus",
              "code": "L"
            }
          ]
        }
      },
      "search": {
        "mode": "match"
      }
    },
    {
      "fullUrl": "http://num-fhirserver.distan.medicsh.de:8080/fhir/Observation/VIT-29075103e6fc95fabcda02d01c6a1cc83452553bc38a35f0aa0bed4b",
      "resource": {
        "resourceType": "Observation",
        "id": "VIT-29075103e6fc95fabcda02d01c6a1cc83452553bc38a35f0aa0bed4b",
        "meta": {
          "versionId": "107577423",
          "lastUpdated": "2025-03-14T06:17:00.377Z",
          "profile": [
            "https://www.medizininformatik-initiative.de/fhir/core/modul-person/StructureDefinition/Vitalstatus|2025.0.1"
          ]
        },
        "status": "final",
        "category": [
          {
            "coding": [
              {
                "system": "http://terminology.hl7.org/CodeSystem/observation-category",
                "code": "survey"
              }
            ]
          }
        ],
        "code": {
          "coding": [
            {
              "system": "http://loinc.org",
              "code": "67162-8"
            }
          ]
        },
        "subject": {
          "reference": "Patient/PID-ce196f0ea7e0a6dcdfe67fe8f18af4cc32ad437c5d6bc3c0fd85bb19"
        },
        "effectiveDateTime": "2016-03-30T08:40:00+02:00",
        "valueCodeableConcept": {
          "coding": [
            {
              "system": "https://www.medizininformatik-initiative.de/fhir/core/modul-person/CodeSystem/Vitalstatus",
              "code": "L"
            }
          ]
        }
      },
      "search": {
        "mode": "match"
      }
    },
    {
      "fullUrl": "http://num-fhirserver.distan.medicsh.de:8080/fhir/Observation/VIT-4239561801366253cfd0fa6640ddc24b65a15545a72965f81e8cb9b0",
      "resource": {
        "resourceType": "Observation",
        "id": "VIT-4239561801366253cfd0fa6640ddc24b65a15545a72965f81e8cb9b0",
        "meta": {
          "versionId": "244156713",
          "lastUpdated": "2025-03-21T21:44:52.922Z",
          "profile": [
            "https://www.medizininformatik-initiative.de/fhir/core/modul-person/StructureDefinition/Vitalstatus|2025.0.1"
          ]
        },
        "status": "final",
        "category": [
          {
            "coding": [
              {
                "system": "http://terminology.hl7.org/CodeSystem/observation-category",
                "code": "survey"
              }
            ]
          }
        ],
        "code": {
          "coding": [
            {
              "system": "http://loinc.org",
              "code": "67162-8"
            }
          ]
        },
        "subject": {
          "reference": "Patient/PID-ce196f0ea7e0a6dcdfe67fe8f18af4cc32ad437c5d6bc3c0fd85bb19"
        },
        "effectiveDateTime": "2024-09-30T23:59:59+02:00",
        "valueCodeableConcept": {
          "coding": [
            {
              "system": "https://www.medizininformatik-initiative.de/fhir/core/modul-person/CodeSystem/Vitalstatus",
              "code": "L"
            }
          ]
        }
      },
      "search": {
        "mode": "match"
      }
    },
    {
      "fullUrl": "http://num-fhirserver.distan.medicsh.de:8080/fhir/Observation/VIT-55d820f9a31fa65ea3b738f9afba8da1f3275f35098d7a72e67ba944",
      "resource": {
        "resourceType": "Observation",
        "id": "VIT-55d820f9a31fa65ea3b738f9afba8da1f3275f35098d7a72e67ba944",
        "meta": {
          "versionId": "107577663",
          "lastUpdated": "2025-03-14T06:17:00.947Z",
          "profile": [
            "https://www.medizininformatik-initiative.de/fhir/core/modul-person/StructureDefinition/Vitalstatus|2025.0.1"
          ]
        },
        "status": "final",
        "category": [
          {
            "coding": [
              {
                "system": "http://terminology.hl7.org/CodeSystem/observation-category",
                "code": "survey"
              }
            ]
          }
        ],
        "code": {
          "coding": [
            {
              "system": "http://loinc.org",
              "code": "67162-8"
            }
          ]
        },
        "subject": {
          "reference": "Patient/PID-ce196f0ea7e0a6dcdfe67fe8f18af4cc32ad437c5d6bc3c0fd85bb19"
        },
        "effectiveDateTime": "2016-04-18T15:36:00+02:00",
        "valueCodeableConcept": {
          "coding": [
            {
              "system": "https://www.medizininformatik-initiative.de/fhir/core/modul-person/CodeSystem/Vitalstatus",
              "code": "L"
            }
          ]
        }
      },
      "search": {
        "mode": "match"
      }
    },
    {
      "fullUrl": "http://num-fhirserver.distan.medicsh.de:8080/fhir/Observation/VIT-70fc5d218cd364587e580fac300af45c4a2a6789c6dfb19c0a464aa2",
      "resource": {
        "resourceType": "Observation",
        "id": "VIT-70fc5d218cd364587e580fac300af45c4a2a6789c6dfb19c0a464aa2",
        "meta": {
          "versionId": "107577745",
          "lastUpdated": "2025-03-14T06:17:01.109Z",
          "profile": [
            "https://www.medizininformatik-initiative.de/fhir/core/modul-person/StructureDefinition/Vitalstatus|2025.0.1"
          ]
        },
        "status": "final",
        "category": [
          {
            "coding": [
              {
                "system": "http://terminology.hl7.org/CodeSystem/observation-category",
                "code": "survey"
              }
            ]
          }
        ],
        "code": {
          "coding": [
            {
              "system": "http://loinc.org",
              "code": "67162-8"
            }
          ]
        },
        "subject": {
          "reference": "Patient/PID-ce196f0ea7e0a6dcdfe67fe8f18af4cc32ad437c5d6bc3c0fd85bb19"
        },
        "effectiveDateTime": "2016-02-10T12:39:00+01:00",
        "valueCodeableConcept": {
          "coding": [
            {
              "system": "https://www.medizininformatik-initiative.de/fhir/core/modul-person/CodeSystem/Vitalstatus",
              "code": "L"
            }
          ]
        }
      },
      "search": {
        "mode": "match"
      }
    },
    {
      "fullUrl": "http://num-fhirserver.distan.medicsh.de:8080/fhir/Observation/VIT-9aa63d465a6a0e8608b5cf28b113c64291492aae06ba1d4e7bd25554",
      "resource": {
        "resourceType": "Observation",
        "id": "VIT-9aa63d465a6a0e8608b5cf28b113c64291492aae06ba1d4e7bd25554",
        "meta": {
          "versionId": "244156712",
          "lastUpdated": "2025-03-21T21:44:52.901Z",
          "profile": [
            "https://www.medizininformatik-initiative.de/fhir/core/modul-person/StructureDefinition/Vitalstatus|2025.0.1"
          ]
        },
        "status": "final",
        "category": [
          {
            "coding": [
              {
                "system": "http://terminology.hl7.org/CodeSystem/observation-category",
                "code": "survey"
              }
            ]
          }
        ],
        "code": {
          "coding": [
            {
              "system": "http://loinc.org",
              "code": "67162-8"
            }
          ]
        },
        "subject": {
          "reference": "Patient/PID-ce196f0ea7e0a6dcdfe67fe8f18af4cc32ad437c5d6bc3c0fd85bb19"
        },
        "effectiveDateTime": "2024-07-24T16:14:00+02:00",
        "valueCodeableConcept": {
          "coding": [
            {
              "system": "https://www.medizininformatik-initiative.de/fhir/core/modul-person/CodeSystem/Vitalstatus",
              "code": "L"
            }
          ]
        }
      },
      "search": {
        "mode": "match"
      }
    },
    {
      "fullUrl": "http://num-fhirserver.distan.medicsh.de:8080/fhir/Observation/VIT-a99035e99161d63fe0aa04ebe4a58111a5cbeaf7b65ce5750781601e",
      "resource": {
        "resourceType": "Observation",
        "id": "VIT-a99035e99161d63fe0aa04ebe4a58111a5cbeaf7b65ce5750781601e",
        "meta": {
          "versionId": "107577566",
          "lastUpdated": "2025-03-14T06:17:00.698Z",
          "profile": [
            "https://www.medizininformatik-initiative.de/fhir/core/modul-person/StructureDefinition/Vitalstatus|2025.0.1"
          ]
        },
        "status": "final",
        "category": [
          {
            "coding": [
              {
                "system": "http://terminology.hl7.org/CodeSystem/observation-category",
                "code": "survey"
              }
            ]
          }
        ],
        "code": {
          "coding": [
            {
              "system": "http://loinc.org",
              "code": "67162-8"
            }
          ]
        },
        "subject": {
          "reference": "Patient/PID-ce196f0ea7e0a6dcdfe67fe8f18af4cc32ad437c5d6bc3c0fd85bb19"
        },
        "effectiveDateTime": "2017-10-19T17:51:00+02:00",
        "valueCodeableConcept": {
          "coding": [
            {
              "system": "https://www.medizininformatik-initiative.de/fhir/core/modul-person/CodeSystem/Vitalstatus",
              "code": "L"
            }
          ]
        }
      },
      "search": {
        "mode": "match"
      }
    },
    {
      "fullUrl": "http://num-fhirserver.distan.medicsh.de:8080/fhir/Observation/VIT-b817474de82fa4ae64a4a4a9629e172c21490665f18d461511bad3da",
      "resource": {
        "resourceType": "Observation",
        "id": "VIT-b817474de82fa4ae64a4a4a9629e172c21490665f18d461511bad3da",
        "meta": {
          "versionId": "107577498",
          "lastUpdated": "2025-03-14T06:17:00.545Z",
          "profile": [
            "https://www.medizininformatik-initiative.de/fhir/core/modul-person/StructureDefinition/Vitalstatus|2025.0.1"
          ]
        },
        "status": "final",
        "category": [
          {
            "coding": [
              {
                "system": "http://terminology.hl7.org/CodeSystem/observation-category",
                "code": "survey"
              }
            ]
          }
        ],
        "code": {
          "coding": [
            {
              "system": "http://loinc.org",
              "code": "67162-8"
            }
          ]
        },
        "subject": {
          "reference": "Patient/PID-ce196f0ea7e0a6dcdfe67fe8f18af4cc32ad437c5d6bc3c0fd85bb19"
        },
        "effectiveDateTime": "2010-03-09T13:14:00+01:00",
        "valueCodeableConcept": {
          "coding": [
            {
              "system": "https://www.medizininformatik-initiative.de/fhir/core/modul-person/CodeSystem/Vitalstatus",
              "code": "L"
            }
          ]
        }
      },
      "search": {
        "mode": "match"
      }
    },
    {
      "fullUrl": "http://num-fhirserver.distan.medicsh.de:8080/fhir/Observation/VIT-f31d70bb51dabb7666e7b554d0a60f7ef11b476298faff547ef9ab8d",
      "resource": {
        "resourceType": "Observation",
        "id": "VIT-f31d70bb51dabb7666e7b554d0a60f7ef11b476298faff547ef9ab8d",
        "meta": {
          "versionId": "245746677",
          "lastUpdated": "2025-03-22T08:06:43.105Z",
          "profile": [
            "https://www.medizininformatik-initiative.de/fhir/core/modul-person/StructureDefinition/Vitalstatus|2025.0.1"
          ]
        },
        "status": "final",
        "category": [
          {
            "coding": [
              {
                "system": "http://terminology.hl7.org/CodeSystem/observation-category",
                "code": "survey"
              }
            ]
          }
        ],
        "code": {
          "coding": [
            {
              "system": "http://loinc.org",
              "code": "67162-8"
            }
          ]
        },
        "subject": {
          "reference": "Patient/PID-ce196f0ea7e0a6dcdfe67fe8f18af4cc32ad437c5d6bc3c0fd85bb19"
        },
        "effectiveDateTime": "2025-01-23T11:05:00+01:00",
        "valueCodeableConcept": {
          "coding": [
            {
              "system": "https://www.medizininformatik-initiative.de/fhir/core/modul-person/CodeSystem/Vitalstatus",
              "code": "L"
            }
          ]
        }
      },
      "search": {
        "mode": "match"
      }
    },
    {
      "fullUrl": "http://num-fhirserver.distan.medicsh.de:8080/fhir/Observation/VIT-f32b1121f7032798b90b5b56a60af255f74d0f4c2d0f756f5d101042",
      "resource": {
        "resourceType": "Observation",
        "id": "VIT-f32b1121f7032798b90b5b56a60af255f74d0f4c2d0f756f5d101042",
        "meta": {
          "versionId": "107577462",
          "lastUpdated": "2025-03-14T06:17:00.463Z",
          "profile": [
            "https://www.medizininformatik-initiative.de/fhir/core/modul-person/StructureDefinition/Vitalstatus|2025.0.1"
          ]
        },
        "status": "final",
        "category": [
          {
            "coding": [
              {
                "system": "http://terminology.hl7.org/CodeSystem/observation-category",
                "code": "survey"
              }
            ]
          }
        ],
        "code": {
          "coding": [
            {
              "system": "http://loinc.org",
              "code": "67162-8"
            }
          ]
        },
        "subject": {
          "reference": "Patient/PID-ce196f0ea7e0a6dcdfe67fe8f18af4cc32ad437c5d6bc3c0fd85bb19"
        },
        "effectiveDateTime": "2010-03-10T08:52:00+01:00",
        "valueCodeableConcept": {
          "coding": [
            {
              "system": "https://www.medizininformatik-initiative.de/fhir/core/modul-person/CodeSystem/Vitalstatus",
              "code": "L"
            }
          ]
        }
      },
      "search": {
        "mode": "match"
      }
    },
    {
      "fullUrl": "http://num-fhirserver.distan.medicsh.de:8080/fhir/Observation/VIT-ff78a7fd734f6b1f6dc4671666c59cd1ecad1d568b947e7c8b04da80",
      "resource": {
        "resourceType": "Observation",
        "id": "VIT-ff78a7fd734f6b1f6dc4671666c59cd1ecad1d568b947e7c8b04da80",
        "meta": {
          "versionId": "107577609",
          "lastUpdated": "2025-03-14T06:17:00.809Z",
          "profile": [
            "https://www.medizininformatik-initiative.de/fhir/core/modul-person/StructureDefinition/Vitalstatus|2025.0.1"
          ]
        },
        "status": "final",
        "category": [
          {
            "coding": [
              {
                "system": "http://terminology.hl7.org/CodeSystem/observation-category",
                "code": "survey"
              }
            ]
          }
        ],
        "code": {
          "coding": [
            {
              "system": "http://loinc.org",
              "code": "67162-8"
            }
          ]
        },
        "subject": {
          "reference": "Patient/PID-ce196f0ea7e0a6dcdfe67fe8f18af4cc32ad437c5d6bc3c0fd85bb19"
        },
        "effectiveDateTime": "2012-02-17T14:15:00+01:00",
        "valueCodeableConcept": {
          "coding": [
            {
              "system": "https://www.medizininformatik-initiative.de/fhir/core/modul-person/CodeSystem/Vitalstatus",
              "code": "L"
            }
          ]
        }
      },
      "search": {
        "mode": "match"
      }
    },
    {
      "fullUrl": "http://num-fhirserver.distan.medicsh.de:8080/fhir/Procedure/PR-20b4c4c55578c68020c29a8f821288a6870ae57dc80a0a2fecddbf01",
      "resource": {
        "resourceType": "Procedure",
        "id": "PR-20b4c4c55578c68020c29a8f821288a6870ae57dc80a0a2fecddbf01",
        "meta": {
          "versionId": "375302347",
          "lastUpdated": "2025-10-08T17:01:34.109Z",
          "profile": [
            "https://www.medizininformatik-initiative.de/fhir/core/modul-prozedur/StructureDefinition/Procedure|2025.0.0"
          ]
        },
        "status": "completed",
        "category": {
          "coding": [
            {
              "system": "http://snomed.info/sct",
              "code": "387713003",
              "display": "Surgical procedure"
            }
          ]
        },
        "code": {
          "coding": [
            {
              "system": "http://fhir.de/CodeSystem/bfarm/ops",
              "version": "2012",
              "code": "5-515.2",
              "display": "Exzision und Resektion von erkranktem Gewebe der Gallengänge: Resektion, mit biliodigestiver Anastomose"
            }
          ]
        },
        "subject": {
          "reference": "Patient/PID-ce196f0ea7e0a6dcdfe67fe8f18af4cc32ad437c5d6bc3c0fd85bb19"
        },
        "encounter": {
          "reference": "Encounter/PV-f58293faa2b79d6fe879bf3b5df1fe7ea2791471b26804667f4a74e7"
        },
        "performedDateTime": "2013-11-01T14:29:00+01:00"
      },
      "search": {
        "mode": "match"
      }
    }
  ]
}
