{
  "resourceType": "Bundle",
  "id": "DGTUX5S4UDKBHEQT",
  "type": "searchset",
  "total": 4,
  "entry": [
    {
      "fullUrl": "http://num-fhirserver.distan.medicsh.de:8080/fhir/Patient/PID-cf19b4c7b6650120f0d9e9c3533495141fdcf240a0b7b4e948a4ea63",
      "resource": {
        "resourceType": "Patient",
        "id": "PID-cf19b4c7b6650120f0d9e9c3533495141fdcf240a0b7b4e948a4ea63",
        "meta": {
          "versionId": "242130102",
          "lastUpdated": "2025-03-21T03:40:08.457Z",
          "profile": [
            "https://www.medizininformatik-initiative.de/fhir/core/modul-person/StructureDefinition/PatientPseudonymisiert|2025.0.1"
          ]
        },
        "identifier": [
          {
            "use": "usual",
            "type": {
              "coding": [
                {
                  "system": "http://terminology.hl7.org/CodeSystem/v3-ObservationValue",
                  "code": "PSEUDED"
                }
              ]
            },
            "system": "https://www.medizininformatik-initiative.de/fhir/sid/pseudonym",
            "value": "cf19b4c7b6650120f0d9e9c3533495141fdcf240a0b7b4e948a4ea63"
          }
        ],
        "birthDate": "2023-12",
        "deceasedBoolean": true
      },
      "search": {
        "mode": "match"
      }
    },
    {
      "fullUrl": "http://num-fhirserver.distan.medicsh.de:8080/fhir/Encounter/PV-6d623d7df6257d4d812fdafb7167f923e00d064d583db7c808709f80",
      "resource": {
        "resourceType": "Encounter",
        "id": "PV-6d623d7df6257d4d812fdafb7167f923e00d064d583db7c808709f80",
        "meta": {
          "versionId": "242130103",
          "lastUpdated": "2025-03-21T03:40:08.458Z",
          "source": "http://medic.uksh.de/source/orbis/adt",
          "profile": [
            "https://www.medizininformatik-initiative.de/fhir/core/modul-fall/StructureDefinition/KontaktGesundheitseinrichtung|2025.0.0"
          ]
        },
        "identifier": [
          {
            "use": "official",
            "type": {
              "coding": [
                {
                  "system": "http://terminology.hl7.org/CodeSystem/v2-0203",
                  "code": "VN"
                }
              ]
            },
            "system": "http://medic.uksh.de/fhir/Encounter",
            "value": "6d623d7df6257d4d812fdafb7167f923e00d064d583db7c808709f80"
          }
        ],
        "status": "finished",
        "class": {
          "system": "http://terminology.hl7.org/CodeSystem/v3-ActCode",
          "code": "AMB"
        },
        "type": [
          {
            "coding": [
              {
                "system": "http://fhir.de/CodeSystem/Kontaktebene",
                "code": "einrichtungskontakt"
              }
            ]
          }
        ],
        "subject": {
          "reference": "Patient/PID-cf19b4c7b6650120f0d9e9c3533495141fdcf240a0b7b4e948a4ea63"
        },
        "period": {
          "start": "2023-12-18T11:08:00+01:00",
          "end": "2023-12-31T23:59:59+01:00"
        }
      },
      "search": {
        "mode": "match"
      }
    },
    {
      "fullUrl": "http://num-fhirserver.distan.medicsh.de:8080/fhir/Observation/VIT-4efd1ce82839865dafc6c5c1e751f71305b1f54c5bad9a403870714f",
      "resource": {
        "resourceType": "Observation",
        "id": "VIT-4efd1ce82839865dafc6c5c1e751f71305b1f54c5bad9a403870714f",
        "meta": {
          "versionId": "242130105",
          "lastUpdated": "2025-03-21T03:40:08.499Z",
          "profile": [
            "https://www.medizininformatik-initiative.de/fhir/core/modul-person/StructureDefinition/Vitalstatus|2025.0.1"
          ]
        },
        "status": "final",
        "category": [
          {
            "coding": [
              {
                "system": "http://terminology.hl7.org/CodeSystem/observation-category",
                "code": "survey"
              }
            ]
          }
        ],
        "code": {
          "coding": [
            {
              "system": "http://loinc.org",
              "code": "67162-8"
            }
          ]
        },
        "subject": {
          "reference": "Patient/PID-cf19b4c7b6650120f0d9e9c3533495141fdcf240a0b7b4e948a4ea63"
        },
        "effectiveDateTime": "2023-12-31T23:59:59+01:00",
        "valueCodeableConcept": {
          "coding": [
            {
              "system": "https://www.medizininformatik-initiative.de/fhir/core/modul-person/CodeSystem/Vitalstatus",
              "code": "L"
            }
          ]
        }
      },
      "search": {
        "mode": "match"
      }
    },
    {
      "fullUrl": "http://num-fhirserver.distan.medicsh.de:8080/fhir/Observation/VIT-ec7fc089b8b6ec0430e2449bcfdc54cecca757dad3b95e9e25bc356f",
      "resource": {
        "resourceType": "Observation",
        "id": "VIT-ec7fc089b8b6ec0430e2449bcfdc54cecca757dad3b95e9e25bc356f",
        "meta": {
          "versionId": "242130104",
          "lastUpdated": "2025-03-21T03:40:08.478Z",
          "profile": [
            "https://www.medizininformatik-initiative.de/fhir/core/modul-person/StructureDefinition/Vitalstatus|2025.0.1"
          ]
        },
        "status": "final",
        "category": [
          {
            "coding": [
              {
                "system": "http://terminology.hl7.org/CodeSystem/observation-category",
                "code": "survey"
              }
            ]
          }
        ],
        "code": {
          "coding": [
            {
              "system": "http://loinc.org",
              "code": "67162-8"
            }
          ]
        },
        "subject": {
          "reference": "Patient/PID-cf19b4c7b6650120f0d9e9c3533495141fdcf240a0b7b4e948a4ea63"
        },
        "effectiveDateTime": "2023-12-18T11:08:00+01:00",
        "valueCodeableConcept": {
          "coding": [
            {
              "system": "https://www.medizininformatik-initiative.de/fhir/core/modul-person/CodeSystem/Vitalstatus",
              "code": "L"
            }
          ]
        }
      },
      "search": {
        "mode": "match"
      }
    }
  ]
}
