{
  "resourceType": "Bundle",
  "id": "DGTUX4KWAOPOZK4B",
  "type": "searchset",
  "total": 3,
  "entry": [
    {
      "fullUrl": "http://num-fhirserver.distan.medicsh.de:8080/fhir/Patient/PID-cf3430353fd1f603ad286f79602de6a63d9f25c320db8e07654ef733",
      "resource": {
        "resourceType": "Patient",
        "id": "PID-cf3430353fd1f603ad286f79602de6a63d9f25c320db8e07654ef733",
        "meta": {
          "versionId": "117586117",
          "lastUpdated": "2025-03-14T13:40:28.591Z",
          "profile": [
            "https://www.medizininformatik-initiative.de/fhir/core/modul-person/StructureDefinition/PatientPseudonymisiert|2025.0.1"
          ]
        },
        "identifier": [
          {
            "use": "usual",
            "type": {
              "coding": [
                {
                  "system": "http://terminology.hl7.org/CodeSystem/v3-ObservationValue",
                  "code": "PSEUDED"
                }
              ]
            },
            "system": "https://www.medizininformatik-initiative.de/fhir/sid/pseudonym",
            "value": "cf3430353fd1f603ad286f79602de6a63d9f25c320db8e07654ef733"
          }
        ],
        "gender": "male",
        "birthDate": "2006-05",
        "deceasedBoolean": true
      },
      "search": {
        "mode": "match"
      }
    },
    {
      "fullUrl": "http://num-fhirserver.distan.medicsh.de:8080/fhir/Encounter/PV-a4916e3187bfe657de606cf097cd3c362b73be3c8e5579f2f7dadf4c",
      "resource": {
        "resourceType": "Encounter",
        "id": "PV-a4916e3187bfe657de606cf097cd3c362b73be3c8e5579f2f7dadf4c",
        "meta": {
          "versionId": "117585999",
          "lastUpdated": "2025-03-14T13:40:28.267Z",
          "source": "http://medic.uksh.de/source/orbis/legacy",
          "profile": [
            "https://www.medizininformatik-initiative.de/fhir/core/modul-fall/StructureDefinition/KontaktGesundheitseinrichtung|2025.0.0"
          ]
        },
        "identifier": [
          {
            "use": "official",
            "type": {
              "coding": [
                {
                  "system": "http://terminology.hl7.org/CodeSystem/v2-0203",
                  "code": "VN"
                }
              ]
            },
            "system": "http://medic.uksh.de/fhir/Encounter",
            "value": "a4916e3187bfe657de606cf097cd3c362b73be3c8e5579f2f7dadf4c"
          }
        ],
        "status": "finished",
        "class": {
          "system": "http://terminology.hl7.org/CodeSystem/v3-ActCode",
          "code": "AMB"
        },
        "type": [
          {
            "coding": [
              {
                "system": "http://fhir.de/CodeSystem/Kontaktebene",
                "code": "einrichtungskontakt"
              }
            ]
          }
        ],
        "subject": {
          "reference": "Patient/PID-cf3430353fd1f603ad286f79602de6a63d9f25c320db8e07654ef733"
        },
        "period": {
          "start": "2006-05-01T09:00:00+02:00",
          "end": "2006-06-30T23:59:59+02:00"
        }
      },
      "search": {
        "mode": "match"
      }
    },
    {
      "fullUrl": "http://num-fhirserver.distan.medicsh.de:8080/fhir/Observation/VIT-0c2073184fd46dee241074999ecac8e598f3ec7b6093d90393bde893",
      "resource": {
        "resourceType": "Observation",
        "id": "VIT-0c2073184fd46dee241074999ecac8e598f3ec7b6093d90393bde893",
        "meta": {
          "versionId": "117586009",
          "lastUpdated": "2025-03-14T13:40:28.280Z",
          "profile": [
            "https://www.medizininformatik-initiative.de/fhir/core/modul-person/StructureDefinition/Vitalstatus|2025.0.1"
          ]
        },
        "status": "final",
        "category": [
          {
            "coding": [
              {
                "system": "http://terminology.hl7.org/CodeSystem/observation-category",
                "code": "survey"
              }
            ]
          }
        ],
        "code": {
          "coding": [
            {
              "system": "http://loinc.org",
              "code": "67162-8"
            }
          ]
        },
        "subject": {
          "reference": "Patient/PID-cf3430353fd1f603ad286f79602de6a63d9f25c320db8e07654ef733"
        },
        "effectiveDateTime": "2006-05-01T09:00:00+02:00",
        "valueCodeableConcept": {
          "coding": [
            {
              "system": "https://www.medizininformatik-initiative.de/fhir/core/modul-person/CodeSystem/Vitalstatus",
              "code": "L"
            }
          ]
        }
      },
      "search": {
        "mode": "match"
      }
    }
  ]
}
