{
  "resourceType": "Bundle",
  "id": "DGTUYAJBZR26YMUU",
  "type": "searchset",
  "total": 8,
  "entry": [
    {
      "fullUrl": "http://num-fhirserver.distan.medicsh.de:8080/fhir/Patient/PID-d019b52cc99b41323a91402f1084520ec1fb27acb9ee1fa807435448",
      "resource": {
        "resourceType": "Patient",
        "id": "PID-d019b52cc99b41323a91402f1084520ec1fb27acb9ee1fa807435448",
        "meta": {
          "versionId": "234840407",
          "lastUpdated": "2025-03-19T14:05:50.225Z",
          "profile": [
            "https://www.medizininformatik-initiative.de/fhir/core/modul-person/StructureDefinition/PatientPseudonymisiert|2025.0.1"
          ]
        },
        "identifier": [
          {
            "use": "usual",
            "type": {
              "coding": [
                {
                  "system": "http://terminology.hl7.org/CodeSystem/v3-ObservationValue",
                  "code": "PSEUDED"
                }
              ]
            },
            "system": "https://www.medizininformatik-initiative.de/fhir/sid/pseudonym",
            "value": "d019b52cc99b41323a91402f1084520ec1fb27acb9ee1fa807435448"
          }
        ],
        "birthDate": "2000-01",
        "deceasedBoolean": true,
        "address": [
          {
            "type": "both",
            "postalCode": "235",
            "country": "DE"
          }
        ]
      },
      "search": {
        "mode": "match"
      }
    },
    {
      "fullUrl": "http://num-fhirserver.distan.medicsh.de:8080/fhir/Encounter/PV-63a77a05cb91eb270aa4f8d312a881893c91405e28c9ceba51f7e9d4",
      "resource": {
        "resourceType": "Encounter",
        "id": "PV-63a77a05cb91eb270aa4f8d312a881893c91405e28c9ceba51f7e9d4",
        "meta": {
          "versionId": "237078045",
          "lastUpdated": "2025-03-19T22:47:51.107Z",
          "source": "http://medic.uksh.de/source/orbis/adt",
          "profile": [
            "https://www.medizininformatik-initiative.de/fhir/core/modul-fall/StructureDefinition/KontaktGesundheitseinrichtung|2025.0.0"
          ]
        },
        "identifier": [
          {
            "use": "official",
            "type": {
              "coding": [
                {
                  "system": "http://terminology.hl7.org/CodeSystem/v2-0203",
                  "code": "VN"
                }
              ]
            },
            "system": "http://medic.uksh.de/fhir/Encounter",
            "value": "63a77a05cb91eb270aa4f8d312a881893c91405e28c9ceba51f7e9d4"
          }
        ],
        "status": "finished",
        "class": {
          "system": "http://terminology.hl7.org/CodeSystem/v3-ActCode",
          "code": "AMB"
        },
        "type": [
          {
            "coding": [
              {
                "system": "http://fhir.de/CodeSystem/Kontaktebene",
                "code": "einrichtungskontakt"
              }
            ]
          }
        ],
        "subject": {
          "reference": "Patient/PID-d019b52cc99b41323a91402f1084520ec1fb27acb9ee1fa807435448"
        },
        "period": {
          "start": "2023-02-06T10:31:00+01:00",
          "end": "2023-03-31T23:59:59+02:00"
        }
      },
      "search": {
        "mode": "match"
      }
    },
    {
      "fullUrl": "http://num-fhirserver.distan.medicsh.de:8080/fhir/Encounter/PV-AK-8a060e540dbbd419e517b969e928ca13c65fb1b3c0b87f3bf1571c41",
      "resource": {
        "resourceType": "Encounter",
        "id": "PV-AK-8a060e540dbbd419e517b969e928ca13c65fb1b3c0b87f3bf1571c41",
        "meta": {
          "versionId": "234313591",
          "lastUpdated": "2025-03-19T13:49:03.661Z",
          "source": "http://medic.uksh.de/source/orbis/adt",
          "profile": [
            "https://www.medizininformatik-initiative.de/fhir/core/modul-fall/StructureDefinition/KontaktGesundheitseinrichtung|2025.0.0"
          ]
        },
        "identifier": [
          {
            "use": "official",
            "type": {
              "coding": [
                {
                  "system": "http://terminology.hl7.org/CodeSystem/v2-0203",
                  "code": "VN"
                }
              ]
            },
            "system": "http://medic.uksh.de/fhir/Encounter",
            "value": "d0e891ed7cd84370b5cabf412ff196d8f85c71a0fb5655a50829b10d"
          },
          {
            "use": "secondary",
            "type": {
              "coding": [
                {
                  "system": "http://terminology.hl7.org/CodeSystem/v2-0203",
                  "code": "U"
                }
              ]
            },
            "system": "http://medic.uksh.de.de/fhir/Encounter/department",
            "value": "ITSG.2022-04-10T10:00:00"
          }
        ],
        "status": "in-progress",
        "class": {
          "system": "http://terminology.hl7.org/CodeSystem/v3-ActCode",
          "code": "IMP"
        },
        "type": [
          {
            "coding": [
              {
                "system": "http://fhir.de/CodeSystem/Kontaktebene",
                "code": "abteilungskontakt"
              }
            ]
          }
        ],
        "subject": {
          "reference": "Patient/PID-d019b52cc99b41323a91402f1084520ec1fb27acb9ee1fa807435448"
        },
        "period": {
          "start": "2022-04-10T10:00:00+02:00"
        },
        "location": [
          {
            "location": {
              "reference": "Location/ITSG-ITSGSTAT"
            },
            "status": "active",
            "physicalType": {
              "coding": [
                {
                  "system": "http://terminology.hl7.org/CodeSystem/location-physical-type",
                  "code": "wa"
                }
              ]
            },
            "period": {
              "start": "2022-04-10T10:00:00+02:00"
            }
          }
        ],
        "partOf": {
          "reference": "Encounter/PV-d0e891ed7cd84370b5cabf412ff196d8f85c71a0fb5655a50829b10d"
        }
      },
      "search": {
        "mode": "match"
      }
    },
    {
      "fullUrl": "http://num-fhirserver.distan.medicsh.de:8080/fhir/Encounter/PV-VK-db2d9cf213529ecaae1f53a666d8c4820aad611f53c437174207d1e6",
      "resource": {
        "resourceType": "Encounter",
        "id": "PV-VK-db2d9cf213529ecaae1f53a666d8c4820aad611f53c437174207d1e6",
        "meta": {
          "versionId": "234313584",
          "lastUpdated": "2025-03-19T13:49:03.649Z",
          "source": "http://medic.uksh.de/source/orbis/adt",
          "profile": [
            "https://www.medizininformatik-initiative.de/fhir/core/modul-fall/StructureDefinition/KontaktGesundheitseinrichtung|2025.0.0"
          ]
        },
        "identifier": [
          {
            "use": "official",
            "type": {
              "coding": [
                {
                  "system": "http://terminology.hl7.org/CodeSystem/v2-0203",
                  "code": "VN"
                }
              ]
            },
            "system": "http://medic.uksh.de/fhir/Encounter",
            "value": "d0e891ed7cd84370b5cabf412ff196d8f85c71a0fb5655a50829b10d"
          },
          {
            "use": "secondary",
            "type": {
              "coding": [
                {
                  "system": "http://terminology.hl7.org/CodeSystem/v2-0203",
                  "code": "U"
                }
              ]
            },
            "system": "http://medic.uksh.de.de/fhir/Encounter/department",
            "value": "ITSG.ITSGSTAT.2022-04-10T10:00:00"
          }
        ],
        "status": "in-progress",
        "class": {
          "system": "http://terminology.hl7.org/CodeSystem/v3-ActCode",
          "code": "IMP"
        },
        "type": [
          {
            "coding": [
              {
                "system": "http://fhir.de/CodeSystem/Kontaktebene",
                "code": "versorgungsstellenkontakt"
              }
            ]
          }
        ],
        "subject": {
          "reference": "Patient/PID-d019b52cc99b41323a91402f1084520ec1fb27acb9ee1fa807435448"
        },
        "period": {
          "start": "2022-04-10T10:00:00+02:00"
        },
        "location": [
          {
            "location": {
              "reference": "Location/ITSG-ITSGSTAT"
            },
            "status": "active",
            "physicalType": {
              "coding": [
                {
                  "system": "http://terminology.hl7.org/CodeSystem/location-physical-type",
                  "code": "wa"
                }
              ]
            },
            "period": {
              "start": "2022-04-10T10:00:00+02:00"
            }
          }
        ],
        "partOf": {
          "reference": "Encounter/PV-AK-8a060e540dbbd419e517b969e928ca13c65fb1b3c0b87f3bf1571c41"
        }
      },
      "search": {
        "mode": "match"
      }
    },
    {
      "fullUrl": "http://num-fhirserver.distan.medicsh.de:8080/fhir/Encounter/PV-d0e891ed7cd84370b5cabf412ff196d8f85c71a0fb5655a50829b10d",
      "resource": {
        "resourceType": "Encounter",
        "id": "PV-d0e891ed7cd84370b5cabf412ff196d8f85c71a0fb5655a50829b10d",
        "meta": {
          "versionId": "234313565",
          "lastUpdated": "2025-03-19T13:49:03.618Z",
          "source": "http://medic.uksh.de/source/orbis/adt",
          "profile": [
            "https://www.medizininformatik-initiative.de/fhir/core/modul-fall/StructureDefinition/KontaktGesundheitseinrichtung|2025.0.0"
          ]
        },
        "identifier": [
          {
            "use": "official",
            "type": {
              "coding": [
                {
                  "system": "http://terminology.hl7.org/CodeSystem/v2-0203",
                  "code": "VN"
                }
              ]
            },
            "system": "http://medic.uksh.de/fhir/Encounter",
            "value": "d0e891ed7cd84370b5cabf412ff196d8f85c71a0fb5655a50829b10d"
          }
        ],
        "status": "in-progress",
        "class": {
          "system": "http://terminology.hl7.org/CodeSystem/v3-ActCode",
          "code": "IMP"
        },
        "type": [
          {
            "coding": [
              {
                "system": "http://fhir.de/CodeSystem/Kontaktebene",
                "code": "einrichtungskontakt"
              }
            ]
          }
        ],
        "subject": {
          "reference": "Patient/PID-d019b52cc99b41323a91402f1084520ec1fb27acb9ee1fa807435448"
        },
        "period": {
          "start": "2022-04-10T10:00:00+02:00"
        }
      },
      "search": {
        "mode": "match"
      }
    },
    {
      "fullUrl": "http://num-fhirserver.distan.medicsh.de:8080/fhir/Observation/VIT-4a78e15c65251eec6e0b8aefdd77c4153eee4d4de7100836e892cb2f",
      "resource": {
        "resourceType": "Observation",
        "id": "VIT-4a78e15c65251eec6e0b8aefdd77c4153eee4d4de7100836e892cb2f",
        "meta": {
          "versionId": "237078047",
          "lastUpdated": "2025-03-19T22:47:51.144Z",
          "profile": [
            "https://www.medizininformatik-initiative.de/fhir/core/modul-person/StructureDefinition/Vitalstatus|2025.0.1"
          ]
        },
        "status": "final",
        "category": [
          {
            "coding": [
              {
                "system": "http://terminology.hl7.org/CodeSystem/observation-category",
                "code": "survey"
              }
            ]
          }
        ],
        "code": {
          "coding": [
            {
              "system": "http://loinc.org",
              "code": "67162-8"
            }
          ]
        },
        "subject": {
          "reference": "Patient/PID-d019b52cc99b41323a91402f1084520ec1fb27acb9ee1fa807435448"
        },
        "effectiveDateTime": "2023-03-31T23:59:59+02:00",
        "valueCodeableConcept": {
          "coding": [
            {
              "system": "https://www.medizininformatik-initiative.de/fhir/core/modul-person/CodeSystem/Vitalstatus",
              "code": "L"
            }
          ]
        }
      },
      "search": {
        "mode": "match"
      }
    },
    {
      "fullUrl": "http://num-fhirserver.distan.medicsh.de:8080/fhir/Observation/VIT-910b1e4d5ef4aaa9fca718f9496ed969b01b7d8e1997fd84d3acf992",
      "resource": {
        "resourceType": "Observation",
        "id": "VIT-910b1e4d5ef4aaa9fca718f9496ed969b01b7d8e1997fd84d3acf992",
        "meta": {
          "versionId": "234313573",
          "lastUpdated": "2025-03-19T13:49:03.635Z",
          "profile": [
            "https://www.medizininformatik-initiative.de/fhir/core/modul-person/StructureDefinition/Vitalstatus|2025.0.1"
          ]
        },
        "status": "final",
        "category": [
          {
            "coding": [
              {
                "system": "http://terminology.hl7.org/CodeSystem/observation-category",
                "code": "survey"
              }
            ]
          }
        ],
        "code": {
          "coding": [
            {
              "system": "http://loinc.org",
              "code": "67162-8"
            }
          ]
        },
        "subject": {
          "reference": "Patient/PID-d019b52cc99b41323a91402f1084520ec1fb27acb9ee1fa807435448"
        },
        "effectiveDateTime": "2022-04-10T10:00:00+02:00",
        "valueCodeableConcept": {
          "coding": [
            {
              "system": "https://www.medizininformatik-initiative.de/fhir/core/modul-person/CodeSystem/Vitalstatus",
              "code": "L"
            }
          ]
        }
      },
      "search": {
        "mode": "match"
      }
    },
    {
      "fullUrl": "http://num-fhirserver.distan.medicsh.de:8080/fhir/Observation/VIT-e322a791ca69011c7c06e4cc46ebae949f205946b1a8b8884cc82adc",
      "resource": {
        "resourceType": "Observation",
        "id": "VIT-e322a791ca69011c7c06e4cc46ebae949f205946b1a8b8884cc82adc",
        "meta": {
          "versionId": "237078046",
          "lastUpdated": "2025-03-19T22:47:51.125Z",
          "profile": [
            "https://www.medizininformatik-initiative.de/fhir/core/modul-person/StructureDefinition/Vitalstatus|2025.0.1"
          ]
        },
        "status": "final",
        "category": [
          {
            "coding": [
              {
                "system": "http://terminology.hl7.org/CodeSystem/observation-category",
                "code": "survey"
              }
            ]
          }
        ],
        "code": {
          "coding": [
            {
              "system": "http://loinc.org",
              "code": "67162-8"
            }
          ]
        },
        "subject": {
          "reference": "Patient/PID-d019b52cc99b41323a91402f1084520ec1fb27acb9ee1fa807435448"
        },
        "effectiveDateTime": "2023-02-06T10:31:00+01:00",
        "valueCodeableConcept": {
          "coding": [
            {
              "system": "https://www.medizininformatik-initiative.de/fhir/core/modul-person/CodeSystem/Vitalstatus",
              "code": "L"
            }
          ]
        }
      },
      "search": {
        "mode": "match"
      }
    }
  ]
}
