{
  "resourceType": "Bundle",
  "id": "DGTUYARN4G6GTF2A",
  "type": "searchset",
  "total": 5,
  "entry": [
    {
      "fullUrl": "http://num-fhirserver.distan.medicsh.de:8080/fhir/Patient/PID-d142f2a6401fa5b3e041cd835778d8a668dae7d1904d3e1bde7650cf",
      "resource": {
        "resourceType": "Patient",
        "id": "PID-d142f2a6401fa5b3e041cd835778d8a668dae7d1904d3e1bde7650cf",
        "meta": {
          "versionId": "179374561",
          "lastUpdated": "2025-03-17T16:58:47.672Z",
          "profile": [
            "https://www.medizininformatik-initiative.de/fhir/core/modul-person/StructureDefinition/PatientPseudonymisiert|2025.0.1"
          ]
        },
        "identifier": [
          {
            "use": "usual",
            "type": {
              "coding": [
                {
                  "system": "http://terminology.hl7.org/CodeSystem/v3-ObservationValue",
                  "code": "PSEUDED"
                }
              ]
            },
            "system": "https://www.medizininformatik-initiative.de/fhir/sid/pseudonym",
            "value": "d142f2a6401fa5b3e041cd835778d8a668dae7d1904d3e1bde7650cf"
          }
        ],
        "gender": "female",
        "birthDate": "2014-03",
        "deceasedBoolean": true
      },
      "search": {
        "mode": "match"
      }
    },
    {
      "fullUrl": "http://num-fhirserver.distan.medicsh.de:8080/fhir/Encounter/PV-c4831ac0bf7e3ad95140f1cad83644f33261b84a6ad29a964fd5b7b9",
      "resource": {
        "resourceType": "Encounter",
        "id": "PV-c4831ac0bf7e3ad95140f1cad83644f33261b84a6ad29a964fd5b7b9",
        "meta": {
          "versionId": "179375208",
          "lastUpdated": "2025-03-17T16:58:48.852Z",
          "source": "http://medic.uksh.de/source/orbis/legacy",
          "profile": [
            "https://www.medizininformatik-initiative.de/fhir/core/modul-fall/StructureDefinition/KontaktGesundheitseinrichtung|2025.0.0"
          ]
        },
        "identifier": [
          {
            "use": "official",
            "type": {
              "coding": [
                {
                  "system": "http://terminology.hl7.org/CodeSystem/v2-0203",
                  "code": "VN"
                }
              ]
            },
            "system": "http://medic.uksh.de/fhir/Encounter",
            "value": "c4831ac0bf7e3ad95140f1cad83644f33261b84a6ad29a964fd5b7b9"
          }
        ],
        "status": "finished",
        "class": {
          "system": "http://terminology.hl7.org/CodeSystem/v3-ActCode",
          "code": "AMB"
        },
        "type": [
          {
            "coding": [
              {
                "system": "http://fhir.de/CodeSystem/Kontaktebene",
                "code": "einrichtungskontakt"
              }
            ]
          }
        ],
        "subject": {
          "reference": "Patient/PID-d142f2a6401fa5b3e041cd835778d8a668dae7d1904d3e1bde7650cf"
        },
        "period": {
          "start": "2015-08-15T07:43:00+02:00",
          "end": "2015-09-30T23:59:59+02:00"
        },
        "hospitalization": {
          "admitSource": {
            "coding": [
              {
                "system": "http://fhir.de/CodeSystem/dgkev/Aufnahmeanlass",
                "code": "E"
              }
            ]
          }
        }
      },
      "search": {
        "mode": "match"
      }
    },
    {
      "fullUrl": "http://num-fhirserver.distan.medicsh.de:8080/fhir/Encounter/PV-d5b2b1af5b537c99a5c5ce5a5a4e798d9229bc0646ebf08ef36a765c",
      "resource": {
        "resourceType": "Encounter",
        "id": "PV-d5b2b1af5b537c99a5c5ce5a5a4e798d9229bc0646ebf08ef36a765c",
        "meta": {
          "versionId": "179374749",
          "lastUpdated": "2025-03-17T16:58:48.044Z",
          "source": "http://medic.uksh.de/source/orbis/legacy",
          "profile": [
            "https://www.medizininformatik-initiative.de/fhir/core/modul-fall/StructureDefinition/KontaktGesundheitseinrichtung|2025.0.0"
          ]
        },
        "identifier": [
          {
            "use": "official",
            "type": {
              "coding": [
                {
                  "system": "http://terminology.hl7.org/CodeSystem/v2-0203",
                  "code": "VN"
                }
              ]
            },
            "system": "http://medic.uksh.de/fhir/Encounter",
            "value": "d5b2b1af5b537c99a5c5ce5a5a4e798d9229bc0646ebf08ef36a765c"
          }
        ],
        "status": "finished",
        "class": {
          "system": "http://terminology.hl7.org/CodeSystem/v3-ActCode",
          "code": "AMB"
        },
        "type": [
          {
            "coding": [
              {
                "system": "http://fhir.de/CodeSystem/Kontaktebene",
                "code": "einrichtungskontakt"
              }
            ]
          }
        ],
        "subject": {
          "reference": "Patient/PID-d142f2a6401fa5b3e041cd835778d8a668dae7d1904d3e1bde7650cf"
        },
        "period": {
          "start": "2014-03-22T20:44:00+01:00",
          "end": "2014-03-31T23:59:59+02:00"
        },
        "hospitalization": {
          "admitSource": {
            "coding": [
              {
                "system": "http://fhir.de/CodeSystem/dgkev/Aufnahmeanlass",
                "code": "E"
              }
            ]
          }
        }
      },
      "search": {
        "mode": "match"
      }
    },
    {
      "fullUrl": "http://num-fhirserver.distan.medicsh.de:8080/fhir/Observation/VIT-500b490c5d78c64850add701e9d27ef0dcb1823f0e3a2a4fc39a9891",
      "resource": {
        "resourceType": "Observation",
        "id": "VIT-500b490c5d78c64850add701e9d27ef0dcb1823f0e3a2a4fc39a9891",
        "meta": {
          "versionId": "179374767",
          "lastUpdated": "2025-03-17T16:58:48.077Z",
          "profile": [
            "https://www.medizininformatik-initiative.de/fhir/core/modul-person/StructureDefinition/Vitalstatus|2025.0.1"
          ]
        },
        "status": "final",
        "category": [
          {
            "coding": [
              {
                "system": "http://terminology.hl7.org/CodeSystem/observation-category",
                "code": "survey"
              }
            ]
          }
        ],
        "code": {
          "coding": [
            {
              "system": "http://loinc.org",
              "code": "67162-8"
            }
          ]
        },
        "subject": {
          "reference": "Patient/PID-d142f2a6401fa5b3e041cd835778d8a668dae7d1904d3e1bde7650cf"
        },
        "effectiveDateTime": "2014-03-22T20:44:00+01:00",
        "valueCodeableConcept": {
          "coding": [
            {
              "system": "https://www.medizininformatik-initiative.de/fhir/core/modul-person/CodeSystem/Vitalstatus",
              "code": "L"
            }
          ]
        }
      },
      "search": {
        "mode": "match"
      }
    },
    {
      "fullUrl": "http://num-fhirserver.distan.medicsh.de:8080/fhir/Observation/VIT-f6eee50ca84f834369c766264254e9edc6b86e82578b4d5af53324d6",
      "resource": {
        "resourceType": "Observation",
        "id": "VIT-f6eee50ca84f834369c766264254e9edc6b86e82578b4d5af53324d6",
        "meta": {
          "versionId": "179375221",
          "lastUpdated": "2025-03-17T16:58:48.875Z",
          "profile": [
            "https://www.medizininformatik-initiative.de/fhir/core/modul-person/StructureDefinition/Vitalstatus|2025.0.1"
          ]
        },
        "status": "final",
        "category": [
          {
            "coding": [
              {
                "system": "http://terminology.hl7.org/CodeSystem/observation-category",
                "code": "survey"
              }
            ]
          }
        ],
        "code": {
          "coding": [
            {
              "system": "http://loinc.org",
              "code": "67162-8"
            }
          ]
        },
        "subject": {
          "reference": "Patient/PID-d142f2a6401fa5b3e041cd835778d8a668dae7d1904d3e1bde7650cf"
        },
        "effectiveDateTime": "2015-08-15T07:43:00+02:00",
        "valueCodeableConcept": {
          "coding": [
            {
              "system": "https://www.medizininformatik-initiative.de/fhir/core/modul-person/CodeSystem/Vitalstatus",
              "code": "L"
            }
          ]
        }
      },
      "search": {
        "mode": "match"
      }
    }
  ]
}
