{
  "resourceType": "Bundle",
  "id": "DGTUYAVXSMBPEPH7",
  "type": "searchset",
  "total": 3,
  "entry": [
    {
      "fullUrl": "http://num-fhirserver.distan.medicsh.de:8080/fhir/Patient/PID-d1b43867923381b2e3cc2a9fe5d84e9c7b091ff64eb4cf2931f19405",
      "resource": {
        "resourceType": "Patient",
        "id": "PID-d1b43867923381b2e3cc2a9fe5d84e9c7b091ff64eb4cf2931f19405",
        "meta": {
          "versionId": "131635527",
          "lastUpdated": "2025-03-14T23:29:44.061Z",
          "profile": [
            "https://www.medizininformatik-initiative.de/fhir/core/modul-person/StructureDefinition/PatientPseudonymisiert|2025.0.1"
          ]
        },
        "identifier": [
          {
            "use": "usual",
            "type": {
              "coding": [
                {
                  "system": "http://terminology.hl7.org/CodeSystem/v3-ObservationValue",
                  "code": "PSEUDED"
                }
              ]
            },
            "system": "https://www.medizininformatik-initiative.de/fhir/sid/pseudonym",
            "value": "d1b43867923381b2e3cc2a9fe5d84e9c7b091ff64eb4cf2931f19405"
          }
        ],
        "gender": "male",
        "birthDate": "1990-01",
        "deceasedBoolean": true
      },
      "search": {
        "mode": "match"
      }
    },
    {
      "fullUrl": "http://num-fhirserver.distan.medicsh.de:8080/fhir/Encounter/PV-d5c055aea6dee652d67b9f7f817c83971b1482e06d1621b7288b09a6",
      "resource": {
        "resourceType": "Encounter",
        "id": "PV-d5c055aea6dee652d67b9f7f817c83971b1482e06d1621b7288b09a6",
        "meta": {
          "versionId": "131636057",
          "lastUpdated": "2025-03-14T23:29:44.981Z",
          "source": "http://medic.uksh.de/source/orbis/legacy",
          "profile": [
            "https://www.medizininformatik-initiative.de/fhir/core/modul-fall/StructureDefinition/KontaktGesundheitseinrichtung|2025.0.0"
          ]
        },
        "identifier": [
          {
            "use": "official",
            "type": {
              "coding": [
                {
                  "system": "http://terminology.hl7.org/CodeSystem/v2-0203",
                  "code": "VN"
                }
              ]
            },
            "system": "http://medic.uksh.de/fhir/Encounter",
            "value": "d5c055aea6dee652d67b9f7f817c83971b1482e06d1621b7288b09a6"
          }
        ],
        "status": "finished",
        "class": {
          "system": "http://terminology.hl7.org/CodeSystem/v3-ActCode",
          "code": "AMB"
        },
        "type": [
          {
            "coding": [
              {
                "system": "http://fhir.de/CodeSystem/Kontaktebene",
                "code": "einrichtungskontakt"
              }
            ]
          }
        ],
        "subject": {
          "reference": "Patient/PID-d1b43867923381b2e3cc2a9fe5d84e9c7b091ff64eb4cf2931f19405"
        },
        "period": {
          "start": "2017-09-01T07:42:00+02:00",
          "end": "2017-09-30T23:59:59+02:00"
        },
        "hospitalization": {
          "admitSource": {
            "coding": [
              {
                "system": "http://fhir.de/CodeSystem/dgkev/Aufnahmeanlass",
                "code": "E"
              }
            ]
          }
        }
      },
      "search": {
        "mode": "match"
      }
    },
    {
      "fullUrl": "http://num-fhirserver.distan.medicsh.de:8080/fhir/Observation/VIT-90af5f81665851b197b5dfedb0b220a345e3c41ecd10c99bd6924f15",
      "resource": {
        "resourceType": "Observation",
        "id": "VIT-90af5f81665851b197b5dfedb0b220a345e3c41ecd10c99bd6924f15",
        "meta": {
          "versionId": "131636068",
          "lastUpdated": "2025-03-14T23:29:45.002Z",
          "profile": [
            "https://www.medizininformatik-initiative.de/fhir/core/modul-person/StructureDefinition/Vitalstatus|2025.0.1"
          ]
        },
        "status": "final",
        "category": [
          {
            "coding": [
              {
                "system": "http://terminology.hl7.org/CodeSystem/observation-category",
                "code": "survey"
              }
            ]
          }
        ],
        "code": {
          "coding": [
            {
              "system": "http://loinc.org",
              "code": "67162-8"
            }
          ]
        },
        "subject": {
          "reference": "Patient/PID-d1b43867923381b2e3cc2a9fe5d84e9c7b091ff64eb4cf2931f19405"
        },
        "effectiveDateTime": "2017-09-01T07:42:00+02:00",
        "valueCodeableConcept": {
          "coding": [
            {
              "system": "https://www.medizininformatik-initiative.de/fhir/core/modul-person/CodeSystem/Vitalstatus",
              "code": "L"
            }
          ]
        }
      },
      "search": {
        "mode": "match"
      }
    }
  ]
}
