{
  "resourceType": "Bundle",
  "id": "DGTUYAOWZXKEAOEG",
  "type": "searchset",
  "total": 58,
  "entry": [
    {
      "fullUrl": "http://num-fhirserver.distan.medicsh.de:8080/fhir/Patient/PID-d2bc6677ded418c11fdd1e0d21237e2c89d75d7327acc78c93d96711",
      "resource": {
        "resourceType": "Patient",
        "id": "PID-d2bc6677ded418c11fdd1e0d21237e2c89d75d7327acc78c93d96711",
        "meta": {
          "versionId": "164203198",
          "lastUpdated": "2025-03-16T07:25:57.677Z",
          "profile": [
            "https://www.medizininformatik-initiative.de/fhir/core/modul-person/StructureDefinition/PatientPseudonymisiert|2025.0.1"
          ]
        },
        "identifier": [
          {
            "use": "usual",
            "type": {
              "coding": [
                {
                  "system": "http://terminology.hl7.org/CodeSystem/v3-ObservationValue",
                  "code": "PSEUDED"
                }
              ]
            },
            "system": "https://www.medizininformatik-initiative.de/fhir/sid/pseudonym",
            "value": "d2bc6677ded418c11fdd1e0d21237e2c89d75d7327acc78c93d96711"
          }
        ],
        "gender": "male",
        "birthDate": "2009-01",
        "deceasedBoolean": true,
        "address": [
          {
            "type": "both",
            "postalCode": "241",
            "country": "DE"
          }
        ]
      },
      "search": {
        "mode": "match"
      }
    },
    {
      "fullUrl": "http://num-fhirserver.distan.medicsh.de:8080/fhir/Encounter/PV-15beedafe63ce93c67438668c707022b403a63376b889dfa4f0b24d4",
      "resource": {
        "resourceType": "Encounter",
        "id": "PV-15beedafe63ce93c67438668c707022b403a63376b889dfa4f0b24d4",
        "meta": {
          "versionId": "164203230",
          "lastUpdated": "2025-03-16T07:25:57.858Z",
          "source": "http://medic.uksh.de/source/orbis/legacy",
          "profile": [
            "https://www.medizininformatik-initiative.de/fhir/core/modul-fall/StructureDefinition/KontaktGesundheitseinrichtung|2025.0.0"
          ]
        },
        "identifier": [
          {
            "use": "official",
            "type": {
              "coding": [
                {
                  "system": "http://terminology.hl7.org/CodeSystem/v2-0203",
                  "code": "VN"
                }
              ]
            },
            "system": "http://medic.uksh.de/fhir/Encounter",
            "value": "15beedafe63ce93c67438668c707022b403a63376b889dfa4f0b24d4"
          }
        ],
        "status": "finished",
        "class": {
          "system": "http://terminology.hl7.org/CodeSystem/v3-ActCode",
          "code": "AMB"
        },
        "type": [
          {
            "coding": [
              {
                "system": "http://fhir.de/CodeSystem/Kontaktebene",
                "code": "einrichtungskontakt"
              }
            ]
          }
        ],
        "subject": {
          "reference": "Patient/PID-d2bc6677ded418c11fdd1e0d21237e2c89d75d7327acc78c93d96711"
        },
        "period": {
          "start": "2009-09-25T13:43:00+02:00",
          "end": "2009-09-30T23:59:59+02:00"
        },
        "hospitalization": {
          "admitSource": {
            "coding": [
              {
                "system": "http://fhir.de/CodeSystem/dgkev/Aufnahmeanlass",
                "code": "E"
              }
            ]
          }
        }
      },
      "search": {
        "mode": "match"
      }
    },
    {
      "fullUrl": "http://num-fhirserver.distan.medicsh.de:8080/fhir/Encounter/PV-1655afb27bbcb454cce7fa6d67f9a00c3db4da15e63dc3a65235c784",
      "resource": {
        "resourceType": "Encounter",
        "id": "PV-1655afb27bbcb454cce7fa6d67f9a00c3db4da15e63dc3a65235c784",
        "meta": {
          "versionId": "164203190",
          "lastUpdated": "2025-03-16T07:25:57.624Z",
          "source": "http://medic.uksh.de/source/orbis/legacy",
          "profile": [
            "https://www.medizininformatik-initiative.de/fhir/core/modul-fall/StructureDefinition/KontaktGesundheitseinrichtung|2025.0.0"
          ]
        },
        "identifier": [
          {
            "use": "official",
            "type": {
              "coding": [
                {
                  "system": "http://terminology.hl7.org/CodeSystem/v2-0203",
                  "code": "VN"
                }
              ]
            },
            "system": "http://medic.uksh.de/fhir/Encounter",
            "value": "1655afb27bbcb454cce7fa6d67f9a00c3db4da15e63dc3a65235c784"
          }
        ],
        "status": "finished",
        "class": {
          "system": "http://terminology.hl7.org/CodeSystem/v3-ActCode",
          "code": "AMB"
        },
        "type": [
          {
            "coding": [
              {
                "system": "http://fhir.de/CodeSystem/Kontaktebene",
                "code": "einrichtungskontakt"
              }
            ]
          }
        ],
        "subject": {
          "reference": "Patient/PID-d2bc6677ded418c11fdd1e0d21237e2c89d75d7327acc78c93d96711"
        },
        "period": {
          "start": "2014-05-28T10:37:00+02:00",
          "end": "2014-06-30T23:59:59+02:00"
        },
        "hospitalization": {
          "admitSource": {
            "coding": [
              {
                "system": "http://fhir.de/CodeSystem/dgkev/Aufnahmeanlass",
                "code": "E"
              }
            ]
          }
        }
      },
      "search": {
        "mode": "match"
      }
    },
    {
      "fullUrl": "http://num-fhirserver.distan.medicsh.de:8080/fhir/Encounter/PV-26b6dbae40e3da0a8f2034f44484d8185e4d0fb95d378de0de366ba2",
      "resource": {
        "resourceType": "Encounter",
        "id": "PV-26b6dbae40e3da0a8f2034f44484d8185e4d0fb95d378de0de366ba2",
        "meta": {
          "versionId": "164203189",
          "lastUpdated": "2025-03-16T07:25:57.611Z",
          "source": "http://medic.uksh.de/source/orbis/legacy",
          "profile": [
            "https://www.medizininformatik-initiative.de/fhir/core/modul-fall/StructureDefinition/KontaktGesundheitseinrichtung|2025.0.0"
          ]
        },
        "identifier": [
          {
            "use": "official",
            "type": {
              "coding": [
                {
                  "system": "http://terminology.hl7.org/CodeSystem/v2-0203",
                  "code": "VN"
                }
              ]
            },
            "system": "http://medic.uksh.de/fhir/Encounter",
            "value": "26b6dbae40e3da0a8f2034f44484d8185e4d0fb95d378de0de366ba2"
          }
        ],
        "status": "finished",
        "class": {
          "system": "http://terminology.hl7.org/CodeSystem/v3-ActCode",
          "code": "AMB"
        },
        "type": [
          {
            "coding": [
              {
                "system": "http://fhir.de/CodeSystem/Kontaktebene",
                "code": "einrichtungskontakt"
              }
            ]
          }
        ],
        "subject": {
          "reference": "Patient/PID-d2bc6677ded418c11fdd1e0d21237e2c89d75d7327acc78c93d96711"
        },
        "period": {
          "start": "2015-10-01T14:44:00+02:00",
          "end": "2015-12-31T23:59:59+01:00"
        },
        "hospitalization": {
          "admitSource": {
            "coding": [
              {
                "system": "http://fhir.de/CodeSystem/dgkev/Aufnahmeanlass",
                "code": "E"
              }
            ]
          }
        }
      },
      "search": {
        "mode": "match"
      }
    },
    {
      "fullUrl": "http://num-fhirserver.distan.medicsh.de:8080/fhir/Encounter/PV-5306d45b624bf354554490f0beb45d4f9f9b85d149e3cf86bc20e3e5",
      "resource": {
        "resourceType": "Encounter",
        "id": "PV-5306d45b624bf354554490f0beb45d4f9f9b85d149e3cf86bc20e3e5",
        "meta": {
          "versionId": "164203242",
          "lastUpdated": "2025-03-16T07:25:57.908Z",
          "source": "http://medic.uksh.de/source/orbis/legacy",
          "profile": [
            "https://www.medizininformatik-initiative.de/fhir/core/modul-fall/StructureDefinition/KontaktGesundheitseinrichtung|2025.0.0"
          ]
        },
        "identifier": [
          {
            "use": "official",
            "type": {
              "coding": [
                {
                  "system": "http://terminology.hl7.org/CodeSystem/v2-0203",
                  "code": "VN"
                }
              ]
            },
            "system": "http://medic.uksh.de/fhir/Encounter",
            "value": "5306d45b624bf354554490f0beb45d4f9f9b85d149e3cf86bc20e3e5"
          }
        ],
        "status": "finished",
        "class": {
          "system": "http://terminology.hl7.org/CodeSystem/v3-ActCode",
          "code": "AMB"
        },
        "type": [
          {
            "coding": [
              {
                "system": "http://fhir.de/CodeSystem/Kontaktebene",
                "code": "einrichtungskontakt"
              }
            ]
          }
        ],
        "subject": {
          "reference": "Patient/PID-d2bc6677ded418c11fdd1e0d21237e2c89d75d7327acc78c93d96711"
        },
        "period": {
          "start": "2009-09-04T15:15:00+02:00",
          "end": "2009-09-30T23:59:59+02:00"
        },
        "hospitalization": {
          "admitSource": {
            "coding": [
              {
                "system": "http://fhir.de/CodeSystem/dgkev/Aufnahmeanlass",
                "code": "E"
              }
            ]
          }
        }
      },
      "search": {
        "mode": "match"
      }
    },
    {
      "fullUrl": "http://num-fhirserver.distan.medicsh.de:8080/fhir/Encounter/PV-5a460f4ac986391b0c4f611b14db9fc0deae6b97d7bed444501c5ddf",
      "resource": {
        "resourceType": "Encounter",
        "id": "PV-5a460f4ac986391b0c4f611b14db9fc0deae6b97d7bed444501c5ddf",
        "meta": {
          "versionId": "164203227",
          "lastUpdated": "2025-03-16T07:25:57.841Z",
          "source": "http://medic.uksh.de/source/orbis/legacy",
          "profile": [
            "https://www.medizininformatik-initiative.de/fhir/core/modul-fall/StructureDefinition/KontaktGesundheitseinrichtung|2025.0.0"
          ]
        },
        "identifier": [
          {
            "use": "official",
            "type": {
              "coding": [
                {
                  "system": "http://terminology.hl7.org/CodeSystem/v2-0203",
                  "code": "VN"
                }
              ]
            },
            "system": "http://medic.uksh.de/fhir/Encounter",
            "value": "5a460f4ac986391b0c4f611b14db9fc0deae6b97d7bed444501c5ddf"
          }
        ],
        "status": "finished",
        "class": {
          "system": "http://terminology.hl7.org/CodeSystem/v3-ActCode",
          "code": "AMB"
        },
        "type": [
          {
            "coding": [
              {
                "system": "http://fhir.de/CodeSystem/Kontaktebene",
                "code": "einrichtungskontakt"
              }
            ]
          }
        ],
        "subject": {
          "reference": "Patient/PID-d2bc6677ded418c11fdd1e0d21237e2c89d75d7327acc78c93d96711"
        },
        "period": {
          "start": "2009-08-12T12:59:00+02:00",
          "end": "2009-09-30T23:59:59+02:00"
        },
        "hospitalization": {
          "admitSource": {
            "coding": [
              {
                "system": "http://fhir.de/CodeSystem/dgkev/Aufnahmeanlass",
                "code": "E"
              }
            ]
          }
        }
      },
      "search": {
        "mode": "match"
      }
    },
    {
      "fullUrl": "http://num-fhirserver.distan.medicsh.de:8080/fhir/Encounter/PV-5c3cc02c9d6b58656e50cd639b8051d3a3f3e4399af0a4a7a1695c26",
      "resource": {
        "resourceType": "Encounter",
        "id": "PV-5c3cc02c9d6b58656e50cd639b8051d3a3f3e4399af0a4a7a1695c26",
        "meta": {
          "versionId": "164203226",
          "lastUpdated": "2025-03-16T07:25:57.841Z",
          "source": "http://medic.uksh.de/source/orbis/legacy",
          "profile": [
            "https://www.medizininformatik-initiative.de/fhir/core/modul-fall/StructureDefinition/KontaktGesundheitseinrichtung|2025.0.0"
          ]
        },
        "identifier": [
          {
            "use": "official",
            "type": {
              "coding": [
                {
                  "system": "http://terminology.hl7.org/CodeSystem/v2-0203",
                  "code": "VN"
                }
              ]
            },
            "system": "http://medic.uksh.de/fhir/Encounter",
            "value": "5c3cc02c9d6b58656e50cd639b8051d3a3f3e4399af0a4a7a1695c26"
          }
        ],
        "status": "finished",
        "class": {
          "system": "http://terminology.hl7.org/CodeSystem/v3-ActCode",
          "code": "AMB"
        },
        "type": [
          {
            "coding": [
              {
                "system": "http://fhir.de/CodeSystem/Kontaktebene",
                "code": "einrichtungskontakt"
              }
            ]
          }
        ],
        "subject": {
          "reference": "Patient/PID-d2bc6677ded418c11fdd1e0d21237e2c89d75d7327acc78c93d96711"
        },
        "period": {
          "start": "2010-05-01T09:53:00+02:00",
          "end": "2010-06-30T23:59:59+02:00"
        },
        "hospitalization": {
          "admitSource": {
            "coding": [
              {
                "system": "http://fhir.de/CodeSystem/dgkev/Aufnahmeanlass",
                "code": "E"
              }
            ]
          }
        }
      },
      "search": {
        "mode": "match"
      }
    },
    {
      "fullUrl": "http://num-fhirserver.distan.medicsh.de:8080/fhir/Encounter/PV-65c9156063435ad025694394554fa8bc17f48f5d3a30e8b725308c71",
      "resource": {
        "resourceType": "Encounter",
        "id": "PV-65c9156063435ad025694394554fa8bc17f48f5d3a30e8b725308c71",
        "meta": {
          "versionId": "164203232",
          "lastUpdated": "2025-03-16T07:25:57.859Z",
          "source": "http://medic.uksh.de/source/orbis/legacy",
          "profile": [
            "https://www.medizininformatik-initiative.de/fhir/core/modul-fall/StructureDefinition/KontaktGesundheitseinrichtung|2025.0.0"
          ]
        },
        "identifier": [
          {
            "use": "official",
            "type": {
              "coding": [
                {
                  "system": "http://terminology.hl7.org/CodeSystem/v2-0203",
                  "code": "VN"
                }
              ]
            },
            "system": "http://medic.uksh.de/fhir/Encounter",
            "value": "65c9156063435ad025694394554fa8bc17f48f5d3a30e8b725308c71"
          }
        ],
        "status": "finished",
        "class": {
          "system": "http://terminology.hl7.org/CodeSystem/v3-ActCode",
          "code": "AMB"
        },
        "type": [
          {
            "coding": [
              {
                "system": "http://fhir.de/CodeSystem/Kontaktebene",
                "code": "einrichtungskontakt"
              }
            ]
          }
        ],
        "subject": {
          "reference": "Patient/PID-d2bc6677ded418c11fdd1e0d21237e2c89d75d7327acc78c93d96711"
        },
        "period": {
          "start": "2009-07-01T09:55:00+02:00",
          "end": "2009-09-30T23:59:59+02:00"
        },
        "hospitalization": {
          "admitSource": {
            "coding": [
              {
                "system": "http://fhir.de/CodeSystem/dgkev/Aufnahmeanlass",
                "code": "E"
              }
            ]
          }
        }
      },
      "search": {
        "mode": "match"
      }
    },
    {
      "fullUrl": "http://num-fhirserver.distan.medicsh.de:8080/fhir/Encounter/PV-7dee94bb2410ec8a45c4f99cd67ef7deee557eafa0406f95a0153446",
      "resource": {
        "resourceType": "Encounter",
        "id": "PV-7dee94bb2410ec8a45c4f99cd67ef7deee557eafa0406f95a0153446",
        "meta": {
          "versionId": "164203202",
          "lastUpdated": "2025-03-16T07:25:57.713Z",
          "source": "http://medic.uksh.de/source/orbis/legacy",
          "profile": [
            "https://www.medizininformatik-initiative.de/fhir/core/modul-fall/StructureDefinition/KontaktGesundheitseinrichtung|2025.0.0"
          ]
        },
        "identifier": [
          {
            "use": "official",
            "type": {
              "coding": [
                {
                  "system": "http://terminology.hl7.org/CodeSystem/v2-0203",
                  "code": "VN"
                }
              ]
            },
            "system": "http://medic.uksh.de/fhir/Encounter",
            "value": "7dee94bb2410ec8a45c4f99cd67ef7deee557eafa0406f95a0153446"
          }
        ],
        "status": "finished",
        "class": {
          "system": "http://terminology.hl7.org/CodeSystem/v3-ActCode",
          "code": "AMB"
        },
        "type": [
          {
            "coding": [
              {
                "system": "http://fhir.de/CodeSystem/Kontaktebene",
                "code": "einrichtungskontakt"
              }
            ]
          }
        ],
        "subject": {
          "reference": "Patient/PID-d2bc6677ded418c11fdd1e0d21237e2c89d75d7327acc78c93d96711"
        },
        "period": {
          "start": "2011-04-04T10:45:00+02:00",
          "end": "2011-06-30T23:59:59+02:00"
        },
        "hospitalization": {
          "admitSource": {
            "coding": [
              {
                "system": "http://fhir.de/CodeSystem/dgkev/Aufnahmeanlass",
                "code": "E"
              }
            ]
          }
        }
      },
      "search": {
        "mode": "match"
      }
    },
    {
      "fullUrl": "http://num-fhirserver.distan.medicsh.de:8080/fhir/Encounter/PV-7f4f8928ff7a250a7a83f0d2679a892c72da34790596fff03c8d94a3",
      "resource": {
        "resourceType": "Encounter",
        "id": "PV-7f4f8928ff7a250a7a83f0d2679a892c72da34790596fff03c8d94a3",
        "meta": {
          "versionId": "164203207",
          "lastUpdated": "2025-03-16T07:25:57.756Z",
          "source": "http://medic.uksh.de/source/orbis/legacy",
          "profile": [
            "https://www.medizininformatik-initiative.de/fhir/core/modul-fall/StructureDefinition/KontaktGesundheitseinrichtung|2025.0.0"
          ]
        },
        "identifier": [
          {
            "use": "official",
            "type": {
              "coding": [
                {
                  "system": "http://terminology.hl7.org/CodeSystem/v2-0203",
                  "code": "VN"
                }
              ]
            },
            "system": "http://medic.uksh.de/fhir/Encounter",
            "value": "7f4f8928ff7a250a7a83f0d2679a892c72da34790596fff03c8d94a3"
          }
        ],
        "status": "finished",
        "class": {
          "system": "http://terminology.hl7.org/CodeSystem/v3-ActCode",
          "code": "AMB"
        },
        "type": [
          {
            "coding": [
              {
                "system": "http://fhir.de/CodeSystem/Kontaktebene",
                "code": "einrichtungskontakt"
              }
            ]
          }
        ],
        "subject": {
          "reference": "Patient/PID-d2bc6677ded418c11fdd1e0d21237e2c89d75d7327acc78c93d96711"
        },
        "period": {
          "start": "2010-01-05T16:09:00+01:00",
          "end": "2010-03-31T23:59:59+02:00"
        },
        "hospitalization": {
          "admitSource": {
            "coding": [
              {
                "system": "http://fhir.de/CodeSystem/dgkev/Aufnahmeanlass",
                "code": "E"
              }
            ]
          }
        }
      },
      "search": {
        "mode": "match"
      }
    },
    {
      "fullUrl": "http://num-fhirserver.distan.medicsh.de:8080/fhir/Encounter/PV-8553f5c5079aa7786a2cca8322d7d214a0a77a64e7f7dbd1769fd870",
      "resource": {
        "resourceType": "Encounter",
        "id": "PV-8553f5c5079aa7786a2cca8322d7d214a0a77a64e7f7dbd1769fd870",
        "meta": {
          "versionId": "164203185",
          "lastUpdated": "2025-03-16T07:25:57.589Z",
          "source": "http://medic.uksh.de/source/orbis/legacy",
          "profile": [
            "https://www.medizininformatik-initiative.de/fhir/core/modul-fall/StructureDefinition/KontaktGesundheitseinrichtung|2025.0.0"
          ]
        },
        "identifier": [
          {
            "use": "official",
            "type": {
              "coding": [
                {
                  "system": "http://terminology.hl7.org/CodeSystem/v2-0203",
                  "code": "VN"
                }
              ]
            },
            "system": "http://medic.uksh.de/fhir/Encounter",
            "value": "8553f5c5079aa7786a2cca8322d7d214a0a77a64e7f7dbd1769fd870"
          }
        ],
        "status": "finished",
        "class": {
          "system": "http://terminology.hl7.org/CodeSystem/v3-ActCode",
          "code": "AMB"
        },
        "type": [
          {
            "coding": [
              {
                "system": "http://fhir.de/CodeSystem/Kontaktebene",
                "code": "einrichtungskontakt"
              }
            ]
          }
        ],
        "subject": {
          "reference": "Patient/PID-d2bc6677ded418c11fdd1e0d21237e2c89d75d7327acc78c93d96711"
        },
        "period": {
          "start": "2015-10-19T15:44:00+02:00",
          "end": "2015-12-31T23:59:59+01:00"
        },
        "hospitalization": {
          "admitSource": {
            "coding": [
              {
                "system": "http://fhir.de/CodeSystem/dgkev/Aufnahmeanlass",
                "code": "E"
              }
            ]
          }
        }
      },
      "search": {
        "mode": "match"
      }
    },
    {
      "fullUrl": "http://num-fhirserver.distan.medicsh.de:8080/fhir/Encounter/PV-9224d66b7143e372f41cf810fa0b9c1fb6148e29f1ca2f3fc8e77bc3",
      "resource": {
        "resourceType": "Encounter",
        "id": "PV-9224d66b7143e372f41cf810fa0b9c1fb6148e29f1ca2f3fc8e77bc3",
        "meta": {
          "versionId": "164203218",
          "lastUpdated": "2025-03-16T07:25:57.807Z",
          "source": "http://medic.uksh.de/source/orbis/legacy",
          "profile": [
            "https://www.medizininformatik-initiative.de/fhir/core/modul-fall/StructureDefinition/KontaktGesundheitseinrichtung|2025.0.0"
          ]
        },
        "identifier": [
          {
            "use": "official",
            "type": {
              "coding": [
                {
                  "system": "http://terminology.hl7.org/CodeSystem/v2-0203",
                  "code": "VN"
                }
              ]
            },
            "system": "http://medic.uksh.de/fhir/Encounter",
            "value": "9224d66b7143e372f41cf810fa0b9c1fb6148e29f1ca2f3fc8e77bc3"
          }
        ],
        "status": "finished",
        "class": {
          "system": "http://terminology.hl7.org/CodeSystem/v3-ActCode",
          "code": "AMB"
        },
        "type": [
          {
            "coding": [
              {
                "system": "http://fhir.de/CodeSystem/Kontaktebene",
                "code": "einrichtungskontakt"
              }
            ]
          }
        ],
        "subject": {
          "reference": "Patient/PID-d2bc6677ded418c11fdd1e0d21237e2c89d75d7327acc78c93d96711"
        },
        "period": {
          "start": "2009-09-25T08:37:00+02:00",
          "end": "2009-09-30T23:59:59+02:00"
        },
        "hospitalization": {
          "admitSource": {
            "coding": [
              {
                "system": "http://fhir.de/CodeSystem/dgkev/Aufnahmeanlass",
                "code": "E"
              }
            ]
          }
        }
      },
      "search": {
        "mode": "match"
      }
    },
    {
      "fullUrl": "http://num-fhirserver.distan.medicsh.de:8080/fhir/Encounter/PV-9abee072859cd794073b61eaf811a7f031a167bfedc3a785ffdb7da6",
      "resource": {
        "resourceType": "Encounter",
        "id": "PV-9abee072859cd794073b61eaf811a7f031a167bfedc3a785ffdb7da6",
        "meta": {
          "versionId": "243750856",
          "lastUpdated": "2025-03-21T19:09:26.572Z",
          "source": "http://medic.uksh.de/source/orbis/adt",
          "profile": [
            "https://www.medizininformatik-initiative.de/fhir/core/modul-fall/StructureDefinition/KontaktGesundheitseinrichtung|2025.0.0"
          ]
        },
        "identifier": [
          {
            "use": "official",
            "type": {
              "coding": [
                {
                  "system": "http://terminology.hl7.org/CodeSystem/v2-0203",
                  "code": "VN"
                }
              ]
            },
            "system": "http://medic.uksh.de/fhir/Encounter",
            "value": "9abee072859cd794073b61eaf811a7f031a167bfedc3a785ffdb7da6"
          }
        ],
        "status": "finished",
        "class": {
          "system": "http://terminology.hl7.org/CodeSystem/v3-ActCode",
          "code": "AMB"
        },
        "type": [
          {
            "coding": [
              {
                "system": "http://fhir.de/CodeSystem/Kontaktebene",
                "code": "einrichtungskontakt"
              }
            ]
          }
        ],
        "subject": {
          "reference": "Patient/PID-d2bc6677ded418c11fdd1e0d21237e2c89d75d7327acc78c93d96711"
        },
        "period": {
          "start": "2024-06-13T12:34:00+02:00",
          "end": "2024-06-30T23:59:59+02:00"
        }
      },
      "search": {
        "mode": "match"
      }
    },
    {
      "fullUrl": "http://num-fhirserver.distan.medicsh.de:8080/fhir/Encounter/PV-b68dcfadb76ce960f0154c332038365d789af452eea3ce35bec93c69",
      "resource": {
        "resourceType": "Encounter",
        "id": "PV-b68dcfadb76ce960f0154c332038365d789af452eea3ce35bec93c69",
        "meta": {
          "versionId": "164203217",
          "lastUpdated": "2025-03-16T07:25:57.807Z",
          "source": "http://medic.uksh.de/source/orbis/legacy",
          "profile": [
            "https://www.medizininformatik-initiative.de/fhir/core/modul-fall/StructureDefinition/KontaktGesundheitseinrichtung|2025.0.0"
          ]
        },
        "identifier": [
          {
            "use": "official",
            "type": {
              "coding": [
                {
                  "system": "http://terminology.hl7.org/CodeSystem/v2-0203",
                  "code": "VN"
                }
              ]
            },
            "system": "http://medic.uksh.de/fhir/Encounter",
            "value": "b68dcfadb76ce960f0154c332038365d789af452eea3ce35bec93c69"
          }
        ],
        "status": "finished",
        "class": {
          "system": "http://terminology.hl7.org/CodeSystem/v3-ActCode",
          "code": "AMB"
        },
        "type": [
          {
            "coding": [
              {
                "system": "http://fhir.de/CodeSystem/Kontaktebene",
                "code": "einrichtungskontakt"
              }
            ]
          }
        ],
        "subject": {
          "reference": "Patient/PID-d2bc6677ded418c11fdd1e0d21237e2c89d75d7327acc78c93d96711"
        },
        "period": {
          "start": "2009-10-01T09:56:00+02:00",
          "end": "2009-12-31T23:59:59+01:00"
        },
        "hospitalization": {
          "admitSource": {
            "coding": [
              {
                "system": "http://fhir.de/CodeSystem/dgkev/Aufnahmeanlass",
                "code": "E"
              }
            ]
          }
        }
      },
      "search": {
        "mode": "match"
      }
    },
    {
      "fullUrl": "http://num-fhirserver.distan.medicsh.de:8080/fhir/Encounter/PV-b7b14f8693b6c6a3daba7dfd90d163c8863b29fd2a8b2791fef8dd4a",
      "resource": {
        "resourceType": "Encounter",
        "id": "PV-b7b14f8693b6c6a3daba7dfd90d163c8863b29fd2a8b2791fef8dd4a",
        "meta": {
          "versionId": "164203228",
          "lastUpdated": "2025-03-16T07:25:57.848Z",
          "source": "http://medic.uksh.de/source/orbis/legacy",
          "profile": [
            "https://www.medizininformatik-initiative.de/fhir/core/modul-fall/StructureDefinition/KontaktGesundheitseinrichtung|2025.0.0"
          ]
        },
        "identifier": [
          {
            "use": "official",
            "type": {
              "coding": [
                {
                  "system": "http://terminology.hl7.org/CodeSystem/v2-0203",
                  "code": "VN"
                }
              ]
            },
            "system": "http://medic.uksh.de/fhir/Encounter",
            "value": "b7b14f8693b6c6a3daba7dfd90d163c8863b29fd2a8b2791fef8dd4a"
          }
        ],
        "status": "finished",
        "class": {
          "system": "http://terminology.hl7.org/CodeSystem/v3-ActCode",
          "code": "AMB"
        },
        "type": [
          {
            "coding": [
              {
                "system": "http://fhir.de/CodeSystem/Kontaktebene",
                "code": "einrichtungskontakt"
              }
            ]
          }
        ],
        "subject": {
          "reference": "Patient/PID-d2bc6677ded418c11fdd1e0d21237e2c89d75d7327acc78c93d96711"
        },
        "period": {
          "start": "2009-06-11T12:06:00+02:00",
          "end": "2009-06-30T23:59:59+02:00"
        },
        "hospitalization": {
          "admitSource": {
            "coding": [
              {
                "system": "http://fhir.de/CodeSystem/dgkev/Aufnahmeanlass",
                "code": "E"
              }
            ]
          }
        }
      },
      "search": {
        "mode": "match"
      }
    },
    {
      "fullUrl": "http://num-fhirserver.distan.medicsh.de:8080/fhir/Encounter/PV-c821440e77f498f3ea94b4d1e63ed84f6111dd088d755e4844b9d60c",
      "resource": {
        "resourceType": "Encounter",
        "id": "PV-c821440e77f498f3ea94b4d1e63ed84f6111dd088d755e4844b9d60c",
        "meta": {
          "versionId": "164203238",
          "lastUpdated": "2025-03-16T07:25:57.883Z",
          "source": "http://medic.uksh.de/source/orbis/legacy",
          "profile": [
            "https://www.medizininformatik-initiative.de/fhir/core/modul-fall/StructureDefinition/KontaktGesundheitseinrichtung|2025.0.0"
          ]
        },
        "identifier": [
          {
            "use": "official",
            "type": {
              "coding": [
                {
                  "system": "http://terminology.hl7.org/CodeSystem/v2-0203",
                  "code": "VN"
                }
              ]
            },
            "system": "http://medic.uksh.de/fhir/Encounter",
            "value": "c821440e77f498f3ea94b4d1e63ed84f6111dd088d755e4844b9d60c"
          }
        ],
        "status": "finished",
        "class": {
          "system": "http://terminology.hl7.org/CodeSystem/v3-ActCode",
          "code": "AMB"
        },
        "type": [
          {
            "coding": [
              {
                "system": "http://fhir.de/CodeSystem/Kontaktebene",
                "code": "einrichtungskontakt"
              }
            ]
          }
        ],
        "subject": {
          "reference": "Patient/PID-d2bc6677ded418c11fdd1e0d21237e2c89d75d7327acc78c93d96711"
        },
        "period": {
          "start": "2009-08-12T12:57:00+02:00",
          "end": "2009-09-30T23:59:59+02:00"
        },
        "hospitalization": {
          "admitSource": {
            "coding": [
              {
                "system": "http://fhir.de/CodeSystem/dgkev/Aufnahmeanlass",
                "code": "E"
              }
            ]
          }
        }
      },
      "search": {
        "mode": "match"
      }
    },
    {
      "fullUrl": "http://num-fhirserver.distan.medicsh.de:8080/fhir/Encounter/PV-ca923cc128fe2f1a9d2b6322985d51c3a8a96bbd5144de7d8406f42f",
      "resource": {
        "resourceType": "Encounter",
        "id": "PV-ca923cc128fe2f1a9d2b6322985d51c3a8a96bbd5144de7d8406f42f",
        "meta": {
          "versionId": "164203194",
          "lastUpdated": "2025-03-16T07:25:57.649Z",
          "source": "http://medic.uksh.de/source/orbis/legacy",
          "profile": [
            "https://www.medizininformatik-initiative.de/fhir/core/modul-fall/StructureDefinition/KontaktGesundheitseinrichtung|2025.0.0"
          ]
        },
        "identifier": [
          {
            "use": "official",
            "type": {
              "coding": [
                {
                  "system": "http://terminology.hl7.org/CodeSystem/v2-0203",
                  "code": "VN"
                }
              ]
            },
            "system": "http://medic.uksh.de/fhir/Encounter",
            "value": "ca923cc128fe2f1a9d2b6322985d51c3a8a96bbd5144de7d8406f42f"
          }
        ],
        "status": "finished",
        "class": {
          "system": "http://terminology.hl7.org/CodeSystem/v3-ActCode",
          "code": "AMB"
        },
        "type": [
          {
            "coding": [
              {
                "system": "http://fhir.de/CodeSystem/Kontaktebene",
                "code": "einrichtungskontakt"
              }
            ]
          }
        ],
        "subject": {
          "reference": "Patient/PID-d2bc6677ded418c11fdd1e0d21237e2c89d75d7327acc78c93d96711"
        },
        "period": {
          "start": "2013-10-30T13:29:00+01:00",
          "end": "2013-12-31T23:59:59+01:00"
        },
        "hospitalization": {
          "admitSource": {
            "coding": [
              {
                "system": "http://fhir.de/CodeSystem/dgkev/Aufnahmeanlass",
                "code": "E"
              }
            ]
          }
        }
      },
      "search": {
        "mode": "match"
      }
    },
    {
      "fullUrl": "http://num-fhirserver.distan.medicsh.de:8080/fhir/Encounter/PV-cae4b2b1d6e107dcb1afbe4c7ba07c9022c3ae585132d2e26c8322fe",
      "resource": {
        "resourceType": "Encounter",
        "id": "PV-cae4b2b1d6e107dcb1afbe4c7ba07c9022c3ae585132d2e26c8322fe",
        "meta": {
          "versionId": "164203216",
          "lastUpdated": "2025-03-16T07:25:57.802Z",
          "source": "http://medic.uksh.de/source/orbis/legacy",
          "profile": [
            "https://www.medizininformatik-initiative.de/fhir/core/modul-fall/StructureDefinition/KontaktGesundheitseinrichtung|2025.0.0"
          ]
        },
        "identifier": [
          {
            "use": "official",
            "type": {
              "coding": [
                {
                  "system": "http://terminology.hl7.org/CodeSystem/v2-0203",
                  "code": "VN"
                }
              ]
            },
            "system": "http://medic.uksh.de/fhir/Encounter",
            "value": "cae4b2b1d6e107dcb1afbe4c7ba07c9022c3ae585132d2e26c8322fe"
          }
        ],
        "status": "finished",
        "class": {
          "system": "http://terminology.hl7.org/CodeSystem/v3-ActCode",
          "code": "AMB"
        },
        "type": [
          {
            "coding": [
              {
                "system": "http://fhir.de/CodeSystem/Kontaktebene",
                "code": "einrichtungskontakt"
              }
            ]
          }
        ],
        "subject": {
          "reference": "Patient/PID-d2bc6677ded418c11fdd1e0d21237e2c89d75d7327acc78c93d96711"
        },
        "period": {
          "start": "2010-12-16T10:59:00+01:00",
          "end": "2010-12-31T23:59:59+01:00"
        },
        "hospitalization": {
          "admitSource": {
            "coding": [
              {
                "system": "http://fhir.de/CodeSystem/dgkev/Aufnahmeanlass",
                "code": "E"
              }
            ]
          }
        }
      },
      "search": {
        "mode": "match"
      }
    },
    {
      "fullUrl": "http://num-fhirserver.distan.medicsh.de:8080/fhir/Encounter/PV-dbbe447172a9b1103d75f136097878e6f7642852222aa835bb508374",
      "resource": {
        "resourceType": "Encounter",
        "id": "PV-dbbe447172a9b1103d75f136097878e6f7642852222aa835bb508374",
        "meta": {
          "versionId": "164203208",
          "lastUpdated": "2025-03-16T07:25:57.756Z",
          "source": "http://medic.uksh.de/source/orbis/legacy",
          "profile": [
            "https://www.medizininformatik-initiative.de/fhir/core/modul-fall/StructureDefinition/KontaktGesundheitseinrichtung|2025.0.0"
          ]
        },
        "identifier": [
          {
            "use": "official",
            "type": {
              "coding": [
                {
                  "system": "http://terminology.hl7.org/CodeSystem/v2-0203",
                  "code": "VN"
                }
              ]
            },
            "system": "http://medic.uksh.de/fhir/Encounter",
            "value": "dbbe447172a9b1103d75f136097878e6f7642852222aa835bb508374"
          }
        ],
        "status": "finished",
        "class": {
          "system": "http://terminology.hl7.org/CodeSystem/v3-ActCode",
          "code": "AMB"
        },
        "type": [
          {
            "coding": [
              {
                "system": "http://fhir.de/CodeSystem/Kontaktebene",
                "code": "einrichtungskontakt"
              }
            ]
          }
        ],
        "subject": {
          "reference": "Patient/PID-d2bc6677ded418c11fdd1e0d21237e2c89d75d7327acc78c93d96711"
        },
        "period": {
          "start": "2009-10-30T11:08:00+01:00",
          "end": "2009-12-31T23:59:59+01:00"
        },
        "hospitalization": {
          "admitSource": {
            "coding": [
              {
                "system": "http://fhir.de/CodeSystem/dgkev/Aufnahmeanlass",
                "code": "E"
              }
            ]
          }
        }
      },
      "search": {
        "mode": "match"
      }
    },
    {
      "fullUrl": "http://num-fhirserver.distan.medicsh.de:8080/fhir/Encounter/PV-df37e958eeadad4df9839d45e60ef28989cf98b3a1cc83c43a6e7eb9",
      "resource": {
        "resourceType": "Encounter",
        "id": "PV-df37e958eeadad4df9839d45e60ef28989cf98b3a1cc83c43a6e7eb9",
        "meta": {
          "versionId": "243435699",
          "lastUpdated": "2025-03-21T17:03:40.249Z",
          "source": "http://medic.uksh.de/source/orbis/adt",
          "profile": [
            "https://www.medizininformatik-initiative.de/fhir/core/modul-fall/StructureDefinition/KontaktGesundheitseinrichtung|2025.0.0"
          ]
        },
        "identifier": [
          {
            "use": "official",
            "type": {
              "coding": [
                {
                  "system": "http://terminology.hl7.org/CodeSystem/v2-0203",
                  "code": "VN"
                }
              ]
            },
            "system": "http://medic.uksh.de/fhir/Encounter",
            "value": "df37e958eeadad4df9839d45e60ef28989cf98b3a1cc83c43a6e7eb9"
          }
        ],
        "status": "finished",
        "class": {
          "system": "http://terminology.hl7.org/CodeSystem/v3-ActCode",
          "code": "AMB"
        },
        "type": [
          {
            "coding": [
              {
                "system": "http://fhir.de/CodeSystem/Kontaktebene",
                "code": "einrichtungskontakt"
              }
            ]
          }
        ],
        "subject": {
          "reference": "Patient/PID-d2bc6677ded418c11fdd1e0d21237e2c89d75d7327acc78c93d96711"
        },
        "period": {
          "start": "2024-05-08T10:11:00+02:00",
          "end": "2024-06-30T23:59:59+02:00"
        }
      },
      "search": {
        "mode": "match"
      }
    },
    {
      "fullUrl": "http://num-fhirserver.distan.medicsh.de:8080/fhir/Encounter/PV-f04fe169d42e1c89bcfa9a7be2a0563ebf957d04676941dd013bc863",
      "resource": {
        "resourceType": "Encounter",
        "id": "PV-f04fe169d42e1c89bcfa9a7be2a0563ebf957d04676941dd013bc863",
        "meta": {
          "versionId": "164203209",
          "lastUpdated": "2025-03-16T07:25:57.758Z",
          "source": "http://medic.uksh.de/source/orbis/legacy",
          "profile": [
            "https://www.medizininformatik-initiative.de/fhir/core/modul-fall/StructureDefinition/KontaktGesundheitseinrichtung|2025.0.0"
          ]
        },
        "identifier": [
          {
            "use": "official",
            "type": {
              "coding": [
                {
                  "system": "http://terminology.hl7.org/CodeSystem/v2-0203",
                  "code": "VN"
                }
              ]
            },
            "system": "http://medic.uksh.de/fhir/Encounter",
            "value": "f04fe169d42e1c89bcfa9a7be2a0563ebf957d04676941dd013bc863"
          }
        ],
        "status": "finished",
        "class": {
          "system": "http://terminology.hl7.org/CodeSystem/v3-ActCode",
          "code": "AMB"
        },
        "type": [
          {
            "coding": [
              {
                "system": "http://fhir.de/CodeSystem/Kontaktebene",
                "code": "einrichtungskontakt"
              }
            ]
          }
        ],
        "subject": {
          "reference": "Patient/PID-d2bc6677ded418c11fdd1e0d21237e2c89d75d7327acc78c93d96711"
        },
        "period": {
          "start": "2011-02-15T11:37:00+01:00",
          "end": "2011-03-31T23:59:59+02:00"
        },
        "hospitalization": {
          "admitSource": {
            "coding": [
              {
                "system": "http://fhir.de/CodeSystem/dgkev/Aufnahmeanlass",
                "code": "E"
              }
            ]
          }
        }
      },
      "search": {
        "mode": "match"
      }
    },
    {
      "fullUrl": "http://num-fhirserver.distan.medicsh.de:8080/fhir/Observation/VIT-0752a0d0f5d64b59903731b072982df843f3fc584370f4a2138d8891",
      "resource": {
        "resourceType": "Observation",
        "id": "VIT-0752a0d0f5d64b59903731b072982df843f3fc584370f4a2138d8891",
        "meta": {
          "versionId": "164203223",
          "lastUpdated": "2025-03-16T07:25:57.827Z",
          "profile": [
            "https://www.medizininformatik-initiative.de/fhir/core/modul-person/StructureDefinition/Vitalstatus|2025.0.1"
          ]
        },
        "status": "final",
        "category": [
          {
            "coding": [
              {
                "system": "http://terminology.hl7.org/CodeSystem/observation-category",
                "code": "survey"
              }
            ]
          }
        ],
        "code": {
          "coding": [
            {
              "system": "http://loinc.org",
              "code": "67162-8"
            }
          ]
        },
        "subject": {
          "reference": "Patient/PID-d2bc6677ded418c11fdd1e0d21237e2c89d75d7327acc78c93d96711"
        },
        "effectiveDateTime": "2009-10-01T09:56:00+02:00",
        "valueCodeableConcept": {
          "coding": [
            {
              "system": "https://www.medizininformatik-initiative.de/fhir/core/modul-person/CodeSystem/Vitalstatus",
              "code": "L"
            }
          ]
        }
      },
      "search": {
        "mode": "match"
      }
    },
    {
      "fullUrl": "http://num-fhirserver.distan.medicsh.de:8080/fhir/Observation/VIT-07f771e1a72013b62d4e53bf8126e1b400960e70a26bb4aee713356f",
      "resource": {
        "resourceType": "Observation",
        "id": "VIT-07f771e1a72013b62d4e53bf8126e1b400960e70a26bb4aee713356f",
        "meta": {
          "versionId": "164203212",
          "lastUpdated": "2025-03-16T07:25:57.775Z",
          "profile": [
            "https://www.medizininformatik-initiative.de/fhir/core/modul-person/StructureDefinition/Vitalstatus|2025.0.1"
          ]
        },
        "status": "final",
        "category": [
          {
            "coding": [
              {
                "system": "http://terminology.hl7.org/CodeSystem/observation-category",
                "code": "survey"
              }
            ]
          }
        ],
        "code": {
          "coding": [
            {
              "system": "http://loinc.org",
              "code": "67162-8"
            }
          ]
        },
        "subject": {
          "reference": "Patient/PID-d2bc6677ded418c11fdd1e0d21237e2c89d75d7327acc78c93d96711"
        },
        "effectiveDateTime": "2011-02-15T11:37:00+01:00",
        "valueCodeableConcept": {
          "coding": [
            {
              "system": "https://www.medizininformatik-initiative.de/fhir/core/modul-person/CodeSystem/Vitalstatus",
              "code": "L"
            }
          ]
        }
      },
      "search": {
        "mode": "match"
      }
    },
    {
      "fullUrl": "http://num-fhirserver.distan.medicsh.de:8080/fhir/Observation/VIT-1d10e5d7489fd2417d09a0f3958cc06532f709a88614776b84a56b6f",
      "resource": {
        "resourceType": "Observation",
        "id": "VIT-1d10e5d7489fd2417d09a0f3958cc06532f709a88614776b84a56b6f",
        "meta": {
          "versionId": "164203193",
          "lastUpdated": "2025-03-16T07:25:57.645Z",
          "profile": [
            "https://www.medizininformatik-initiative.de/fhir/core/modul-person/StructureDefinition/Vitalstatus|2025.0.1"
          ]
        },
        "status": "final",
        "category": [
          {
            "coding": [
              {
                "system": "http://terminology.hl7.org/CodeSystem/observation-category",
                "code": "survey"
              }
            ]
          }
        ],
        "code": {
          "coding": [
            {
              "system": "http://loinc.org",
              "code": "67162-8"
            }
          ]
        },
        "subject": {
          "reference": "Patient/PID-d2bc6677ded418c11fdd1e0d21237e2c89d75d7327acc78c93d96711"
        },
        "effectiveDateTime": "2014-05-28T10:37:00+02:00",
        "valueCodeableConcept": {
          "coding": [
            {
              "system": "https://www.medizininformatik-initiative.de/fhir/core/modul-person/CodeSystem/Vitalstatus",
              "code": "L"
            }
          ]
        }
      },
      "search": {
        "mode": "match"
      }
    },
    {
      "fullUrl": "http://num-fhirserver.distan.medicsh.de:8080/fhir/Observation/VIT-21468aae3652a8874be580b0b7bd6a2e0726702ae5f069a8007a8941",
      "resource": {
        "resourceType": "Observation",
        "id": "VIT-21468aae3652a8874be580b0b7bd6a2e0726702ae5f069a8007a8941",
        "meta": {
          "versionId": "164203219",
          "lastUpdated": "2025-03-16T07:25:57.817Z",
          "profile": [
            "https://www.medizininformatik-initiative.de/fhir/core/modul-person/StructureDefinition/Vitalstatus|2025.0.1"
          ]
        },
        "status": "final",
        "category": [
          {
            "coding": [
              {
                "system": "http://terminology.hl7.org/CodeSystem/observation-category",
                "code": "survey"
              }
            ]
          }
        ],
        "code": {
          "coding": [
            {
              "system": "http://loinc.org",
              "code": "67162-8"
            }
          ]
        },
        "subject": {
          "reference": "Patient/PID-d2bc6677ded418c11fdd1e0d21237e2c89d75d7327acc78c93d96711"
        },
        "effectiveDateTime": "2010-12-16T10:59:00+01:00",
        "valueCodeableConcept": {
          "coding": [
            {
              "system": "https://www.medizininformatik-initiative.de/fhir/core/modul-person/CodeSystem/Vitalstatus",
              "code": "L"
            }
          ]
        }
      },
      "search": {
        "mode": "match"
      }
    },
    {
      "fullUrl": "http://num-fhirserver.distan.medicsh.de:8080/fhir/Observation/VIT-2b091bac09eb7a6c2eb830cd9d47be1a0139ce2c9ea7f77ed91f8ea4",
      "resource": {
        "resourceType": "Observation",
        "id": "VIT-2b091bac09eb7a6c2eb830cd9d47be1a0139ce2c9ea7f77ed91f8ea4",
        "meta": {
          "versionId": "243750858",
          "lastUpdated": "2025-03-21T19:09:26.594Z",
          "profile": [
            "https://www.medizininformatik-initiative.de/fhir/core/modul-person/StructureDefinition/Vitalstatus|2025.0.1"
          ]
        },
        "status": "final",
        "category": [
          {
            "coding": [
              {
                "system": "http://terminology.hl7.org/CodeSystem/observation-category",
                "code": "survey"
              }
            ]
          }
        ],
        "code": {
          "coding": [
            {
              "system": "http://loinc.org",
              "code": "67162-8"
            }
          ]
        },
        "subject": {
          "reference": "Patient/PID-d2bc6677ded418c11fdd1e0d21237e2c89d75d7327acc78c93d96711"
        },
        "effectiveDateTime": "2024-06-13T12:34:00+02:00",
        "valueCodeableConcept": {
          "coding": [
            {
              "system": "https://www.medizininformatik-initiative.de/fhir/core/modul-person/CodeSystem/Vitalstatus",
              "code": "L"
            }
          ]
        }
      },
      "search": {
        "mode": "match"
      }
    },
    {
      "fullUrl": "http://num-fhirserver.distan.medicsh.de:8080/fhir/Observation/VIT-349a9977fc76af5162d561cfd076bcf56dbd4f77f3c7917d0079d376",
      "resource": {
        "resourceType": "Observation",
        "id": "VIT-349a9977fc76af5162d561cfd076bcf56dbd4f77f3c7917d0079d376",
        "meta": {
          "versionId": "243435704",
          "lastUpdated": "2025-03-21T17:03:40.293Z",
          "profile": [
            "https://www.medizininformatik-initiative.de/fhir/core/modul-person/StructureDefinition/Vitalstatus|2025.0.1"
          ]
        },
        "status": "final",
        "category": [
          {
            "coding": [
              {
                "system": "http://terminology.hl7.org/CodeSystem/observation-category",
                "code": "survey"
              }
            ]
          }
        ],
        "code": {
          "coding": [
            {
              "system": "http://loinc.org",
              "code": "67162-8"
            }
          ]
        },
        "subject": {
          "reference": "Patient/PID-d2bc6677ded418c11fdd1e0d21237e2c89d75d7327acc78c93d96711"
        },
        "effectiveDateTime": "2024-06-30T23:59:59+02:00",
        "valueCodeableConcept": {
          "coding": [
            {
              "system": "https://www.medizininformatik-initiative.de/fhir/core/modul-person/CodeSystem/Vitalstatus",
              "code": "L"
            }
          ]
        }
      },
      "search": {
        "mode": "match"
      }
    },
    {
      "fullUrl": "http://num-fhirserver.distan.medicsh.de:8080/fhir/Observation/VIT-5edcfb5e1c5e400ef58a5c83dadb59aecf40b052d105efa49f85eb84",
      "resource": {
        "resourceType": "Observation",
        "id": "VIT-5edcfb5e1c5e400ef58a5c83dadb59aecf40b052d105efa49f85eb84",
        "meta": {
          "versionId": "164203213",
          "lastUpdated": "2025-03-16T07:25:57.775Z",
          "profile": [
            "https://www.medizininformatik-initiative.de/fhir/core/modul-person/StructureDefinition/Vitalstatus|2025.0.1"
          ]
        },
        "status": "final",
        "category": [
          {
            "coding": [
              {
                "system": "http://terminology.hl7.org/CodeSystem/observation-category",
                "code": "survey"
              }
            ]
          }
        ],
        "code": {
          "coding": [
            {
              "system": "http://loinc.org",
              "code": "67162-8"
            }
          ]
        },
        "subject": {
          "reference": "Patient/PID-d2bc6677ded418c11fdd1e0d21237e2c89d75d7327acc78c93d96711"
        },
        "effectiveDateTime": "2009-10-30T11:08:00+01:00",
        "valueCodeableConcept": {
          "coding": [
            {
              "system": "https://www.medizininformatik-initiative.de/fhir/core/modul-person/CodeSystem/Vitalstatus",
              "code": "L"
            }
          ]
        }
      },
      "search": {
        "mode": "match"
      }
    },
    {
      "fullUrl": "http://num-fhirserver.distan.medicsh.de:8080/fhir/Observation/VIT-6815b32903b440eeb61c2a28c0e21fbdee7d3696b1093a5b0b5d5e6a",
      "resource": {
        "resourceType": "Observation",
        "id": "VIT-6815b32903b440eeb61c2a28c0e21fbdee7d3696b1093a5b0b5d5e6a",
        "meta": {
          "versionId": "164203229",
          "lastUpdated": "2025-03-16T07:25:57.858Z",
          "profile": [
            "https://www.medizininformatik-initiative.de/fhir/core/modul-person/StructureDefinition/Vitalstatus|2025.0.1"
          ]
        },
        "status": "final",
        "category": [
          {
            "coding": [
              {
                "system": "http://terminology.hl7.org/CodeSystem/observation-category",
                "code": "survey"
              }
            ]
          }
        ],
        "code": {
          "coding": [
            {
              "system": "http://loinc.org",
              "code": "67162-8"
            }
          ]
        },
        "subject": {
          "reference": "Patient/PID-d2bc6677ded418c11fdd1e0d21237e2c89d75d7327acc78c93d96711"
        },
        "effectiveDateTime": "2009-08-12T12:59:00+02:00",
        "valueCodeableConcept": {
          "coding": [
            {
              "system": "https://www.medizininformatik-initiative.de/fhir/core/modul-person/CodeSystem/Vitalstatus",
              "code": "L"
            }
          ]
        }
      },
      "search": {
        "mode": "match"
      }
    },
    {
      "fullUrl": "http://num-fhirserver.distan.medicsh.de:8080/fhir/Observation/VIT-761f5af8fa3d01a1b96e8d78b2403b6389d61c6602d2c5cfcd6745c4",
      "resource": {
        "resourceType": "Observation",
        "id": "VIT-761f5af8fa3d01a1b96e8d78b2403b6389d61c6602d2c5cfcd6745c4",
        "meta": {
          "versionId": "243435701",
          "lastUpdated": "2025-03-21T17:03:40.270Z",
          "profile": [
            "https://www.medizininformatik-initiative.de/fhir/core/modul-person/StructureDefinition/Vitalstatus|2025.0.1"
          ]
        },
        "status": "final",
        "category": [
          {
            "coding": [
              {
                "system": "http://terminology.hl7.org/CodeSystem/observation-category",
                "code": "survey"
              }
            ]
          }
        ],
        "code": {
          "coding": [
            {
              "system": "http://loinc.org",
              "code": "67162-8"
            }
          ]
        },
        "subject": {
          "reference": "Patient/PID-d2bc6677ded418c11fdd1e0d21237e2c89d75d7327acc78c93d96711"
        },
        "effectiveDateTime": "2024-05-08T10:11:00+02:00",
        "valueCodeableConcept": {
          "coding": [
            {
              "system": "https://www.medizininformatik-initiative.de/fhir/core/modul-person/CodeSystem/Vitalstatus",
              "code": "L"
            }
          ]
        }
      },
      "search": {
        "mode": "match"
      }
    },
    {
      "fullUrl": "http://num-fhirserver.distan.medicsh.de:8080/fhir/Observation/VIT-8f3c144debd4ff02da376051b4c38871ca156de32caf32ea61dc754e",
      "resource": {
        "resourceType": "Observation",
        "id": "VIT-8f3c144debd4ff02da376051b4c38871ca156de32caf32ea61dc754e",
        "meta": {
          "versionId": "164203237",
          "lastUpdated": "2025-03-16T07:25:57.879Z",
          "profile": [
            "https://www.medizininformatik-initiative.de/fhir/core/modul-person/StructureDefinition/Vitalstatus|2025.0.1"
          ]
        },
        "status": "final",
        "category": [
          {
            "coding": [
              {
                "system": "http://terminology.hl7.org/CodeSystem/observation-category",
                "code": "survey"
              }
            ]
          }
        ],
        "code": {
          "coding": [
            {
              "system": "http://loinc.org",
              "code": "67162-8"
            }
          ]
        },
        "subject": {
          "reference": "Patient/PID-d2bc6677ded418c11fdd1e0d21237e2c89d75d7327acc78c93d96711"
        },
        "effectiveDateTime": "2009-09-25T13:43:00+02:00",
        "valueCodeableConcept": {
          "coding": [
            {
              "system": "https://www.medizininformatik-initiative.de/fhir/core/modul-person/CodeSystem/Vitalstatus",
              "code": "L"
            }
          ]
        }
      },
      "search": {
        "mode": "match"
      }
    },
    {
      "fullUrl": "http://num-fhirserver.distan.medicsh.de:8080/fhir/Observation/VIT-9170212712e36bbd892c27b3261d6d107cc8bf8c75f8843c3f69dbb4",
      "resource": {
        "resourceType": "Observation",
        "id": "VIT-9170212712e36bbd892c27b3261d6d107cc8bf8c75f8843c3f69dbb4",
        "meta": {
          "versionId": "164203231",
          "lastUpdated": "2025-03-16T07:25:57.858Z",
          "profile": [
            "https://www.medizininformatik-initiative.de/fhir/core/modul-person/StructureDefinition/Vitalstatus|2025.0.1"
          ]
        },
        "status": "final",
        "category": [
          {
            "coding": [
              {
                "system": "http://terminology.hl7.org/CodeSystem/observation-category",
                "code": "survey"
              }
            ]
          }
        ],
        "code": {
          "coding": [
            {
              "system": "http://loinc.org",
              "code": "67162-8"
            }
          ]
        },
        "subject": {
          "reference": "Patient/PID-d2bc6677ded418c11fdd1e0d21237e2c89d75d7327acc78c93d96711"
        },
        "effectiveDateTime": "2010-05-01T09:53:00+02:00",
        "valueCodeableConcept": {
          "coding": [
            {
              "system": "https://www.medizininformatik-initiative.de/fhir/core/modul-person/CodeSystem/Vitalstatus",
              "code": "L"
            }
          ]
        }
      },
      "search": {
        "mode": "match"
      }
    },
    {
      "fullUrl": "http://num-fhirserver.distan.medicsh.de:8080/fhir/Observation/VIT-96830e11ce6cb74e123643486e1dc1fbcabb2b3e668301cbbe39be97",
      "resource": {
        "resourceType": "Observation",
        "id": "VIT-96830e11ce6cb74e123643486e1dc1fbcabb2b3e668301cbbe39be97",
        "meta": {
          "versionId": "243750859",
          "lastUpdated": "2025-03-21T19:09:26.614Z",
          "profile": [
            "https://www.medizininformatik-initiative.de/fhir/core/modul-person/StructureDefinition/Vitalstatus|2025.0.1"
          ]
        },
        "status": "final",
        "category": [
          {
            "coding": [
              {
                "system": "http://terminology.hl7.org/CodeSystem/observation-category",
                "code": "survey"
              }
            ]
          }
        ],
        "code": {
          "coding": [
            {
              "system": "http://loinc.org",
              "code": "67162-8"
            }
          ]
        },
        "subject": {
          "reference": "Patient/PID-d2bc6677ded418c11fdd1e0d21237e2c89d75d7327acc78c93d96711"
        },
        "effectiveDateTime": "2024-06-30T23:59:59+02:00",
        "valueCodeableConcept": {
          "coding": [
            {
              "system": "https://www.medizininformatik-initiative.de/fhir/core/modul-person/CodeSystem/Vitalstatus",
              "code": "L"
            }
          ]
        }
      },
      "search": {
        "mode": "match"
      }
    },
    {
      "fullUrl": "http://num-fhirserver.distan.medicsh.de:8080/fhir/Observation/VIT-9fd2fffbfecb68e768872ae740817d0bdb3abbde78c0c2a95d4e374b",
      "resource": {
        "resourceType": "Observation",
        "id": "VIT-9fd2fffbfecb68e768872ae740817d0bdb3abbde78c0c2a95d4e374b",
        "meta": {
          "versionId": "164203241",
          "lastUpdated": "2025-03-16T07:25:57.898Z",
          "profile": [
            "https://www.medizininformatik-initiative.de/fhir/core/modul-person/StructureDefinition/Vitalstatus|2025.0.1"
          ]
        },
        "status": "final",
        "category": [
          {
            "coding": [
              {
                "system": "http://terminology.hl7.org/CodeSystem/observation-category",
                "code": "survey"
              }
            ]
          }
        ],
        "code": {
          "coding": [
            {
              "system": "http://loinc.org",
              "code": "67162-8"
            }
          ]
        },
        "subject": {
          "reference": "Patient/PID-d2bc6677ded418c11fdd1e0d21237e2c89d75d7327acc78c93d96711"
        },
        "effectiveDateTime": "2009-08-12T12:57:00+02:00",
        "valueCodeableConcept": {
          "coding": [
            {
              "system": "https://www.medizininformatik-initiative.de/fhir/core/modul-person/CodeSystem/Vitalstatus",
              "code": "L"
            }
          ]
        }
      },
      "search": {
        "mode": "match"
      }
    },
    {
      "fullUrl": "http://num-fhirserver.distan.medicsh.de:8080/fhir/Observation/VIT-aeb66e269d6e3d95b5e80a76c330582b998fa72517a768d0df56ee58",
      "resource": {
        "resourceType": "Observation",
        "id": "VIT-aeb66e269d6e3d95b5e80a76c330582b998fa72517a768d0df56ee58",
        "meta": {
          "versionId": "164203192",
          "lastUpdated": "2025-03-16T07:25:57.629Z",
          "profile": [
            "https://www.medizininformatik-initiative.de/fhir/core/modul-person/StructureDefinition/Vitalstatus|2025.0.1"
          ]
        },
        "status": "final",
        "category": [
          {
            "coding": [
              {
                "system": "http://terminology.hl7.org/CodeSystem/observation-category",
                "code": "survey"
              }
            ]
          }
        ],
        "code": {
          "coding": [
            {
              "system": "http://loinc.org",
              "code": "67162-8"
            }
          ]
        },
        "subject": {
          "reference": "Patient/PID-d2bc6677ded418c11fdd1e0d21237e2c89d75d7327acc78c93d96711"
        },
        "effectiveDateTime": "2015-10-01T14:44:00+02:00",
        "valueCodeableConcept": {
          "coding": [
            {
              "system": "https://www.medizininformatik-initiative.de/fhir/core/modul-person/CodeSystem/Vitalstatus",
              "code": "L"
            }
          ]
        }
      },
      "search": {
        "mode": "match"
      }
    },
    {
      "fullUrl": "http://num-fhirserver.distan.medicsh.de:8080/fhir/Observation/VIT-b71a8148b83c8dcd52975cf11328e70ff2cb0d56828caecb52183602",
      "resource": {
        "resourceType": "Observation",
        "id": "VIT-b71a8148b83c8dcd52975cf11328e70ff2cb0d56828caecb52183602",
        "meta": {
          "versionId": "164203234",
          "lastUpdated": "2025-03-16T07:25:57.864Z",
          "profile": [
            "https://www.medizininformatik-initiative.de/fhir/core/modul-person/StructureDefinition/Vitalstatus|2025.0.1"
          ]
        },
        "status": "final",
        "category": [
          {
            "coding": [
              {
                "system": "http://terminology.hl7.org/CodeSystem/observation-category",
                "code": "survey"
              }
            ]
          }
        ],
        "code": {
          "coding": [
            {
              "system": "http://loinc.org",
              "code": "67162-8"
            }
          ]
        },
        "subject": {
          "reference": "Patient/PID-d2bc6677ded418c11fdd1e0d21237e2c89d75d7327acc78c93d96711"
        },
        "effectiveDateTime": "2009-06-11T12:06:00+02:00",
        "valueCodeableConcept": {
          "coding": [
            {
              "system": "https://www.medizininformatik-initiative.de/fhir/core/modul-person/CodeSystem/Vitalstatus",
              "code": "L"
            }
          ]
        }
      },
      "search": {
        "mode": "match"
      }
    },
    {
      "fullUrl": "http://num-fhirserver.distan.medicsh.de:8080/fhir/Observation/VIT-b819b4a5650defe72fa8bd7424b653814596bef95557829604023b11",
      "resource": {
        "resourceType": "Observation",
        "id": "VIT-b819b4a5650defe72fa8bd7424b653814596bef95557829604023b11",
        "meta": {
          "versionId": "164203239",
          "lastUpdated": "2025-03-16T07:25:57.883Z",
          "profile": [
            "https://www.medizininformatik-initiative.de/fhir/core/modul-person/StructureDefinition/Vitalstatus|2025.0.1"
          ]
        },
        "status": "final",
        "category": [
          {
            "coding": [
              {
                "system": "http://terminology.hl7.org/CodeSystem/observation-category",
                "code": "survey"
              }
            ]
          }
        ],
        "code": {
          "coding": [
            {
              "system": "http://loinc.org",
              "code": "67162-8"
            }
          ]
        },
        "subject": {
          "reference": "Patient/PID-d2bc6677ded418c11fdd1e0d21237e2c89d75d7327acc78c93d96711"
        },
        "effectiveDateTime": "2009-07-01T09:55:00+02:00",
        "valueCodeableConcept": {
          "coding": [
            {
              "system": "https://www.medizininformatik-initiative.de/fhir/core/modul-person/CodeSystem/Vitalstatus",
              "code": "L"
            }
          ]
        }
      },
      "search": {
        "mode": "match"
      }
    },
    {
      "fullUrl": "http://num-fhirserver.distan.medicsh.de:8080/fhir/Observation/VIT-d3df50404fb967062164e2375dee19d79e0b274eab28210079010b35",
      "resource": {
        "resourceType": "Observation",
        "id": "VIT-d3df50404fb967062164e2375dee19d79e0b274eab28210079010b35",
        "meta": {
          "versionId": "164203187",
          "lastUpdated": "2025-03-16T07:25:57.607Z",
          "profile": [
            "https://www.medizininformatik-initiative.de/fhir/core/modul-person/StructureDefinition/Vitalstatus|2025.0.1"
          ]
        },
        "status": "final",
        "category": [
          {
            "coding": [
              {
                "system": "http://terminology.hl7.org/CodeSystem/observation-category",
                "code": "survey"
              }
            ]
          }
        ],
        "code": {
          "coding": [
            {
              "system": "http://loinc.org",
              "code": "67162-8"
            }
          ]
        },
        "subject": {
          "reference": "Patient/PID-d2bc6677ded418c11fdd1e0d21237e2c89d75d7327acc78c93d96711"
        },
        "effectiveDateTime": "2015-10-19T15:44:00+02:00",
        "valueCodeableConcept": {
          "coding": [
            {
              "system": "https://www.medizininformatik-initiative.de/fhir/core/modul-person/CodeSystem/Vitalstatus",
              "code": "L"
            }
          ]
        }
      },
      "search": {
        "mode": "match"
      }
    },
    {
      "fullUrl": "http://num-fhirserver.distan.medicsh.de:8080/fhir/Observation/VIT-dd2f4487b83e993547ac3c87577cde48a2a68339fff0c67bba7013b1",
      "resource": {
        "resourceType": "Observation",
        "id": "VIT-dd2f4487b83e993547ac3c87577cde48a2a68339fff0c67bba7013b1",
        "meta": {
          "versionId": "164203210",
          "lastUpdated": "2025-03-16T07:25:57.771Z",
          "profile": [
            "https://www.medizininformatik-initiative.de/fhir/core/modul-person/StructureDefinition/Vitalstatus|2025.0.1"
          ]
        },
        "status": "final",
        "category": [
          {
            "coding": [
              {
                "system": "http://terminology.hl7.org/CodeSystem/observation-category",
                "code": "survey"
              }
            ]
          }
        ],
        "code": {
          "coding": [
            {
              "system": "http://loinc.org",
              "code": "67162-8"
            }
          ]
        },
        "subject": {
          "reference": "Patient/PID-d2bc6677ded418c11fdd1e0d21237e2c89d75d7327acc78c93d96711"
        },
        "effectiveDateTime": "2010-01-05T16:09:00+01:00",
        "valueCodeableConcept": {
          "coding": [
            {
              "system": "https://www.medizininformatik-initiative.de/fhir/core/modul-person/CodeSystem/Vitalstatus",
              "code": "L"
            }
          ]
        }
      },
      "search": {
        "mode": "match"
      }
    },
    {
      "fullUrl": "http://num-fhirserver.distan.medicsh.de:8080/fhir/Observation/VIT-e85b93c288699321d8a8124974f95e4d5925e3abb3960b42ba86a447",
      "resource": {
        "resourceType": "Observation",
        "id": "VIT-e85b93c288699321d8a8124974f95e4d5925e3abb3960b42ba86a447",
        "meta": {
          "versionId": "164203221",
          "lastUpdated": "2025-03-16T07:25:57.827Z",
          "profile": [
            "https://www.medizininformatik-initiative.de/fhir/core/modul-person/StructureDefinition/Vitalstatus|2025.0.1"
          ]
        },
        "status": "final",
        "category": [
          {
            "coding": [
              {
                "system": "http://terminology.hl7.org/CodeSystem/observation-category",
                "code": "survey"
              }
            ]
          }
        ],
        "code": {
          "coding": [
            {
              "system": "http://loinc.org",
              "code": "67162-8"
            }
          ]
        },
        "subject": {
          "reference": "Patient/PID-d2bc6677ded418c11fdd1e0d21237e2c89d75d7327acc78c93d96711"
        },
        "effectiveDateTime": "2009-09-25T08:37:00+02:00",
        "valueCodeableConcept": {
          "coding": [
            {
              "system": "https://www.medizininformatik-initiative.de/fhir/core/modul-person/CodeSystem/Vitalstatus",
              "code": "L"
            }
          ]
        }
      },
      "search": {
        "mode": "match"
      }
    },
    {
      "fullUrl": "http://num-fhirserver.distan.medicsh.de:8080/fhir/Observation/VIT-f1139b7c9eca8ab996d6e976b9038d24d898b97f2d0edc131643851f",
      "resource": {
        "resourceType": "Observation",
        "id": "VIT-f1139b7c9eca8ab996d6e976b9038d24d898b97f2d0edc131643851f",
        "meta": {
          "versionId": "164203204",
          "lastUpdated": "2025-03-16T07:25:57.730Z",
          "profile": [
            "https://www.medizininformatik-initiative.de/fhir/core/modul-person/StructureDefinition/Vitalstatus|2025.0.1"
          ]
        },
        "status": "final",
        "category": [
          {
            "coding": [
              {
                "system": "http://terminology.hl7.org/CodeSystem/observation-category",
                "code": "survey"
              }
            ]
          }
        ],
        "code": {
          "coding": [
            {
              "system": "http://loinc.org",
              "code": "67162-8"
            }
          ]
        },
        "subject": {
          "reference": "Patient/PID-d2bc6677ded418c11fdd1e0d21237e2c89d75d7327acc78c93d96711"
        },
        "effectiveDateTime": "2011-04-04T10:45:00+02:00",
        "valueCodeableConcept": {
          "coding": [
            {
              "system": "https://www.medizininformatik-initiative.de/fhir/core/modul-person/CodeSystem/Vitalstatus",
              "code": "L"
            }
          ]
        }
      },
      "search": {
        "mode": "match"
      }
    },
    {
      "fullUrl": "http://num-fhirserver.distan.medicsh.de:8080/fhir/Observation/VIT-fdce8a06938fdb737f72448867afbd8e3b9e1687b8a60d67348534c4",
      "resource": {
        "resourceType": "Observation",
        "id": "VIT-fdce8a06938fdb737f72448867afbd8e3b9e1687b8a60d67348534c4",
        "meta": {
          "versionId": "164203196",
          "lastUpdated": "2025-03-16T07:25:57.667Z",
          "profile": [
            "https://www.medizininformatik-initiative.de/fhir/core/modul-person/StructureDefinition/Vitalstatus|2025.0.1"
          ]
        },
        "status": "final",
        "category": [
          {
            "coding": [
              {
                "system": "http://terminology.hl7.org/CodeSystem/observation-category",
                "code": "survey"
              }
            ]
          }
        ],
        "code": {
          "coding": [
            {
              "system": "http://loinc.org",
              "code": "67162-8"
            }
          ]
        },
        "subject": {
          "reference": "Patient/PID-d2bc6677ded418c11fdd1e0d21237e2c89d75d7327acc78c93d96711"
        },
        "effectiveDateTime": "2013-10-30T13:29:00+01:00",
        "valueCodeableConcept": {
          "coding": [
            {
              "system": "https://www.medizininformatik-initiative.de/fhir/core/modul-person/CodeSystem/Vitalstatus",
              "code": "L"
            }
          ]
        }
      },
      "search": {
        "mode": "match"
      }
    },
    {
      "fullUrl": "http://num-fhirserver.distan.medicsh.de:8080/fhir/Observation/VIT-ff73ec8d737fae3cd6b3e5f2385bb2bd6f3eedf5dcbffdedcb85b316",
      "resource": {
        "resourceType": "Observation",
        "id": "VIT-ff73ec8d737fae3cd6b3e5f2385bb2bd6f3eedf5dcbffdedcb85b316",
        "meta": {
          "versionId": "164203247",
          "lastUpdated": "2025-03-16T07:25:57.925Z",
          "profile": [
            "https://www.medizininformatik-initiative.de/fhir/core/modul-person/StructureDefinition/Vitalstatus|2025.0.1"
          ]
        },
        "status": "final",
        "category": [
          {
            "coding": [
              {
                "system": "http://terminology.hl7.org/CodeSystem/observation-category",
                "code": "survey"
              }
            ]
          }
        ],
        "code": {
          "coding": [
            {
              "system": "http://loinc.org",
              "code": "67162-8"
            }
          ]
        },
        "subject": {
          "reference": "Patient/PID-d2bc6677ded418c11fdd1e0d21237e2c89d75d7327acc78c93d96711"
        },
        "effectiveDateTime": "2009-09-04T15:15:00+02:00",
        "valueCodeableConcept": {
          "coding": [
            {
              "system": "https://www.medizininformatik-initiative.de/fhir/core/modul-person/CodeSystem/Vitalstatus",
              "code": "L"
            }
          ]
        }
      },
      "search": {
        "mode": "match"
      }
    },
    {
      "fullUrl": "http://num-fhirserver.distan.medicsh.de:8080/fhir/Procedure/PR-01d53a219086ac8f86b5a6f7f9cc870ffe7c77720383eeea29a41022",
      "resource": {
        "resourceType": "Procedure",
        "id": "PR-01d53a219086ac8f86b5a6f7f9cc870ffe7c77720383eeea29a41022",
        "meta": {
          "versionId": "373233568",
          "lastUpdated": "2025-10-08T15:35:53.729Z",
          "profile": [
            "https://www.medizininformatik-initiative.de/fhir/core/modul-prozedur/StructureDefinition/Procedure|2025.0.0"
          ]
        },
        "status": "completed",
        "category": {
          "coding": [
            {
              "system": "http://snomed.info/sct",
              "code": "363679005",
              "display": "Imaging"
            }
          ]
        },
        "code": {
          "coding": [
            {
              "system": "http://fhir.de/CodeSystem/bfarm/ops",
              "version": "2009",
              "code": "3-220",
              "display": "Computertomographie des Schädels mit Kontrastmittel"
            }
          ]
        },
        "subject": {
          "reference": "Patient/PID-d2bc6677ded418c11fdd1e0d21237e2c89d75d7327acc78c93d96711"
        },
        "encounter": {
          "reference": "Encounter/PV-dbbe447172a9b1103d75f136097878e6f7642852222aa835bb508374"
        },
        "performedDateTime": "2009-10-30T11:16:00+01:00"
      },
      "search": {
        "mode": "match"
      }
    },
    {
      "fullUrl": "http://num-fhirserver.distan.medicsh.de:8080/fhir/Procedure/PR-27220cc4393309d2c99a2b4b04f906836e3427ba3c4885399b007924",
      "resource": {
        "resourceType": "Procedure",
        "id": "PR-27220cc4393309d2c99a2b4b04f906836e3427ba3c4885399b007924",
        "meta": {
          "versionId": "373205209",
          "lastUpdated": "2025-10-08T15:33:59.327Z",
          "profile": [
            "https://www.medizininformatik-initiative.de/fhir/core/modul-prozedur/StructureDefinition/Procedure|2025.0.0"
          ]
        },
        "status": "completed",
        "category": {
          "coding": [
            {
              "system": "http://snomed.info/sct",
              "code": "363679005",
              "display": "Imaging"
            }
          ]
        },
        "code": {
          "coding": [
            {
              "system": "http://fhir.de/CodeSystem/bfarm/ops",
              "version": "2009",
              "code": "3-724",
              "display": "Teilkörper-Single-Photon-Emissionscomputertomographie ergänzend zur planaren Szintigraphie"
            }
          ]
        },
        "subject": {
          "reference": "Patient/PID-d2bc6677ded418c11fdd1e0d21237e2c89d75d7327acc78c93d96711"
        },
        "encounter": {
          "reference": "Encounter/PV-65c9156063435ad025694394554fa8bc17f48f5d3a30e8b725308c71"
        },
        "performedDateTime": "2009-08-11T16:08:00+02:00"
      },
      "search": {
        "mode": "match"
      }
    },
    {
      "fullUrl": "http://num-fhirserver.distan.medicsh.de:8080/fhir/Procedure/PR-29a17f6eaaed0b92dc36c0462defc3efb9d765cbe6e974984b54d4b9",
      "resource": {
        "resourceType": "Procedure",
        "id": "PR-29a17f6eaaed0b92dc36c0462defc3efb9d765cbe6e974984b54d4b9",
        "meta": {
          "versionId": "373516583",
          "lastUpdated": "2025-10-08T15:54:44.343Z",
          "profile": [
            "https://www.medizininformatik-initiative.de/fhir/core/modul-prozedur/StructureDefinition/Procedure|2025.0.0"
          ]
        },
        "status": "completed",
        "category": {
          "coding": [
            {
              "system": "http://snomed.info/sct",
              "code": "363679005",
              "display": "Imaging"
            }
          ]
        },
        "code": {
          "coding": [
            {
              "system": "http://fhir.de/CodeSystem/bfarm/ops",
              "version": "2010",
              "code": "3-993",
              "display": "Quantitative Bestimmung von Parametern"
            }
          ]
        },
        "subject": {
          "reference": "Patient/PID-d2bc6677ded418c11fdd1e0d21237e2c89d75d7327acc78c93d96711"
        },
        "encounter": {
          "reference": "Encounter/PV-5c3cc02c9d6b58656e50cd639b8051d3a3f3e4399af0a4a7a1695c26"
        },
        "performedDateTime": "2010-05-25T09:22:00+02:00"
      },
      "search": {
        "mode": "match"
      }
    },
    {
      "fullUrl": "http://num-fhirserver.distan.medicsh.de:8080/fhir/Procedure/PR-50266ec712a11a65513bddd7ef10bf732cc81c360de30eda28ecda02",
      "resource": {
        "resourceType": "Procedure",
        "id": "PR-50266ec712a11a65513bddd7ef10bf732cc81c360de30eda28ecda02",
        "meta": {
          "versionId": "373525169",
          "lastUpdated": "2025-10-08T15:55:03.935Z",
          "profile": [
            "https://www.medizininformatik-initiative.de/fhir/core/modul-prozedur/StructureDefinition/Procedure|2025.0.0"
          ]
        },
        "status": "completed",
        "category": {
          "coding": [
            {
              "system": "http://snomed.info/sct",
              "code": "363679005",
              "display": "Imaging"
            }
          ]
        },
        "code": {
          "coding": [
            {
              "system": "http://fhir.de/CodeSystem/bfarm/ops",
              "version": "2010",
              "code": "3-742",
              "display": "Positronenemissionstomographie des gesamten Körperstammes"
            }
          ]
        },
        "subject": {
          "reference": "Patient/PID-d2bc6677ded418c11fdd1e0d21237e2c89d75d7327acc78c93d96711"
        },
        "encounter": {
          "reference": "Encounter/PV-5c3cc02c9d6b58656e50cd639b8051d3a3f3e4399af0a4a7a1695c26"
        },
        "performedDateTime": "2010-05-25T09:22:00+02:00"
      },
      "search": {
        "mode": "match"
      }
    },
    {
      "fullUrl": "http://num-fhirserver.distan.medicsh.de:8080/fhir/Procedure/PR-5193f009403fb0cf2533785ee24f2d27aaa6968d8a90ff20fbfa0968",
      "resource": {
        "resourceType": "Procedure",
        "id": "PR-5193f009403fb0cf2533785ee24f2d27aaa6968d8a90ff20fbfa0968",
        "meta": {
          "versionId": "373205216",
          "lastUpdated": "2025-10-08T15:33:59.359Z",
          "profile": [
            "https://www.medizininformatik-initiative.de/fhir/core/modul-prozedur/StructureDefinition/Procedure|2025.0.0"
          ]
        },
        "status": "completed",
        "category": {
          "coding": [
            {
              "system": "http://snomed.info/sct",
              "code": "363679005",
              "display": "Imaging"
            }
          ]
        },
        "code": {
          "coding": [
            {
              "system": "http://fhir.de/CodeSystem/bfarm/ops",
              "version": "2009",
              "code": "3-990",
              "display": "Computergestützte Bilddatenanalyse mit 3D-Auswertung"
            }
          ]
        },
        "subject": {
          "reference": "Patient/PID-d2bc6677ded418c11fdd1e0d21237e2c89d75d7327acc78c93d96711"
        },
        "encounter": {
          "reference": "Encounter/PV-65c9156063435ad025694394554fa8bc17f48f5d3a30e8b725308c71"
        },
        "performedDateTime": "2009-08-11T16:08:00+02:00"
      },
      "search": {
        "mode": "match"
      }
    },
    {
      "fullUrl": "http://num-fhirserver.distan.medicsh.de:8080/fhir/Procedure/PR-54b4e70e280b771e7060e43a753d89d58b8efa4d5a6ac3803ae2e2a0",
      "resource": {
        "resourceType": "Procedure",
        "id": "PR-54b4e70e280b771e7060e43a753d89d58b8efa4d5a6ac3803ae2e2a0",
        "meta": {
          "versionId": "373206017",
          "lastUpdated": "2025-10-08T15:34:02.731Z",
          "profile": [
            "https://www.medizininformatik-initiative.de/fhir/core/modul-prozedur/StructureDefinition/Procedure|2025.0.0"
          ]
        },
        "status": "completed",
        "category": {
          "coding": [
            {
              "system": "http://snomed.info/sct",
              "code": "363679005",
              "display": "Imaging"
            }
          ]
        },
        "code": {
          "coding": [
            {
              "system": "http://fhir.de/CodeSystem/bfarm/ops",
              "version": "2009",
              "code": "3-700",
              "display": "Szintigraphie von Gehirn und Liquorräumen"
            }
          ]
        },
        "subject": {
          "reference": "Patient/PID-d2bc6677ded418c11fdd1e0d21237e2c89d75d7327acc78c93d96711"
        },
        "encounter": {
          "reference": "Encounter/PV-65c9156063435ad025694394554fa8bc17f48f5d3a30e8b725308c71"
        },
        "performedDateTime": "2009-08-07T15:08:00+02:00"
      },
      "search": {
        "mode": "match"
      }
    },
    {
      "fullUrl": "http://num-fhirserver.distan.medicsh.de:8080/fhir/Procedure/PR-851ec378014dd90714680a9b409bf01a23049cf0cc2f4955f73fe111",
      "resource": {
        "resourceType": "Procedure",
        "id": "PR-851ec378014dd90714680a9b409bf01a23049cf0cc2f4955f73fe111",
        "meta": {
          "versionId": "373207860",
          "lastUpdated": "2025-10-08T15:34:10.562Z",
          "profile": [
            "https://www.medizininformatik-initiative.de/fhir/core/modul-prozedur/StructureDefinition/Procedure|2025.0.0"
          ]
        },
        "status": "completed",
        "category": {
          "coding": [
            {
              "system": "http://snomed.info/sct",
              "code": "363679005",
              "display": "Imaging"
            }
          ]
        },
        "code": {
          "coding": [
            {
              "system": "http://fhir.de/CodeSystem/bfarm/ops",
              "version": "2009",
              "code": "3-700",
              "display": "Szintigraphie von Gehirn und Liquorräumen"
            }
          ]
        },
        "subject": {
          "reference": "Patient/PID-d2bc6677ded418c11fdd1e0d21237e2c89d75d7327acc78c93d96711"
        },
        "encounter": {
          "reference": "Encounter/PV-65c9156063435ad025694394554fa8bc17f48f5d3a30e8b725308c71"
        },
        "performedDateTime": "2009-08-12T10:21:00+02:00"
      },
      "search": {
        "mode": "match"
      }
    },
    {
      "fullUrl": "http://num-fhirserver.distan.medicsh.de:8080/fhir/Procedure/PR-9bf8ba5322193f2d2881972fe74625c98f98e2af632ee206eb92832e",
      "resource": {
        "resourceType": "Procedure",
        "id": "PR-9bf8ba5322193f2d2881972fe74625c98f98e2af632ee206eb92832e",
        "meta": {
          "versionId": "373509851",
          "lastUpdated": "2025-10-08T15:54:29.382Z",
          "profile": [
            "https://www.medizininformatik-initiative.de/fhir/core/modul-prozedur/StructureDefinition/Procedure|2025.0.0"
          ]
        },
        "status": "completed",
        "category": {
          "coding": [
            {
              "system": "http://snomed.info/sct",
              "code": "363679005",
              "display": "Imaging"
            }
          ]
        },
        "code": {
          "coding": [
            {
              "system": "http://fhir.de/CodeSystem/bfarm/ops",
              "version": "2010",
              "code": "3-990",
              "display": "Computergestützte Bilddatenanalyse mit 3D-Auswertung"
            }
          ]
        },
        "subject": {
          "reference": "Patient/PID-d2bc6677ded418c11fdd1e0d21237e2c89d75d7327acc78c93d96711"
        },
        "encounter": {
          "reference": "Encounter/PV-5c3cc02c9d6b58656e50cd639b8051d3a3f3e4399af0a4a7a1695c26"
        },
        "performedDateTime": "2010-05-25T09:22:00+02:00"
      },
      "search": {
        "mode": "match"
      }
    },
    {
      "fullUrl": "http://num-fhirserver.distan.medicsh.de:8080/fhir/Procedure/PR-c2001c8cfb81588c3c7d4777780ef6a7cfb21446dfedf7751757e172",
      "resource": {
        "resourceType": "Procedure",
        "id": "PR-c2001c8cfb81588c3c7d4777780ef6a7cfb21446dfedf7751757e172",
        "meta": {
          "versionId": "373207640",
          "lastUpdated": "2025-10-08T15:34:09.574Z",
          "profile": [
            "https://www.medizininformatik-initiative.de/fhir/core/modul-prozedur/StructureDefinition/Procedure|2025.0.0"
          ]
        },
        "status": "completed",
        "category": {
          "coding": [
            {
              "system": "http://snomed.info/sct",
              "code": "363679005",
              "display": "Imaging"
            }
          ]
        },
        "code": {
          "coding": [
            {
              "system": "http://fhir.de/CodeSystem/bfarm/ops",
              "version": "2009",
              "code": "3-724",
              "display": "Teilkörper-Single-Photon-Emissionscomputertomographie ergänzend zur planaren Szintigraphie"
            }
          ]
        },
        "subject": {
          "reference": "Patient/PID-d2bc6677ded418c11fdd1e0d21237e2c89d75d7327acc78c93d96711"
        },
        "encounter": {
          "reference": "Encounter/PV-65c9156063435ad025694394554fa8bc17f48f5d3a30e8b725308c71"
        },
        "performedDateTime": "2009-08-12T08:13:00+02:00"
      },
      "search": {
        "mode": "match"
      }
    },
    {
      "fullUrl": "http://num-fhirserver.distan.medicsh.de:8080/fhir/Procedure/PR-c78444024370ebdd13bfb18e37ef08a1b49b1a23cebca907871225c8",
      "resource": {
        "resourceType": "Procedure",
        "id": "PR-c78444024370ebdd13bfb18e37ef08a1b49b1a23cebca907871225c8",
        "meta": {
          "versionId": "373194375",
          "lastUpdated": "2025-10-08T15:33:14.925Z",
          "profile": [
            "https://www.medizininformatik-initiative.de/fhir/core/modul-prozedur/StructureDefinition/Procedure|2025.0.0"
          ]
        },
        "status": "completed",
        "category": {
          "coding": [
            {
              "system": "http://snomed.info/sct",
              "code": "363679005",
              "display": "Imaging"
            }
          ]
        },
        "code": {
          "coding": [
            {
              "system": "http://fhir.de/CodeSystem/bfarm/ops",
              "version": "2009",
              "code": "3-900",
              "display": "Knochendichtemessung (alle Verfahren)"
            }
          ]
        },
        "subject": {
          "reference": "Patient/PID-d2bc6677ded418c11fdd1e0d21237e2c89d75d7327acc78c93d96711"
        },
        "encounter": {
          "reference": "Encounter/PV-65c9156063435ad025694394554fa8bc17f48f5d3a30e8b725308c71"
        },
        "performedDateTime": "2009-07-29T14:18:00+02:00"
      },
      "search": {
        "mode": "match"
      }
    },
    {
      "fullUrl": "http://num-fhirserver.distan.medicsh.de:8080/fhir/Procedure/PR-d01996686f3b687a5785b587f97273d88d9690382a674b835758408b",
      "resource": {
        "resourceType": "Procedure",
        "id": "PR-d01996686f3b687a5785b587f97273d88d9690382a674b835758408b",
        "meta": {
          "versionId": "373209193",
          "lastUpdated": "2025-10-08T15:34:16.348Z",
          "profile": [
            "https://www.medizininformatik-initiative.de/fhir/core/modul-prozedur/StructureDefinition/Procedure|2025.0.0"
          ]
        },
        "status": "completed",
        "category": {
          "coding": [
            {
              "system": "http://snomed.info/sct",
              "code": "363679005",
              "display": "Imaging"
            }
          ]
        },
        "code": {
          "coding": [
            {
              "system": "http://fhir.de/CodeSystem/bfarm/ops",
              "version": "2009",
              "code": "3-702.0",
              "display": "Szintigraphie anderer endokriner Organe: Nebenschilddrüse"
            }
          ]
        },
        "subject": {
          "reference": "Patient/PID-d2bc6677ded418c11fdd1e0d21237e2c89d75d7327acc78c93d96711"
        },
        "encounter": {
          "reference": "Encounter/PV-65c9156063435ad025694394554fa8bc17f48f5d3a30e8b725308c71"
        },
        "performedDateTime": "2009-08-12T08:13:00+02:00"
      },
      "search": {
        "mode": "match"
      }
    },
    {
      "fullUrl": "http://num-fhirserver.distan.medicsh.de:8080/fhir/Procedure/PR-d0625069bc0dd87b23d59378431f808421e7e702117d78b87bb090f8",
      "resource": {
        "resourceType": "Procedure",
        "id": "PR-d0625069bc0dd87b23d59378431f808421e7e702117d78b87bb090f8",
        "meta": {
          "versionId": "373213894",
          "lastUpdated": "2025-10-08T15:34:35.367Z",
          "profile": [
            "https://www.medizininformatik-initiative.de/fhir/core/modul-prozedur/StructureDefinition/Procedure|2025.0.0"
          ]
        },
        "status": "completed",
        "category": {
          "coding": [
            {
              "system": "http://snomed.info/sct",
              "code": "363679005",
              "display": "Imaging"
            }
          ]
        },
        "code": {
          "coding": [
            {
              "system": "http://fhir.de/CodeSystem/bfarm/ops",
              "version": "2009",
              "code": "3-702.0",
              "display": "Szintigraphie anderer endokriner Organe: Nebenschilddrüse"
            }
          ]
        },
        "subject": {
          "reference": "Patient/PID-d2bc6677ded418c11fdd1e0d21237e2c89d75d7327acc78c93d96711"
        },
        "encounter": {
          "reference": "Encounter/PV-65c9156063435ad025694394554fa8bc17f48f5d3a30e8b725308c71"
        },
        "performedDateTime": "2009-08-11T16:08:00+02:00"
      },
      "search": {
        "mode": "match"
      }
    },
    {
      "fullUrl": "http://num-fhirserver.distan.medicsh.de:8080/fhir/Procedure/PR-e0ec8a1f5ffad159c4be5163b825178c00783c25aeb0f585f9cf4136",
      "resource": {
        "resourceType": "Procedure",
        "id": "PR-e0ec8a1f5ffad159c4be5163b825178c00783c25aeb0f585f9cf4136",
        "meta": {
          "versionId": "373227037",
          "lastUpdated": "2025-10-08T15:35:27.881Z",
          "profile": [
            "https://www.medizininformatik-initiative.de/fhir/core/modul-prozedur/StructureDefinition/Procedure|2025.0.0"
          ]
        },
        "status": "completed",
        "category": {
          "coding": [
            {
              "system": "http://snomed.info/sct",
              "code": "363679005",
              "display": "Imaging"
            }
          ]
        },
        "code": {
          "coding": [
            {
              "system": "http://fhir.de/CodeSystem/bfarm/ops",
              "version": "2009",
              "code": "3-990",
              "display": "Computergestützte Bilddatenanalyse mit 3D-Auswertung"
            }
          ]
        },
        "subject": {
          "reference": "Patient/PID-d2bc6677ded418c11fdd1e0d21237e2c89d75d7327acc78c93d96711"
        },
        "encounter": {
          "reference": "Encounter/PV-dbbe447172a9b1103d75f136097878e6f7642852222aa835bb508374"
        },
        "performedDateTime": "2009-10-30T11:16:00+01:00"
      },
      "search": {
        "mode": "match"
      }
    },
    {
      "fullUrl": "http://num-fhirserver.distan.medicsh.de:8080/fhir/Procedure/PR-e8423635aad6d54cfdce16e1742c056360aa2ed9dd274a8f4dee7c58",
      "resource": {
        "resourceType": "Procedure",
        "id": "PR-e8423635aad6d54cfdce16e1742c056360aa2ed9dd274a8f4dee7c58",
        "meta": {
          "versionId": "373194366",
          "lastUpdated": "2025-10-08T15:33:14.898Z",
          "profile": [
            "https://www.medizininformatik-initiative.de/fhir/core/modul-prozedur/StructureDefinition/Procedure|2025.0.0"
          ]
        },
        "status": "completed",
        "category": {
          "coding": [
            {
              "system": "http://snomed.info/sct",
              "code": "363679005",
              "display": "Imaging"
            }
          ]
        },
        "code": {
          "coding": [
            {
              "system": "http://fhir.de/CodeSystem/bfarm/ops",
              "version": "2009",
              "code": "3-900",
              "display": "Knochendichtemessung (alle Verfahren)"
            }
          ]
        },
        "subject": {
          "reference": "Patient/PID-d2bc6677ded418c11fdd1e0d21237e2c89d75d7327acc78c93d96711"
        },
        "encounter": {
          "reference": "Encounter/PV-65c9156063435ad025694394554fa8bc17f48f5d3a30e8b725308c71"
        },
        "performedDateTime": "2009-07-29T14:08:00+02:00"
      },
      "search": {
        "mode": "match"
      }
    },
    {
      "fullUrl": "http://num-fhirserver.distan.medicsh.de:8080/fhir/Procedure/PR-f9dcaa67c1995e255f17ac1964912975bc5e01c9daa9a02651335ae5",
      "resource": {
        "resourceType": "Procedure",
        "id": "PR-f9dcaa67c1995e255f17ac1964912975bc5e01c9daa9a02651335ae5",
        "meta": {
          "versionId": "373205277",
          "lastUpdated": "2025-10-08T15:33:59.612Z",
          "profile": [
            "https://www.medizininformatik-initiative.de/fhir/core/modul-prozedur/StructureDefinition/Procedure|2025.0.0"
          ]
        },
        "status": "completed",
        "category": {
          "coding": [
            {
              "system": "http://snomed.info/sct",
              "code": "363679005",
              "display": "Imaging"
            }
          ]
        },
        "code": {
          "coding": [
            {
              "system": "http://fhir.de/CodeSystem/bfarm/ops",
              "version": "2009",
              "code": "3-990",
              "display": "Computergestützte Bilddatenanalyse mit 3D-Auswertung"
            }
          ]
        },
        "subject": {
          "reference": "Patient/PID-d2bc6677ded418c11fdd1e0d21237e2c89d75d7327acc78c93d96711"
        },
        "encounter": {
          "reference": "Encounter/PV-65c9156063435ad025694394554fa8bc17f48f5d3a30e8b725308c71"
        },
        "performedDateTime": "2009-08-12T08:13:00+02:00"
      },
      "search": {
        "mode": "match"
      }
    }
  ]
}
