{
  "resourceType": "Bundle",
  "id": "DGTUX5GFIS2ABRVY",
  "type": "searchset",
  "total": 3,
  "entry": [
    {
      "fullUrl": "http://num-fhirserver.distan.medicsh.de:8080/fhir/Patient/PID-d6019b628d4ef5c362d5abac9e2bce7bfce1cd949d42107c371b30a1",
      "resource": {
        "resourceType": "Patient",
        "id": "PID-d6019b628d4ef5c362d5abac9e2bce7bfce1cd949d42107c371b30a1",
        "meta": {
          "versionId": "108519014",
          "lastUpdated": "2025-03-14T06:58:07.467Z",
          "profile": [
            "https://www.medizininformatik-initiative.de/fhir/core/modul-person/StructureDefinition/PatientPseudonymisiert|2025.0.1"
          ]
        },
        "identifier": [
          {
            "use": "usual",
            "type": {
              "coding": [
                {
                  "system": "http://terminology.hl7.org/CodeSystem/v3-ObservationValue",
                  "code": "PSEUDED"
                }
              ]
            },
            "system": "https://www.medizininformatik-initiative.de/fhir/sid/pseudonym",
            "value": "d6019b628d4ef5c362d5abac9e2bce7bfce1cd949d42107c371b30a1"
          }
        ],
        "gender": "male",
        "birthDate": "2007-04",
        "deceasedBoolean": true
      },
      "search": {
        "mode": "match"
      }
    },
    {
      "fullUrl": "http://num-fhirserver.distan.medicsh.de:8080/fhir/Encounter/PV-7f3412140a3a540d12881a01f54f95887f449f6e296ded766c78c780",
      "resource": {
        "resourceType": "Encounter",
        "id": "PV-7f3412140a3a540d12881a01f54f95887f449f6e296ded766c78c780",
        "meta": {
          "versionId": "108518496",
          "lastUpdated": "2025-03-14T06:58:02.701Z",
          "source": "http://medic.uksh.de/source/orbis/legacy",
          "profile": [
            "https://www.medizininformatik-initiative.de/fhir/core/modul-fall/StructureDefinition/KontaktGesundheitseinrichtung|2025.0.0"
          ]
        },
        "identifier": [
          {
            "use": "official",
            "type": {
              "coding": [
                {
                  "system": "http://terminology.hl7.org/CodeSystem/v2-0203",
                  "code": "VN"
                }
              ]
            },
            "system": "http://medic.uksh.de/fhir/Encounter",
            "value": "7f3412140a3a540d12881a01f54f95887f449f6e296ded766c78c780"
          }
        ],
        "status": "finished",
        "class": {
          "system": "http://terminology.hl7.org/CodeSystem/v3-ActCode",
          "code": "AMB"
        },
        "type": [
          {
            "coding": [
              {
                "system": "http://fhir.de/CodeSystem/Kontaktebene",
                "code": "einrichtungskontakt"
              }
            ]
          }
        ],
        "subject": {
          "reference": "Patient/PID-d6019b628d4ef5c362d5abac9e2bce7bfce1cd949d42107c371b30a1"
        },
        "period": {
          "start": "2007-04-01T07:53:00+02:00",
          "end": "2007-06-30T23:59:59+02:00"
        }
      },
      "search": {
        "mode": "match"
      }
    },
    {
      "fullUrl": "http://num-fhirserver.distan.medicsh.de:8080/fhir/Observation/VIT-32771b8e699dc3b2e4f08029e4aad47fdac5a7e8b2ec6750c716a26f",
      "resource": {
        "resourceType": "Observation",
        "id": "VIT-32771b8e699dc3b2e4f08029e4aad47fdac5a7e8b2ec6750c716a26f",
        "meta": {
          "versionId": "108518512",
          "lastUpdated": "2025-03-14T06:58:02.739Z",
          "profile": [
            "https://www.medizininformatik-initiative.de/fhir/core/modul-person/StructureDefinition/Vitalstatus|2025.0.1"
          ]
        },
        "status": "final",
        "category": [
          {
            "coding": [
              {
                "system": "http://terminology.hl7.org/CodeSystem/observation-category",
                "code": "survey"
              }
            ]
          }
        ],
        "code": {
          "coding": [
            {
              "system": "http://loinc.org",
              "code": "67162-8"
            }
          ]
        },
        "subject": {
          "reference": "Patient/PID-d6019b628d4ef5c362d5abac9e2bce7bfce1cd949d42107c371b30a1"
        },
        "effectiveDateTime": "2007-04-01T07:53:00+02:00",
        "valueCodeableConcept": {
          "coding": [
            {
              "system": "https://www.medizininformatik-initiative.de/fhir/core/modul-person/CodeSystem/Vitalstatus",
              "code": "L"
            }
          ]
        }
      },
      "search": {
        "mode": "match"
      }
    }
  ]
}
