{
  "resourceType": "Bundle",
  "id": "DGTUYBZWPWLSAEKD",
  "type": "searchset",
  "total": 10,
  "entry": [
    {
      "fullUrl": "http://num-fhirserver.distan.medicsh.de:8080/fhir/Patient/PID-d61ae519cc65083cc7cff1e2b7f57661ab4f61a10c51cf79465509ce",
      "resource": {
        "resourceType": "Patient",
        "id": "PID-d61ae519cc65083cc7cff1e2b7f57661ab4f61a10c51cf79465509ce",
        "meta": {
          "versionId": "163153153",
          "lastUpdated": "2025-03-16T01:10:11.952Z",
          "profile": [
            "https://www.medizininformatik-initiative.de/fhir/core/modul-person/StructureDefinition/PatientPseudonymisiert|2025.0.1"
          ]
        },
        "identifier": [
          {
            "use": "usual",
            "type": {
              "coding": [
                {
                  "system": "http://terminology.hl7.org/CodeSystem/v3-ObservationValue",
                  "code": "PSEUDED"
                }
              ]
            },
            "system": "https://www.medizininformatik-initiative.de/fhir/sid/pseudonym",
            "value": "d61ae519cc65083cc7cff1e2b7f57661ab4f61a10c51cf79465509ce"
          }
        ],
        "birthDate": "2021-10",
        "deceasedBoolean": true
      },
      "search": {
        "mode": "match"
      }
    },
    {
      "fullUrl": "http://num-fhirserver.distan.medicsh.de:8080/fhir/Encounter/PV-1bf95b2e26e439da3f933719844de730fd744cb8631361f60a1778f1",
      "resource": {
        "resourceType": "Encounter",
        "id": "PV-1bf95b2e26e439da3f933719844de730fd744cb8631361f60a1778f1",
        "meta": {
          "versionId": "240757635",
          "lastUpdated": "2025-03-20T20:58:11.959Z",
          "source": "http://medic.uksh.de/source/orbis/adt",
          "profile": [
            "https://www.medizininformatik-initiative.de/fhir/core/modul-fall/StructureDefinition/KontaktGesundheitseinrichtung|2025.0.0"
          ]
        },
        "identifier": [
          {
            "use": "official",
            "type": {
              "coding": [
                {
                  "system": "http://terminology.hl7.org/CodeSystem/v2-0203",
                  "code": "VN"
                }
              ]
            },
            "system": "http://medic.uksh.de/fhir/Encounter",
            "value": "1bf95b2e26e439da3f933719844de730fd744cb8631361f60a1778f1"
          }
        ],
        "status": "in-progress",
        "class": {
          "system": "http://terminology.hl7.org/CodeSystem/v3-ActCode",
          "code": "IMP"
        },
        "type": [
          {
            "coding": [
              {
                "system": "http://fhir.de/CodeSystem/Kontaktebene",
                "code": "einrichtungskontakt"
              }
            ]
          }
        ],
        "subject": {
          "reference": "Patient/PID-d61ae519cc65083cc7cff1e2b7f57661ab4f61a10c51cf79465509ce"
        },
        "period": {
          "start": "2023-08-23T10:32:00+02:00"
        }
      },
      "search": {
        "mode": "match"
      }
    },
    {
      "fullUrl": "http://num-fhirserver.distan.medicsh.de:8080/fhir/Encounter/PV-522d3381d0bd523704d0f2a9f731317fa211eadb98f4b6664342f4b0",
      "resource": {
        "resourceType": "Encounter",
        "id": "PV-522d3381d0bd523704d0f2a9f731317fa211eadb98f4b6664342f4b0",
        "meta": {
          "versionId": "308492347",
          "lastUpdated": "2025-04-01T03:08:15.828Z",
          "source": "http://medic.uksh.de/source/orbis/adt",
          "profile": [
            "https://www.medizininformatik-initiative.de/fhir/core/modul-fall/StructureDefinition/KontaktGesundheitseinrichtung|2025.0.0"
          ]
        },
        "identifier": [
          {
            "use": "official",
            "type": {
              "coding": [
                {
                  "system": "http://terminology.hl7.org/CodeSystem/v2-0203",
                  "code": "VN"
                }
              ]
            },
            "system": "http://medic.uksh.de/fhir/Encounter",
            "value": "522d3381d0bd523704d0f2a9f731317fa211eadb98f4b6664342f4b0"
          }
        ],
        "status": "finished",
        "class": {
          "system": "http://terminology.hl7.org/CodeSystem/v3-ActCode",
          "code": "AMB"
        },
        "type": [
          {
            "coding": [
              {
                "system": "http://fhir.de/CodeSystem/Kontaktebene",
                "code": "einrichtungskontakt"
              }
            ]
          }
        ],
        "subject": {
          "reference": "Patient/PID-d61ae519cc65083cc7cff1e2b7f57661ab4f61a10c51cf79465509ce"
        },
        "period": {
          "start": "2025-03-26T15:39:00+01:00",
          "end": "2025-03-31T23:59:59+02:00"
        }
      },
      "search": {
        "mode": "match"
      }
    },
    {
      "fullUrl": "http://num-fhirserver.distan.medicsh.de:8080/fhir/Encounter/PV-6894309607190571421d10e8774102f03578e350d440aeafd525034e",
      "resource": {
        "resourceType": "Encounter",
        "id": "PV-6894309607190571421d10e8774102f03578e350d440aeafd525034e",
        "meta": {
          "versionId": "163153154",
          "lastUpdated": "2025-03-16T01:10:11.961Z",
          "source": "http://medic.uksh.de/source/orbis/legacy",
          "profile": [
            "https://www.medizininformatik-initiative.de/fhir/core/modul-fall/StructureDefinition/KontaktGesundheitseinrichtung|2025.0.0"
          ]
        },
        "identifier": [
          {
            "use": "official",
            "type": {
              "coding": [
                {
                  "system": "http://terminology.hl7.org/CodeSystem/v2-0203",
                  "code": "VN"
                }
              ]
            },
            "system": "http://medic.uksh.de/fhir/Encounter",
            "value": "6894309607190571421d10e8774102f03578e350d440aeafd525034e"
          }
        ],
        "status": "finished",
        "class": {
          "system": "http://terminology.hl7.org/CodeSystem/v3-ActCode",
          "code": "AMB"
        },
        "type": [
          {
            "coding": [
              {
                "system": "http://fhir.de/CodeSystem/Kontaktebene",
                "code": "einrichtungskontakt"
              }
            ]
          }
        ],
        "subject": {
          "reference": "Patient/PID-d61ae519cc65083cc7cff1e2b7f57661ab4f61a10c51cf79465509ce"
        },
        "period": {
          "start": "2021-10-29T16:39:00+02:00",
          "end": "2021-12-31T23:59:59+01:00"
        }
      },
      "search": {
        "mode": "match"
      }
    },
    {
      "fullUrl": "http://num-fhirserver.distan.medicsh.de:8080/fhir/Encounter/PV-AK-b1333497ea24072c88068afb047ea4344d28dba53fb9e7ca1f77e968",
      "resource": {
        "resourceType": "Encounter",
        "id": "PV-AK-b1333497ea24072c88068afb047ea4344d28dba53fb9e7ca1f77e968",
        "meta": {
          "versionId": "240757638",
          "lastUpdated": "2025-03-20T20:58:12.014Z",
          "source": "http://medic.uksh.de/source/orbis/adt",
          "profile": [
            "https://www.medizininformatik-initiative.de/fhir/core/modul-fall/StructureDefinition/KontaktGesundheitseinrichtung|2025.0.0"
          ]
        },
        "identifier": [
          {
            "use": "official",
            "type": {
              "coding": [
                {
                  "system": "http://terminology.hl7.org/CodeSystem/v2-0203",
                  "code": "VN"
                }
              ]
            },
            "system": "http://medic.uksh.de/fhir/Encounter",
            "value": "1bf95b2e26e439da3f933719844de730fd744cb8631361f60a1778f1"
          },
          {
            "use": "secondary",
            "type": {
              "coding": [
                {
                  "system": "http://terminology.hl7.org/CodeSystem/v2-0203",
                  "code": "U"
                }
              ]
            },
            "system": "http://medic.uksh.de.de/fhir/Encounter/department",
            "value": "ITSG.2023-08-23T10:32:00"
          }
        ],
        "status": "in-progress",
        "class": {
          "system": "http://terminology.hl7.org/CodeSystem/v3-ActCode",
          "code": "IMP"
        },
        "type": [
          {
            "coding": [
              {
                "system": "http://fhir.de/CodeSystem/Kontaktebene",
                "code": "abteilungskontakt"
              }
            ]
          }
        ],
        "subject": {
          "reference": "Patient/PID-d61ae519cc65083cc7cff1e2b7f57661ab4f61a10c51cf79465509ce"
        },
        "period": {
          "start": "2023-08-23T10:32:00+02:00"
        },
        "location": [
          {
            "location": {
              "reference": "Location/ITSG-ITSGSTAT"
            },
            "status": "active",
            "physicalType": {
              "coding": [
                {
                  "system": "http://terminology.hl7.org/CodeSystem/location-physical-type",
                  "code": "wa"
                }
              ]
            },
            "period": {
              "start": "2023-08-23T10:32:00+02:00"
            }
          }
        ],
        "partOf": {
          "reference": "Encounter/PV-1bf95b2e26e439da3f933719844de730fd744cb8631361f60a1778f1"
        }
      },
      "search": {
        "mode": "match"
      }
    },
    {
      "fullUrl": "http://num-fhirserver.distan.medicsh.de:8080/fhir/Encounter/PV-VK-3eba6a02d1c9680567e3af23620ebfb3b1a0215268ad34b156d0565a",
      "resource": {
        "resourceType": "Encounter",
        "id": "PV-VK-3eba6a02d1c9680567e3af23620ebfb3b1a0215268ad34b156d0565a",
        "meta": {
          "versionId": "240757637",
          "lastUpdated": "2025-03-20T20:58:11.995Z",
          "source": "http://medic.uksh.de/source/orbis/adt",
          "profile": [
            "https://www.medizininformatik-initiative.de/fhir/core/modul-fall/StructureDefinition/KontaktGesundheitseinrichtung|2025.0.0"
          ]
        },
        "identifier": [
          {
            "use": "official",
            "type": {
              "coding": [
                {
                  "system": "http://terminology.hl7.org/CodeSystem/v2-0203",
                  "code": "VN"
                }
              ]
            },
            "system": "http://medic.uksh.de/fhir/Encounter",
            "value": "1bf95b2e26e439da3f933719844de730fd744cb8631361f60a1778f1"
          },
          {
            "use": "secondary",
            "type": {
              "coding": [
                {
                  "system": "http://terminology.hl7.org/CodeSystem/v2-0203",
                  "code": "U"
                }
              ]
            },
            "system": "http://medic.uksh.de.de/fhir/Encounter/department",
            "value": "ITSG.ITSGSTAT.2023-08-23T10:32:00"
          }
        ],
        "status": "in-progress",
        "class": {
          "system": "http://terminology.hl7.org/CodeSystem/v3-ActCode",
          "code": "IMP"
        },
        "type": [
          {
            "coding": [
              {
                "system": "http://fhir.de/CodeSystem/Kontaktebene",
                "code": "versorgungsstellenkontakt"
              }
            ]
          }
        ],
        "subject": {
          "reference": "Patient/PID-d61ae519cc65083cc7cff1e2b7f57661ab4f61a10c51cf79465509ce"
        },
        "period": {
          "start": "2023-08-23T10:32:00+02:00"
        },
        "location": [
          {
            "location": {
              "reference": "Location/ITSG-ITSGSTAT"
            },
            "status": "active",
            "physicalType": {
              "coding": [
                {
                  "system": "http://terminology.hl7.org/CodeSystem/location-physical-type",
                  "code": "wa"
                }
              ]
            },
            "period": {
              "start": "2023-08-23T10:32:00+02:00"
            }
          }
        ],
        "partOf": {
          "reference": "Encounter/PV-AK-b1333497ea24072c88068afb047ea4344d28dba53fb9e7ca1f77e968"
        }
      },
      "search": {
        "mode": "match"
      }
    },
    {
      "fullUrl": "http://num-fhirserver.distan.medicsh.de:8080/fhir/Observation/VIT-48c733d5183b404d2ae3c7a56c949b2b2f9cf9d9655399aea2e29dfe",
      "resource": {
        "resourceType": "Observation",
        "id": "VIT-48c733d5183b404d2ae3c7a56c949b2b2f9cf9d9655399aea2e29dfe",
        "meta": {
          "versionId": "308492349",
          "lastUpdated": "2025-04-01T03:08:15.868Z",
          "profile": [
            "https://www.medizininformatik-initiative.de/fhir/core/modul-person/StructureDefinition/Vitalstatus|2025.0.1"
          ]
        },
        "status": "final",
        "category": [
          {
            "coding": [
              {
                "system": "http://terminology.hl7.org/CodeSystem/observation-category",
                "code": "survey"
              }
            ]
          }
        ],
        "code": {
          "coding": [
            {
              "system": "http://loinc.org",
              "code": "67162-8"
            }
          ]
        },
        "subject": {
          "reference": "Patient/PID-d61ae519cc65083cc7cff1e2b7f57661ab4f61a10c51cf79465509ce"
        },
        "effectiveDateTime": "2025-03-31T23:59:59+02:00",
        "valueCodeableConcept": {
          "coding": [
            {
              "system": "https://www.medizininformatik-initiative.de/fhir/core/modul-person/CodeSystem/Vitalstatus",
              "code": "L"
            }
          ]
        }
      },
      "search": {
        "mode": "match"
      }
    },
    {
      "fullUrl": "http://num-fhirserver.distan.medicsh.de:8080/fhir/Observation/VIT-5b1a114263cf24cebbc630c330ed80449f0513fb382048053681be46",
      "resource": {
        "resourceType": "Observation",
        "id": "VIT-5b1a114263cf24cebbc630c330ed80449f0513fb382048053681be46",
        "meta": {
          "versionId": "250440797",
          "lastUpdated": "2025-03-28T10:25:23.163Z",
          "profile": [
            "https://www.medizininformatik-initiative.de/fhir/core/modul-person/StructureDefinition/Vitalstatus|2025.0.1"
          ]
        },
        "status": "final",
        "category": [
          {
            "coding": [
              {
                "system": "http://terminology.hl7.org/CodeSystem/observation-category",
                "code": "survey"
              }
            ]
          }
        ],
        "code": {
          "coding": [
            {
              "system": "http://loinc.org",
              "code": "67162-8"
            }
          ]
        },
        "subject": {
          "reference": "Patient/PID-d61ae519cc65083cc7cff1e2b7f57661ab4f61a10c51cf79465509ce"
        },
        "effectiveDateTime": "2025-03-26T15:39:00+01:00",
        "valueCodeableConcept": {
          "coding": [
            {
              "system": "https://www.medizininformatik-initiative.de/fhir/core/modul-person/CodeSystem/Vitalstatus",
              "code": "L"
            }
          ]
        }
      },
      "search": {
        "mode": "match"
      }
    },
    {
      "fullUrl": "http://num-fhirserver.distan.medicsh.de:8080/fhir/Observation/VIT-9d977ebaf4725164c6a3445afd249c56f369f5a69866fbc53efe63be",
      "resource": {
        "resourceType": "Observation",
        "id": "VIT-9d977ebaf4725164c6a3445afd249c56f369f5a69866fbc53efe63be",
        "meta": {
          "versionId": "240757636",
          "lastUpdated": "2025-03-20T20:58:11.977Z",
          "profile": [
            "https://www.medizininformatik-initiative.de/fhir/core/modul-person/StructureDefinition/Vitalstatus|2025.0.1"
          ]
        },
        "status": "final",
        "category": [
          {
            "coding": [
              {
                "system": "http://terminology.hl7.org/CodeSystem/observation-category",
                "code": "survey"
              }
            ]
          }
        ],
        "code": {
          "coding": [
            {
              "system": "http://loinc.org",
              "code": "67162-8"
            }
          ]
        },
        "subject": {
          "reference": "Patient/PID-d61ae519cc65083cc7cff1e2b7f57661ab4f61a10c51cf79465509ce"
        },
        "effectiveDateTime": "2023-08-23T10:32:00+02:00",
        "valueCodeableConcept": {
          "coding": [
            {
              "system": "https://www.medizininformatik-initiative.de/fhir/core/modul-person/CodeSystem/Vitalstatus",
              "code": "L"
            }
          ]
        }
      },
      "search": {
        "mode": "match"
      }
    },
    {
      "fullUrl": "http://num-fhirserver.distan.medicsh.de:8080/fhir/Observation/VIT-e8551ebdf90d48048f94f24b033358462fae8e2ae1d2262b6b467c60",
      "resource": {
        "resourceType": "Observation",
        "id": "VIT-e8551ebdf90d48048f94f24b033358462fae8e2ae1d2262b6b467c60",
        "meta": {
          "versionId": "163153155",
          "lastUpdated": "2025-03-16T01:10:11.980Z",
          "profile": [
            "https://www.medizininformatik-initiative.de/fhir/core/modul-person/StructureDefinition/Vitalstatus|2025.0.1"
          ]
        },
        "status": "final",
        "category": [
          {
            "coding": [
              {
                "system": "http://terminology.hl7.org/CodeSystem/observation-category",
                "code": "survey"
              }
            ]
          }
        ],
        "code": {
          "coding": [
            {
              "system": "http://loinc.org",
              "code": "67162-8"
            }
          ]
        },
        "subject": {
          "reference": "Patient/PID-d61ae519cc65083cc7cff1e2b7f57661ab4f61a10c51cf79465509ce"
        },
        "effectiveDateTime": "2021-10-29T16:39:00+02:00",
        "valueCodeableConcept": {
          "coding": [
            {
              "system": "https://www.medizininformatik-initiative.de/fhir/core/modul-person/CodeSystem/Vitalstatus",
              "code": "L"
            }
          ]
        }
      },
      "search": {
        "mode": "match"
      }
    }
  ]
}
