{
  "resourceType": "Bundle",
  "id": "DGTUYCAJ65SCV6C4",
  "type": "searchset",
  "total": 8,
  "entry": [
    {
      "fullUrl": "http://num-fhirserver.distan.medicsh.de:8080/fhir/Patient/PID-d660deb0e931d514a6239e89cb91ac5986bb3950a494ea294eeef772",
      "resource": {
        "resourceType": "Patient",
        "id": "PID-d660deb0e931d514a6239e89cb91ac5986bb3950a494ea294eeef772",
        "meta": {
          "versionId": "235741586",
          "lastUpdated": "2025-03-19T14:47:50.480Z",
          "profile": [
            "https://www.medizininformatik-initiative.de/fhir/core/modul-person/StructureDefinition/PatientPseudonymisiert|2025.0.1"
          ]
        },
        "identifier": [
          {
            "use": "usual",
            "type": {
              "coding": [
                {
                  "system": "http://terminology.hl7.org/CodeSystem/v3-ObservationValue",
                  "code": "PSEUDED"
                }
              ]
            },
            "system": "https://www.medizininformatik-initiative.de/fhir/sid/pseudonym",
            "value": "d660deb0e931d514a6239e89cb91ac5986bb3950a494ea294eeef772"
          }
        ],
        "gender": "female",
        "birthDate": "1966-02",
        "deceasedBoolean": true,
        "address": [
          {
            "type": "both",
            "postalCode": "235",
            "country": "DE"
          }
        ]
      },
      "search": {
        "mode": "match"
      }
    },
    {
      "fullUrl": "http://num-fhirserver.distan.medicsh.de:8080/fhir/Condition/CON-02ff83051d920f8b3f671088ebd2111c80c5fb21b9e7fa464572545e",
      "resource": {
        "resourceType": "Condition",
        "id": "CON-02ff83051d920f8b3f671088ebd2111c80c5fb21b9e7fa464572545e",
        "meta": {
          "versionId": "22183176",
          "lastUpdated": "2025-03-11T05:38:58.546Z",
          "profile": [
            "https://www.medizininformatik-initiative.de/fhir/core/modul-diagnose/StructureDefinition/Diagnose|2025.0.0"
          ]
        },
        "code": {
          "coding": [
            {
              "system": "http://fhir.de/CodeSystem/bfarm/icd-10-gm",
              "version": "2024",
              "code": "C50.5"
            }
          ]
        },
        "subject": {
          "reference": "Patient/PID-d660deb0e931d514a6239e89cb91ac5986bb3950a494ea294eeef772"
        },
        "encounter": {
          "reference": "Encounter/PV-bb8cc261fb212921aa4676df62b9617cf28e25cd5391771f41c27077"
        },
        "recordedDate": "2024-06-19T08:37:00+02:00"
      },
      "search": {
        "mode": "match"
      }
    },
    {
      "fullUrl": "http://num-fhirserver.distan.medicsh.de:8080/fhir/Encounter/PV-0eb420e84ca455bfc126ec291b88e1de0d5dd111da9a1a58c0356911",
      "resource": {
        "resourceType": "Encounter",
        "id": "PV-0eb420e84ca455bfc126ec291b88e1de0d5dd111da9a1a58c0356911",
        "meta": {
          "versionId": "235110653",
          "lastUpdated": "2025-03-19T14:14:41.446Z",
          "source": "http://medic.uksh.de/source/orbis/adt",
          "profile": [
            "https://www.medizininformatik-initiative.de/fhir/core/modul-fall/StructureDefinition/KontaktGesundheitseinrichtung|2025.0.0"
          ]
        },
        "identifier": [
          {
            "use": "official",
            "type": {
              "coding": [
                {
                  "system": "http://terminology.hl7.org/CodeSystem/v2-0203",
                  "code": "VN"
                }
              ]
            },
            "system": "http://medic.uksh.de/fhir/Encounter",
            "value": "0eb420e84ca455bfc126ec291b88e1de0d5dd111da9a1a58c0356911"
          }
        ],
        "status": "finished",
        "class": {
          "system": "http://terminology.hl7.org/CodeSystem/v3-ActCode",
          "code": "AMB"
        },
        "type": [
          {
            "coding": [
              {
                "system": "http://fhir.de/CodeSystem/Kontaktebene",
                "code": "einrichtungskontakt"
              }
            ]
          }
        ],
        "subject": {
          "reference": "Patient/PID-d660deb0e931d514a6239e89cb91ac5986bb3950a494ea294eeef772"
        },
        "period": {
          "start": "2022-08-11T14:50:00+02:00",
          "end": "2022-09-30T23:59:59+02:00"
        }
      },
      "search": {
        "mode": "match"
      }
    },
    {
      "fullUrl": "http://num-fhirserver.distan.medicsh.de:8080/fhir/Encounter/PV-bb8cc261fb212921aa4676df62b9617cf28e25cd5391771f41c27077",
      "resource": {
        "resourceType": "Encounter",
        "id": "PV-bb8cc261fb212921aa4676df62b9617cf28e25cd5391771f41c27077",
        "meta": {
          "versionId": "243794483",
          "lastUpdated": "2025-03-21T19:26:19.249Z",
          "source": "http://medic.uksh.de/source/orbis/adt",
          "profile": [
            "https://www.medizininformatik-initiative.de/fhir/core/modul-fall/StructureDefinition/KontaktGesundheitseinrichtung|2025.0.0"
          ]
        },
        "identifier": [
          {
            "use": "official",
            "type": {
              "coding": [
                {
                  "system": "http://terminology.hl7.org/CodeSystem/v2-0203",
                  "code": "VN"
                }
              ]
            },
            "system": "http://medic.uksh.de/fhir/Encounter",
            "value": "bb8cc261fb212921aa4676df62b9617cf28e25cd5391771f41c27077"
          }
        ],
        "status": "finished",
        "class": {
          "system": "http://terminology.hl7.org/CodeSystem/v3-ActCode",
          "code": "AMB"
        },
        "type": [
          {
            "coding": [
              {
                "system": "http://fhir.de/CodeSystem/Kontaktebene",
                "code": "einrichtungskontakt"
              }
            ]
          }
        ],
        "subject": {
          "reference": "Patient/PID-d660deb0e931d514a6239e89cb91ac5986bb3950a494ea294eeef772"
        },
        "period": {
          "start": "2024-06-19T08:32:00+02:00",
          "end": "2024-06-30T23:59:59+02:00"
        }
      },
      "search": {
        "mode": "match"
      }
    },
    {
      "fullUrl": "http://num-fhirserver.distan.medicsh.de:8080/fhir/Observation/VIT-479995c4baa4b83f76c71fa2523a9e691a34cc750f9316922bc1163d",
      "resource": {
        "resourceType": "Observation",
        "id": "VIT-479995c4baa4b83f76c71fa2523a9e691a34cc750f9316922bc1163d",
        "meta": {
          "versionId": "235110670",
          "lastUpdated": "2025-03-19T14:14:41.474Z",
          "profile": [
            "https://www.medizininformatik-initiative.de/fhir/core/modul-person/StructureDefinition/Vitalstatus|2025.0.1"
          ]
        },
        "status": "final",
        "category": [
          {
            "coding": [
              {
                "system": "http://terminology.hl7.org/CodeSystem/observation-category",
                "code": "survey"
              }
            ]
          }
        ],
        "code": {
          "coding": [
            {
              "system": "http://loinc.org",
              "code": "67162-8"
            }
          ]
        },
        "subject": {
          "reference": "Patient/PID-d660deb0e931d514a6239e89cb91ac5986bb3950a494ea294eeef772"
        },
        "effectiveDateTime": "2022-09-30T23:59:59+02:00",
        "valueCodeableConcept": {
          "coding": [
            {
              "system": "https://www.medizininformatik-initiative.de/fhir/core/modul-person/CodeSystem/Vitalstatus",
              "code": "L"
            }
          ]
        }
      },
      "search": {
        "mode": "match"
      }
    },
    {
      "fullUrl": "http://num-fhirserver.distan.medicsh.de:8080/fhir/Observation/VIT-6fa823e25a49e8500619569d7be91fac7ce918bd4201a27e06a13132",
      "resource": {
        "resourceType": "Observation",
        "id": "VIT-6fa823e25a49e8500619569d7be91fac7ce918bd4201a27e06a13132",
        "meta": {
          "versionId": "243794485",
          "lastUpdated": "2025-03-21T19:26:19.285Z",
          "profile": [
            "https://www.medizininformatik-initiative.de/fhir/core/modul-person/StructureDefinition/Vitalstatus|2025.0.1"
          ]
        },
        "status": "final",
        "category": [
          {
            "coding": [
              {
                "system": "http://terminology.hl7.org/CodeSystem/observation-category",
                "code": "survey"
              }
            ]
          }
        ],
        "code": {
          "coding": [
            {
              "system": "http://loinc.org",
              "code": "67162-8"
            }
          ]
        },
        "subject": {
          "reference": "Patient/PID-d660deb0e931d514a6239e89cb91ac5986bb3950a494ea294eeef772"
        },
        "effectiveDateTime": "2024-06-30T23:59:59+02:00",
        "valueCodeableConcept": {
          "coding": [
            {
              "system": "https://www.medizininformatik-initiative.de/fhir/core/modul-person/CodeSystem/Vitalstatus",
              "code": "L"
            }
          ]
        }
      },
      "search": {
        "mode": "match"
      }
    },
    {
      "fullUrl": "http://num-fhirserver.distan.medicsh.de:8080/fhir/Observation/VIT-bf9f1f3f0dfadc3fed70573c14fb7082b003444099cf6f44cb51e3b5",
      "resource": {
        "resourceType": "Observation",
        "id": "VIT-bf9f1f3f0dfadc3fed70573c14fb7082b003444099cf6f44cb51e3b5",
        "meta": {
          "versionId": "243794484",
          "lastUpdated": "2025-03-21T19:26:19.266Z",
          "profile": [
            "https://www.medizininformatik-initiative.de/fhir/core/modul-person/StructureDefinition/Vitalstatus|2025.0.1"
          ]
        },
        "status": "final",
        "category": [
          {
            "coding": [
              {
                "system": "http://terminology.hl7.org/CodeSystem/observation-category",
                "code": "survey"
              }
            ]
          }
        ],
        "code": {
          "coding": [
            {
              "system": "http://loinc.org",
              "code": "67162-8"
            }
          ]
        },
        "subject": {
          "reference": "Patient/PID-d660deb0e931d514a6239e89cb91ac5986bb3950a494ea294eeef772"
        },
        "effectiveDateTime": "2024-06-19T08:32:00+02:00",
        "valueCodeableConcept": {
          "coding": [
            {
              "system": "https://www.medizininformatik-initiative.de/fhir/core/modul-person/CodeSystem/Vitalstatus",
              "code": "L"
            }
          ]
        }
      },
      "search": {
        "mode": "match"
      }
    },
    {
      "fullUrl": "http://num-fhirserver.distan.medicsh.de:8080/fhir/Observation/VIT-fa52e32dc5ef644291bc0b64cae0258cf54304226a19a765b4169799",
      "resource": {
        "resourceType": "Observation",
        "id": "VIT-fa52e32dc5ef644291bc0b64cae0258cf54304226a19a765b4169799",
        "meta": {
          "versionId": "235110660",
          "lastUpdated": "2025-03-19T14:14:41.458Z",
          "profile": [
            "https://www.medizininformatik-initiative.de/fhir/core/modul-person/StructureDefinition/Vitalstatus|2025.0.1"
          ]
        },
        "status": "final",
        "category": [
          {
            "coding": [
              {
                "system": "http://terminology.hl7.org/CodeSystem/observation-category",
                "code": "survey"
              }
            ]
          }
        ],
        "code": {
          "coding": [
            {
              "system": "http://loinc.org",
              "code": "67162-8"
            }
          ]
        },
        "subject": {
          "reference": "Patient/PID-d660deb0e931d514a6239e89cb91ac5986bb3950a494ea294eeef772"
        },
        "effectiveDateTime": "2022-08-11T14:50:00+02:00",
        "valueCodeableConcept": {
          "coding": [
            {
              "system": "https://www.medizininformatik-initiative.de/fhir/core/modul-person/CodeSystem/Vitalstatus",
              "code": "L"
            }
          ]
        }
      },
      "search": {
        "mode": "match"
      }
    }
  ]
}
