{
  "resourceType": "Bundle",
  "id": "DGTUYAKBYOYF3OXN",
  "type": "searchset",
  "total": 3,
  "entry": [
    {
      "fullUrl": "http://num-fhirserver.distan.medicsh.de:8080/fhir/Patient/PID-d6996088f0aae8286f9dba134cf10b30b2211314f2640ff2cc64b75b",
      "resource": {
        "resourceType": "Patient",
        "id": "PID-d6996088f0aae8286f9dba134cf10b30b2211314f2640ff2cc64b75b",
        "meta": {
          "versionId": "106281898",
          "lastUpdated": "2025-03-14T05:22:05.420Z",
          "profile": [
            "https://www.medizininformatik-initiative.de/fhir/core/modul-person/StructureDefinition/PatientPseudonymisiert|2025.0.1"
          ]
        },
        "identifier": [
          {
            "use": "usual",
            "type": {
              "coding": [
                {
                  "system": "http://terminology.hl7.org/CodeSystem/v3-ObservationValue",
                  "code": "PSEUDED"
                }
              ]
            },
            "system": "https://www.medizininformatik-initiative.de/fhir/sid/pseudonym",
            "value": "d6996088f0aae8286f9dba134cf10b30b2211314f2640ff2cc64b75b"
          }
        ],
        "gender": "male",
        "birthDate": "1970-02",
        "deceasedBoolean": true
      },
      "search": {
        "mode": "match"
      }
    },
    {
      "fullUrl": "http://num-fhirserver.distan.medicsh.de:8080/fhir/Encounter/PV-14bed5b3906953475375b772047f3a38628b340c05fa144265d73abb",
      "resource": {
        "resourceType": "Encounter",
        "id": "PV-14bed5b3906953475375b772047f3a38628b340c05fa144265d73abb",
        "meta": {
          "versionId": "106280470",
          "lastUpdated": "2025-03-14T05:22:02.383Z",
          "source": "http://medic.uksh.de/source/orbis/legacy",
          "profile": [
            "https://www.medizininformatik-initiative.de/fhir/core/modul-fall/StructureDefinition/KontaktGesundheitseinrichtung|2025.0.0"
          ]
        },
        "identifier": [
          {
            "use": "official",
            "type": {
              "coding": [
                {
                  "system": "http://terminology.hl7.org/CodeSystem/v2-0203",
                  "code": "VN"
                }
              ]
            },
            "system": "http://medic.uksh.de/fhir/Encounter",
            "value": "14bed5b3906953475375b772047f3a38628b340c05fa144265d73abb"
          }
        ],
        "status": "finished",
        "class": {
          "system": "http://terminology.hl7.org/CodeSystem/v3-ActCode",
          "code": "AMB"
        },
        "type": [
          {
            "coding": [
              {
                "system": "http://fhir.de/CodeSystem/Kontaktebene",
                "code": "einrichtungskontakt"
              }
            ]
          }
        ],
        "subject": {
          "reference": "Patient/PID-d6996088f0aae8286f9dba134cf10b30b2211314f2640ff2cc64b75b"
        },
        "period": {
          "start": "2010-02-02T12:55:00+01:00",
          "end": "2010-03-31T23:59:59+02:00"
        },
        "hospitalization": {
          "admitSource": {
            "coding": [
              {
                "system": "http://fhir.de/CodeSystem/dgkev/Aufnahmeanlass",
                "code": "E"
              }
            ]
          }
        }
      },
      "search": {
        "mode": "match"
      }
    },
    {
      "fullUrl": "http://num-fhirserver.distan.medicsh.de:8080/fhir/Observation/VIT-52130833a5750d722818dae5252b77db841ce525047e925c4e8c80d9",
      "resource": {
        "resourceType": "Observation",
        "id": "VIT-52130833a5750d722818dae5252b77db841ce525047e925c4e8c80d9",
        "meta": {
          "versionId": "106280488",
          "lastUpdated": "2025-03-14T05:22:02.408Z",
          "profile": [
            "https://www.medizininformatik-initiative.de/fhir/core/modul-person/StructureDefinition/Vitalstatus|2025.0.1"
          ]
        },
        "status": "final",
        "category": [
          {
            "coding": [
              {
                "system": "http://terminology.hl7.org/CodeSystem/observation-category",
                "code": "survey"
              }
            ]
          }
        ],
        "code": {
          "coding": [
            {
              "system": "http://loinc.org",
              "code": "67162-8"
            }
          ]
        },
        "subject": {
          "reference": "Patient/PID-d6996088f0aae8286f9dba134cf10b30b2211314f2640ff2cc64b75b"
        },
        "effectiveDateTime": "2010-02-02T12:55:00+01:00",
        "valueCodeableConcept": {
          "coding": [
            {
              "system": "https://www.medizininformatik-initiative.de/fhir/core/modul-person/CodeSystem/Vitalstatus",
              "code": "L"
            }
          ]
        }
      },
      "search": {
        "mode": "match"
      }
    }
  ]
}
