{
  "resourceType": "Bundle",
  "id": "DGTUX6F53YLPU4ET",
  "type": "searchset",
  "total": 3,
  "entry": [
    {
      "fullUrl": "http://num-fhirserver.distan.medicsh.de:8080/fhir/Patient/PID-d6a70675f4348424fe94b5dc2f0ea466ece13d6a68ac510ff0882ef2",
      "resource": {
        "resourceType": "Patient",
        "id": "PID-d6a70675f4348424fe94b5dc2f0ea466ece13d6a68ac510ff0882ef2",
        "meta": {
          "versionId": "106252040",
          "lastUpdated": "2025-03-14T05:20:46.973Z",
          "profile": [
            "https://www.medizininformatik-initiative.de/fhir/core/modul-person/StructureDefinition/PatientPseudonymisiert|2025.0.1"
          ]
        },
        "identifier": [
          {
            "use": "usual",
            "type": {
              "coding": [
                {
                  "system": "http://terminology.hl7.org/CodeSystem/v3-ObservationValue",
                  "code": "PSEUDED"
                }
              ]
            },
            "system": "https://www.medizininformatik-initiative.de/fhir/sid/pseudonym",
            "value": "d6a70675f4348424fe94b5dc2f0ea466ece13d6a68ac510ff0882ef2"
          }
        ],
        "gender": "male",
        "birthDate": "2012-11",
        "deceasedBoolean": true
      },
      "search": {
        "mode": "match"
      }
    },
    {
      "fullUrl": "http://num-fhirserver.distan.medicsh.de:8080/fhir/Encounter/PV-1b69baaf1ffb16444ebc05429b92c7a9e4298d5ef302606e5c785124",
      "resource": {
        "resourceType": "Encounter",
        "id": "PV-1b69baaf1ffb16444ebc05429b92c7a9e4298d5ef302606e5c785124",
        "meta": {
          "versionId": "106251867",
          "lastUpdated": "2025-03-14T05:20:46.588Z",
          "source": "http://medic.uksh.de/source/orbis/legacy",
          "profile": [
            "https://www.medizininformatik-initiative.de/fhir/core/modul-fall/StructureDefinition/KontaktGesundheitseinrichtung|2025.0.0"
          ]
        },
        "identifier": [
          {
            "use": "official",
            "type": {
              "coding": [
                {
                  "system": "http://terminology.hl7.org/CodeSystem/v2-0203",
                  "code": "VN"
                }
              ]
            },
            "system": "http://medic.uksh.de/fhir/Encounter",
            "value": "1b69baaf1ffb16444ebc05429b92c7a9e4298d5ef302606e5c785124"
          }
        ],
        "status": "finished",
        "class": {
          "system": "http://terminology.hl7.org/CodeSystem/v3-ActCode",
          "code": "AMB"
        },
        "type": [
          {
            "coding": [
              {
                "system": "http://fhir.de/CodeSystem/Kontaktebene",
                "code": "einrichtungskontakt"
              }
            ]
          }
        ],
        "subject": {
          "reference": "Patient/PID-d6a70675f4348424fe94b5dc2f0ea466ece13d6a68ac510ff0882ef2"
        },
        "period": {
          "start": "2005-01-11T12:08:00+01:00",
          "end": "2005-03-31T23:59:59+02:00"
        }
      },
      "search": {
        "mode": "match"
      }
    },
    {
      "fullUrl": "http://num-fhirserver.distan.medicsh.de:8080/fhir/Observation/VIT-6231f5edc7a7393a54e21800ba4a3b23d6bf9e45842d6cf9f166292c",
      "resource": {
        "resourceType": "Observation",
        "id": "VIT-6231f5edc7a7393a54e21800ba4a3b23d6bf9e45842d6cf9f166292c",
        "meta": {
          "versionId": "106251883",
          "lastUpdated": "2025-03-14T05:20:46.609Z",
          "profile": [
            "https://www.medizininformatik-initiative.de/fhir/core/modul-person/StructureDefinition/Vitalstatus|2025.0.1"
          ]
        },
        "status": "final",
        "category": [
          {
            "coding": [
              {
                "system": "http://terminology.hl7.org/CodeSystem/observation-category",
                "code": "survey"
              }
            ]
          }
        ],
        "code": {
          "coding": [
            {
              "system": "http://loinc.org",
              "code": "67162-8"
            }
          ]
        },
        "subject": {
          "reference": "Patient/PID-d6a70675f4348424fe94b5dc2f0ea466ece13d6a68ac510ff0882ef2"
        },
        "effectiveDateTime": "2005-01-11T12:08:00+01:00",
        "valueCodeableConcept": {
          "coding": [
            {
              "system": "https://www.medizininformatik-initiative.de/fhir/core/modul-person/CodeSystem/Vitalstatus",
              "code": "L"
            }
          ]
        }
      },
      "search": {
        "mode": "match"
      }
    }
  ]
}
