{
  "resourceType": "Bundle",
  "id": "DGTUX6SNR3FILLBL",
  "type": "searchset",
  "total": 9,
  "entry": [
    {
      "fullUrl": "http://num-fhirserver.distan.medicsh.de:8080/fhir/Patient/PID-d76f49c66cb3f043c774d8064a627010ba3026da9e51347f5ada265d",
      "resource": {
        "resourceType": "Patient",
        "id": "PID-d76f49c66cb3f043c774d8064a627010ba3026da9e51347f5ada265d",
        "meta": {
          "versionId": "167937957",
          "lastUpdated": "2025-03-17T05:46:43.392Z",
          "profile": [
            "https://www.medizininformatik-initiative.de/fhir/core/modul-person/StructureDefinition/PatientPseudonymisiert|2025.0.1"
          ]
        },
        "identifier": [
          {
            "use": "usual",
            "type": {
              "coding": [
                {
                  "system": "http://terminology.hl7.org/CodeSystem/v3-ObservationValue",
                  "code": "PSEUDED"
                }
              ]
            },
            "system": "https://www.medizininformatik-initiative.de/fhir/sid/pseudonym",
            "value": "d76f49c66cb3f043c774d8064a627010ba3026da9e51347f5ada265d"
          }
        ],
        "birthDate": "2010-06",
        "deceasedBoolean": true
      },
      "search": {
        "mode": "match"
      }
    },
    {
      "fullUrl": "http://num-fhirserver.distan.medicsh.de:8080/fhir/Encounter/PV-1333f0d711595a048efd0adf77833aa807dd0968d7006908e4202f51",
      "resource": {
        "resourceType": "Encounter",
        "id": "PV-1333f0d711595a048efd0adf77833aa807dd0968d7006908e4202f51",
        "meta": {
          "versionId": "167937960",
          "lastUpdated": "2025-03-17T05:46:43.400Z",
          "source": "http://medic.uksh.de/source/orbis/legacy",
          "profile": [
            "https://www.medizininformatik-initiative.de/fhir/core/modul-fall/StructureDefinition/KontaktGesundheitseinrichtung|2025.0.0"
          ]
        },
        "identifier": [
          {
            "use": "official",
            "type": {
              "coding": [
                {
                  "system": "http://terminology.hl7.org/CodeSystem/v2-0203",
                  "code": "VN"
                }
              ]
            },
            "system": "http://medic.uksh.de/fhir/Encounter",
            "value": "1333f0d711595a048efd0adf77833aa807dd0968d7006908e4202f51"
          }
        ],
        "status": "finished",
        "class": {
          "system": "http://terminology.hl7.org/CodeSystem/v3-ActCode",
          "code": "AMB"
        },
        "type": [
          {
            "coding": [
              {
                "system": "http://fhir.de/CodeSystem/Kontaktebene",
                "code": "einrichtungskontakt"
              }
            ]
          }
        ],
        "subject": {
          "reference": "Patient/PID-d76f49c66cb3f043c774d8064a627010ba3026da9e51347f5ada265d"
        },
        "period": {
          "start": "2010-10-20T10:23:00+02:00",
          "end": "2010-12-31T23:59:59+01:00"
        },
        "hospitalization": {
          "admitSource": {
            "coding": [
              {
                "system": "http://fhir.de/CodeSystem/dgkev/Aufnahmeanlass",
                "code": "E"
              }
            ]
          }
        }
      },
      "search": {
        "mode": "match"
      }
    },
    {
      "fullUrl": "http://num-fhirserver.distan.medicsh.de:8080/fhir/Encounter/PV-4f19f674ebde38e237594a413f70773172fadf30d7216746f72f3b2d",
      "resource": {
        "resourceType": "Encounter",
        "id": "PV-4f19f674ebde38e237594a413f70773172fadf30d7216746f72f3b2d",
        "meta": {
          "versionId": "167937956",
          "lastUpdated": "2025-03-17T05:46:43.392Z",
          "source": "http://medic.uksh.de/source/orbis/legacy",
          "profile": [
            "https://www.medizininformatik-initiative.de/fhir/core/modul-fall/StructureDefinition/KontaktGesundheitseinrichtung|2025.0.0"
          ]
        },
        "identifier": [
          {
            "use": "official",
            "type": {
              "coding": [
                {
                  "system": "http://terminology.hl7.org/CodeSystem/v2-0203",
                  "code": "VN"
                }
              ]
            },
            "system": "http://medic.uksh.de/fhir/Encounter",
            "value": "4f19f674ebde38e237594a413f70773172fadf30d7216746f72f3b2d"
          }
        ],
        "status": "finished",
        "class": {
          "system": "http://terminology.hl7.org/CodeSystem/v3-ActCode",
          "code": "AMB"
        },
        "type": [
          {
            "coding": [
              {
                "system": "http://fhir.de/CodeSystem/Kontaktebene",
                "code": "einrichtungskontakt"
              }
            ]
          }
        ],
        "subject": {
          "reference": "Patient/PID-d76f49c66cb3f043c774d8064a627010ba3026da9e51347f5ada265d"
        },
        "period": {
          "start": "2011-02-24T07:51:00+01:00",
          "end": "2011-03-31T23:59:59+02:00"
        },
        "hospitalization": {
          "admitSource": {
            "coding": [
              {
                "system": "http://fhir.de/CodeSystem/dgkev/Aufnahmeanlass",
                "code": "E"
              }
            ]
          }
        }
      },
      "search": {
        "mode": "match"
      }
    },
    {
      "fullUrl": "http://num-fhirserver.distan.medicsh.de:8080/fhir/Encounter/PV-60129a2d9bbd382cbf326384ce73a81868ce035ed2559a1a607b273b",
      "resource": {
        "resourceType": "Encounter",
        "id": "PV-60129a2d9bbd382cbf326384ce73a81868ce035ed2559a1a607b273b",
        "meta": {
          "versionId": "167937969",
          "lastUpdated": "2025-03-17T05:46:43.426Z",
          "source": "http://medic.uksh.de/source/orbis/legacy",
          "profile": [
            "https://www.medizininformatik-initiative.de/fhir/core/modul-fall/StructureDefinition/KontaktGesundheitseinrichtung|2025.0.0"
          ]
        },
        "identifier": [
          {
            "use": "official",
            "type": {
              "coding": [
                {
                  "system": "http://terminology.hl7.org/CodeSystem/v2-0203",
                  "code": "VN"
                }
              ]
            },
            "system": "http://medic.uksh.de/fhir/Encounter",
            "value": "60129a2d9bbd382cbf326384ce73a81868ce035ed2559a1a607b273b"
          }
        ],
        "status": "finished",
        "class": {
          "system": "http://terminology.hl7.org/CodeSystem/v3-ActCode",
          "code": "AMB"
        },
        "type": [
          {
            "coding": [
              {
                "system": "http://fhir.de/CodeSystem/Kontaktebene",
                "code": "einrichtungskontakt"
              }
            ]
          }
        ],
        "subject": {
          "reference": "Patient/PID-d76f49c66cb3f043c774d8064a627010ba3026da9e51347f5ada265d"
        },
        "period": {
          "start": "2010-06-14T12:48:00+02:00",
          "end": "2010-06-30T23:59:59+02:00"
        },
        "hospitalization": {
          "admitSource": {
            "coding": [
              {
                "system": "http://fhir.de/CodeSystem/dgkev/Aufnahmeanlass",
                "code": "E"
              }
            ]
          }
        }
      },
      "search": {
        "mode": "match"
      }
    },
    {
      "fullUrl": "http://num-fhirserver.distan.medicsh.de:8080/fhir/Encounter/PV-ca9249a6b156e3867218ad1ac9b048b67786f9d4b3c703f825e8d605",
      "resource": {
        "resourceType": "Encounter",
        "id": "PV-ca9249a6b156e3867218ad1ac9b048b67786f9d4b3c703f825e8d605",
        "meta": {
          "versionId": "167937978",
          "lastUpdated": "2025-03-17T05:46:43.482Z",
          "source": "http://medic.uksh.de/source/orbis/legacy",
          "profile": [
            "https://www.medizininformatik-initiative.de/fhir/core/modul-fall/StructureDefinition/KontaktGesundheitseinrichtung|2025.0.0"
          ]
        },
        "identifier": [
          {
            "use": "official",
            "type": {
              "coding": [
                {
                  "system": "http://terminology.hl7.org/CodeSystem/v2-0203",
                  "code": "VN"
                }
              ]
            },
            "system": "http://medic.uksh.de/fhir/Encounter",
            "value": "ca9249a6b156e3867218ad1ac9b048b67786f9d4b3c703f825e8d605"
          }
        ],
        "status": "finished",
        "class": {
          "system": "http://terminology.hl7.org/CodeSystem/v3-ActCode",
          "code": "AMB"
        },
        "type": [
          {
            "coding": [
              {
                "system": "http://fhir.de/CodeSystem/Kontaktebene",
                "code": "einrichtungskontakt"
              }
            ]
          }
        ],
        "subject": {
          "reference": "Patient/PID-d76f49c66cb3f043c774d8064a627010ba3026da9e51347f5ada265d"
        },
        "period": {
          "start": "2010-07-15T10:20:00+02:00",
          "end": "2010-09-30T23:59:59+02:00"
        },
        "hospitalization": {
          "admitSource": {
            "coding": [
              {
                "system": "http://fhir.de/CodeSystem/dgkev/Aufnahmeanlass",
                "code": "E"
              }
            ]
          }
        }
      },
      "search": {
        "mode": "match"
      }
    },
    {
      "fullUrl": "http://num-fhirserver.distan.medicsh.de:8080/fhir/Observation/VIT-150c22b28eb6e28150f39325928f51ae7dd28896ba62c2e83dd806e9",
      "resource": {
        "resourceType": "Observation",
        "id": "VIT-150c22b28eb6e28150f39325928f51ae7dd28896ba62c2e83dd806e9",
        "meta": {
          "versionId": "167937971",
          "lastUpdated": "2025-03-17T05:46:43.438Z",
          "profile": [
            "https://www.medizininformatik-initiative.de/fhir/core/modul-person/StructureDefinition/Vitalstatus|2025.0.1"
          ]
        },
        "status": "final",
        "category": [
          {
            "coding": [
              {
                "system": "http://terminology.hl7.org/CodeSystem/observation-category",
                "code": "survey"
              }
            ]
          }
        ],
        "code": {
          "coding": [
            {
              "system": "http://loinc.org",
              "code": "67162-8"
            }
          ]
        },
        "subject": {
          "reference": "Patient/PID-d76f49c66cb3f043c774d8064a627010ba3026da9e51347f5ada265d"
        },
        "effectiveDateTime": "2010-06-14T12:48:00+02:00",
        "valueCodeableConcept": {
          "coding": [
            {
              "system": "https://www.medizininformatik-initiative.de/fhir/core/modul-person/CodeSystem/Vitalstatus",
              "code": "L"
            }
          ]
        }
      },
      "search": {
        "mode": "match"
      }
    },
    {
      "fullUrl": "http://num-fhirserver.distan.medicsh.de:8080/fhir/Observation/VIT-cb005441a7fbfde4f9492ae2e632e1f2dee2f58c77f15e75657c4a78",
      "resource": {
        "resourceType": "Observation",
        "id": "VIT-cb005441a7fbfde4f9492ae2e632e1f2dee2f58c77f15e75657c4a78",
        "meta": {
          "versionId": "167937961",
          "lastUpdated": "2025-03-17T05:46:43.402Z",
          "profile": [
            "https://www.medizininformatik-initiative.de/fhir/core/modul-person/StructureDefinition/Vitalstatus|2025.0.1"
          ]
        },
        "status": "final",
        "category": [
          {
            "coding": [
              {
                "system": "http://terminology.hl7.org/CodeSystem/observation-category",
                "code": "survey"
              }
            ]
          }
        ],
        "code": {
          "coding": [
            {
              "system": "http://loinc.org",
              "code": "67162-8"
            }
          ]
        },
        "subject": {
          "reference": "Patient/PID-d76f49c66cb3f043c774d8064a627010ba3026da9e51347f5ada265d"
        },
        "effectiveDateTime": "2011-02-24T07:51:00+01:00",
        "valueCodeableConcept": {
          "coding": [
            {
              "system": "https://www.medizininformatik-initiative.de/fhir/core/modul-person/CodeSystem/Vitalstatus",
              "code": "L"
            }
          ]
        }
      },
      "search": {
        "mode": "match"
      }
    },
    {
      "fullUrl": "http://num-fhirserver.distan.medicsh.de:8080/fhir/Observation/VIT-ccf1a472b6c49db3bb3f91b6ba4d2c539dc26a0684b41a3245743e39",
      "resource": {
        "resourceType": "Observation",
        "id": "VIT-ccf1a472b6c49db3bb3f91b6ba4d2c539dc26a0684b41a3245743e39",
        "meta": {
          "versionId": "167937964",
          "lastUpdated": "2025-03-17T05:46:43.411Z",
          "profile": [
            "https://www.medizininformatik-initiative.de/fhir/core/modul-person/StructureDefinition/Vitalstatus|2025.0.1"
          ]
        },
        "status": "final",
        "category": [
          {
            "coding": [
              {
                "system": "http://terminology.hl7.org/CodeSystem/observation-category",
                "code": "survey"
              }
            ]
          }
        ],
        "code": {
          "coding": [
            {
              "system": "http://loinc.org",
              "code": "67162-8"
            }
          ]
        },
        "subject": {
          "reference": "Patient/PID-d76f49c66cb3f043c774d8064a627010ba3026da9e51347f5ada265d"
        },
        "effectiveDateTime": "2010-10-20T10:23:00+02:00",
        "valueCodeableConcept": {
          "coding": [
            {
              "system": "https://www.medizininformatik-initiative.de/fhir/core/modul-person/CodeSystem/Vitalstatus",
              "code": "L"
            }
          ]
        }
      },
      "search": {
        "mode": "match"
      }
    },
    {
      "fullUrl": "http://num-fhirserver.distan.medicsh.de:8080/fhir/Observation/VIT-ed814dec5f84643d403f560f1840d715ef827e53b746004e8ecd85a6",
      "resource": {
        "resourceType": "Observation",
        "id": "VIT-ed814dec5f84643d403f560f1840d715ef827e53b746004e8ecd85a6",
        "meta": {
          "versionId": "167937981",
          "lastUpdated": "2025-03-17T05:46:43.499Z",
          "profile": [
            "https://www.medizininformatik-initiative.de/fhir/core/modul-person/StructureDefinition/Vitalstatus|2025.0.1"
          ]
        },
        "status": "final",
        "category": [
          {
            "coding": [
              {
                "system": "http://terminology.hl7.org/CodeSystem/observation-category",
                "code": "survey"
              }
            ]
          }
        ],
        "code": {
          "coding": [
            {
              "system": "http://loinc.org",
              "code": "67162-8"
            }
          ]
        },
        "subject": {
          "reference": "Patient/PID-d76f49c66cb3f043c774d8064a627010ba3026da9e51347f5ada265d"
        },
        "effectiveDateTime": "2010-07-15T10:20:00+02:00",
        "valueCodeableConcept": {
          "coding": [
            {
              "system": "https://www.medizininformatik-initiative.de/fhir/core/modul-person/CodeSystem/Vitalstatus",
              "code": "L"
            }
          ]
        }
      },
      "search": {
        "mode": "match"
      }
    }
  ]
}
