{
  "resourceType": "Bundle",
  "id": "DGTUX55723UYDD27",
  "type": "searchset",
  "total": 4,
  "entry": [
    {
      "fullUrl": "http://num-fhirserver.distan.medicsh.de:8080/fhir/Patient/PID-d85f70f35354d9733cb281e14fa4d21b81c57d3533d07a7fecc5955e",
      "resource": {
        "resourceType": "Patient",
        "id": "PID-d85f70f35354d9733cb281e14fa4d21b81c57d3533d07a7fecc5955e",
        "meta": {
          "versionId": "235699243",
          "lastUpdated": "2025-03-19T14:41:00.666Z",
          "profile": [
            "https://www.medizininformatik-initiative.de/fhir/core/modul-person/StructureDefinition/PatientPseudonymisiert|2025.0.1"
          ]
        },
        "identifier": [
          {
            "use": "usual",
            "type": {
              "coding": [
                {
                  "system": "http://terminology.hl7.org/CodeSystem/v3-ObservationValue",
                  "code": "PSEUDED"
                }
              ]
            },
            "system": "https://www.medizininformatik-initiative.de/fhir/sid/pseudonym",
            "value": "d85f70f35354d9733cb281e14fa4d21b81c57d3533d07a7fecc5955e"
          }
        ],
        "gender": "male",
        "birthDate": "1985-07",
        "deceasedBoolean": true,
        "address": [
          {
            "type": "both",
            "postalCode": "391",
            "country": "DE"
          }
        ]
      },
      "search": {
        "mode": "match"
      }
    },
    {
      "fullUrl": "http://num-fhirserver.distan.medicsh.de:8080/fhir/Encounter/PV-5efa63938844d772c9b68b9f2a40bfb14629ed9d76b8b04de77f4b59",
      "resource": {
        "resourceType": "Encounter",
        "id": "PV-5efa63938844d772c9b68b9f2a40bfb14629ed9d76b8b04de77f4b59",
        "meta": {
          "versionId": "234964380",
          "lastUpdated": "2025-03-19T14:09:50.634Z",
          "source": "http://medic.uksh.de/source/orbis/adt",
          "profile": [
            "https://www.medizininformatik-initiative.de/fhir/core/modul-fall/StructureDefinition/KontaktGesundheitseinrichtung|2025.0.0"
          ]
        },
        "identifier": [
          {
            "use": "official",
            "type": {
              "coding": [
                {
                  "system": "http://terminology.hl7.org/CodeSystem/v2-0203",
                  "code": "VN"
                }
              ]
            },
            "system": "http://medic.uksh.de/fhir/Encounter",
            "value": "5efa63938844d772c9b68b9f2a40bfb14629ed9d76b8b04de77f4b59"
          }
        ],
        "status": "finished",
        "class": {
          "system": "http://terminology.hl7.org/CodeSystem/v3-ActCode",
          "code": "AMB"
        },
        "type": [
          {
            "coding": [
              {
                "system": "http://fhir.de/CodeSystem/Kontaktebene",
                "code": "einrichtungskontakt"
              }
            ]
          }
        ],
        "subject": {
          "reference": "Patient/PID-d85f70f35354d9733cb281e14fa4d21b81c57d3533d07a7fecc5955e"
        },
        "period": {
          "start": "2022-07-20T10:53:00+02:00",
          "end": "2022-09-30T23:59:59+02:00"
        }
      },
      "search": {
        "mode": "match"
      }
    },
    {
      "fullUrl": "http://num-fhirserver.distan.medicsh.de:8080/fhir/Observation/VIT-cc7b5d4c2ee6cc860aa96ef2b197ce135982296f3fb555d076d35cb4",
      "resource": {
        "resourceType": "Observation",
        "id": "VIT-cc7b5d4c2ee6cc860aa96ef2b197ce135982296f3fb555d076d35cb4",
        "meta": {
          "versionId": "234964389",
          "lastUpdated": "2025-03-19T14:09:50.648Z",
          "profile": [
            "https://www.medizininformatik-initiative.de/fhir/core/modul-person/StructureDefinition/Vitalstatus|2025.0.1"
          ]
        },
        "status": "final",
        "category": [
          {
            "coding": [
              {
                "system": "http://terminology.hl7.org/CodeSystem/observation-category",
                "code": "survey"
              }
            ]
          }
        ],
        "code": {
          "coding": [
            {
              "system": "http://loinc.org",
              "code": "67162-8"
            }
          ]
        },
        "subject": {
          "reference": "Patient/PID-d85f70f35354d9733cb281e14fa4d21b81c57d3533d07a7fecc5955e"
        },
        "effectiveDateTime": "2022-07-20T10:53:00+02:00",
        "valueCodeableConcept": {
          "coding": [
            {
              "system": "https://www.medizininformatik-initiative.de/fhir/core/modul-person/CodeSystem/Vitalstatus",
              "code": "L"
            }
          ]
        }
      },
      "search": {
        "mode": "match"
      }
    },
    {
      "fullUrl": "http://num-fhirserver.distan.medicsh.de:8080/fhir/Observation/VIT-f170fe7d37a44ff435b5e892e7aae5fe5e554c0adaba1479bec202a9",
      "resource": {
        "resourceType": "Observation",
        "id": "VIT-f170fe7d37a44ff435b5e892e7aae5fe5e554c0adaba1479bec202a9",
        "meta": {
          "versionId": "234964398",
          "lastUpdated": "2025-03-19T14:09:50.669Z",
          "profile": [
            "https://www.medizininformatik-initiative.de/fhir/core/modul-person/StructureDefinition/Vitalstatus|2025.0.1"
          ]
        },
        "status": "final",
        "category": [
          {
            "coding": [
              {
                "system": "http://terminology.hl7.org/CodeSystem/observation-category",
                "code": "survey"
              }
            ]
          }
        ],
        "code": {
          "coding": [
            {
              "system": "http://loinc.org",
              "code": "67162-8"
            }
          ]
        },
        "subject": {
          "reference": "Patient/PID-d85f70f35354d9733cb281e14fa4d21b81c57d3533d07a7fecc5955e"
        },
        "effectiveDateTime": "2022-09-30T23:59:59+02:00",
        "valueCodeableConcept": {
          "coding": [
            {
              "system": "https://www.medizininformatik-initiative.de/fhir/core/modul-person/CodeSystem/Vitalstatus",
              "code": "L"
            }
          ]
        }
      },
      "search": {
        "mode": "match"
      }
    }
  ]
}
