{
  "resourceType": "Bundle",
  "id": "DGTUX5MFCM72O76K",
  "type": "searchset",
  "total": 3,
  "entry": [
    {
      "fullUrl": "http://num-fhirserver.distan.medicsh.de:8080/fhir/Patient/PID-daa0c6351cbc0652ac99008e7d51e2ffb66126ff99feb36617a2f0f3",
      "resource": {
        "resourceType": "Patient",
        "id": "PID-daa0c6351cbc0652ac99008e7d51e2ffb66126ff99feb36617a2f0f3",
        "meta": {
          "versionId": "155362664",
          "lastUpdated": "2025-03-15T16:42:13.309Z",
          "profile": [
            "https://www.medizininformatik-initiative.de/fhir/core/modul-person/StructureDefinition/PatientPseudonymisiert|2025.0.1"
          ]
        },
        "identifier": [
          {
            "use": "usual",
            "type": {
              "coding": [
                {
                  "system": "http://terminology.hl7.org/CodeSystem/v3-ObservationValue",
                  "code": "PSEUDED"
                }
              ]
            },
            "system": "https://www.medizininformatik-initiative.de/fhir/sid/pseudonym",
            "value": "daa0c6351cbc0652ac99008e7d51e2ffb66126ff99feb36617a2f0f3"
          }
        ],
        "gender": "male",
        "birthDate": "2006-12",
        "deceasedBoolean": true
      },
      "search": {
        "mode": "match"
      }
    },
    {
      "fullUrl": "http://num-fhirserver.distan.medicsh.de:8080/fhir/Encounter/PV-ecefe75faca7e1b98436ff2fb7a96bca5461155bc8835865236deafb",
      "resource": {
        "resourceType": "Encounter",
        "id": "PV-ecefe75faca7e1b98436ff2fb7a96bca5461155bc8835865236deafb",
        "meta": {
          "versionId": "155362662",
          "lastUpdated": "2025-03-15T16:42:13.302Z",
          "source": "http://medic.uksh.de/source/orbis/legacy",
          "profile": [
            "https://www.medizininformatik-initiative.de/fhir/core/modul-fall/StructureDefinition/KontaktGesundheitseinrichtung|2025.0.0"
          ]
        },
        "identifier": [
          {
            "use": "official",
            "type": {
              "coding": [
                {
                  "system": "http://terminology.hl7.org/CodeSystem/v2-0203",
                  "code": "VN"
                }
              ]
            },
            "system": "http://medic.uksh.de/fhir/Encounter",
            "value": "ecefe75faca7e1b98436ff2fb7a96bca5461155bc8835865236deafb"
          }
        ],
        "status": "finished",
        "class": {
          "system": "http://terminology.hl7.org/CodeSystem/v3-ActCode",
          "code": "AMB"
        },
        "type": [
          {
            "coding": [
              {
                "system": "http://fhir.de/CodeSystem/Kontaktebene",
                "code": "einrichtungskontakt"
              }
            ]
          }
        ],
        "subject": {
          "reference": "Patient/PID-daa0c6351cbc0652ac99008e7d51e2ffb66126ff99feb36617a2f0f3"
        },
        "period": {
          "start": "2006-12-01T07:46:00+01:00",
          "end": "2006-12-31T23:59:59+01:00"
        }
      },
      "search": {
        "mode": "match"
      }
    },
    {
      "fullUrl": "http://num-fhirserver.distan.medicsh.de:8080/fhir/Observation/VIT-b941366d42277ac698396b167857f4726fb617da5b6ab7ed3ddadb12",
      "resource": {
        "resourceType": "Observation",
        "id": "VIT-b941366d42277ac698396b167857f4726fb617da5b6ab7ed3ddadb12",
        "meta": {
          "versionId": "155362672",
          "lastUpdated": "2025-03-15T16:42:13.323Z",
          "profile": [
            "https://www.medizininformatik-initiative.de/fhir/core/modul-person/StructureDefinition/Vitalstatus|2025.0.1"
          ]
        },
        "status": "final",
        "category": [
          {
            "coding": [
              {
                "system": "http://terminology.hl7.org/CodeSystem/observation-category",
                "code": "survey"
              }
            ]
          }
        ],
        "code": {
          "coding": [
            {
              "system": "http://loinc.org",
              "code": "67162-8"
            }
          ]
        },
        "subject": {
          "reference": "Patient/PID-daa0c6351cbc0652ac99008e7d51e2ffb66126ff99feb36617a2f0f3"
        },
        "effectiveDateTime": "2006-12-01T07:46:00+01:00",
        "valueCodeableConcept": {
          "coding": [
            {
              "system": "https://www.medizininformatik-initiative.de/fhir/core/modul-person/CodeSystem/Vitalstatus",
              "code": "L"
            }
          ]
        }
      },
      "search": {
        "mode": "match"
      }
    }
  ]
}
