{
  "resourceType": "Bundle",
  "id": "DGTUYALYTQEYOVVW",
  "type": "searchset",
  "total": 16,
  "entry": [
    {
      "fullUrl": "http://num-fhirserver.distan.medicsh.de:8080/fhir/Patient/PID-db08e1ef5ff8eb9bdff93d3a2dfb501a6b3fe65b890152313216011f",
      "resource": {
        "resourceType": "Patient",
        "id": "PID-db08e1ef5ff8eb9bdff93d3a2dfb501a6b3fe65b890152313216011f",
        "meta": {
          "versionId": "177127875",
          "lastUpdated": "2025-03-17T15:22:07.509Z",
          "profile": [
            "https://www.medizininformatik-initiative.de/fhir/core/modul-person/StructureDefinition/PatientPseudonymisiert|2025.0.1"
          ]
        },
        "identifier": [
          {
            "use": "usual",
            "type": {
              "coding": [
                {
                  "system": "http://terminology.hl7.org/CodeSystem/v3-ObservationValue",
                  "code": "PSEUDED"
                }
              ]
            },
            "system": "https://www.medizininformatik-initiative.de/fhir/sid/pseudonym",
            "value": "db08e1ef5ff8eb9bdff93d3a2dfb501a6b3fe65b890152313216011f"
          }
        ],
        "gender": "male",
        "birthDate": "1985-01",
        "deceasedBoolean": true,
        "address": [
          {
            "type": "both",
            "postalCode": "241",
            "country": "DE"
          }
        ]
      },
      "search": {
        "mode": "match"
      }
    },
    {
      "fullUrl": "http://num-fhirserver.distan.medicsh.de:8080/fhir/Encounter/PV-830afaaeff33ed533a3fecc3072e609b4899b253fe680a38e449e081",
      "resource": {
        "resourceType": "Encounter",
        "id": "PV-830afaaeff33ed533a3fecc3072e609b4899b253fe680a38e449e081",
        "meta": {
          "versionId": "177128720",
          "lastUpdated": "2025-03-17T15:22:09.419Z",
          "source": "http://medic.uksh.de/source/orbis/legacy",
          "profile": [
            "https://www.medizininformatik-initiative.de/fhir/core/modul-fall/StructureDefinition/KontaktGesundheitseinrichtung|2025.0.0"
          ]
        },
        "identifier": [
          {
            "use": "official",
            "type": {
              "coding": [
                {
                  "system": "http://terminology.hl7.org/CodeSystem/v2-0203",
                  "code": "VN"
                }
              ]
            },
            "system": "http://medic.uksh.de/fhir/Encounter",
            "value": "830afaaeff33ed533a3fecc3072e609b4899b253fe680a38e449e081"
          }
        ],
        "status": "finished",
        "class": {
          "system": "http://terminology.hl7.org/CodeSystem/v3-ActCode",
          "code": "AMB"
        },
        "type": [
          {
            "coding": [
              {
                "system": "http://fhir.de/CodeSystem/Kontaktebene",
                "code": "einrichtungskontakt"
              }
            ]
          }
        ],
        "subject": {
          "reference": "Patient/PID-db08e1ef5ff8eb9bdff93d3a2dfb501a6b3fe65b890152313216011f"
        },
        "period": {
          "start": "2013-04-19T11:38:00+02:00",
          "end": "2013-06-30T23:59:59+02:00"
        },
        "hospitalization": {
          "admitSource": {
            "coding": [
              {
                "system": "http://fhir.de/CodeSystem/dgkev/Aufnahmeanlass",
                "code": "E"
              }
            ]
          }
        }
      },
      "search": {
        "mode": "match"
      }
    },
    {
      "fullUrl": "http://num-fhirserver.distan.medicsh.de:8080/fhir/Encounter/PV-971b986b2129dbc8ee81ab0aa0015739a529a55140d3a5d39d1540b4",
      "resource": {
        "resourceType": "Encounter",
        "id": "PV-971b986b2129dbc8ee81ab0aa0015739a529a55140d3a5d39d1540b4",
        "meta": {
          "versionId": "177128648",
          "lastUpdated": "2025-03-17T15:22:09.304Z",
          "source": "http://medic.uksh.de/source/orbis/legacy",
          "profile": [
            "https://www.medizininformatik-initiative.de/fhir/core/modul-fall/StructureDefinition/KontaktGesundheitseinrichtung|2025.0.0"
          ]
        },
        "identifier": [
          {
            "use": "official",
            "type": {
              "coding": [
                {
                  "system": "http://terminology.hl7.org/CodeSystem/v2-0203",
                  "code": "VN"
                }
              ]
            },
            "system": "http://medic.uksh.de/fhir/Encounter",
            "value": "971b986b2129dbc8ee81ab0aa0015739a529a55140d3a5d39d1540b4"
          }
        ],
        "status": "finished",
        "class": {
          "system": "http://terminology.hl7.org/CodeSystem/v3-ActCode",
          "code": "AMB"
        },
        "type": [
          {
            "coding": [
              {
                "system": "http://fhir.de/CodeSystem/Kontaktebene",
                "code": "einrichtungskontakt"
              }
            ]
          }
        ],
        "subject": {
          "reference": "Patient/PID-db08e1ef5ff8eb9bdff93d3a2dfb501a6b3fe65b890152313216011f"
        },
        "period": {
          "start": "2015-06-24T13:59:00+02:00",
          "end": "2015-06-30T23:59:59+02:00"
        },
        "hospitalization": {
          "admitSource": {
            "coding": [
              {
                "system": "http://fhir.de/CodeSystem/dgkev/Aufnahmeanlass",
                "code": "E"
              }
            ]
          }
        }
      },
      "search": {
        "mode": "match"
      }
    },
    {
      "fullUrl": "http://num-fhirserver.distan.medicsh.de:8080/fhir/Encounter/PV-9e1461628f00dc9e85e96c305029a1cf783d4b1372c45e473e702fbd",
      "resource": {
        "resourceType": "Encounter",
        "id": "PV-9e1461628f00dc9e85e96c305029a1cf783d4b1372c45e473e702fbd",
        "meta": {
          "versionId": "177127596",
          "lastUpdated": "2025-03-17T15:22:06.835Z",
          "source": "http://medic.uksh.de/source/orbis/legacy",
          "profile": [
            "https://www.medizininformatik-initiative.de/fhir/core/modul-fall/StructureDefinition/KontaktGesundheitseinrichtung|2025.0.0"
          ]
        },
        "identifier": [
          {
            "use": "official",
            "type": {
              "coding": [
                {
                  "system": "http://terminology.hl7.org/CodeSystem/v2-0203",
                  "code": "VN"
                }
              ]
            },
            "system": "http://medic.uksh.de/fhir/Encounter",
            "value": "9e1461628f00dc9e85e96c305029a1cf783d4b1372c45e473e702fbd"
          }
        ],
        "status": "finished",
        "class": {
          "system": "http://terminology.hl7.org/CodeSystem/v3-ActCode",
          "code": "AMB"
        },
        "type": [
          {
            "coding": [
              {
                "system": "http://fhir.de/CodeSystem/Kontaktebene",
                "code": "einrichtungskontakt"
              }
            ]
          }
        ],
        "subject": {
          "reference": "Patient/PID-db08e1ef5ff8eb9bdff93d3a2dfb501a6b3fe65b890152313216011f"
        },
        "period": {
          "start": "2010-01-27T14:09:00+01:00",
          "end": "2010-03-31T23:59:59+02:00"
        },
        "hospitalization": {
          "admitSource": {
            "coding": [
              {
                "system": "http://fhir.de/CodeSystem/dgkev/Aufnahmeanlass",
                "code": "E"
              }
            ]
          }
        }
      },
      "search": {
        "mode": "match"
      }
    },
    {
      "fullUrl": "http://num-fhirserver.distan.medicsh.de:8080/fhir/Encounter/PV-d47746de04e244dee590ea9098eb6e5b6080615d3725df85c45c9f64",
      "resource": {
        "resourceType": "Encounter",
        "id": "PV-d47746de04e244dee590ea9098eb6e5b6080615d3725df85c45c9f64",
        "meta": {
          "versionId": "177127941",
          "lastUpdated": "2025-03-17T15:22:07.680Z",
          "source": "http://medic.uksh.de/source/orbis/legacy",
          "profile": [
            "https://www.medizininformatik-initiative.de/fhir/core/modul-fall/StructureDefinition/KontaktGesundheitseinrichtung|2025.0.0"
          ]
        },
        "identifier": [
          {
            "use": "official",
            "type": {
              "coding": [
                {
                  "system": "http://terminology.hl7.org/CodeSystem/v2-0203",
                  "code": "VN"
                }
              ]
            },
            "system": "http://medic.uksh.de/fhir/Encounter",
            "value": "d47746de04e244dee590ea9098eb6e5b6080615d3725df85c45c9f64"
          }
        ],
        "status": "finished",
        "class": {
          "system": "http://terminology.hl7.org/CodeSystem/v3-ActCode",
          "code": "AMB"
        },
        "type": [
          {
            "coding": [
              {
                "system": "http://fhir.de/CodeSystem/Kontaktebene",
                "code": "einrichtungskontakt"
              }
            ]
          }
        ],
        "subject": {
          "reference": "Patient/PID-db08e1ef5ff8eb9bdff93d3a2dfb501a6b3fe65b890152313216011f"
        },
        "period": {
          "start": "2018-08-22T14:24:00+02:00",
          "end": "2018-09-30T23:59:59+02:00"
        },
        "hospitalization": {
          "admitSource": {
            "coding": [
              {
                "system": "http://fhir.de/CodeSystem/dgkev/Aufnahmeanlass",
                "code": "E"
              }
            ]
          }
        }
      },
      "search": {
        "mode": "match"
      }
    },
    {
      "fullUrl": "http://num-fhirserver.distan.medicsh.de:8080/fhir/Encounter/PV-db0bda74ad22f3c3f4b25f28460a8b1399dd8855d8452de75dfae3a6",
      "resource": {
        "resourceType": "Encounter",
        "id": "PV-db0bda74ad22f3c3f4b25f28460a8b1399dd8855d8452de75dfae3a6",
        "meta": {
          "versionId": "177128063",
          "lastUpdated": "2025-03-17T15:22:08.020Z",
          "source": "http://medic.uksh.de/source/orbis/legacy",
          "profile": [
            "https://www.medizininformatik-initiative.de/fhir/core/modul-fall/StructureDefinition/KontaktGesundheitseinrichtung|2025.0.0"
          ]
        },
        "identifier": [
          {
            "use": "official",
            "type": {
              "coding": [
                {
                  "system": "http://terminology.hl7.org/CodeSystem/v2-0203",
                  "code": "VN"
                }
              ]
            },
            "system": "http://medic.uksh.de/fhir/Encounter",
            "value": "db0bda74ad22f3c3f4b25f28460a8b1399dd8855d8452de75dfae3a6"
          }
        ],
        "status": "finished",
        "class": {
          "system": "http://terminology.hl7.org/CodeSystem/v3-ActCode",
          "code": "AMB"
        },
        "type": [
          {
            "coding": [
              {
                "system": "http://fhir.de/CodeSystem/Kontaktebene",
                "code": "einrichtungskontakt"
              }
            ]
          }
        ],
        "subject": {
          "reference": "Patient/PID-db08e1ef5ff8eb9bdff93d3a2dfb501a6b3fe65b890152313216011f"
        },
        "period": {
          "start": "2011-04-01T09:06:00+02:00",
          "end": "2011-06-30T23:59:59+02:00"
        },
        "hospitalization": {
          "admitSource": {
            "coding": [
              {
                "system": "http://fhir.de/CodeSystem/dgkev/Aufnahmeanlass",
                "code": "E"
              }
            ]
          }
        }
      },
      "search": {
        "mode": "match"
      }
    },
    {
      "fullUrl": "http://num-fhirserver.distan.medicsh.de:8080/fhir/Encounter/PV-f4b36a014e82ff26164d0a3c2252ef705adcfd8d65fa051c4a2ff131",
      "resource": {
        "resourceType": "Encounter",
        "id": "PV-f4b36a014e82ff26164d0a3c2252ef705adcfd8d65fa051c4a2ff131",
        "meta": {
          "versionId": "177128684",
          "lastUpdated": "2025-03-17T15:22:09.359Z",
          "source": "http://medic.uksh.de/source/orbis/legacy",
          "profile": [
            "https://www.medizininformatik-initiative.de/fhir/core/modul-fall/StructureDefinition/KontaktGesundheitseinrichtung|2025.0.0"
          ]
        },
        "identifier": [
          {
            "use": "official",
            "type": {
              "coding": [
                {
                  "system": "http://terminology.hl7.org/CodeSystem/v2-0203",
                  "code": "VN"
                }
              ]
            },
            "system": "http://medic.uksh.de/fhir/Encounter",
            "value": "f4b36a014e82ff26164d0a3c2252ef705adcfd8d65fa051c4a2ff131"
          }
        ],
        "status": "finished",
        "class": {
          "system": "http://terminology.hl7.org/CodeSystem/v3-ActCode",
          "code": "AMB"
        },
        "type": [
          {
            "coding": [
              {
                "system": "http://fhir.de/CodeSystem/Kontaktebene",
                "code": "einrichtungskontakt"
              }
            ]
          }
        ],
        "subject": {
          "reference": "Patient/PID-db08e1ef5ff8eb9bdff93d3a2dfb501a6b3fe65b890152313216011f"
        },
        "period": {
          "start": "2013-11-11T13:09:00+01:00",
          "end": "2013-12-31T23:59:59+01:00"
        },
        "hospitalization": {
          "admitSource": {
            "coding": [
              {
                "system": "http://fhir.de/CodeSystem/dgkev/Aufnahmeanlass",
                "code": "E"
              }
            ]
          }
        }
      },
      "search": {
        "mode": "match"
      }
    },
    {
      "fullUrl": "http://num-fhirserver.distan.medicsh.de:8080/fhir/Observation/VIT-099b9b13702a3140095d7d8dfc825a67ad1bb22b84e4923163cf9e1e",
      "resource": {
        "resourceType": "Observation",
        "id": "VIT-099b9b13702a3140095d7d8dfc825a67ad1bb22b84e4923163cf9e1e",
        "meta": {
          "versionId": "177128699",
          "lastUpdated": "2025-03-17T15:22:09.387Z",
          "profile": [
            "https://www.medizininformatik-initiative.de/fhir/core/modul-person/StructureDefinition/Vitalstatus|2025.0.1"
          ]
        },
        "status": "final",
        "category": [
          {
            "coding": [
              {
                "system": "http://terminology.hl7.org/CodeSystem/observation-category",
                "code": "survey"
              }
            ]
          }
        ],
        "code": {
          "coding": [
            {
              "system": "http://loinc.org",
              "code": "67162-8"
            }
          ]
        },
        "subject": {
          "reference": "Patient/PID-db08e1ef5ff8eb9bdff93d3a2dfb501a6b3fe65b890152313216011f"
        },
        "effectiveDateTime": "2013-11-11T13:09:00+01:00",
        "valueCodeableConcept": {
          "coding": [
            {
              "system": "https://www.medizininformatik-initiative.de/fhir/core/modul-person/CodeSystem/Vitalstatus",
              "code": "L"
            }
          ]
        }
      },
      "search": {
        "mode": "match"
      }
    },
    {
      "fullUrl": "http://num-fhirserver.distan.medicsh.de:8080/fhir/Observation/VIT-2e5ecbbb6a2a4738dcc4a9c33ad475c910eff603e860c40158e387a7",
      "resource": {
        "resourceType": "Observation",
        "id": "VIT-2e5ecbbb6a2a4738dcc4a9c33ad475c910eff603e860c40158e387a7",
        "meta": {
          "versionId": "177128081",
          "lastUpdated": "2025-03-17T15:22:08.070Z",
          "profile": [
            "https://www.medizininformatik-initiative.de/fhir/core/modul-person/StructureDefinition/Vitalstatus|2025.0.1"
          ]
        },
        "status": "final",
        "category": [
          {
            "coding": [
              {
                "system": "http://terminology.hl7.org/CodeSystem/observation-category",
                "code": "survey"
              }
            ]
          }
        ],
        "code": {
          "coding": [
            {
              "system": "http://loinc.org",
              "code": "67162-8"
            }
          ]
        },
        "subject": {
          "reference": "Patient/PID-db08e1ef5ff8eb9bdff93d3a2dfb501a6b3fe65b890152313216011f"
        },
        "effectiveDateTime": "2011-04-01T09:06:00+02:00",
        "valueCodeableConcept": {
          "coding": [
            {
              "system": "https://www.medizininformatik-initiative.de/fhir/core/modul-person/CodeSystem/Vitalstatus",
              "code": "L"
            }
          ]
        }
      },
      "search": {
        "mode": "match"
      }
    },
    {
      "fullUrl": "http://num-fhirserver.distan.medicsh.de:8080/fhir/Observation/VIT-3f3c50fe10fb4636fd18ea46ff8d652f3f24c7366abd0556cf77c62e",
      "resource": {
        "resourceType": "Observation",
        "id": "VIT-3f3c50fe10fb4636fd18ea46ff8d652f3f24c7366abd0556cf77c62e",
        "meta": {
          "versionId": "177128664",
          "lastUpdated": "2025-03-17T15:22:09.335Z",
          "profile": [
            "https://www.medizininformatik-initiative.de/fhir/core/modul-person/StructureDefinition/Vitalstatus|2025.0.1"
          ]
        },
        "status": "final",
        "category": [
          {
            "coding": [
              {
                "system": "http://terminology.hl7.org/CodeSystem/observation-category",
                "code": "survey"
              }
            ]
          }
        ],
        "code": {
          "coding": [
            {
              "system": "http://loinc.org",
              "code": "67162-8"
            }
          ]
        },
        "subject": {
          "reference": "Patient/PID-db08e1ef5ff8eb9bdff93d3a2dfb501a6b3fe65b890152313216011f"
        },
        "effectiveDateTime": "2015-06-24T13:59:00+02:00",
        "valueCodeableConcept": {
          "coding": [
            {
              "system": "https://www.medizininformatik-initiative.de/fhir/core/modul-person/CodeSystem/Vitalstatus",
              "code": "L"
            }
          ]
        }
      },
      "search": {
        "mode": "match"
      }
    },
    {
      "fullUrl": "http://num-fhirserver.distan.medicsh.de:8080/fhir/Observation/VIT-436198f98d25df4f2b8c8580ff18013ac56b0c2754aed4fcc7a83d95",
      "resource": {
        "resourceType": "Observation",
        "id": "VIT-436198f98d25df4f2b8c8580ff18013ac56b0c2754aed4fcc7a83d95",
        "meta": {
          "versionId": "177127964",
          "lastUpdated": "2025-03-17T15:22:07.757Z",
          "profile": [
            "https://www.medizininformatik-initiative.de/fhir/core/modul-person/StructureDefinition/Vitalstatus|2025.0.1"
          ]
        },
        "status": "final",
        "category": [
          {
            "coding": [
              {
                "system": "http://terminology.hl7.org/CodeSystem/observation-category",
                "code": "survey"
              }
            ]
          }
        ],
        "code": {
          "coding": [
            {
              "system": "http://loinc.org",
              "code": "67162-8"
            }
          ]
        },
        "subject": {
          "reference": "Patient/PID-db08e1ef5ff8eb9bdff93d3a2dfb501a6b3fe65b890152313216011f"
        },
        "effectiveDateTime": "2018-08-22T14:24:00+02:00",
        "valueCodeableConcept": {
          "coding": [
            {
              "system": "https://www.medizininformatik-initiative.de/fhir/core/modul-person/CodeSystem/Vitalstatus",
              "code": "L"
            }
          ]
        }
      },
      "search": {
        "mode": "match"
      }
    },
    {
      "fullUrl": "http://num-fhirserver.distan.medicsh.de:8080/fhir/Observation/VIT-9f3ff2886fe1903a7d5f7ea1c7c8b402453aefd9260c668f63df3b44",
      "resource": {
        "resourceType": "Observation",
        "id": "VIT-9f3ff2886fe1903a7d5f7ea1c7c8b402453aefd9260c668f63df3b44",
        "meta": {
          "versionId": "177128736",
          "lastUpdated": "2025-03-17T15:22:09.455Z",
          "profile": [
            "https://www.medizininformatik-initiative.de/fhir/core/modul-person/StructureDefinition/Vitalstatus|2025.0.1"
          ]
        },
        "status": "final",
        "category": [
          {
            "coding": [
              {
                "system": "http://terminology.hl7.org/CodeSystem/observation-category",
                "code": "survey"
              }
            ]
          }
        ],
        "code": {
          "coding": [
            {
              "system": "http://loinc.org",
              "code": "67162-8"
            }
          ]
        },
        "subject": {
          "reference": "Patient/PID-db08e1ef5ff8eb9bdff93d3a2dfb501a6b3fe65b890152313216011f"
        },
        "effectiveDateTime": "2013-04-19T11:38:00+02:00",
        "valueCodeableConcept": {
          "coding": [
            {
              "system": "https://www.medizininformatik-initiative.de/fhir/core/modul-person/CodeSystem/Vitalstatus",
              "code": "L"
            }
          ]
        }
      },
      "search": {
        "mode": "match"
      }
    },
    {
      "fullUrl": "http://num-fhirserver.distan.medicsh.de:8080/fhir/Observation/VIT-cfb6d6e39a8bbdb84fae57e9c92eb6ca1e21df60c5bcb4dda6b3fbad",
      "resource": {
        "resourceType": "Observation",
        "id": "VIT-cfb6d6e39a8bbdb84fae57e9c92eb6ca1e21df60c5bcb4dda6b3fbad",
        "meta": {
          "versionId": "177127615",
          "lastUpdated": "2025-03-17T15:22:06.868Z",
          "profile": [
            "https://www.medizininformatik-initiative.de/fhir/core/modul-person/StructureDefinition/Vitalstatus|2025.0.1"
          ]
        },
        "status": "final",
        "category": [
          {
            "coding": [
              {
                "system": "http://terminology.hl7.org/CodeSystem/observation-category",
                "code": "survey"
              }
            ]
          }
        ],
        "code": {
          "coding": [
            {
              "system": "http://loinc.org",
              "code": "67162-8"
            }
          ]
        },
        "subject": {
          "reference": "Patient/PID-db08e1ef5ff8eb9bdff93d3a2dfb501a6b3fe65b890152313216011f"
        },
        "effectiveDateTime": "2010-01-27T14:09:00+01:00",
        "valueCodeableConcept": {
          "coding": [
            {
              "system": "https://www.medizininformatik-initiative.de/fhir/core/modul-person/CodeSystem/Vitalstatus",
              "code": "L"
            }
          ]
        }
      },
      "search": {
        "mode": "match"
      }
    },
    {
      "fullUrl": "http://num-fhirserver.distan.medicsh.de:8080/fhir/Procedure/PR-a469c36bac24fb093ac53dcbfd9523026547cc9b0a6b49996ebc366b",
      "resource": {
        "resourceType": "Procedure",
        "id": "PR-a469c36bac24fb093ac53dcbfd9523026547cc9b0a6b49996ebc366b",
        "meta": {
          "versionId": "376401964",
          "lastUpdated": "2025-10-08T17:38:31.692Z",
          "profile": [
            "https://www.medizininformatik-initiative.de/fhir/core/modul-prozedur/StructureDefinition/Procedure|2025.0.0"
          ]
        },
        "status": "completed",
        "category": {
          "coding": [
            {
              "system": "http://snomed.info/sct",
              "code": "165197003",
              "display": "Diagnostic assessment"
            }
          ]
        },
        "code": {
          "coding": [
            {
              "system": "http://fhir.de/CodeSystem/bfarm/ops",
              "version": "2015",
              "code": "1-444.6",
              "display": "Endoskopische Biopsie am unteren Verdauungstrakt: Stufenbiopsie"
            }
          ]
        },
        "subject": {
          "reference": "Patient/PID-db08e1ef5ff8eb9bdff93d3a2dfb501a6b3fe65b890152313216011f"
        },
        "encounter": {
          "reference": "Encounter/PV-971b986b2129dbc8ee81ab0aa0015739a529a55140d3a5d39d1540b4"
        },
        "performedDateTime": "2015-06-24T13:59:00+02:00"
      },
      "search": {
        "mode": "match"
      }
    },
    {
      "fullUrl": "http://num-fhirserver.distan.medicsh.de:8080/fhir/Procedure/PR-af560da691e2a03d92e07c04d94e64d882a77d87fb816e60177ad6a1",
      "resource": {
        "resourceType": "Procedure",
        "id": "PR-af560da691e2a03d92e07c04d94e64d882a77d87fb816e60177ad6a1",
        "meta": {
          "versionId": "376408995",
          "lastUpdated": "2025-10-08T17:38:44.016Z",
          "profile": [
            "https://www.medizininformatik-initiative.de/fhir/core/modul-prozedur/StructureDefinition/Procedure|2025.0.0"
          ]
        },
        "status": "completed",
        "category": {
          "coding": [
            {
              "system": "http://snomed.info/sct",
              "code": "165197003",
              "display": "Diagnostic assessment"
            }
          ]
        },
        "code": {
          "coding": [
            {
              "system": "http://fhir.de/CodeSystem/bfarm/ops",
              "version": "2015",
              "code": "1-650.1",
              "display": "Diagnostische Koloskopie: Total, bis Zäkum"
            }
          ]
        },
        "subject": {
          "reference": "Patient/PID-db08e1ef5ff8eb9bdff93d3a2dfb501a6b3fe65b890152313216011f"
        },
        "encounter": {
          "reference": "Encounter/PV-971b986b2129dbc8ee81ab0aa0015739a529a55140d3a5d39d1540b4"
        },
        "performedDateTime": "2015-06-24T13:59:00+02:00"
      },
      "search": {
        "mode": "match"
      }
    },
    {
      "fullUrl": "http://num-fhirserver.distan.medicsh.de:8080/fhir/Procedure/PR-b98d51f31128915bb63de6a8dbfbbbca30e0b3ce01f8e10817d291ae",
      "resource": {
        "resourceType": "Procedure",
        "id": "PR-b98d51f31128915bb63de6a8dbfbbbca30e0b3ce01f8e10817d291ae",
        "meta": {
          "versionId": "376411415",
          "lastUpdated": "2025-10-08T17:38:48.405Z",
          "profile": [
            "https://www.medizininformatik-initiative.de/fhir/core/modul-prozedur/StructureDefinition/Procedure|2025.0.0"
          ]
        },
        "status": "completed",
        "category": {
          "coding": [
            {
              "system": "http://snomed.info/sct",
              "code": "387713003",
              "display": "Surgical procedure"
            }
          ]
        },
        "code": {
          "coding": [
            {
              "system": "http://fhir.de/CodeSystem/bfarm/ops",
              "version": "2015",
              "code": "5-452.21",
              "display": "Lokale Exzision und Destruktion von erkranktem Gewebe des Dickdarmes: Exzision, endoskopisch: Polypektomie von 1-2 Polypen mit Schlinge"
            }
          ]
        },
        "subject": {
          "reference": "Patient/PID-db08e1ef5ff8eb9bdff93d3a2dfb501a6b3fe65b890152313216011f"
        },
        "encounter": {
          "reference": "Encounter/PV-971b986b2129dbc8ee81ab0aa0015739a529a55140d3a5d39d1540b4"
        },
        "performedDateTime": "2015-06-24T13:59:00+02:00"
      },
      "search": {
        "mode": "match"
      }
    }
  ]
}
