{
  "resourceType": "Bundle",
  "id": "DGTUX6E6LHMJWMUE",
  "type": "searchset",
  "total": 9,
  "entry": [
    {
      "fullUrl": "http://num-fhirserver.distan.medicsh.de:8080/fhir/Patient/PID-db182d52f77677b9470a1f60ae895518cc85c434305540df9a1b9633",
      "resource": {
        "resourceType": "Patient",
        "id": "PID-db182d52f77677b9470a1f60ae895518cc85c434305540df9a1b9633",
        "meta": {
          "versionId": "235684244",
          "lastUpdated": "2025-03-19T14:38:40.156Z",
          "profile": [
            "https://www.medizininformatik-initiative.de/fhir/core/modul-person/StructureDefinition/PatientPseudonymisiert|2025.0.1"
          ]
        },
        "identifier": [
          {
            "use": "usual",
            "type": {
              "coding": [
                {
                  "system": "http://terminology.hl7.org/CodeSystem/v3-ObservationValue",
                  "code": "PSEUDED"
                }
              ]
            },
            "system": "https://www.medizininformatik-initiative.de/fhir/sid/pseudonym",
            "value": "db182d52f77677b9470a1f60ae895518cc85c434305540df9a1b9633"
          }
        ],
        "gender": "male",
        "birthDate": "1959-04",
        "deceasedBoolean": true,
        "address": [
          {
            "type": "both",
            "postalCode": "391",
            "country": "DE"
          }
        ]
      },
      "search": {
        "mode": "match"
      }
    },
    {
      "fullUrl": "http://num-fhirserver.distan.medicsh.de:8080/fhir/Encounter/PV-3d0df774a0ffbd30f2fa77c0b4ffc7fb4e957c2976e6da9a3e4d9b0b",
      "resource": {
        "resourceType": "Encounter",
        "id": "PV-3d0df774a0ffbd30f2fa77c0b4ffc7fb4e957c2976e6da9a3e4d9b0b",
        "meta": {
          "versionId": "238858727",
          "lastUpdated": "2025-03-20T04:10:04.683Z",
          "source": "http://medic.uksh.de/source/orbis/adt",
          "profile": [
            "https://www.medizininformatik-initiative.de/fhir/core/modul-fall/StructureDefinition/KontaktGesundheitseinrichtung|2025.0.0"
          ]
        },
        "identifier": [
          {
            "use": "official",
            "type": {
              "coding": [
                {
                  "system": "http://terminology.hl7.org/CodeSystem/v2-0203",
                  "code": "VN"
                }
              ]
            },
            "system": "http://medic.uksh.de/fhir/Encounter",
            "value": "3d0df774a0ffbd30f2fa77c0b4ffc7fb4e957c2976e6da9a3e4d9b0b"
          }
        ],
        "status": "in-progress",
        "class": {
          "system": "http://terminology.hl7.org/CodeSystem/v3-ActCode",
          "code": "IMP"
        },
        "type": [
          {
            "coding": [
              {
                "system": "http://fhir.de/CodeSystem/Kontaktebene",
                "code": "einrichtungskontakt"
              }
            ]
          }
        ],
        "subject": {
          "reference": "Patient/PID-db182d52f77677b9470a1f60ae895518cc85c434305540df9a1b9633"
        },
        "period": {
          "start": "2023-03-24T12:59:00+01:00"
        }
      },
      "search": {
        "mode": "match"
      }
    },
    {
      "fullUrl": "http://num-fhirserver.distan.medicsh.de:8080/fhir/Encounter/PV-7000e5939d9554a36bd191605a7c1178fa5e96a99f39371f5aa9e4b6",
      "resource": {
        "resourceType": "Encounter",
        "id": "PV-7000e5939d9554a36bd191605a7c1178fa5e96a99f39371f5aa9e4b6",
        "meta": {
          "versionId": "234962111",
          "lastUpdated": "2025-03-19T14:09:46.635Z",
          "source": "http://medic.uksh.de/source/orbis/adt",
          "profile": [
            "https://www.medizininformatik-initiative.de/fhir/core/modul-fall/StructureDefinition/KontaktGesundheitseinrichtung|2025.0.0"
          ]
        },
        "identifier": [
          {
            "use": "official",
            "type": {
              "coding": [
                {
                  "system": "http://terminology.hl7.org/CodeSystem/v2-0203",
                  "code": "VN"
                }
              ]
            },
            "system": "http://medic.uksh.de/fhir/Encounter",
            "value": "7000e5939d9554a36bd191605a7c1178fa5e96a99f39371f5aa9e4b6"
          }
        ],
        "status": "finished",
        "class": {
          "system": "http://terminology.hl7.org/CodeSystem/v3-ActCode",
          "code": "AMB"
        },
        "type": [
          {
            "coding": [
              {
                "system": "http://fhir.de/CodeSystem/Kontaktebene",
                "code": "einrichtungskontakt"
              }
            ]
          }
        ],
        "subject": {
          "reference": "Patient/PID-db182d52f77677b9470a1f60ae895518cc85c434305540df9a1b9633"
        },
        "period": {
          "start": "2022-07-20T08:47:00+02:00",
          "end": "2022-09-30T23:59:59+02:00"
        }
      },
      "search": {
        "mode": "match"
      }
    },
    {
      "fullUrl": "http://num-fhirserver.distan.medicsh.de:8080/fhir/Encounter/PV-AK-0a42e48dfd5c684e1f007db86a3ba71356d68b737a47fbe114c45efe",
      "resource": {
        "resourceType": "Encounter",
        "id": "PV-AK-0a42e48dfd5c684e1f007db86a3ba71356d68b737a47fbe114c45efe",
        "meta": {
          "versionId": "238858731",
          "lastUpdated": "2025-03-20T04:10:04.730Z",
          "source": "http://medic.uksh.de/source/orbis/adt",
          "profile": [
            "https://www.medizininformatik-initiative.de/fhir/core/modul-fall/StructureDefinition/KontaktGesundheitseinrichtung|2025.0.0"
          ]
        },
        "identifier": [
          {
            "use": "official",
            "type": {
              "coding": [
                {
                  "system": "http://terminology.hl7.org/CodeSystem/v2-0203",
                  "code": "VN"
                }
              ]
            },
            "system": "http://medic.uksh.de/fhir/Encounter",
            "value": "3d0df774a0ffbd30f2fa77c0b4ffc7fb4e957c2976e6da9a3e4d9b0b"
          },
          {
            "use": "secondary",
            "type": {
              "coding": [
                {
                  "system": "http://terminology.hl7.org/CodeSystem/v2-0203",
                  "code": "U"
                }
              ]
            },
            "system": "http://medic.uksh.de.de/fhir/Encounter/department",
            "value": "KNEUR.2023-03-24T12:59:00"
          }
        ],
        "status": "in-progress",
        "class": {
          "system": "http://terminology.hl7.org/CodeSystem/v3-ActCode",
          "code": "IMP"
        },
        "type": [
          {
            "coding": [
              {
                "system": "http://fhir.de/CodeSystem/Kontaktebene",
                "code": "abteilungskontakt"
              }
            ]
          }
        ],
        "subject": {
          "reference": "Patient/PID-db182d52f77677b9470a1f60ae895518cc85c434305540df9a1b9633"
        },
        "period": {
          "start": "2023-03-24T12:59:00+01:00"
        },
        "location": [
          {
            "location": {
              "reference": "Location/KNEUR-KD110"
            },
            "status": "active",
            "physicalType": {
              "coding": [
                {
                  "system": "http://terminology.hl7.org/CodeSystem/location-physical-type",
                  "code": "wa"
                }
              ]
            },
            "period": {
              "start": "2023-03-24T12:59:00+01:00"
            }
          }
        ],
        "partOf": {
          "reference": "Encounter/PV-3d0df774a0ffbd30f2fa77c0b4ffc7fb4e957c2976e6da9a3e4d9b0b"
        }
      },
      "search": {
        "mode": "match"
      }
    },
    {
      "fullUrl": "http://num-fhirserver.distan.medicsh.de:8080/fhir/Location/KNEUR-KD110",
      "resource": {
        "resourceType": "Location",
        "id": "KNEUR-KD110",
        "meta": {
          "versionId": "37335310",
          "lastUpdated": "2025-03-11T15:45:19.611Z"
        },
        "name": "KI - Station D.110",
        "type": [
          {
            "coding": [
              {
                "system": "http://terminology.hl7.org/CodeSystem/v3-RoleCode",
                "code": "HOSP"
              }
            ]
          }
        ],
        "physicalType": {
          "coding": [
            {
              "system": "http://terminology.hl7.org/CodeSystem/location-physical-type",
              "code": "wa",
              "display": "Ward"
            }
          ]
        },
        "partOf": {
          "reference": "Location/KNEUR"
        }
      },
      "search": {
        "mode": "match"
      }
    },
    {
      "fullUrl": "http://num-fhirserver.distan.medicsh.de:8080/fhir/Encounter/PV-VK-4a80da9a736ae84a02feaeeb9980d0f0c7accb8dea68cf7af78607b5",
      "resource": {
        "resourceType": "Encounter",
        "id": "PV-VK-4a80da9a736ae84a02feaeeb9980d0f0c7accb8dea68cf7af78607b5",
        "meta": {
          "versionId": "238858730",
          "lastUpdated": "2025-03-20T04:10:04.714Z",
          "source": "http://medic.uksh.de/source/orbis/adt",
          "profile": [
            "https://www.medizininformatik-initiative.de/fhir/core/modul-fall/StructureDefinition/KontaktGesundheitseinrichtung|2025.0.0"
          ]
        },
        "identifier": [
          {
            "use": "official",
            "type": {
              "coding": [
                {
                  "system": "http://terminology.hl7.org/CodeSystem/v2-0203",
                  "code": "VN"
                }
              ]
            },
            "system": "http://medic.uksh.de/fhir/Encounter",
            "value": "3d0df774a0ffbd30f2fa77c0b4ffc7fb4e957c2976e6da9a3e4d9b0b"
          },
          {
            "use": "secondary",
            "type": {
              "coding": [
                {
                  "system": "http://terminology.hl7.org/CodeSystem/v2-0203",
                  "code": "U"
                }
              ]
            },
            "system": "http://medic.uksh.de.de/fhir/Encounter/department",
            "value": "KNEUR.KD110.2023-03-24T12:59:00"
          }
        ],
        "status": "in-progress",
        "class": {
          "system": "http://terminology.hl7.org/CodeSystem/v3-ActCode",
          "code": "IMP"
        },
        "type": [
          {
            "coding": [
              {
                "system": "http://fhir.de/CodeSystem/Kontaktebene",
                "code": "versorgungsstellenkontakt"
              }
            ]
          }
        ],
        "subject": {
          "reference": "Patient/PID-db182d52f77677b9470a1f60ae895518cc85c434305540df9a1b9633"
        },
        "period": {
          "start": "2023-03-24T12:59:00+01:00"
        },
        "location": [
          {
            "location": {
              "reference": "Location/KNEUR-KD110"
            },
            "status": "active",
            "physicalType": {
              "coding": [
                {
                  "system": "http://terminology.hl7.org/CodeSystem/location-physical-type",
                  "code": "wa"
                }
              ]
            },
            "period": {
              "start": "2023-03-24T12:59:00+01:00"
            }
          }
        ],
        "partOf": {
          "reference": "Encounter/PV-AK-0a42e48dfd5c684e1f007db86a3ba71356d68b737a47fbe114c45efe"
        }
      },
      "search": {
        "mode": "match"
      }
    },
    {
      "fullUrl": "http://num-fhirserver.distan.medicsh.de:8080/fhir/Observation/VIT-798f3f1099adddc43c4337a9532c5fc1f41e41349eb1eab126c141e9",
      "resource": {
        "resourceType": "Observation",
        "id": "VIT-798f3f1099adddc43c4337a9532c5fc1f41e41349eb1eab126c141e9",
        "meta": {
          "versionId": "234962123",
          "lastUpdated": "2025-03-19T14:09:46.649Z",
          "profile": [
            "https://www.medizininformatik-initiative.de/fhir/core/modul-person/StructureDefinition/Vitalstatus|2025.0.1"
          ]
        },
        "status": "final",
        "category": [
          {
            "coding": [
              {
                "system": "http://terminology.hl7.org/CodeSystem/observation-category",
                "code": "survey"
              }
            ]
          }
        ],
        "code": {
          "coding": [
            {
              "system": "http://loinc.org",
              "code": "67162-8"
            }
          ]
        },
        "subject": {
          "reference": "Patient/PID-db182d52f77677b9470a1f60ae895518cc85c434305540df9a1b9633"
        },
        "effectiveDateTime": "2022-07-20T08:47:00+02:00",
        "valueCodeableConcept": {
          "coding": [
            {
              "system": "https://www.medizininformatik-initiative.de/fhir/core/modul-person/CodeSystem/Vitalstatus",
              "code": "L"
            }
          ]
        }
      },
      "search": {
        "mode": "match"
      }
    },
    {
      "fullUrl": "http://num-fhirserver.distan.medicsh.de:8080/fhir/Observation/VIT-8020d13e5169189e43e03abbe1d245ca4920261dd2cd0e1417f2eab7",
      "resource": {
        "resourceType": "Observation",
        "id": "VIT-8020d13e5169189e43e03abbe1d245ca4920261dd2cd0e1417f2eab7",
        "meta": {
          "versionId": "234962129",
          "lastUpdated": "2025-03-19T14:09:46.665Z",
          "profile": [
            "https://www.medizininformatik-initiative.de/fhir/core/modul-person/StructureDefinition/Vitalstatus|2025.0.1"
          ]
        },
        "status": "final",
        "category": [
          {
            "coding": [
              {
                "system": "http://terminology.hl7.org/CodeSystem/observation-category",
                "code": "survey"
              }
            ]
          }
        ],
        "code": {
          "coding": [
            {
              "system": "http://loinc.org",
              "code": "67162-8"
            }
          ]
        },
        "subject": {
          "reference": "Patient/PID-db182d52f77677b9470a1f60ae895518cc85c434305540df9a1b9633"
        },
        "effectiveDateTime": "2022-09-30T23:59:59+02:00",
        "valueCodeableConcept": {
          "coding": [
            {
              "system": "https://www.medizininformatik-initiative.de/fhir/core/modul-person/CodeSystem/Vitalstatus",
              "code": "L"
            }
          ]
        }
      },
      "search": {
        "mode": "match"
      }
    },
    {
      "fullUrl": "http://num-fhirserver.distan.medicsh.de:8080/fhir/Observation/VIT-dfe5b02271a5d4b000194f547f87530440cbf899f8cc3fad5e62cd45",
      "resource": {
        "resourceType": "Observation",
        "id": "VIT-dfe5b02271a5d4b000194f547f87530440cbf899f8cc3fad5e62cd45",
        "meta": {
          "versionId": "238858728",
          "lastUpdated": "2025-03-20T04:10:04.699Z",
          "profile": [
            "https://www.medizininformatik-initiative.de/fhir/core/modul-person/StructureDefinition/Vitalstatus|2025.0.1"
          ]
        },
        "status": "final",
        "category": [
          {
            "coding": [
              {
                "system": "http://terminology.hl7.org/CodeSystem/observation-category",
                "code": "survey"
              }
            ]
          }
        ],
        "code": {
          "coding": [
            {
              "system": "http://loinc.org",
              "code": "67162-8"
            }
          ]
        },
        "subject": {
          "reference": "Patient/PID-db182d52f77677b9470a1f60ae895518cc85c434305540df9a1b9633"
        },
        "effectiveDateTime": "2023-03-24T12:59:00+01:00",
        "valueCodeableConcept": {
          "coding": [
            {
              "system": "https://www.medizininformatik-initiative.de/fhir/core/modul-person/CodeSystem/Vitalstatus",
              "code": "L"
            }
          ]
        }
      },
      "search": {
        "mode": "match"
      }
    }
  ]
}
