{
  "resourceType": "Bundle",
  "id": "DGTUYBFQI7AGPEIM",
  "type": "searchset",
  "total": 6,
  "entry": [
    {
      "fullUrl": "http://num-fhirserver.distan.medicsh.de:8080/fhir/Patient/PID-dbd971a73df27a512982d7f955cdb654d813aa54e879106a3ef3a440",
      "resource": {
        "resourceType": "Patient",
        "id": "PID-dbd971a73df27a512982d7f955cdb654d813aa54e879106a3ef3a440",
        "meta": {
          "versionId": "245583774",
          "lastUpdated": "2025-03-22T06:37:38.449Z",
          "profile": [
            "https://www.medizininformatik-initiative.de/fhir/core/modul-person/StructureDefinition/PatientPseudonymisiert|2025.0.1"
          ]
        },
        "identifier": [
          {
            "use": "usual",
            "type": {
              "coding": [
                {
                  "system": "http://terminology.hl7.org/CodeSystem/v3-ObservationValue",
                  "code": "PSEUDED"
                }
              ]
            },
            "system": "https://www.medizininformatik-initiative.de/fhir/sid/pseudonym",
            "value": "dbd971a73df27a512982d7f955cdb654d813aa54e879106a3ef3a440"
          }
        ],
        "gender": "male",
        "birthDate": "1971-07",
        "deceasedBoolean": true,
        "address": [
          {
            "type": "both",
            "postalCode": "235",
            "country": "DE"
          }
        ]
      },
      "search": {
        "mode": "match"
      }
    },
    {
      "fullUrl": "http://num-fhirserver.distan.medicsh.de:8080/fhir/Encounter/PV-10143cb167caa9cefa0b77d1f3ddfab35075468904398a87ec92f0e9",
      "resource": {
        "resourceType": "Encounter",
        "id": "PV-10143cb167caa9cefa0b77d1f3ddfab35075468904398a87ec92f0e9",
        "meta": {
          "versionId": "245583924",
          "lastUpdated": "2025-03-22T06:37:43.340Z",
          "source": "http://medic.uksh.de/source/orbis/adt",
          "profile": [
            "https://www.medizininformatik-initiative.de/fhir/core/modul-fall/StructureDefinition/KontaktGesundheitseinrichtung|2025.0.0"
          ]
        },
        "identifier": [
          {
            "use": "official",
            "type": {
              "coding": [
                {
                  "system": "http://terminology.hl7.org/CodeSystem/v2-0203",
                  "code": "VN"
                }
              ]
            },
            "system": "http://medic.uksh.de/fhir/Encounter",
            "value": "10143cb167caa9cefa0b77d1f3ddfab35075468904398a87ec92f0e9"
          }
        ],
        "status": "in-progress",
        "class": {
          "system": "http://terminology.hl7.org/CodeSystem/v3-ActCode",
          "code": "AMB"
        },
        "type": [
          {
            "coding": [
              {
                "system": "http://fhir.de/CodeSystem/Kontaktebene",
                "code": "einrichtungskontakt"
              }
            ]
          }
        ],
        "subject": {
          "reference": "Patient/PID-dbd971a73df27a512982d7f955cdb654d813aa54e879106a3ef3a440"
        },
        "period": {
          "start": "2025-01-07T09:50:00+01:00",
          "end": "2025-03-31T23:59:59+02:00"
        }
      },
      "search": {
        "mode": "match"
      }
    },
    {
      "fullUrl": "http://num-fhirserver.distan.medicsh.de:8080/fhir/Encounter/PV-243c0e741d643512ce93346dafda6a997f9cf4516e25a2a474dd228f",
      "resource": {
        "resourceType": "Encounter",
        "id": "PV-243c0e741d643512ce93346dafda6a997f9cf4516e25a2a474dd228f",
        "meta": {
          "versionId": "245583772",
          "lastUpdated": "2025-03-22T06:37:38.429Z",
          "source": "http://medic.uksh.de/source/orbis/adt",
          "profile": [
            "https://www.medizininformatik-initiative.de/fhir/core/modul-fall/StructureDefinition/KontaktGesundheitseinrichtung|2025.0.0"
          ]
        },
        "identifier": [
          {
            "use": "official",
            "type": {
              "coding": [
                {
                  "system": "http://terminology.hl7.org/CodeSystem/v2-0203",
                  "code": "VN"
                }
              ]
            },
            "system": "http://medic.uksh.de/fhir/Encounter",
            "value": "243c0e741d643512ce93346dafda6a997f9cf4516e25a2a474dd228f"
          }
        ],
        "status": "finished",
        "class": {
          "system": "http://terminology.hl7.org/CodeSystem/v3-ActCode",
          "code": "AMB"
        },
        "type": [
          {
            "coding": [
              {
                "system": "http://fhir.de/CodeSystem/Kontaktebene",
                "code": "einrichtungskontakt"
              }
            ]
          }
        ],
        "subject": {
          "reference": "Patient/PID-dbd971a73df27a512982d7f955cdb654d813aa54e879106a3ef3a440"
        },
        "period": {
          "start": "2024-12-31T09:44:00+01:00",
          "end": "2024-12-31T23:59:59+01:00"
        }
      },
      "search": {
        "mode": "match"
      }
    },
    {
      "fullUrl": "http://num-fhirserver.distan.medicsh.de:8080/fhir/Observation/VIT-74e0ec3b90f8d63ee82e37027c39ea50a1ea83611052ef9aa8eff43c",
      "resource": {
        "resourceType": "Observation",
        "id": "VIT-74e0ec3b90f8d63ee82e37027c39ea50a1ea83611052ef9aa8eff43c",
        "meta": {
          "versionId": "245583773",
          "lastUpdated": "2025-03-22T06:37:38.446Z",
          "profile": [
            "https://www.medizininformatik-initiative.de/fhir/core/modul-person/StructureDefinition/Vitalstatus|2025.0.1"
          ]
        },
        "status": "final",
        "category": [
          {
            "coding": [
              {
                "system": "http://terminology.hl7.org/CodeSystem/observation-category",
                "code": "survey"
              }
            ]
          }
        ],
        "code": {
          "coding": [
            {
              "system": "http://loinc.org",
              "code": "67162-8"
            }
          ]
        },
        "subject": {
          "reference": "Patient/PID-dbd971a73df27a512982d7f955cdb654d813aa54e879106a3ef3a440"
        },
        "effectiveDateTime": "2024-12-31T09:44:00+01:00",
        "valueCodeableConcept": {
          "coding": [
            {
              "system": "https://www.medizininformatik-initiative.de/fhir/core/modul-person/CodeSystem/Vitalstatus",
              "code": "L"
            }
          ]
        }
      },
      "search": {
        "mode": "match"
      }
    },
    {
      "fullUrl": "http://num-fhirserver.distan.medicsh.de:8080/fhir/Observation/VIT-8b3f4a37eb9c5db8a05cc63b341fc3d5d29d5d2315f5d0f93b7cc12c",
      "resource": {
        "resourceType": "Observation",
        "id": "VIT-8b3f4a37eb9c5db8a05cc63b341fc3d5d29d5d2315f5d0f93b7cc12c",
        "meta": {
          "versionId": "245583775",
          "lastUpdated": "2025-03-22T06:37:38.462Z",
          "profile": [
            "https://www.medizininformatik-initiative.de/fhir/core/modul-person/StructureDefinition/Vitalstatus|2025.0.1"
          ]
        },
        "status": "final",
        "category": [
          {
            "coding": [
              {
                "system": "http://terminology.hl7.org/CodeSystem/observation-category",
                "code": "survey"
              }
            ]
          }
        ],
        "code": {
          "coding": [
            {
              "system": "http://loinc.org",
              "code": "67162-8"
            }
          ]
        },
        "subject": {
          "reference": "Patient/PID-dbd971a73df27a512982d7f955cdb654d813aa54e879106a3ef3a440"
        },
        "effectiveDateTime": "2024-12-31T23:59:59+01:00",
        "valueCodeableConcept": {
          "coding": [
            {
              "system": "https://www.medizininformatik-initiative.de/fhir/core/modul-person/CodeSystem/Vitalstatus",
              "code": "L"
            }
          ]
        }
      },
      "search": {
        "mode": "match"
      }
    },
    {
      "fullUrl": "http://num-fhirserver.distan.medicsh.de:8080/fhir/Observation/VIT-ea8d77807f6438435afd6bb00537cfd24f58b3964b09e57dbe25557e",
      "resource": {
        "resourceType": "Observation",
        "id": "VIT-ea8d77807f6438435afd6bb00537cfd24f58b3964b09e57dbe25557e",
        "meta": {
          "versionId": "245583926",
          "lastUpdated": "2025-03-22T06:37:43.359Z",
          "profile": [
            "https://www.medizininformatik-initiative.de/fhir/core/modul-person/StructureDefinition/Vitalstatus|2025.0.1"
          ]
        },
        "status": "final",
        "category": [
          {
            "coding": [
              {
                "system": "http://terminology.hl7.org/CodeSystem/observation-category",
                "code": "survey"
              }
            ]
          }
        ],
        "code": {
          "coding": [
            {
              "system": "http://loinc.org",
              "code": "67162-8"
            }
          ]
        },
        "subject": {
          "reference": "Patient/PID-dbd971a73df27a512982d7f955cdb654d813aa54e879106a3ef3a440"
        },
        "effectiveDateTime": "2025-01-07T09:50:00+01:00",
        "valueCodeableConcept": {
          "coding": [
            {
              "system": "https://www.medizininformatik-initiative.de/fhir/core/modul-person/CodeSystem/Vitalstatus",
              "code": "L"
            }
          ]
        }
      },
      "search": {
        "mode": "match"
      }
    }
  ]
}
