{
  "resourceType": "Bundle",
  "id": "DGTUX4XM6B2NVI6B",
  "type": "searchset",
  "total": 3,
  "entry": [
    {
      "fullUrl": "http://num-fhirserver.distan.medicsh.de:8080/fhir/Patient/PID-dd228619c955b6a259d10f6f719d648c2e008c8cf55bff974971c51b",
      "resource": {
        "resourceType": "Patient",
        "id": "PID-dd228619c955b6a259d10f6f719d648c2e008c8cf55bff974971c51b",
        "meta": {
          "versionId": "60067272",
          "lastUpdated": "2025-03-12T15:49:50.609Z",
          "profile": [
            "https://www.medizininformatik-initiative.de/fhir/core/modul-person/StructureDefinition/PatientPseudonymisiert|2025.0.1"
          ]
        },
        "identifier": [
          {
            "use": "usual",
            "type": {
              "coding": [
                {
                  "system": "http://terminology.hl7.org/CodeSystem/v3-ObservationValue",
                  "code": "PSEUDED"
                }
              ]
            },
            "system": "https://www.medizininformatik-initiative.de/fhir/sid/pseudonym",
            "value": "dd228619c955b6a259d10f6f719d648c2e008c8cf55bff974971c51b"
          }
        ],
        "gender": "male",
        "birthDate": "1978-02",
        "deceasedBoolean": true,
        "address": [
          {
            "type": "both",
            "postalCode": "269",
            "country": "DE"
          }
        ]
      },
      "search": {
        "mode": "match"
      }
    },
    {
      "fullUrl": "http://num-fhirserver.distan.medicsh.de:8080/fhir/Encounter/PV-eabc3d236d16de492828ca7ce51dabe321b5d2d38fc8b08d1d7fd7a9",
      "resource": {
        "resourceType": "Encounter",
        "id": "PV-eabc3d236d16de492828ca7ce51dabe321b5d2d38fc8b08d1d7fd7a9",
        "meta": {
          "versionId": "60028901",
          "lastUpdated": "2025-03-12T15:47:19.947Z",
          "source": "http://medic.uksh.de/source/orbis/legacy",
          "profile": [
            "https://www.medizininformatik-initiative.de/fhir/core/modul-fall/StructureDefinition/KontaktGesundheitseinrichtung|2025.0.0"
          ]
        },
        "identifier": [
          {
            "use": "official",
            "type": {
              "coding": [
                {
                  "system": "http://terminology.hl7.org/CodeSystem/v2-0203",
                  "code": "VN"
                }
              ]
            },
            "system": "http://medic.uksh.de/fhir/Encounter",
            "value": "eabc3d236d16de492828ca7ce51dabe321b5d2d38fc8b08d1d7fd7a9"
          }
        ],
        "status": "finished",
        "class": {
          "system": "http://terminology.hl7.org/CodeSystem/v3-ActCode",
          "code": "AMB"
        },
        "type": [
          {
            "coding": [
              {
                "system": "http://fhir.de/CodeSystem/Kontaktebene",
                "code": "einrichtungskontakt"
              }
            ]
          }
        ],
        "subject": {
          "reference": "Patient/PID-dd228619c955b6a259d10f6f719d648c2e008c8cf55bff974971c51b"
        },
        "period": {
          "start": "2007-08-16T15:00:00+02:00",
          "end": "2007-09-30T23:59:59+02:00"
        }
      },
      "search": {
        "mode": "match"
      }
    },
    {
      "fullUrl": "http://num-fhirserver.distan.medicsh.de:8080/fhir/Observation/VIT-655980311651620e1ee1c840f3d76ac35f51d10d0b9cf4d02b7644b4",
      "resource": {
        "resourceType": "Observation",
        "id": "VIT-655980311651620e1ee1c840f3d76ac35f51d10d0b9cf4d02b7644b4",
        "meta": {
          "versionId": "60028919",
          "lastUpdated": "2025-03-12T15:47:19.987Z",
          "profile": [
            "https://www.medizininformatik-initiative.de/fhir/core/modul-person/StructureDefinition/Vitalstatus|2025.0.1"
          ]
        },
        "status": "final",
        "category": [
          {
            "coding": [
              {
                "system": "http://terminology.hl7.org/CodeSystem/observation-category",
                "code": "survey"
              }
            ]
          }
        ],
        "code": {
          "coding": [
            {
              "system": "http://loinc.org",
              "code": "67162-8"
            }
          ]
        },
        "subject": {
          "reference": "Patient/PID-dd228619c955b6a259d10f6f719d648c2e008c8cf55bff974971c51b"
        },
        "effectiveDateTime": "2007-08-16T15:00:00+02:00",
        "valueCodeableConcept": {
          "coding": [
            {
              "system": "https://www.medizininformatik-initiative.de/fhir/core/modul-person/CodeSystem/Vitalstatus",
              "code": "L"
            }
          ]
        }
      },
      "search": {
        "mode": "match"
      }
    }
  ]
}
