{
  "resourceType": "Bundle",
  "id": "DGTUX42IDOAPCNWV",
  "type": "searchset",
  "total": 3,
  "entry": [
    {
      "fullUrl": "http://num-fhirserver.distan.medicsh.de:8080/fhir/Patient/PID-dd36a1664e734e06a29c581d5beaca117e2596a2475b06113104b002",
      "resource": {
        "resourceType": "Patient",
        "id": "PID-dd36a1664e734e06a29c581d5beaca117e2596a2475b06113104b002",
        "meta": {
          "versionId": "166621359",
          "lastUpdated": "2025-03-16T21:58:38.684Z",
          "profile": [
            "https://www.medizininformatik-initiative.de/fhir/core/modul-person/StructureDefinition/PatientPseudonymisiert|2025.0.1"
          ]
        },
        "identifier": [
          {
            "use": "usual",
            "type": {
              "coding": [
                {
                  "system": "http://terminology.hl7.org/CodeSystem/v3-ObservationValue",
                  "code": "PSEUDED"
                }
              ]
            },
            "system": "https://www.medizininformatik-initiative.de/fhir/sid/pseudonym",
            "value": "dd36a1664e734e06a29c581d5beaca117e2596a2475b06113104b002"
          }
        ],
        "gender": "male",
        "birthDate": "2008-07",
        "deceasedBoolean": true
      },
      "search": {
        "mode": "match"
      }
    },
    {
      "fullUrl": "http://num-fhirserver.distan.medicsh.de:8080/fhir/Encounter/PV-6d11f94c6464889eec2df74c35f15a0a937c68bd5ef932bd26b31956",
      "resource": {
        "resourceType": "Encounter",
        "id": "PV-6d11f94c6464889eec2df74c35f15a0a937c68bd5ef932bd26b31956",
        "meta": {
          "versionId": "166621212",
          "lastUpdated": "2025-03-16T21:58:38.344Z",
          "source": "http://medic.uksh.de/source/orbis/legacy",
          "profile": [
            "https://www.medizininformatik-initiative.de/fhir/core/modul-fall/StructureDefinition/KontaktGesundheitseinrichtung|2025.0.0"
          ]
        },
        "identifier": [
          {
            "use": "official",
            "type": {
              "coding": [
                {
                  "system": "http://terminology.hl7.org/CodeSystem/v2-0203",
                  "code": "VN"
                }
              ]
            },
            "system": "http://medic.uksh.de/fhir/Encounter",
            "value": "6d11f94c6464889eec2df74c35f15a0a937c68bd5ef932bd26b31956"
          }
        ],
        "status": "finished",
        "class": {
          "system": "http://terminology.hl7.org/CodeSystem/v3-ActCode",
          "code": "AMB"
        },
        "type": [
          {
            "coding": [
              {
                "system": "http://fhir.de/CodeSystem/Kontaktebene",
                "code": "einrichtungskontakt"
              }
            ]
          }
        ],
        "subject": {
          "reference": "Patient/PID-dd36a1664e734e06a29c581d5beaca117e2596a2475b06113104b002"
        },
        "period": {
          "start": "2008-07-01T10:30:00+02:00",
          "end": "2008-09-30T23:59:59+02:00"
        },
        "hospitalization": {
          "admitSource": {
            "coding": [
              {
                "system": "http://fhir.de/CodeSystem/dgkev/Aufnahmeanlass",
                "code": "E"
              }
            ]
          }
        }
      },
      "search": {
        "mode": "match"
      }
    },
    {
      "fullUrl": "http://num-fhirserver.distan.medicsh.de:8080/fhir/Observation/VIT-f262fdd47e9aabb6d045a3befc7cdba49ddebc892429bdcd44cbd8ff",
      "resource": {
        "resourceType": "Observation",
        "id": "VIT-f262fdd47e9aabb6d045a3befc7cdba49ddebc892429bdcd44cbd8ff",
        "meta": {
          "versionId": "166621217",
          "lastUpdated": "2025-03-16T21:58:38.355Z",
          "profile": [
            "https://www.medizininformatik-initiative.de/fhir/core/modul-person/StructureDefinition/Vitalstatus|2025.0.1"
          ]
        },
        "status": "final",
        "category": [
          {
            "coding": [
              {
                "system": "http://terminology.hl7.org/CodeSystem/observation-category",
                "code": "survey"
              }
            ]
          }
        ],
        "code": {
          "coding": [
            {
              "system": "http://loinc.org",
              "code": "67162-8"
            }
          ]
        },
        "subject": {
          "reference": "Patient/PID-dd36a1664e734e06a29c581d5beaca117e2596a2475b06113104b002"
        },
        "effectiveDateTime": "2008-07-01T10:30:00+02:00",
        "valueCodeableConcept": {
          "coding": [
            {
              "system": "https://www.medizininformatik-initiative.de/fhir/core/modul-person/CodeSystem/Vitalstatus",
              "code": "L"
            }
          ]
        }
      },
      "search": {
        "mode": "match"
      }
    }
  ]
}
