{
  "resourceType": "Bundle",
  "id": "DGTUX5MPU2DDC47M",
  "type": "searchset",
  "total": 3,
  "entry": [
    {
      "fullUrl": "http://num-fhirserver.distan.medicsh.de:8080/fhir/Patient/PID-dd5bbbaecc96bc1d48918f852016eb65b4abe7dfec67b04bedf4fdc4",
      "resource": {
        "resourceType": "Patient",
        "id": "PID-dd5bbbaecc96bc1d48918f852016eb65b4abe7dfec67b04bedf4fdc4",
        "meta": {
          "versionId": "204009037",
          "lastUpdated": "2025-03-18T10:40:49.197Z",
          "profile": [
            "https://www.medizininformatik-initiative.de/fhir/core/modul-person/StructureDefinition/PatientPseudonymisiert|2025.0.1"
          ]
        },
        "identifier": [
          {
            "use": "usual",
            "type": {
              "coding": [
                {
                  "system": "http://terminology.hl7.org/CodeSystem/v3-ObservationValue",
                  "code": "PSEUDED"
                }
              ]
            },
            "system": "https://www.medizininformatik-initiative.de/fhir/sid/pseudonym",
            "value": "dd5bbbaecc96bc1d48918f852016eb65b4abe7dfec67b04bedf4fdc4"
          }
        ],
        "gender": "male",
        "birthDate": "2006-02",
        "deceasedBoolean": true
      },
      "search": {
        "mode": "match"
      }
    },
    {
      "fullUrl": "http://num-fhirserver.distan.medicsh.de:8080/fhir/Encounter/PV-eb9a48dcae61172088fca54d78d16255a0330d1628ed27fc69f1e974",
      "resource": {
        "resourceType": "Encounter",
        "id": "PV-eb9a48dcae61172088fca54d78d16255a0330d1628ed27fc69f1e974",
        "meta": {
          "versionId": "204009089",
          "lastUpdated": "2025-03-18T10:40:49.269Z",
          "source": "http://medic.uksh.de/source/orbis/legacy",
          "profile": [
            "https://www.medizininformatik-initiative.de/fhir/core/modul-fall/StructureDefinition/KontaktGesundheitseinrichtung|2025.0.0"
          ]
        },
        "identifier": [
          {
            "use": "official",
            "type": {
              "coding": [
                {
                  "system": "http://terminology.hl7.org/CodeSystem/v2-0203",
                  "code": "VN"
                }
              ]
            },
            "system": "http://medic.uksh.de/fhir/Encounter",
            "value": "eb9a48dcae61172088fca54d78d16255a0330d1628ed27fc69f1e974"
          }
        ],
        "status": "finished",
        "class": {
          "system": "http://terminology.hl7.org/CodeSystem/v3-ActCode",
          "code": "AMB"
        },
        "type": [
          {
            "coding": [
              {
                "system": "http://fhir.de/CodeSystem/Kontaktebene",
                "code": "einrichtungskontakt"
              }
            ]
          }
        ],
        "subject": {
          "reference": "Patient/PID-dd5bbbaecc96bc1d48918f852016eb65b4abe7dfec67b04bedf4fdc4"
        },
        "period": {
          "start": "2006-02-01T12:26:00+01:00",
          "end": "2006-03-31T23:59:59+02:00"
        }
      },
      "search": {
        "mode": "match"
      }
    },
    {
      "fullUrl": "http://num-fhirserver.distan.medicsh.de:8080/fhir/Observation/VIT-382f913c88c6a386eafe6c2944ab3c892b3d3b47b19ee920b8c57795",
      "resource": {
        "resourceType": "Observation",
        "id": "VIT-382f913c88c6a386eafe6c2944ab3c892b3d3b47b19ee920b8c57795",
        "meta": {
          "versionId": "204009106",
          "lastUpdated": "2025-03-18T10:40:49.297Z",
          "profile": [
            "https://www.medizininformatik-initiative.de/fhir/core/modul-person/StructureDefinition/Vitalstatus|2025.0.1"
          ]
        },
        "status": "final",
        "category": [
          {
            "coding": [
              {
                "system": "http://terminology.hl7.org/CodeSystem/observation-category",
                "code": "survey"
              }
            ]
          }
        ],
        "code": {
          "coding": [
            {
              "system": "http://loinc.org",
              "code": "67162-8"
            }
          ]
        },
        "subject": {
          "reference": "Patient/PID-dd5bbbaecc96bc1d48918f852016eb65b4abe7dfec67b04bedf4fdc4"
        },
        "effectiveDateTime": "2006-02-01T12:26:00+01:00",
        "valueCodeableConcept": {
          "coding": [
            {
              "system": "https://www.medizininformatik-initiative.de/fhir/core/modul-person/CodeSystem/Vitalstatus",
              "code": "L"
            }
          ]
        }
      },
      "search": {
        "mode": "match"
      }
    }
  ]
}
