{
  "resourceType": "Bundle",
  "id": "DGTUX544AJAU7RS5",
  "type": "searchset",
  "total": 4,
  "entry": [
    {
      "fullUrl": "http://num-fhirserver.distan.medicsh.de:8080/fhir/Patient/PID-ddec0d731da5e89f34fe3413ba2144ef9438925939a7c10839b45fc5",
      "resource": {
        "resourceType": "Patient",
        "id": "PID-ddec0d731da5e89f34fe3413ba2144ef9438925939a7c10839b45fc5",
        "meta": {
          "versionId": "235704162",
          "lastUpdated": "2025-03-19T14:41:51.211Z",
          "profile": [
            "https://www.medizininformatik-initiative.de/fhir/core/modul-person/StructureDefinition/PatientPseudonymisiert|2025.0.1"
          ]
        },
        "identifier": [
          {
            "use": "usual",
            "type": {
              "coding": [
                {
                  "system": "http://terminology.hl7.org/CodeSystem/v3-ObservationValue",
                  "code": "PSEUDED"
                }
              ]
            },
            "system": "https://www.medizininformatik-initiative.de/fhir/sid/pseudonym",
            "value": "ddec0d731da5e89f34fe3413ba2144ef9438925939a7c10839b45fc5"
          }
        ],
        "birthDate": "1959-04",
        "deceasedBoolean": true,
        "address": [
          {
            "type": "both",
            "postalCode": "391",
            "country": "DE"
          }
        ]
      },
      "search": {
        "mode": "match"
      }
    },
    {
      "fullUrl": "http://num-fhirserver.distan.medicsh.de:8080/fhir/Encounter/PV-523f9fb545d81c0fa313b4c4d517b78c05621c31e13710acf8db1e6e",
      "resource": {
        "resourceType": "Encounter",
        "id": "PV-523f9fb545d81c0fa313b4c4d517b78c05621c31e13710acf8db1e6e",
        "meta": {
          "versionId": "234974848",
          "lastUpdated": "2025-03-19T14:10:09.117Z",
          "source": "http://medic.uksh.de/source/orbis/adt",
          "profile": [
            "https://www.medizininformatik-initiative.de/fhir/core/modul-fall/StructureDefinition/KontaktGesundheitseinrichtung|2025.0.0"
          ]
        },
        "identifier": [
          {
            "use": "official",
            "type": {
              "coding": [
                {
                  "system": "http://terminology.hl7.org/CodeSystem/v2-0203",
                  "code": "VN"
                }
              ]
            },
            "system": "http://medic.uksh.de/fhir/Encounter",
            "value": "523f9fb545d81c0fa313b4c4d517b78c05621c31e13710acf8db1e6e"
          }
        ],
        "status": "finished",
        "class": {
          "system": "http://terminology.hl7.org/CodeSystem/v3-ActCode",
          "code": "AMB"
        },
        "type": [
          {
            "coding": [
              {
                "system": "http://fhir.de/CodeSystem/Kontaktebene",
                "code": "einrichtungskontakt"
              }
            ]
          }
        ],
        "subject": {
          "reference": "Patient/PID-ddec0d731da5e89f34fe3413ba2144ef9438925939a7c10839b45fc5"
        },
        "period": {
          "start": "2022-07-20T10:15:00+02:00",
          "end": "2022-09-30T23:59:59+02:00"
        }
      },
      "search": {
        "mode": "match"
      }
    },
    {
      "fullUrl": "http://num-fhirserver.distan.medicsh.de:8080/fhir/Observation/VIT-4f215365cc319f20d22454e9ce3c5bb9caee9c2c97ad2e6bcca1be1d",
      "resource": {
        "resourceType": "Observation",
        "id": "VIT-4f215365cc319f20d22454e9ce3c5bb9caee9c2c97ad2e6bcca1be1d",
        "meta": {
          "versionId": "234974864",
          "lastUpdated": "2025-03-19T14:10:09.141Z",
          "profile": [
            "https://www.medizininformatik-initiative.de/fhir/core/modul-person/StructureDefinition/Vitalstatus|2025.0.1"
          ]
        },
        "status": "final",
        "category": [
          {
            "coding": [
              {
                "system": "http://terminology.hl7.org/CodeSystem/observation-category",
                "code": "survey"
              }
            ]
          }
        ],
        "code": {
          "coding": [
            {
              "system": "http://loinc.org",
              "code": "67162-8"
            }
          ]
        },
        "subject": {
          "reference": "Patient/PID-ddec0d731da5e89f34fe3413ba2144ef9438925939a7c10839b45fc5"
        },
        "effectiveDateTime": "2022-09-30T23:59:59+02:00",
        "valueCodeableConcept": {
          "coding": [
            {
              "system": "https://www.medizininformatik-initiative.de/fhir/core/modul-person/CodeSystem/Vitalstatus",
              "code": "L"
            }
          ]
        }
      },
      "search": {
        "mode": "match"
      }
    },
    {
      "fullUrl": "http://num-fhirserver.distan.medicsh.de:8080/fhir/Observation/VIT-a5428663dd152f6c098630dfa28a111b45b632cd2f7455d6be31395c",
      "resource": {
        "resourceType": "Observation",
        "id": "VIT-a5428663dd152f6c098630dfa28a111b45b632cd2f7455d6be31395c",
        "meta": {
          "versionId": "234974853",
          "lastUpdated": "2025-03-19T14:10:09.128Z",
          "profile": [
            "https://www.medizininformatik-initiative.de/fhir/core/modul-person/StructureDefinition/Vitalstatus|2025.0.1"
          ]
        },
        "status": "final",
        "category": [
          {
            "coding": [
              {
                "system": "http://terminology.hl7.org/CodeSystem/observation-category",
                "code": "survey"
              }
            ]
          }
        ],
        "code": {
          "coding": [
            {
              "system": "http://loinc.org",
              "code": "67162-8"
            }
          ]
        },
        "subject": {
          "reference": "Patient/PID-ddec0d731da5e89f34fe3413ba2144ef9438925939a7c10839b45fc5"
        },
        "effectiveDateTime": "2022-07-20T10:15:00+02:00",
        "valueCodeableConcept": {
          "coding": [
            {
              "system": "https://www.medizininformatik-initiative.de/fhir/core/modul-person/CodeSystem/Vitalstatus",
              "code": "L"
            }
          ]
        }
      },
      "search": {
        "mode": "match"
      }
    }
  ]
}
