{
  "resourceType": "Bundle",
  "id": "DGTUX5T4WSAMQWGV",
  "type": "searchset",
  "total": 12,
  "entry": [
    {
      "fullUrl": "http://num-fhirserver.distan.medicsh.de:8080/fhir/Patient/PID-deee8b318a78683c3a76f7d0ab3ff463faad8fa2289321d31ccf9c01",
      "resource": {
        "resourceType": "Patient",
        "id": "PID-deee8b318a78683c3a76f7d0ab3ff463faad8fa2289321d31ccf9c01",
        "meta": {
          "versionId": "241540451",
          "lastUpdated": "2025-03-21T02:05:03.527Z",
          "profile": [
            "https://www.medizininformatik-initiative.de/fhir/core/modul-person/StructureDefinition/PatientPseudonymisiert|2025.0.1"
          ]
        },
        "identifier": [
          {
            "use": "usual",
            "type": {
              "coding": [
                {
                  "system": "http://terminology.hl7.org/CodeSystem/v3-ObservationValue",
                  "code": "PSEUDED"
                }
              ]
            },
            "system": "https://www.medizininformatik-initiative.de/fhir/sid/pseudonym",
            "value": "deee8b318a78683c3a76f7d0ab3ff463faad8fa2289321d31ccf9c01"
          }
        ],
        "gender": "female",
        "birthDate": "2000-05",
        "deceasedBoolean": true,
        "address": [
          {
            "type": "both",
            "postalCode": "223",
            "country": "DE"
          }
        ]
      },
      "search": {
        "mode": "match"
      }
    },
    {
      "fullUrl": "http://num-fhirserver.distan.medicsh.de:8080/fhir/Condition/CON-1ead756b678b34e9096ff4a06f6b67e5b5e4cc6b46aad69ad051a456",
      "resource": {
        "resourceType": "Condition",
        "id": "CON-1ead756b678b34e9096ff4a06f6b67e5b5e4cc6b46aad69ad051a456",
        "meta": {
          "versionId": "16762590",
          "lastUpdated": "2025-03-11T01:08:49.841Z",
          "profile": [
            "https://www.medizininformatik-initiative.de/fhir/core/modul-diagnose/StructureDefinition/Diagnose|2025.0.0"
          ]
        },
        "code": {
          "coding": [
            {
              "system": "http://fhir.de/CodeSystem/bfarm/icd-10-gm",
              "version": "2023",
              "code": "O80"
            }
          ]
        },
        "subject": {
          "reference": "Patient/PID-deee8b318a78683c3a76f7d0ab3ff463faad8fa2289321d31ccf9c01"
        },
        "encounter": {
          "reference": "Encounter/PV-a7113979403f3b95480c17ff0adf798d9e42171a8431b69e7f9056df"
        },
        "recordedDate": "2023-11-01T10:03:00+01:00"
      },
      "search": {
        "mode": "match"
      }
    },
    {
      "fullUrl": "http://num-fhirserver.distan.medicsh.de:8080/fhir/Condition/CON-302570ebb968ad4247162e05441fac1a03b9a23ffe7e1cf80e8b7a50",
      "resource": {
        "resourceType": "Condition",
        "id": "CON-302570ebb968ad4247162e05441fac1a03b9a23ffe7e1cf80e8b7a50",
        "meta": {
          "versionId": "16770857",
          "lastUpdated": "2025-03-11T01:09:08.040Z",
          "profile": [
            "https://www.medizininformatik-initiative.de/fhir/core/modul-diagnose/StructureDefinition/Diagnose|2025.0.0"
          ]
        },
        "code": {
          "coding": [
            {
              "system": "http://fhir.de/CodeSystem/bfarm/icd-10-gm",
              "version": "2023",
              "code": "Z37.0"
            }
          ]
        },
        "subject": {
          "reference": "Patient/PID-deee8b318a78683c3a76f7d0ab3ff463faad8fa2289321d31ccf9c01"
        },
        "encounter": {
          "reference": "Encounter/PV-a7113979403f3b95480c17ff0adf798d9e42171a8431b69e7f9056df"
        },
        "recordedDate": "2023-11-01T10:03:00+01:00"
      },
      "search": {
        "mode": "match"
      }
    },
    {
      "fullUrl": "http://num-fhirserver.distan.medicsh.de:8080/fhir/Condition/CON-78524ab6e9ab87eebe8fa15042aeb760fb4395517b7748076c3260c1",
      "resource": {
        "resourceType": "Condition",
        "id": "CON-78524ab6e9ab87eebe8fa15042aeb760fb4395517b7748076c3260c1",
        "meta": {
          "versionId": "16770871",
          "lastUpdated": "2025-03-11T01:09:08.068Z",
          "profile": [
            "https://www.medizininformatik-initiative.de/fhir/core/modul-diagnose/StructureDefinition/Diagnose|2025.0.0"
          ]
        },
        "code": {
          "coding": [
            {
              "system": "http://fhir.de/CodeSystem/bfarm/icd-10-gm",
              "version": "2023",
              "code": "O80"
            }
          ]
        },
        "subject": {
          "reference": "Patient/PID-deee8b318a78683c3a76f7d0ab3ff463faad8fa2289321d31ccf9c01"
        },
        "encounter": {
          "reference": "Encounter/PV-a7113979403f3b95480c17ff0adf798d9e42171a8431b69e7f9056df"
        },
        "recordedDate": "2023-11-21T10:06:00+01:00"
      },
      "search": {
        "mode": "match"
      }
    },
    {
      "fullUrl": "http://num-fhirserver.distan.medicsh.de:8080/fhir/Condition/CON-ad6a6ff1fa1487233c1dccbec79cab6dc67f59018b3a2656feaa0693",
      "resource": {
        "resourceType": "Condition",
        "id": "CON-ad6a6ff1fa1487233c1dccbec79cab6dc67f59018b3a2656feaa0693",
        "meta": {
          "versionId": "16775501",
          "lastUpdated": "2025-03-11T01:09:18.099Z",
          "profile": [
            "https://www.medizininformatik-initiative.de/fhir/core/modul-diagnose/StructureDefinition/Diagnose|2025.0.0"
          ]
        },
        "code": {
          "coding": [
            {
              "system": "http://fhir.de/CodeSystem/bfarm/icd-10-gm",
              "version": "2023",
              "code": "O80"
            }
          ]
        },
        "subject": {
          "reference": "Patient/PID-deee8b318a78683c3a76f7d0ab3ff463faad8fa2289321d31ccf9c01"
        },
        "encounter": {
          "reference": "Encounter/PV-a7113979403f3b95480c17ff0adf798d9e42171a8431b69e7f9056df"
        },
        "recordedDate": "2023-11-21T10:06:00+01:00"
      },
      "search": {
        "mode": "match"
      }
    },
    {
      "fullUrl": "http://num-fhirserver.distan.medicsh.de:8080/fhir/Condition/CON-cbd36aec02ed7f995a8c5118046f725f2325b5fe4fd9d7107bd39d4a",
      "resource": {
        "resourceType": "Condition",
        "id": "CON-cbd36aec02ed7f995a8c5118046f725f2325b5fe4fd9d7107bd39d4a",
        "meta": {
          "versionId": "16775476",
          "lastUpdated": "2025-03-11T01:09:18.044Z",
          "profile": [
            "https://www.medizininformatik-initiative.de/fhir/core/modul-diagnose/StructureDefinition/Diagnose|2025.0.0"
          ]
        },
        "code": {
          "coding": [
            {
              "system": "http://fhir.de/CodeSystem/bfarm/icd-10-gm",
              "version": "2023",
              "code": "Z37.0"
            }
          ]
        },
        "subject": {
          "reference": "Patient/PID-deee8b318a78683c3a76f7d0ab3ff463faad8fa2289321d31ccf9c01"
        },
        "encounter": {
          "reference": "Encounter/PV-a7113979403f3b95480c17ff0adf798d9e42171a8431b69e7f9056df"
        },
        "recordedDate": "2023-11-21T10:06:00+01:00"
      },
      "search": {
        "mode": "match"
      }
    },
    {
      "fullUrl": "http://num-fhirserver.distan.medicsh.de:8080/fhir/Condition/CON-dad60afd741575d883c118d3c4b9366d02e77286f7a2f281df037727",
      "resource": {
        "resourceType": "Condition",
        "id": "CON-dad60afd741575d883c118d3c4b9366d02e77286f7a2f281df037727",
        "meta": {
          "versionId": "16757682",
          "lastUpdated": "2025-03-11T01:08:38.962Z",
          "profile": [
            "https://www.medizininformatik-initiative.de/fhir/core/modul-diagnose/StructureDefinition/Diagnose|2025.0.0"
          ]
        },
        "code": {
          "coding": [
            {
              "system": "http://fhir.de/CodeSystem/bfarm/icd-10-gm",
              "version": "2023",
              "code": "Z37.0"
            }
          ]
        },
        "subject": {
          "reference": "Patient/PID-deee8b318a78683c3a76f7d0ab3ff463faad8fa2289321d31ccf9c01"
        },
        "encounter": {
          "reference": "Encounter/PV-a7113979403f3b95480c17ff0adf798d9e42171a8431b69e7f9056df"
        },
        "recordedDate": "2023-11-21T10:06:00+01:00"
      },
      "search": {
        "mode": "match"
      }
    },
    {
      "fullUrl": "http://num-fhirserver.distan.medicsh.de:8080/fhir/Encounter/PV-AK-dbda8d6060323e1ef1fbdd3c87c51eb0257afce88b5fa316ac8155b5",
      "resource": {
        "resourceType": "Encounter",
        "id": "PV-AK-dbda8d6060323e1ef1fbdd3c87c51eb0257afce88b5fa316ac8155b5",
        "meta": {
          "versionId": "241540551",
          "lastUpdated": "2025-03-21T02:05:06.232Z",
          "source": "http://medic.uksh.de/source/orbis/adt",
          "profile": [
            "https://www.medizininformatik-initiative.de/fhir/core/modul-fall/StructureDefinition/KontaktGesundheitseinrichtung|2025.0.0"
          ]
        },
        "identifier": [
          {
            "use": "official",
            "type": {
              "coding": [
                {
                  "system": "http://terminology.hl7.org/CodeSystem/v2-0203",
                  "code": "VN"
                }
              ]
            },
            "system": "http://medic.uksh.de/fhir/Encounter",
            "value": "a7113979403f3b95480c17ff0adf798d9e42171a8431b69e7f9056df"
          },
          {
            "use": "secondary",
            "type": {
              "coding": [
                {
                  "system": "http://terminology.hl7.org/CodeSystem/v2-0203",
                  "code": "U"
                }
              ]
            },
            "system": "http://medic.uksh.de.de/fhir/Encounter/department",
            "value": "MKS-HL.2023-11-01T10:03:00"
          }
        ],
        "status": "finished",
        "class": {
          "system": "http://terminology.hl7.org/CodeSystem/v3-ActCode",
          "code": "IMP"
        },
        "type": [
          {
            "coding": [
              {
                "system": "http://fhir.de/CodeSystem/Kontaktebene",
                "code": "abteilungskontakt"
              }
            ]
          }
        ],
        "subject": {
          "reference": "Patient/PID-deee8b318a78683c3a76f7d0ab3ff463faad8fa2289321d31ccf9c01"
        },
        "period": {
          "start": "2023-11-01T10:03:00+01:00",
          "end": "2023-11-21T10:07:00+01:00"
        },
        "location": [
          {
            "location": {
              "reference": "Location/MKS-HL-LMKS"
            },
            "status": "completed",
            "physicalType": {
              "coding": [
                {
                  "system": "http://terminology.hl7.org/CodeSystem/location-physical-type",
                  "code": "wa"
                }
              ]
            },
            "period": {
              "start": "2023-11-01T10:03:00+01:00",
              "end": "2023-11-21T10:07:00+01:00"
            }
          }
        ],
        "partOf": {
          "reference": "Encounter/PV-a7113979403f3b95480c17ff0adf798d9e42171a8431b69e7f9056df"
        }
      },
      "search": {
        "mode": "match"
      }
    },
    {
      "fullUrl": "http://num-fhirserver.distan.medicsh.de:8080/fhir/Encounter/PV-VK-986a0cd7c69ef7fb3de70ffc7b8a360c91da1078c097d7cd0dd1aa28",
      "resource": {
        "resourceType": "Encounter",
        "id": "PV-VK-986a0cd7c69ef7fb3de70ffc7b8a360c91da1078c097d7cd0dd1aa28",
        "meta": {
          "versionId": "241540550",
          "lastUpdated": "2025-03-21T02:05:06.210Z",
          "source": "http://medic.uksh.de/source/orbis/adt",
          "profile": [
            "https://www.medizininformatik-initiative.de/fhir/core/modul-fall/StructureDefinition/KontaktGesundheitseinrichtung|2025.0.0"
          ]
        },
        "identifier": [
          {
            "use": "official",
            "type": {
              "coding": [
                {
                  "system": "http://terminology.hl7.org/CodeSystem/v2-0203",
                  "code": "VN"
                }
              ]
            },
            "system": "http://medic.uksh.de/fhir/Encounter",
            "value": "a7113979403f3b95480c17ff0adf798d9e42171a8431b69e7f9056df"
          },
          {
            "use": "secondary",
            "type": {
              "coding": [
                {
                  "system": "http://terminology.hl7.org/CodeSystem/v2-0203",
                  "code": "U"
                }
              ]
            },
            "system": "http://medic.uksh.de.de/fhir/Encounter/department",
            "value": "MKS-HL.LMKS.2023-11-01T10:03:00"
          }
        ],
        "status": "finished",
        "class": {
          "system": "http://terminology.hl7.org/CodeSystem/v3-ActCode",
          "code": "IMP"
        },
        "type": [
          {
            "coding": [
              {
                "system": "http://fhir.de/CodeSystem/Kontaktebene",
                "code": "versorgungsstellenkontakt"
              }
            ]
          }
        ],
        "subject": {
          "reference": "Patient/PID-deee8b318a78683c3a76f7d0ab3ff463faad8fa2289321d31ccf9c01"
        },
        "period": {
          "start": "2023-11-01T10:03:00+01:00",
          "end": "2023-11-21T10:07:00+01:00"
        },
        "location": [
          {
            "location": {
              "reference": "Location/MKS-HL-LMKS"
            },
            "status": "completed",
            "physicalType": {
              "coding": [
                {
                  "system": "http://terminology.hl7.org/CodeSystem/location-physical-type",
                  "code": "wa"
                }
              ]
            },
            "period": {
              "start": "2023-11-01T10:03:00+01:00",
              "end": "2023-11-21T10:07:00+01:00"
            }
          }
        ],
        "partOf": {
          "reference": "Encounter/PV-AK-dbda8d6060323e1ef1fbdd3c87c51eb0257afce88b5fa316ac8155b5"
        }
      },
      "search": {
        "mode": "match"
      }
    },
    {
      "fullUrl": "http://num-fhirserver.distan.medicsh.de:8080/fhir/Encounter/PV-a7113979403f3b95480c17ff0adf798d9e42171a8431b69e7f9056df",
      "resource": {
        "resourceType": "Encounter",
        "id": "PV-a7113979403f3b95480c17ff0adf798d9e42171a8431b69e7f9056df",
        "meta": {
          "versionId": "241540547",
          "lastUpdated": "2025-03-21T02:05:06.152Z",
          "source": "http://medic.uksh.de/source/orbis/adt",
          "profile": [
            "https://www.medizininformatik-initiative.de/fhir/core/modul-fall/StructureDefinition/KontaktGesundheitseinrichtung|2025.0.0"
          ]
        },
        "identifier": [
          {
            "use": "official",
            "type": {
              "coding": [
                {
                  "system": "http://terminology.hl7.org/CodeSystem/v2-0203",
                  "code": "VN"
                }
              ]
            },
            "system": "http://medic.uksh.de/fhir/Encounter",
            "value": "a7113979403f3b95480c17ff0adf798d9e42171a8431b69e7f9056df"
          }
        ],
        "status": "finished",
        "class": {
          "system": "http://terminology.hl7.org/CodeSystem/v3-ActCode",
          "code": "IMP"
        },
        "type": [
          {
            "coding": [
              {
                "system": "http://fhir.de/CodeSystem/Kontaktebene",
                "code": "einrichtungskontakt"
              }
            ]
          }
        ],
        "subject": {
          "reference": "Patient/PID-deee8b318a78683c3a76f7d0ab3ff463faad8fa2289321d31ccf9c01"
        },
        "period": {
          "start": "2023-11-01T10:03:00+01:00",
          "end": "2023-11-21T10:07:00+01:00"
        }
      },
      "search": {
        "mode": "match"
      }
    },
    {
      "fullUrl": "http://num-fhirserver.distan.medicsh.de:8080/fhir/Observation/VIT-314828914ce5caead776d3c79a881c6d007bc731a4a39df0cbe001e9",
      "resource": {
        "resourceType": "Observation",
        "id": "VIT-314828914ce5caead776d3c79a881c6d007bc731a4a39df0cbe001e9",
        "meta": {
          "versionId": "241540549",
          "lastUpdated": "2025-03-21T02:05:06.190Z",
          "profile": [
            "https://www.medizininformatik-initiative.de/fhir/core/modul-person/StructureDefinition/Vitalstatus|2025.0.1"
          ]
        },
        "status": "final",
        "category": [
          {
            "coding": [
              {
                "system": "http://terminology.hl7.org/CodeSystem/observation-category",
                "code": "survey"
              }
            ]
          }
        ],
        "code": {
          "coding": [
            {
              "system": "http://loinc.org",
              "code": "67162-8"
            }
          ]
        },
        "subject": {
          "reference": "Patient/PID-deee8b318a78683c3a76f7d0ab3ff463faad8fa2289321d31ccf9c01"
        },
        "effectiveDateTime": "2023-11-21T10:07:00+01:00",
        "valueCodeableConcept": {
          "coding": [
            {
              "system": "https://www.medizininformatik-initiative.de/fhir/core/modul-person/CodeSystem/Vitalstatus",
              "code": "L"
            }
          ]
        }
      },
      "search": {
        "mode": "match"
      }
    },
    {
      "fullUrl": "http://num-fhirserver.distan.medicsh.de:8080/fhir/Observation/VIT-5634f68971e41adcba6e16194e470ebef4f086378b74ddf891076091",
      "resource": {
        "resourceType": "Observation",
        "id": "VIT-5634f68971e41adcba6e16194e470ebef4f086378b74ddf891076091",
        "meta": {
          "versionId": "241540450",
          "lastUpdated": "2025-03-21T02:05:03.521Z",
          "profile": [
            "https://www.medizininformatik-initiative.de/fhir/core/modul-person/StructureDefinition/Vitalstatus|2025.0.1"
          ]
        },
        "status": "final",
        "category": [
          {
            "coding": [
              {
                "system": "http://terminology.hl7.org/CodeSystem/observation-category",
                "code": "survey"
              }
            ]
          }
        ],
        "code": {
          "coding": [
            {
              "system": "http://loinc.org",
              "code": "67162-8"
            }
          ]
        },
        "subject": {
          "reference": "Patient/PID-deee8b318a78683c3a76f7d0ab3ff463faad8fa2289321d31ccf9c01"
        },
        "effectiveDateTime": "2023-11-01T10:03:00+01:00",
        "valueCodeableConcept": {
          "coding": [
            {
              "system": "https://www.medizininformatik-initiative.de/fhir/core/modul-person/CodeSystem/Vitalstatus",
              "code": "L"
            }
          ]
        }
      },
      "search": {
        "mode": "match"
      }
    }
  ]
}
