{
  "resourceType": "Bundle",
  "id": "DGTUX5GZL2O6U6UB",
  "type": "searchset",
  "total": 3,
  "entry": [
    {
      "fullUrl": "http://num-fhirserver.distan.medicsh.de:8080/fhir/Patient/PID-dfc5cc7322f1cbebdd8a2ed9bf49a35402c3a3d71d452f0f9500e129",
      "resource": {
        "resourceType": "Patient",
        "id": "PID-dfc5cc7322f1cbebdd8a2ed9bf49a35402c3a3d71d452f0f9500e129",
        "meta": {
          "versionId": "63634780",
          "lastUpdated": "2025-03-12T19:48:36.831Z",
          "profile": [
            "https://www.medizininformatik-initiative.de/fhir/core/modul-person/StructureDefinition/PatientPseudonymisiert|2025.0.1"
          ]
        },
        "identifier": [
          {
            "use": "usual",
            "type": {
              "coding": [
                {
                  "system": "http://terminology.hl7.org/CodeSystem/v3-ObservationValue",
                  "code": "PSEUDED"
                }
              ]
            },
            "system": "https://www.medizininformatik-initiative.de/fhir/sid/pseudonym",
            "value": "dfc5cc7322f1cbebdd8a2ed9bf49a35402c3a3d71d452f0f9500e129"
          }
        ],
        "gender": "male",
        "birthDate": "2006-04",
        "deceasedBoolean": true
      },
      "search": {
        "mode": "match"
      }
    },
    {
      "fullUrl": "http://num-fhirserver.distan.medicsh.de:8080/fhir/Encounter/PV-aae5b9bc09073a029814228df8f9f99481fb1a051dca997c5136e979",
      "resource": {
        "resourceType": "Encounter",
        "id": "PV-aae5b9bc09073a029814228df8f9f99481fb1a051dca997c5136e979",
        "meta": {
          "versionId": "63634948",
          "lastUpdated": "2025-03-12T19:48:37.228Z",
          "source": "http://medic.uksh.de/source/orbis/legacy",
          "profile": [
            "https://www.medizininformatik-initiative.de/fhir/core/modul-fall/StructureDefinition/KontaktGesundheitseinrichtung|2025.0.0"
          ]
        },
        "identifier": [
          {
            "use": "official",
            "type": {
              "coding": [
                {
                  "system": "http://terminology.hl7.org/CodeSystem/v2-0203",
                  "code": "VN"
                }
              ]
            },
            "system": "http://medic.uksh.de/fhir/Encounter",
            "value": "aae5b9bc09073a029814228df8f9f99481fb1a051dca997c5136e979"
          }
        ],
        "status": "finished",
        "class": {
          "system": "http://terminology.hl7.org/CodeSystem/v3-ActCode",
          "code": "AMB"
        },
        "type": [
          {
            "coding": [
              {
                "system": "http://fhir.de/CodeSystem/Kontaktebene",
                "code": "einrichtungskontakt"
              }
            ]
          }
        ],
        "subject": {
          "reference": "Patient/PID-dfc5cc7322f1cbebdd8a2ed9bf49a35402c3a3d71d452f0f9500e129"
        },
        "period": {
          "start": "2006-04-01T09:57:00+02:00",
          "end": "2006-06-30T23:59:59+02:00"
        }
      },
      "search": {
        "mode": "match"
      }
    },
    {
      "fullUrl": "http://num-fhirserver.distan.medicsh.de:8080/fhir/Observation/VIT-a9cad4d1a45cad1952881080814b51e59ded42f682ee610ebc9f2423",
      "resource": {
        "resourceType": "Observation",
        "id": "VIT-a9cad4d1a45cad1952881080814b51e59ded42f682ee610ebc9f2423",
        "meta": {
          "versionId": "63634957",
          "lastUpdated": "2025-03-12T19:48:37.251Z",
          "profile": [
            "https://www.medizininformatik-initiative.de/fhir/core/modul-person/StructureDefinition/Vitalstatus|2025.0.1"
          ]
        },
        "status": "final",
        "category": [
          {
            "coding": [
              {
                "system": "http://terminology.hl7.org/CodeSystem/observation-category",
                "code": "survey"
              }
            ]
          }
        ],
        "code": {
          "coding": [
            {
              "system": "http://loinc.org",
              "code": "67162-8"
            }
          ]
        },
        "subject": {
          "reference": "Patient/PID-dfc5cc7322f1cbebdd8a2ed9bf49a35402c3a3d71d452f0f9500e129"
        },
        "effectiveDateTime": "2006-04-01T09:57:00+02:00",
        "valueCodeableConcept": {
          "coding": [
            {
              "system": "https://www.medizininformatik-initiative.de/fhir/core/modul-person/CodeSystem/Vitalstatus",
              "code": "L"
            }
          ]
        }
      },
      "search": {
        "mode": "match"
      }
    }
  ]
}
