{
  "resourceType": "Bundle",
  "id": "DGTUX4VDIBTREHLJ",
  "type": "searchset",
  "total": 3,
  "entry": [
    {
      "fullUrl": "http://num-fhirserver.distan.medicsh.de:8080/fhir/Patient/PID-dfdd96b26c016678f711ba63a626e228c6a99952ee38cf59f58c9295",
      "resource": {
        "resourceType": "Patient",
        "id": "PID-dfdd96b26c016678f711ba63a626e228c6a99952ee38cf59f58c9295",
        "meta": {
          "versionId": "121018878",
          "lastUpdated": "2025-03-14T16:07:17.221Z",
          "profile": [
            "https://www.medizininformatik-initiative.de/fhir/core/modul-person/StructureDefinition/PatientPseudonymisiert|2025.0.1"
          ]
        },
        "identifier": [
          {
            "use": "usual",
            "type": {
              "coding": [
                {
                  "system": "http://terminology.hl7.org/CodeSystem/v3-ObservationValue",
                  "code": "PSEUDED"
                }
              ]
            },
            "system": "https://www.medizininformatik-initiative.de/fhir/sid/pseudonym",
            "value": "dfdd96b26c016678f711ba63a626e228c6a99952ee38cf59f58c9295"
          }
        ],
        "gender": "male",
        "birthDate": "1965-08",
        "deceasedBoolean": true
      },
      "search": {
        "mode": "match"
      }
    },
    {
      "fullUrl": "http://num-fhirserver.distan.medicsh.de:8080/fhir/Encounter/PV-f47172c2599bf0d7213a4ed4724413deb65fe4814f988e8d8da504ea",
      "resource": {
        "resourceType": "Encounter",
        "id": "PV-f47172c2599bf0d7213a4ed4724413deb65fe4814f988e8d8da504ea",
        "meta": {
          "versionId": "121018837",
          "lastUpdated": "2025-03-14T16:07:17.119Z",
          "source": "http://medic.uksh.de/source/orbis/legacy",
          "profile": [
            "https://www.medizininformatik-initiative.de/fhir/core/modul-fall/StructureDefinition/KontaktGesundheitseinrichtung|2025.0.0"
          ]
        },
        "identifier": [
          {
            "use": "official",
            "type": {
              "coding": [
                {
                  "system": "http://terminology.hl7.org/CodeSystem/v2-0203",
                  "code": "VN"
                }
              ]
            },
            "system": "http://medic.uksh.de/fhir/Encounter",
            "value": "f47172c2599bf0d7213a4ed4724413deb65fe4814f988e8d8da504ea"
          }
        ],
        "status": "finished",
        "class": {
          "system": "http://terminology.hl7.org/CodeSystem/v3-ActCode",
          "code": "AMB"
        },
        "type": [
          {
            "coding": [
              {
                "system": "http://fhir.de/CodeSystem/Kontaktebene",
                "code": "einrichtungskontakt"
              }
            ]
          }
        ],
        "subject": {
          "reference": "Patient/PID-dfdd96b26c016678f711ba63a626e228c6a99952ee38cf59f58c9295"
        },
        "period": {
          "start": "2001-10-08T00:00:00+02:00",
          "end": "2001-12-31T23:59:59+01:00"
        }
      },
      "search": {
        "mode": "match"
      }
    },
    {
      "fullUrl": "http://num-fhirserver.distan.medicsh.de:8080/fhir/Observation/VIT-97d57b872d53ca4d5e5766b81258fbf226ea36b28f213b86711306d3",
      "resource": {
        "resourceType": "Observation",
        "id": "VIT-97d57b872d53ca4d5e5766b81258fbf226ea36b28f213b86711306d3",
        "meta": {
          "versionId": "121018846",
          "lastUpdated": "2025-03-14T16:07:17.134Z",
          "profile": [
            "https://www.medizininformatik-initiative.de/fhir/core/modul-person/StructureDefinition/Vitalstatus|2025.0.1"
          ]
        },
        "status": "final",
        "category": [
          {
            "coding": [
              {
                "system": "http://terminology.hl7.org/CodeSystem/observation-category",
                "code": "survey"
              }
            ]
          }
        ],
        "code": {
          "coding": [
            {
              "system": "http://loinc.org",
              "code": "67162-8"
            }
          ]
        },
        "subject": {
          "reference": "Patient/PID-dfdd96b26c016678f711ba63a626e228c6a99952ee38cf59f58c9295"
        },
        "effectiveDateTime": "2001-10-08T00:00:00+02:00",
        "valueCodeableConcept": {
          "coding": [
            {
              "system": "https://www.medizininformatik-initiative.de/fhir/core/modul-person/CodeSystem/Vitalstatus",
              "code": "L"
            }
          ]
        }
      },
      "search": {
        "mode": "match"
      }
    }
  ]
}
