{
  "resourceType": "Bundle",
  "id": "DGTUX42SR4R4II4E",
  "type": "searchset",
  "total": 3,
  "entry": [
    {
      "fullUrl": "http://num-fhirserver.distan.medicsh.de:8080/fhir/Patient/PID-e0526ae5965f809c6cae9e446145b42d4ace7208f414a513a078a9a6",
      "resource": {
        "resourceType": "Patient",
        "id": "PID-e0526ae5965f809c6cae9e446145b42d4ace7208f414a513a078a9a6",
        "meta": {
          "versionId": "164247378",
          "lastUpdated": "2025-03-16T07:42:02.931Z",
          "profile": [
            "https://www.medizininformatik-initiative.de/fhir/core/modul-person/StructureDefinition/PatientPseudonymisiert|2025.0.1"
          ]
        },
        "identifier": [
          {
            "use": "usual",
            "type": {
              "coding": [
                {
                  "system": "http://terminology.hl7.org/CodeSystem/v3-ObservationValue",
                  "code": "PSEUDED"
                }
              ]
            },
            "system": "https://www.medizininformatik-initiative.de/fhir/sid/pseudonym",
            "value": "e0526ae5965f809c6cae9e446145b42d4ace7208f414a513a078a9a6"
          }
        ],
        "gender": "male",
        "birthDate": "2008-07",
        "deceasedBoolean": true
      },
      "search": {
        "mode": "match"
      }
    },
    {
      "fullUrl": "http://num-fhirserver.distan.medicsh.de:8080/fhir/Encounter/PV-93d465747b6d39e6d2f86abde23ad8d1cf2aab631acde66da46483de",
      "resource": {
        "resourceType": "Encounter",
        "id": "PV-93d465747b6d39e6d2f86abde23ad8d1cf2aab631acde66da46483de",
        "meta": {
          "versionId": "164247410",
          "lastUpdated": "2025-03-16T07:42:03Z",
          "source": "http://medic.uksh.de/source/orbis/legacy",
          "profile": [
            "https://www.medizininformatik-initiative.de/fhir/core/modul-fall/StructureDefinition/KontaktGesundheitseinrichtung|2025.0.0"
          ]
        },
        "identifier": [
          {
            "use": "official",
            "type": {
              "coding": [
                {
                  "system": "http://terminology.hl7.org/CodeSystem/v2-0203",
                  "code": "VN"
                }
              ]
            },
            "system": "http://medic.uksh.de/fhir/Encounter",
            "value": "93d465747b6d39e6d2f86abde23ad8d1cf2aab631acde66da46483de"
          }
        ],
        "status": "finished",
        "class": {
          "system": "http://terminology.hl7.org/CodeSystem/v3-ActCode",
          "code": "AMB"
        },
        "type": [
          {
            "coding": [
              {
                "system": "http://fhir.de/CodeSystem/Kontaktebene",
                "code": "einrichtungskontakt"
              }
            ]
          }
        ],
        "subject": {
          "reference": "Patient/PID-e0526ae5965f809c6cae9e446145b42d4ace7208f414a513a078a9a6"
        },
        "period": {
          "start": "2008-07-01T10:42:00+02:00",
          "end": "2008-09-30T23:59:59+02:00"
        },
        "hospitalization": {
          "admitSource": {
            "coding": [
              {
                "system": "http://fhir.de/CodeSystem/dgkev/Aufnahmeanlass",
                "code": "E"
              }
            ]
          }
        }
      },
      "search": {
        "mode": "match"
      }
    },
    {
      "fullUrl": "http://num-fhirserver.distan.medicsh.de:8080/fhir/Observation/VIT-437454063e3712ae026a72058e9287ae2a1d068f8a799975ff06aded",
      "resource": {
        "resourceType": "Observation",
        "id": "VIT-437454063e3712ae026a72058e9287ae2a1d068f8a799975ff06aded",
        "meta": {
          "versionId": "164247418",
          "lastUpdated": "2025-03-16T07:42:03.044Z",
          "profile": [
            "https://www.medizininformatik-initiative.de/fhir/core/modul-person/StructureDefinition/Vitalstatus|2025.0.1"
          ]
        },
        "status": "final",
        "category": [
          {
            "coding": [
              {
                "system": "http://terminology.hl7.org/CodeSystem/observation-category",
                "code": "survey"
              }
            ]
          }
        ],
        "code": {
          "coding": [
            {
              "system": "http://loinc.org",
              "code": "67162-8"
            }
          ]
        },
        "subject": {
          "reference": "Patient/PID-e0526ae5965f809c6cae9e446145b42d4ace7208f414a513a078a9a6"
        },
        "effectiveDateTime": "2008-07-01T10:42:00+02:00",
        "valueCodeableConcept": {
          "coding": [
            {
              "system": "https://www.medizininformatik-initiative.de/fhir/core/modul-person/CodeSystem/Vitalstatus",
              "code": "L"
            }
          ]
        }
      },
      "search": {
        "mode": "match"
      }
    }
  ]
}
