{
  "resourceType": "Bundle",
  "id": "DGTUX6RLWO63WQPW",
  "type": "searchset",
  "total": 6,
  "entry": [
    {
      "fullUrl": "http://num-fhirserver.distan.medicsh.de:8080/fhir/Patient/PID-e220abcb75238b949e205a7a6440fa9aaf8df61ed24377958649b70e",
      "resource": {
        "resourceType": "Patient",
        "id": "PID-e220abcb75238b949e205a7a6440fa9aaf8df61ed24377958649b70e",
        "meta": {
          "versionId": "158958992",
          "lastUpdated": "2025-03-15T19:16:23.100Z",
          "profile": [
            "https://www.medizininformatik-initiative.de/fhir/core/modul-person/StructureDefinition/PatientPseudonymisiert|2025.0.1"
          ]
        },
        "identifier": [
          {
            "use": "usual",
            "type": {
              "coding": [
                {
                  "system": "http://terminology.hl7.org/CodeSystem/v3-ObservationValue",
                  "code": "PSEUDED"
                }
              ]
            },
            "system": "https://www.medizininformatik-initiative.de/fhir/sid/pseudonym",
            "value": "e220abcb75238b949e205a7a6440fa9aaf8df61ed24377958649b70e"
          }
        ],
        "gender": "male",
        "birthDate": "1983-01",
        "deceasedBoolean": true
      },
      "search": {
        "mode": "match"
      }
    },
    {
      "fullUrl": "http://num-fhirserver.distan.medicsh.de:8080/fhir/Encounter/PV-6d38e1d953a255ac7b1d05b923f8dda7e28eba87eb52962e34e7a129",
      "resource": {
        "resourceType": "Encounter",
        "id": "PV-6d38e1d953a255ac7b1d05b923f8dda7e28eba87eb52962e34e7a129",
        "meta": {
          "versionId": "158958926",
          "lastUpdated": "2025-03-15T19:16:22.948Z",
          "source": "http://medic.uksh.de/source/orbis/legacy",
          "profile": [
            "https://www.medizininformatik-initiative.de/fhir/core/modul-fall/StructureDefinition/KontaktGesundheitseinrichtung|2025.0.0"
          ]
        },
        "identifier": [
          {
            "use": "official",
            "type": {
              "coding": [
                {
                  "system": "http://terminology.hl7.org/CodeSystem/v2-0203",
                  "code": "VN"
                }
              ]
            },
            "system": "http://medic.uksh.de/fhir/Encounter",
            "value": "6d38e1d953a255ac7b1d05b923f8dda7e28eba87eb52962e34e7a129"
          }
        ],
        "status": "finished",
        "class": {
          "system": "http://terminology.hl7.org/CodeSystem/v3-ActCode",
          "code": "AMB"
        },
        "type": [
          {
            "coding": [
              {
                "system": "http://fhir.de/CodeSystem/Kontaktebene",
                "code": "einrichtungskontakt"
              }
            ]
          }
        ],
        "subject": {
          "reference": "Patient/PID-e220abcb75238b949e205a7a6440fa9aaf8df61ed24377958649b70e"
        },
        "period": {
          "start": "2010-01-12T13:53:00+01:00",
          "end": "2010-03-31T23:59:59+02:00"
        },
        "hospitalization": {
          "admitSource": {
            "coding": [
              {
                "system": "http://fhir.de/CodeSystem/dgkev/Aufnahmeanlass",
                "code": "E"
              }
            ]
          }
        }
      },
      "search": {
        "mode": "match"
      }
    },
    {
      "fullUrl": "http://num-fhirserver.distan.medicsh.de:8080/fhir/Observation/VIT-d9b5fac7243930733e2bfb0923e2052990039c4e6bf03bf23427182b",
      "resource": {
        "resourceType": "Observation",
        "id": "VIT-d9b5fac7243930733e2bfb0923e2052990039c4e6bf03bf23427182b",
        "meta": {
          "versionId": "158958934",
          "lastUpdated": "2025-03-15T19:16:22.972Z",
          "profile": [
            "https://www.medizininformatik-initiative.de/fhir/core/modul-person/StructureDefinition/Vitalstatus|2025.0.1"
          ]
        },
        "status": "final",
        "category": [
          {
            "coding": [
              {
                "system": "http://terminology.hl7.org/CodeSystem/observation-category",
                "code": "survey"
              }
            ]
          }
        ],
        "code": {
          "coding": [
            {
              "system": "http://loinc.org",
              "code": "67162-8"
            }
          ]
        },
        "subject": {
          "reference": "Patient/PID-e220abcb75238b949e205a7a6440fa9aaf8df61ed24377958649b70e"
        },
        "effectiveDateTime": "2010-01-12T13:53:00+01:00",
        "valueCodeableConcept": {
          "coding": [
            {
              "system": "https://www.medizininformatik-initiative.de/fhir/core/modul-person/CodeSystem/Vitalstatus",
              "code": "L"
            }
          ]
        }
      },
      "search": {
        "mode": "match"
      }
    },
    {
      "fullUrl": "http://num-fhirserver.distan.medicsh.de:8080/fhir/Procedure/PR-0758e2182873d74b0f25d9458314f63c0085ae7ad31e774794ce797a",
      "resource": {
        "resourceType": "Procedure",
        "id": "PR-0758e2182873d74b0f25d9458314f63c0085ae7ad31e774794ce797a",
        "meta": {
          "versionId": "373318328",
          "lastUpdated": "2025-10-08T15:41:40.731Z",
          "profile": [
            "https://www.medizininformatik-initiative.de/fhir/core/modul-prozedur/StructureDefinition/Procedure|2025.0.0"
          ]
        },
        "status": "completed",
        "category": {
          "coding": [
            {
              "system": "http://snomed.info/sct",
              "code": "363679005",
              "display": "Imaging"
            }
          ]
        },
        "code": {
          "coding": [
            {
              "system": "http://fhir.de/CodeSystem/bfarm/ops",
              "version": "2010",
              "code": "3-100.0",
              "display": "Mammographie: Eine oder mehr Ebenen"
            }
          ]
        },
        "subject": {
          "reference": "Patient/PID-e220abcb75238b949e205a7a6440fa9aaf8df61ed24377958649b70e"
        },
        "encounter": {
          "reference": "Encounter/PV-6d38e1d953a255ac7b1d05b923f8dda7e28eba87eb52962e34e7a129"
        },
        "performedDateTime": "2010-01-12T15:20:00+01:00"
      },
      "search": {
        "mode": "match"
      }
    },
    {
      "fullUrl": "http://num-fhirserver.distan.medicsh.de:8080/fhir/Procedure/PR-2d96b88303f225510b9ae382533b76686d973a5889fe9bfdf2169cf0",
      "resource": {
        "resourceType": "Procedure",
        "id": "PR-2d96b88303f225510b9ae382533b76686d973a5889fe9bfdf2169cf0",
        "meta": {
          "versionId": "373318344",
          "lastUpdated": "2025-10-08T15:41:40.783Z",
          "profile": [
            "https://www.medizininformatik-initiative.de/fhir/core/modul-prozedur/StructureDefinition/Procedure|2025.0.0"
          ]
        },
        "status": "completed",
        "category": {
          "coding": [
            {
              "system": "http://snomed.info/sct",
              "code": "363679005",
              "display": "Imaging"
            }
          ]
        },
        "code": {
          "coding": [
            {
              "system": "http://fhir.de/CodeSystem/bfarm/ops",
              "version": "2010",
              "code": "3-100.0",
              "display": "Mammographie: Eine oder mehr Ebenen"
            }
          ]
        },
        "subject": {
          "reference": "Patient/PID-e220abcb75238b949e205a7a6440fa9aaf8df61ed24377958649b70e"
        },
        "encounter": {
          "reference": "Encounter/PV-6d38e1d953a255ac7b1d05b923f8dda7e28eba87eb52962e34e7a129"
        },
        "performedDateTime": "2010-01-12T15:21:00+01:00"
      },
      "search": {
        "mode": "match"
      }
    },
    {
      "fullUrl": "http://num-fhirserver.distan.medicsh.de:8080/fhir/Procedure/PR-fb3886cbd805d3a7907c759660a834e71c2c8a209f09e78fbe71a24f",
      "resource": {
        "resourceType": "Procedure",
        "id": "PR-fb3886cbd805d3a7907c759660a834e71c2c8a209f09e78fbe71a24f",
        "meta": {
          "versionId": "373313472",
          "lastUpdated": "2025-10-08T15:41:20.980Z",
          "profile": [
            "https://www.medizininformatik-initiative.de/fhir/core/modul-prozedur/StructureDefinition/Procedure|2025.0.0"
          ]
        },
        "status": "completed",
        "category": {
          "coding": [
            {
              "system": "http://snomed.info/sct",
              "code": "363679005",
              "display": "Imaging"
            }
          ]
        },
        "code": {
          "coding": [
            {
              "system": "http://fhir.de/CodeSystem/bfarm/ops",
              "version": "2010",
              "code": "3-100.0",
              "display": "Mammographie: Eine oder mehr Ebenen"
            }
          ]
        },
        "subject": {
          "reference": "Patient/PID-e220abcb75238b949e205a7a6440fa9aaf8df61ed24377958649b70e"
        },
        "encounter": {
          "reference": "Encounter/PV-6d38e1d953a255ac7b1d05b923f8dda7e28eba87eb52962e34e7a129"
        },
        "performedDateTime": "2010-01-12T15:21:00+01:00"
      },
      "search": {
        "mode": "match"
      }
    }
  ]
}
