{
  "resourceType": "Bundle",
  "id": "DGTUX4MYETHCWXGB",
  "type": "searchset",
  "total": 3,
  "entry": [
    {
      "fullUrl": "http://num-fhirserver.distan.medicsh.de:8080/fhir/Patient/PID-e22517713059000f786fc4042b6e2d8bacc8bdcf077b814edfa4f4e6",
      "resource": {
        "resourceType": "Patient",
        "id": "PID-e22517713059000f786fc4042b6e2d8bacc8bdcf077b814edfa4f4e6",
        "meta": {
          "versionId": "214757789",
          "lastUpdated": "2025-03-18T17:59:29.145Z",
          "profile": [
            "https://www.medizininformatik-initiative.de/fhir/core/modul-person/StructureDefinition/PatientPseudonymisiert|2025.0.1"
          ]
        },
        "identifier": [
          {
            "use": "usual",
            "type": {
              "coding": [
                {
                  "system": "http://terminology.hl7.org/CodeSystem/v3-ObservationValue",
                  "code": "PSEUDED"
                }
              ]
            },
            "system": "https://www.medizininformatik-initiative.de/fhir/sid/pseudonym",
            "value": "e22517713059000f786fc4042b6e2d8bacc8bdcf077b814edfa4f4e6"
          }
        ],
        "gender": "male",
        "birthDate": "2006-06",
        "deceasedBoolean": true
      },
      "search": {
        "mode": "match"
      }
    },
    {
      "fullUrl": "http://num-fhirserver.distan.medicsh.de:8080/fhir/Encounter/PV-29cd904563c32567beb38de4f1b9de9922cc7de480556d7a6f2c626b",
      "resource": {
        "resourceType": "Encounter",
        "id": "PV-29cd904563c32567beb38de4f1b9de9922cc7de480556d7a6f2c626b",
        "meta": {
          "versionId": "214757800",
          "lastUpdated": "2025-03-18T17:59:29.160Z",
          "source": "http://medic.uksh.de/source/orbis/legacy",
          "profile": [
            "https://www.medizininformatik-initiative.de/fhir/core/modul-fall/StructureDefinition/KontaktGesundheitseinrichtung|2025.0.0"
          ]
        },
        "identifier": [
          {
            "use": "official",
            "type": {
              "coding": [
                {
                  "system": "http://terminology.hl7.org/CodeSystem/v2-0203",
                  "code": "VN"
                }
              ]
            },
            "system": "http://medic.uksh.de/fhir/Encounter",
            "value": "29cd904563c32567beb38de4f1b9de9922cc7de480556d7a6f2c626b"
          }
        ],
        "status": "finished",
        "class": {
          "system": "http://terminology.hl7.org/CodeSystem/v3-ActCode",
          "code": "AMB"
        },
        "type": [
          {
            "coding": [
              {
                "system": "http://fhir.de/CodeSystem/Kontaktebene",
                "code": "einrichtungskontakt"
              }
            ]
          }
        ],
        "subject": {
          "reference": "Patient/PID-e22517713059000f786fc4042b6e2d8bacc8bdcf077b814edfa4f4e6"
        },
        "period": {
          "start": "2006-06-01T09:00:00+02:00",
          "end": "2006-06-30T23:59:59+02:00"
        }
      },
      "search": {
        "mode": "match"
      }
    },
    {
      "fullUrl": "http://num-fhirserver.distan.medicsh.de:8080/fhir/Observation/VIT-f968a961ea9d7687cb99a93e33b8a0e1520da9c1ce29660b789b28c4",
      "resource": {
        "resourceType": "Observation",
        "id": "VIT-f968a961ea9d7687cb99a93e33b8a0e1520da9c1ce29660b789b28c4",
        "meta": {
          "versionId": "214757809",
          "lastUpdated": "2025-03-18T17:59:29.174Z",
          "profile": [
            "https://www.medizininformatik-initiative.de/fhir/core/modul-person/StructureDefinition/Vitalstatus|2025.0.1"
          ]
        },
        "status": "final",
        "category": [
          {
            "coding": [
              {
                "system": "http://terminology.hl7.org/CodeSystem/observation-category",
                "code": "survey"
              }
            ]
          }
        ],
        "code": {
          "coding": [
            {
              "system": "http://loinc.org",
              "code": "67162-8"
            }
          ]
        },
        "subject": {
          "reference": "Patient/PID-e22517713059000f786fc4042b6e2d8bacc8bdcf077b814edfa4f4e6"
        },
        "effectiveDateTime": "2006-06-01T09:00:00+02:00",
        "valueCodeableConcept": {
          "coding": [
            {
              "system": "https://www.medizininformatik-initiative.de/fhir/core/modul-person/CodeSystem/Vitalstatus",
              "code": "L"
            }
          ]
        }
      },
      "search": {
        "mode": "match"
      }
    }
  ]
}
