{
  "resourceType": "Bundle",
  "id": "DGTUX6SBYULGH4PL",
  "type": "searchset",
  "total": 14,
  "entry": [
    {
      "fullUrl": "http://num-fhirserver.distan.medicsh.de:8080/fhir/Patient/PID-e4663a2979436835f9a1110df732691c097331ef7ca91c7d3867cac6",
      "resource": {
        "resourceType": "Patient",
        "id": "PID-e4663a2979436835f9a1110df732691c097331ef7ca91c7d3867cac6",
        "meta": {
          "versionId": "122633292",
          "lastUpdated": "2025-03-14T17:13:12.309Z",
          "profile": [
            "https://www.medizininformatik-initiative.de/fhir/core/modul-person/StructureDefinition/PatientPseudonymisiert|2025.0.1"
          ]
        },
        "identifier": [
          {
            "use": "usual",
            "type": {
              "coding": [
                {
                  "system": "http://terminology.hl7.org/CodeSystem/v3-ObservationValue",
                  "code": "PSEUDED"
                }
              ]
            },
            "system": "https://www.medizininformatik-initiative.de/fhir/sid/pseudonym",
            "value": "e4663a2979436835f9a1110df732691c097331ef7ca91c7d3867cac6"
          }
        ],
        "gender": "female",
        "birthDate": "1995-10",
        "deceasedBoolean": true,
        "address": [
          {
            "type": "both",
            "postalCode": "235",
            "country": "DE"
          }
        ]
      },
      "search": {
        "mode": "match"
      }
    },
    {
      "fullUrl": "http://num-fhirserver.distan.medicsh.de:8080/fhir/Encounter/PV-06de6f3d44f287f317a2b08fa7c573c291721b758108fcf2d30ed9b9",
      "resource": {
        "resourceType": "Encounter",
        "id": "PV-06de6f3d44f287f317a2b08fa7c573c291721b758108fcf2d30ed9b9",
        "meta": {
          "versionId": "122633601",
          "lastUpdated": "2025-03-14T17:13:13.038Z",
          "source": "http://medic.uksh.de/source/orbis/legacy",
          "profile": [
            "https://www.medizininformatik-initiative.de/fhir/core/modul-fall/StructureDefinition/KontaktGesundheitseinrichtung|2025.0.0"
          ]
        },
        "identifier": [
          {
            "use": "official",
            "type": {
              "coding": [
                {
                  "system": "http://terminology.hl7.org/CodeSystem/v2-0203",
                  "code": "VN"
                }
              ]
            },
            "system": "http://medic.uksh.de/fhir/Encounter",
            "value": "06de6f3d44f287f317a2b08fa7c573c291721b758108fcf2d30ed9b9"
          }
        ],
        "status": "finished",
        "class": {
          "system": "http://terminology.hl7.org/CodeSystem/v3-ActCode",
          "code": "AMB"
        },
        "type": [
          {
            "coding": [
              {
                "system": "http://fhir.de/CodeSystem/Kontaktebene",
                "code": "einrichtungskontakt"
              }
            ]
          }
        ],
        "subject": {
          "reference": "Patient/PID-e4663a2979436835f9a1110df732691c097331ef7ca91c7d3867cac6"
        },
        "period": {
          "start": "2021-04-19T10:39:00+02:00",
          "end": "2021-06-30T23:59:59+02:00"
        }
      },
      "search": {
        "mode": "match"
      }
    },
    {
      "fullUrl": "http://num-fhirserver.distan.medicsh.de:8080/fhir/Encounter/PV-0f3189c3936476e4158c552b99c0d2e73186ee4a1c6e05e61b9d5a0d",
      "resource": {
        "resourceType": "Encounter",
        "id": "PV-0f3189c3936476e4158c552b99c0d2e73186ee4a1c6e05e61b9d5a0d",
        "meta": {
          "versionId": "122633393",
          "lastUpdated": "2025-03-14T17:13:12.622Z",
          "source": "http://medic.uksh.de/source/orbis/legacy",
          "profile": [
            "https://www.medizininformatik-initiative.de/fhir/core/modul-fall/StructureDefinition/KontaktGesundheitseinrichtung|2025.0.0"
          ]
        },
        "identifier": [
          {
            "use": "official",
            "type": {
              "coding": [
                {
                  "system": "http://terminology.hl7.org/CodeSystem/v2-0203",
                  "code": "VN"
                }
              ]
            },
            "system": "http://medic.uksh.de/fhir/Encounter",
            "value": "0f3189c3936476e4158c552b99c0d2e73186ee4a1c6e05e61b9d5a0d"
          }
        ],
        "status": "finished",
        "class": {
          "system": "http://terminology.hl7.org/CodeSystem/v3-ActCode",
          "code": "AMB"
        },
        "type": [
          {
            "coding": [
              {
                "system": "http://fhir.de/CodeSystem/Kontaktebene",
                "code": "einrichtungskontakt"
              }
            ]
          }
        ],
        "subject": {
          "reference": "Patient/PID-e4663a2979436835f9a1110df732691c097331ef7ca91c7d3867cac6"
        },
        "period": {
          "start": "2021-05-10T09:56:00+02:00",
          "end": "2021-06-30T23:59:59+02:00"
        }
      },
      "search": {
        "mode": "match"
      }
    },
    {
      "fullUrl": "http://num-fhirserver.distan.medicsh.de:8080/fhir/Encounter/PV-4ef030966a42f44ea02fb7631f5538350b0fdb5d8754272f3678e48c",
      "resource": {
        "resourceType": "Encounter",
        "id": "PV-4ef030966a42f44ea02fb7631f5538350b0fdb5d8754272f3678e48c",
        "meta": {
          "versionId": "122633343",
          "lastUpdated": "2025-03-14T17:13:12.481Z",
          "source": "http://medic.uksh.de/source/orbis/legacy",
          "profile": [
            "https://www.medizininformatik-initiative.de/fhir/core/modul-fall/StructureDefinition/KontaktGesundheitseinrichtung|2025.0.0"
          ]
        },
        "identifier": [
          {
            "use": "official",
            "type": {
              "coding": [
                {
                  "system": "http://terminology.hl7.org/CodeSystem/v2-0203",
                  "code": "VN"
                }
              ]
            },
            "system": "http://medic.uksh.de/fhir/Encounter",
            "value": "4ef030966a42f44ea02fb7631f5538350b0fdb5d8754272f3678e48c"
          }
        ],
        "status": "finished",
        "class": {
          "system": "http://terminology.hl7.org/CodeSystem/v3-ActCode",
          "code": "AMB"
        },
        "type": [
          {
            "coding": [
              {
                "system": "http://fhir.de/CodeSystem/Kontaktebene",
                "code": "einrichtungskontakt"
              }
            ]
          }
        ],
        "subject": {
          "reference": "Patient/PID-e4663a2979436835f9a1110df732691c097331ef7ca91c7d3867cac6"
        },
        "period": {
          "start": "2021-06-01T10:40:00+02:00",
          "end": "2021-06-30T23:59:59+02:00"
        }
      },
      "search": {
        "mode": "match"
      }
    },
    {
      "fullUrl": "http://num-fhirserver.distan.medicsh.de:8080/fhir/Encounter/PV-522fb519cb86e920de23fd3cfcc006c9a8a0e17409da34384449e527",
      "resource": {
        "resourceType": "Encounter",
        "id": "PV-522fb519cb86e920de23fd3cfcc006c9a8a0e17409da34384449e527",
        "meta": {
          "versionId": "122633498",
          "lastUpdated": "2025-03-14T17:13:12.844Z",
          "source": "http://medic.uksh.de/source/orbis/legacy",
          "profile": [
            "https://www.medizininformatik-initiative.de/fhir/core/modul-fall/StructureDefinition/KontaktGesundheitseinrichtung|2025.0.0"
          ]
        },
        "identifier": [
          {
            "use": "official",
            "type": {
              "coding": [
                {
                  "system": "http://terminology.hl7.org/CodeSystem/v2-0203",
                  "code": "VN"
                }
              ]
            },
            "system": "http://medic.uksh.de/fhir/Encounter",
            "value": "522fb519cb86e920de23fd3cfcc006c9a8a0e17409da34384449e527"
          }
        ],
        "status": "finished",
        "class": {
          "system": "http://terminology.hl7.org/CodeSystem/v3-ActCode",
          "code": "AMB"
        },
        "type": [
          {
            "coding": [
              {
                "system": "http://fhir.de/CodeSystem/Kontaktebene",
                "code": "einrichtungskontakt"
              }
            ]
          }
        ],
        "subject": {
          "reference": "Patient/PID-e4663a2979436835f9a1110df732691c097331ef7ca91c7d3867cac6"
        },
        "period": {
          "start": "2021-04-22T07:48:00+02:00",
          "end": "2021-06-30T23:59:59+02:00"
        }
      },
      "search": {
        "mode": "match"
      }
    },
    {
      "fullUrl": "http://num-fhirserver.distan.medicsh.de:8080/fhir/Encounter/PV-85bc24477cdc6d0950e33e74d53679faa69122358af15885e2bc83eb",
      "resource": {
        "resourceType": "Encounter",
        "id": "PV-85bc24477cdc6d0950e33e74d53679faa69122358af15885e2bc83eb",
        "meta": {
          "versionId": "240696992",
          "lastUpdated": "2025-03-20T20:34:50.783Z",
          "source": "http://medic.uksh.de/source/orbis/adt",
          "profile": [
            "https://www.medizininformatik-initiative.de/fhir/core/modul-fall/StructureDefinition/KontaktGesundheitseinrichtung|2025.0.0"
          ]
        },
        "identifier": [
          {
            "use": "official",
            "type": {
              "coding": [
                {
                  "system": "http://terminology.hl7.org/CodeSystem/v2-0203",
                  "code": "VN"
                }
              ]
            },
            "system": "http://medic.uksh.de/fhir/Encounter",
            "value": "85bc24477cdc6d0950e33e74d53679faa69122358af15885e2bc83eb"
          }
        ],
        "status": "finished",
        "class": {
          "system": "http://terminology.hl7.org/CodeSystem/v3-ActCode",
          "code": "AMB"
        },
        "type": [
          {
            "coding": [
              {
                "system": "http://fhir.de/CodeSystem/Kontaktebene",
                "code": "einrichtungskontakt"
              }
            ]
          }
        ],
        "subject": {
          "reference": "Patient/PID-e4663a2979436835f9a1110df732691c097331ef7ca91c7d3867cac6"
        },
        "period": {
          "start": "2023-08-16T08:16:00+02:00",
          "end": "2023-09-30T23:59:59+02:00"
        }
      },
      "search": {
        "mode": "match"
      }
    },
    {
      "fullUrl": "http://num-fhirserver.distan.medicsh.de:8080/fhir/Encounter/PV-f5035afdba89d1cb74c564821dd51a461b158be4cce9fc752bd1dfed",
      "resource": {
        "resourceType": "Encounter",
        "id": "PV-f5035afdba89d1cb74c564821dd51a461b158be4cce9fc752bd1dfed",
        "meta": {
          "versionId": "122633662",
          "lastUpdated": "2025-03-14T17:13:13.181Z",
          "source": "http://medic.uksh.de/source/orbis/legacy",
          "profile": [
            "https://www.medizininformatik-initiative.de/fhir/core/modul-fall/StructureDefinition/KontaktGesundheitseinrichtung|2025.0.0"
          ]
        },
        "identifier": [
          {
            "use": "official",
            "type": {
              "coding": [
                {
                  "system": "http://terminology.hl7.org/CodeSystem/v2-0203",
                  "code": "VN"
                }
              ]
            },
            "system": "http://medic.uksh.de/fhir/Encounter",
            "value": "f5035afdba89d1cb74c564821dd51a461b158be4cce9fc752bd1dfed"
          }
        ],
        "status": "finished",
        "class": {
          "system": "http://terminology.hl7.org/CodeSystem/v3-ActCode",
          "code": "AMB"
        },
        "type": [
          {
            "coding": [
              {
                "system": "http://fhir.de/CodeSystem/Kontaktebene",
                "code": "einrichtungskontakt"
              }
            ]
          }
        ],
        "subject": {
          "reference": "Patient/PID-e4663a2979436835f9a1110df732691c097331ef7ca91c7d3867cac6"
        },
        "period": {
          "start": "2021-04-19T09:47:00+02:00",
          "end": "2021-06-30T23:59:59+02:00"
        }
      },
      "search": {
        "mode": "match"
      }
    },
    {
      "fullUrl": "http://num-fhirserver.distan.medicsh.de:8080/fhir/Observation/VIT-20392d37279a63916bb0f9c93167acc9a528ee29a0328ded81469a40",
      "resource": {
        "resourceType": "Observation",
        "id": "VIT-20392d37279a63916bb0f9c93167acc9a528ee29a0328ded81469a40",
        "meta": {
          "versionId": "240696993",
          "lastUpdated": "2025-03-20T20:34:50.801Z",
          "profile": [
            "https://www.medizininformatik-initiative.de/fhir/core/modul-person/StructureDefinition/Vitalstatus|2025.0.1"
          ]
        },
        "status": "final",
        "category": [
          {
            "coding": [
              {
                "system": "http://terminology.hl7.org/CodeSystem/observation-category",
                "code": "survey"
              }
            ]
          }
        ],
        "code": {
          "coding": [
            {
              "system": "http://loinc.org",
              "code": "67162-8"
            }
          ]
        },
        "subject": {
          "reference": "Patient/PID-e4663a2979436835f9a1110df732691c097331ef7ca91c7d3867cac6"
        },
        "effectiveDateTime": "2023-08-16T08:16:00+02:00",
        "valueCodeableConcept": {
          "coding": [
            {
              "system": "https://www.medizininformatik-initiative.de/fhir/core/modul-person/CodeSystem/Vitalstatus",
              "code": "L"
            }
          ]
        }
      },
      "search": {
        "mode": "match"
      }
    },
    {
      "fullUrl": "http://num-fhirserver.distan.medicsh.de:8080/fhir/Observation/VIT-28a0269cdd6063753c4a42cb7cd50308626cdb80ceae226e79f234b6",
      "resource": {
        "resourceType": "Observation",
        "id": "VIT-28a0269cdd6063753c4a42cb7cd50308626cdb80ceae226e79f234b6",
        "meta": {
          "versionId": "122633351",
          "lastUpdated": "2025-03-14T17:13:12.502Z",
          "profile": [
            "https://www.medizininformatik-initiative.de/fhir/core/modul-person/StructureDefinition/Vitalstatus|2025.0.1"
          ]
        },
        "status": "final",
        "category": [
          {
            "coding": [
              {
                "system": "http://terminology.hl7.org/CodeSystem/observation-category",
                "code": "survey"
              }
            ]
          }
        ],
        "code": {
          "coding": [
            {
              "system": "http://loinc.org",
              "code": "67162-8"
            }
          ]
        },
        "subject": {
          "reference": "Patient/PID-e4663a2979436835f9a1110df732691c097331ef7ca91c7d3867cac6"
        },
        "effectiveDateTime": "2021-06-01T10:40:00+02:00",
        "valueCodeableConcept": {
          "coding": [
            {
              "system": "https://www.medizininformatik-initiative.de/fhir/core/modul-person/CodeSystem/Vitalstatus",
              "code": "L"
            }
          ]
        }
      },
      "search": {
        "mode": "match"
      }
    },
    {
      "fullUrl": "http://num-fhirserver.distan.medicsh.de:8080/fhir/Observation/VIT-5d2bfd0368ee1ba5f5efc43a7b804f757da877c441a8096fc01d57ba",
      "resource": {
        "resourceType": "Observation",
        "id": "VIT-5d2bfd0368ee1ba5f5efc43a7b804f757da877c441a8096fc01d57ba",
        "meta": {
          "versionId": "122633507",
          "lastUpdated": "2025-03-14T17:13:12.862Z",
          "profile": [
            "https://www.medizininformatik-initiative.de/fhir/core/modul-person/StructureDefinition/Vitalstatus|2025.0.1"
          ]
        },
        "status": "final",
        "category": [
          {
            "coding": [
              {
                "system": "http://terminology.hl7.org/CodeSystem/observation-category",
                "code": "survey"
              }
            ]
          }
        ],
        "code": {
          "coding": [
            {
              "system": "http://loinc.org",
              "code": "67162-8"
            }
          ]
        },
        "subject": {
          "reference": "Patient/PID-e4663a2979436835f9a1110df732691c097331ef7ca91c7d3867cac6"
        },
        "effectiveDateTime": "2021-04-22T07:48:00+02:00",
        "valueCodeableConcept": {
          "coding": [
            {
              "system": "https://www.medizininformatik-initiative.de/fhir/core/modul-person/CodeSystem/Vitalstatus",
              "code": "L"
            }
          ]
        }
      },
      "search": {
        "mode": "match"
      }
    },
    {
      "fullUrl": "http://num-fhirserver.distan.medicsh.de:8080/fhir/Observation/VIT-7d2a9c55d820a5f1d5beefeddda0fcdb8c625b1d8e7679d19cc63309",
      "resource": {
        "resourceType": "Observation",
        "id": "VIT-7d2a9c55d820a5f1d5beefeddda0fcdb8c625b1d8e7679d19cc63309",
        "meta": {
          "versionId": "122633610",
          "lastUpdated": "2025-03-14T17:13:13.057Z",
          "profile": [
            "https://www.medizininformatik-initiative.de/fhir/core/modul-person/StructureDefinition/Vitalstatus|2025.0.1"
          ]
        },
        "status": "final",
        "category": [
          {
            "coding": [
              {
                "system": "http://terminology.hl7.org/CodeSystem/observation-category",
                "code": "survey"
              }
            ]
          }
        ],
        "code": {
          "coding": [
            {
              "system": "http://loinc.org",
              "code": "67162-8"
            }
          ]
        },
        "subject": {
          "reference": "Patient/PID-e4663a2979436835f9a1110df732691c097331ef7ca91c7d3867cac6"
        },
        "effectiveDateTime": "2021-04-19T10:39:00+02:00",
        "valueCodeableConcept": {
          "coding": [
            {
              "system": "https://www.medizininformatik-initiative.de/fhir/core/modul-person/CodeSystem/Vitalstatus",
              "code": "L"
            }
          ]
        }
      },
      "search": {
        "mode": "match"
      }
    },
    {
      "fullUrl": "http://num-fhirserver.distan.medicsh.de:8080/fhir/Observation/VIT-88af548b17775478ff811283fafce4e0d43264ee2b80480783dedd5f",
      "resource": {
        "resourceType": "Observation",
        "id": "VIT-88af548b17775478ff811283fafce4e0d43264ee2b80480783dedd5f",
        "meta": {
          "versionId": "122633669",
          "lastUpdated": "2025-03-14T17:13:13.195Z",
          "profile": [
            "https://www.medizininformatik-initiative.de/fhir/core/modul-person/StructureDefinition/Vitalstatus|2025.0.1"
          ]
        },
        "status": "final",
        "category": [
          {
            "coding": [
              {
                "system": "http://terminology.hl7.org/CodeSystem/observation-category",
                "code": "survey"
              }
            ]
          }
        ],
        "code": {
          "coding": [
            {
              "system": "http://loinc.org",
              "code": "67162-8"
            }
          ]
        },
        "subject": {
          "reference": "Patient/PID-e4663a2979436835f9a1110df732691c097331ef7ca91c7d3867cac6"
        },
        "effectiveDateTime": "2021-04-19T09:47:00+02:00",
        "valueCodeableConcept": {
          "coding": [
            {
              "system": "https://www.medizininformatik-initiative.de/fhir/core/modul-person/CodeSystem/Vitalstatus",
              "code": "L"
            }
          ]
        }
      },
      "search": {
        "mode": "match"
      }
    },
    {
      "fullUrl": "http://num-fhirserver.distan.medicsh.de:8080/fhir/Observation/VIT-a7245e6bcea701df36018b8215cfc7bc7f993feb59201ff5a6f7dc1b",
      "resource": {
        "resourceType": "Observation",
        "id": "VIT-a7245e6bcea701df36018b8215cfc7bc7f993feb59201ff5a6f7dc1b",
        "meta": {
          "versionId": "240696994",
          "lastUpdated": "2025-03-20T20:34:50.815Z",
          "profile": [
            "https://www.medizininformatik-initiative.de/fhir/core/modul-person/StructureDefinition/Vitalstatus|2025.0.1"
          ]
        },
        "status": "final",
        "category": [
          {
            "coding": [
              {
                "system": "http://terminology.hl7.org/CodeSystem/observation-category",
                "code": "survey"
              }
            ]
          }
        ],
        "code": {
          "coding": [
            {
              "system": "http://loinc.org",
              "code": "67162-8"
            }
          ]
        },
        "subject": {
          "reference": "Patient/PID-e4663a2979436835f9a1110df732691c097331ef7ca91c7d3867cac6"
        },
        "effectiveDateTime": "2023-09-30T23:59:59+02:00",
        "valueCodeableConcept": {
          "coding": [
            {
              "system": "https://www.medizininformatik-initiative.de/fhir/core/modul-person/CodeSystem/Vitalstatus",
              "code": "L"
            }
          ]
        }
      },
      "search": {
        "mode": "match"
      }
    },
    {
      "fullUrl": "http://num-fhirserver.distan.medicsh.de:8080/fhir/Observation/VIT-bd0af978acea1160031a56a0fdb2b51b932642b693afe293fa6b8f97",
      "resource": {
        "resourceType": "Observation",
        "id": "VIT-bd0af978acea1160031a56a0fdb2b51b932642b693afe293fa6b8f97",
        "meta": {
          "versionId": "122633403",
          "lastUpdated": "2025-03-14T17:13:12.642Z",
          "profile": [
            "https://www.medizininformatik-initiative.de/fhir/core/modul-person/StructureDefinition/Vitalstatus|2025.0.1"
          ]
        },
        "status": "final",
        "category": [
          {
            "coding": [
              {
                "system": "http://terminology.hl7.org/CodeSystem/observation-category",
                "code": "survey"
              }
            ]
          }
        ],
        "code": {
          "coding": [
            {
              "system": "http://loinc.org",
              "code": "67162-8"
            }
          ]
        },
        "subject": {
          "reference": "Patient/PID-e4663a2979436835f9a1110df732691c097331ef7ca91c7d3867cac6"
        },
        "effectiveDateTime": "2021-05-10T09:56:00+02:00",
        "valueCodeableConcept": {
          "coding": [
            {
              "system": "https://www.medizininformatik-initiative.de/fhir/core/modul-person/CodeSystem/Vitalstatus",
              "code": "L"
            }
          ]
        }
      },
      "search": {
        "mode": "match"
      }
    }
  ]
}
