{
  "resourceType": "Bundle",
  "id": "DGTUYAPOLHKSAUYO",
  "type": "searchset",
  "total": 8,
  "entry": [
    {
      "fullUrl": "http://num-fhirserver.distan.medicsh.de:8080/fhir/Patient/PID-e4a12536b2a854722d6d10e5811f790cd37952c9f1a56d93f61150e8",
      "resource": {
        "resourceType": "Patient",
        "id": "PID-e4a12536b2a854722d6d10e5811f790cd37952c9f1a56d93f61150e8",
        "meta": {
          "versionId": "186230681",
          "lastUpdated": "2025-03-17T21:49:42.304Z",
          "profile": [
            "https://www.medizininformatik-initiative.de/fhir/core/modul-person/StructureDefinition/PatientPseudonymisiert|2025.0.1"
          ]
        },
        "identifier": [
          {
            "use": "usual",
            "type": {
              "coding": [
                {
                  "system": "http://terminology.hl7.org/CodeSystem/v3-ObservationValue",
                  "code": "PSEUDED"
                }
              ]
            },
            "system": "https://www.medizininformatik-initiative.de/fhir/sid/pseudonym",
            "value": "e4a12536b2a854722d6d10e5811f790cd37952c9f1a56d93f61150e8"
          }
        ],
        "gender": "male",
        "birthDate": "1930-03",
        "deceasedBoolean": true,
        "address": [
          {
            "type": "both",
            "postalCode": "241",
            "country": "DE"
          }
        ]
      },
      "search": {
        "mode": "match"
      }
    },
    {
      "fullUrl": "http://num-fhirserver.distan.medicsh.de:8080/fhir/Condition/CON-380412465209dd6df15bbcc9e0d983d5e3133eab5a51853219d8f775",
      "resource": {
        "resourceType": "Condition",
        "id": "CON-380412465209dd6df15bbcc9e0d983d5e3133eab5a51853219d8f775",
        "meta": {
          "versionId": "25393585",
          "lastUpdated": "2025-03-11T07:35:28.265Z",
          "profile": [
            "https://www.medizininformatik-initiative.de/fhir/core/modul-diagnose/StructureDefinition/Diagnose|2025.0.0"
          ]
        },
        "code": {
          "coding": [
            {
              "system": "http://fhir.de/CodeSystem/bfarm/icd-10-gm",
              "version": "2009",
              "code": "R45.2"
            }
          ]
        },
        "subject": {
          "reference": "Patient/PID-e4a12536b2a854722d6d10e5811f790cd37952c9f1a56d93f61150e8"
        },
        "encounter": {
          "reference": "Encounter/PV-16a401fd45a033ab9201f993879656d84d721cbaaab0d4cde45cd129"
        },
        "recordedDate": "2009-08-06T10:28:00+02:00"
      },
      "search": {
        "mode": "match"
      }
    },
    {
      "fullUrl": "http://num-fhirserver.distan.medicsh.de:8080/fhir/Encounter/PV-16a401fd45a033ab9201f993879656d84d721cbaaab0d4cde45cd129",
      "resource": {
        "resourceType": "Encounter",
        "id": "PV-16a401fd45a033ab9201f993879656d84d721cbaaab0d4cde45cd129",
        "meta": {
          "versionId": "186230757",
          "lastUpdated": "2025-03-17T21:49:42.512Z",
          "source": "http://medic.uksh.de/source/orbis/legacy",
          "profile": [
            "https://www.medizininformatik-initiative.de/fhir/core/modul-fall/StructureDefinition/KontaktGesundheitseinrichtung|2025.0.0"
          ]
        },
        "identifier": [
          {
            "use": "official",
            "type": {
              "coding": [
                {
                  "system": "http://terminology.hl7.org/CodeSystem/v2-0203",
                  "code": "VN"
                }
              ]
            },
            "system": "http://medic.uksh.de/fhir/Encounter",
            "value": "16a401fd45a033ab9201f993879656d84d721cbaaab0d4cde45cd129"
          }
        ],
        "status": "finished",
        "class": {
          "system": "http://terminology.hl7.org/CodeSystem/v3-ActCode",
          "code": "AMB"
        },
        "type": [
          {
            "coding": [
              {
                "system": "http://fhir.de/CodeSystem/Kontaktebene",
                "code": "einrichtungskontakt"
              }
            ]
          }
        ],
        "subject": {
          "reference": "Patient/PID-e4a12536b2a854722d6d10e5811f790cd37952c9f1a56d93f61150e8"
        },
        "period": {
          "start": "2009-08-06T10:28:00+02:00",
          "end": "2009-09-30T23:59:59+02:00"
        },
        "hospitalization": {
          "admitSource": {
            "coding": [
              {
                "system": "http://fhir.de/CodeSystem/dgkev/Aufnahmeanlass",
                "code": "E"
              }
            ]
          }
        }
      },
      "search": {
        "mode": "match"
      }
    },
    {
      "fullUrl": "http://num-fhirserver.distan.medicsh.de:8080/fhir/Encounter/PV-7d5b33b5dd66a3dafd7608d69d90787aeeb063fd2450b24a29cad9ba",
      "resource": {
        "resourceType": "Encounter",
        "id": "PV-7d5b33b5dd66a3dafd7608d69d90787aeeb063fd2450b24a29cad9ba",
        "meta": {
          "versionId": "186230644",
          "lastUpdated": "2025-03-17T21:49:42.234Z",
          "source": "http://medic.uksh.de/source/orbis/legacy",
          "profile": [
            "https://www.medizininformatik-initiative.de/fhir/core/modul-fall/StructureDefinition/KontaktGesundheitseinrichtung|2025.0.0"
          ]
        },
        "identifier": [
          {
            "use": "official",
            "type": {
              "coding": [
                {
                  "system": "http://terminology.hl7.org/CodeSystem/v2-0203",
                  "code": "VN"
                }
              ]
            },
            "system": "http://medic.uksh.de/fhir/Encounter",
            "value": "7d5b33b5dd66a3dafd7608d69d90787aeeb063fd2450b24a29cad9ba"
          }
        ],
        "status": "finished",
        "class": {
          "system": "http://terminology.hl7.org/CodeSystem/v3-ActCode",
          "code": "AMB"
        },
        "type": [
          {
            "coding": [
              {
                "system": "http://fhir.de/CodeSystem/Kontaktebene",
                "code": "einrichtungskontakt"
              }
            ]
          }
        ],
        "subject": {
          "reference": "Patient/PID-e4a12536b2a854722d6d10e5811f790cd37952c9f1a56d93f61150e8"
        },
        "period": {
          "start": "2015-02-10T09:30:00+01:00",
          "end": "2015-03-31T23:59:59+02:00"
        },
        "hospitalization": {
          "admitSource": {
            "coding": [
              {
                "system": "http://fhir.de/CodeSystem/dgkev/Aufnahmeanlass",
                "code": "E"
              }
            ]
          }
        }
      },
      "search": {
        "mode": "match"
      }
    },
    {
      "fullUrl": "http://num-fhirserver.distan.medicsh.de:8080/fhir/Encounter/PV-afd37a33927c2ee8e146d44711e01e0e7c8632929b5918b124eee2db",
      "resource": {
        "resourceType": "Encounter",
        "id": "PV-afd37a33927c2ee8e146d44711e01e0e7c8632929b5918b124eee2db",
        "meta": {
          "versionId": "186230715",
          "lastUpdated": "2025-03-17T21:49:42.380Z",
          "source": "http://medic.uksh.de/source/orbis/legacy",
          "profile": [
            "https://www.medizininformatik-initiative.de/fhir/core/modul-fall/StructureDefinition/KontaktGesundheitseinrichtung|2025.0.0"
          ]
        },
        "identifier": [
          {
            "use": "official",
            "type": {
              "coding": [
                {
                  "system": "http://terminology.hl7.org/CodeSystem/v2-0203",
                  "code": "VN"
                }
              ]
            },
            "system": "http://medic.uksh.de/fhir/Encounter",
            "value": "afd37a33927c2ee8e146d44711e01e0e7c8632929b5918b124eee2db"
          }
        ],
        "status": "finished",
        "class": {
          "system": "http://terminology.hl7.org/CodeSystem/v3-ActCode",
          "code": "AMB"
        },
        "type": [
          {
            "coding": [
              {
                "system": "http://fhir.de/CodeSystem/Kontaktebene",
                "code": "einrichtungskontakt"
              }
            ]
          }
        ],
        "subject": {
          "reference": "Patient/PID-e4a12536b2a854722d6d10e5811f790cd37952c9f1a56d93f61150e8"
        },
        "period": {
          "start": "2009-09-28T16:15:00+02:00",
          "end": "2009-09-30T23:59:59+02:00"
        },
        "hospitalization": {
          "admitSource": {
            "coding": [
              {
                "system": "http://fhir.de/CodeSystem/dgkev/Aufnahmeanlass",
                "code": "E"
              }
            ]
          }
        }
      },
      "search": {
        "mode": "match"
      }
    },
    {
      "fullUrl": "http://num-fhirserver.distan.medicsh.de:8080/fhir/Observation/VIT-0fdf8c4175918c8a43efdba4829773536c6ad6c20049c59b4c5d7797",
      "resource": {
        "resourceType": "Observation",
        "id": "VIT-0fdf8c4175918c8a43efdba4829773536c6ad6c20049c59b4c5d7797",
        "meta": {
          "versionId": "186230766",
          "lastUpdated": "2025-03-17T21:49:42.536Z",
          "profile": [
            "https://www.medizininformatik-initiative.de/fhir/core/modul-person/StructureDefinition/Vitalstatus|2025.0.1"
          ]
        },
        "status": "final",
        "category": [
          {
            "coding": [
              {
                "system": "http://terminology.hl7.org/CodeSystem/observation-category",
                "code": "survey"
              }
            ]
          }
        ],
        "code": {
          "coding": [
            {
              "system": "http://loinc.org",
              "code": "67162-8"
            }
          ]
        },
        "subject": {
          "reference": "Patient/PID-e4a12536b2a854722d6d10e5811f790cd37952c9f1a56d93f61150e8"
        },
        "effectiveDateTime": "2009-08-06T10:28:00+02:00",
        "valueCodeableConcept": {
          "coding": [
            {
              "system": "https://www.medizininformatik-initiative.de/fhir/core/modul-person/CodeSystem/Vitalstatus",
              "code": "L"
            }
          ]
        }
      },
      "search": {
        "mode": "match"
      }
    },
    {
      "fullUrl": "http://num-fhirserver.distan.medicsh.de:8080/fhir/Observation/VIT-33c67465f0540822de4ca37a636cf73fd4c4702c86cd6e59823d3d38",
      "resource": {
        "resourceType": "Observation",
        "id": "VIT-33c67465f0540822de4ca37a636cf73fd4c4702c86cd6e59823d3d38",
        "meta": {
          "versionId": "186230653",
          "lastUpdated": "2025-03-17T21:49:42.247Z",
          "profile": [
            "https://www.medizininformatik-initiative.de/fhir/core/modul-person/StructureDefinition/Vitalstatus|2025.0.1"
          ]
        },
        "status": "final",
        "category": [
          {
            "coding": [
              {
                "system": "http://terminology.hl7.org/CodeSystem/observation-category",
                "code": "survey"
              }
            ]
          }
        ],
        "code": {
          "coding": [
            {
              "system": "http://loinc.org",
              "code": "67162-8"
            }
          ]
        },
        "subject": {
          "reference": "Patient/PID-e4a12536b2a854722d6d10e5811f790cd37952c9f1a56d93f61150e8"
        },
        "effectiveDateTime": "2015-02-10T09:30:00+01:00",
        "valueCodeableConcept": {
          "coding": [
            {
              "system": "https://www.medizininformatik-initiative.de/fhir/core/modul-person/CodeSystem/Vitalstatus",
              "code": "L"
            }
          ]
        }
      },
      "search": {
        "mode": "match"
      }
    },
    {
      "fullUrl": "http://num-fhirserver.distan.medicsh.de:8080/fhir/Observation/VIT-ba25d520d153a32d7ca81c13e3467ef4b34a9c19b9329d6d20ea5ec7",
      "resource": {
        "resourceType": "Observation",
        "id": "VIT-ba25d520d153a32d7ca81c13e3467ef4b34a9c19b9329d6d20ea5ec7",
        "meta": {
          "versionId": "186230724",
          "lastUpdated": "2025-03-17T21:49:42.400Z",
          "profile": [
            "https://www.medizininformatik-initiative.de/fhir/core/modul-person/StructureDefinition/Vitalstatus|2025.0.1"
          ]
        },
        "status": "final",
        "category": [
          {
            "coding": [
              {
                "system": "http://terminology.hl7.org/CodeSystem/observation-category",
                "code": "survey"
              }
            ]
          }
        ],
        "code": {
          "coding": [
            {
              "system": "http://loinc.org",
              "code": "67162-8"
            }
          ]
        },
        "subject": {
          "reference": "Patient/PID-e4a12536b2a854722d6d10e5811f790cd37952c9f1a56d93f61150e8"
        },
        "effectiveDateTime": "2009-09-28T16:15:00+02:00",
        "valueCodeableConcept": {
          "coding": [
            {
              "system": "https://www.medizininformatik-initiative.de/fhir/core/modul-person/CodeSystem/Vitalstatus",
              "code": "L"
            }
          ]
        }
      },
      "search": {
        "mode": "match"
      }
    }
  ]
}
