{
  "resourceType": "Bundle",
  "id": "DGTUX4OPPFLKKFIF",
  "type": "searchset",
  "total": 3,
  "entry": [
    {
      "fullUrl": "http://num-fhirserver.distan.medicsh.de:8080/fhir/Patient/PID-e6ebf80fd8e05c73149e97493f5edee9aba97f36b6109e5ca7f7e2bc",
      "resource": {
        "resourceType": "Patient",
        "id": "PID-e6ebf80fd8e05c73149e97493f5edee9aba97f36b6109e5ca7f7e2bc",
        "meta": {
          "versionId": "162587981",
          "lastUpdated": "2025-03-15T21:52:30.001Z",
          "profile": [
            "https://www.medizininformatik-initiative.de/fhir/core/modul-person/StructureDefinition/PatientPseudonymisiert|2025.0.1"
          ]
        },
        "identifier": [
          {
            "use": "usual",
            "type": {
              "coding": [
                {
                  "system": "http://terminology.hl7.org/CodeSystem/v3-ObservationValue",
                  "code": "PSEUDED"
                }
              ]
            },
            "system": "https://www.medizininformatik-initiative.de/fhir/sid/pseudonym",
            "value": "e6ebf80fd8e05c73149e97493f5edee9aba97f36b6109e5ca7f7e2bc"
          }
        ],
        "gender": "female",
        "birthDate": "2006-12",
        "deceasedBoolean": true
      },
      "search": {
        "mode": "match"
      }
    },
    {
      "fullUrl": "http://num-fhirserver.distan.medicsh.de:8080/fhir/Encounter/PV-9927f6df98e4d0c88067b3a4c774eb95b221a42c610614d3cbd751b3",
      "resource": {
        "resourceType": "Encounter",
        "id": "PV-9927f6df98e4d0c88067b3a4c774eb95b221a42c610614d3cbd751b3",
        "meta": {
          "versionId": "162587982",
          "lastUpdated": "2025-03-15T21:52:30.024Z",
          "source": "http://medic.uksh.de/source/orbis/legacy",
          "profile": [
            "https://www.medizininformatik-initiative.de/fhir/core/modul-fall/StructureDefinition/KontaktGesundheitseinrichtung|2025.0.0"
          ]
        },
        "identifier": [
          {
            "use": "official",
            "type": {
              "coding": [
                {
                  "system": "http://terminology.hl7.org/CodeSystem/v2-0203",
                  "code": "VN"
                }
              ]
            },
            "system": "http://medic.uksh.de/fhir/Encounter",
            "value": "9927f6df98e4d0c88067b3a4c774eb95b221a42c610614d3cbd751b3"
          }
        ],
        "status": "finished",
        "class": {
          "system": "http://terminology.hl7.org/CodeSystem/v3-ActCode",
          "code": "AMB"
        },
        "type": [
          {
            "coding": [
              {
                "system": "http://fhir.de/CodeSystem/Kontaktebene",
                "code": "einrichtungskontakt"
              }
            ]
          }
        ],
        "subject": {
          "reference": "Patient/PID-e6ebf80fd8e05c73149e97493f5edee9aba97f36b6109e5ca7f7e2bc"
        },
        "period": {
          "start": "2006-12-01T00:00:00+01:00",
          "end": "2006-12-31T23:59:59+01:00"
        }
      },
      "search": {
        "mode": "match"
      }
    },
    {
      "fullUrl": "http://num-fhirserver.distan.medicsh.de:8080/fhir/Observation/VIT-6b5a69aade0e594b606e8bf0c8677f561377d44f1f9803ace6a366b3",
      "resource": {
        "resourceType": "Observation",
        "id": "VIT-6b5a69aade0e594b606e8bf0c8677f561377d44f1f9803ace6a366b3",
        "meta": {
          "versionId": "162587983",
          "lastUpdated": "2025-03-15T21:52:30.043Z",
          "profile": [
            "https://www.medizininformatik-initiative.de/fhir/core/modul-person/StructureDefinition/Vitalstatus|2025.0.1"
          ]
        },
        "status": "final",
        "category": [
          {
            "coding": [
              {
                "system": "http://terminology.hl7.org/CodeSystem/observation-category",
                "code": "survey"
              }
            ]
          }
        ],
        "code": {
          "coding": [
            {
              "system": "http://loinc.org",
              "code": "67162-8"
            }
          ]
        },
        "subject": {
          "reference": "Patient/PID-e6ebf80fd8e05c73149e97493f5edee9aba97f36b6109e5ca7f7e2bc"
        },
        "effectiveDateTime": "2006-12-01T00:00:00+01:00",
        "valueCodeableConcept": {
          "coding": [
            {
              "system": "https://www.medizininformatik-initiative.de/fhir/core/modul-person/CodeSystem/Vitalstatus",
              "code": "L"
            }
          ]
        }
      },
      "search": {
        "mode": "match"
      }
    }
  ]
}
