{
  "resourceType": "Bundle",
  "id": "DGTUX4ZD2QLKTBKF",
  "type": "searchset",
  "total": 3,
  "entry": [
    {
      "fullUrl": "http://num-fhirserver.distan.medicsh.de:8080/fhir/Patient/PID-e6ed00f40f62bbe6f44cb03318efffcd9c2e7fcb5b93085e172142e9",
      "resource": {
        "resourceType": "Patient",
        "id": "PID-e6ed00f40f62bbe6f44cb03318efffcd9c2e7fcb5b93085e172142e9",
        "meta": {
          "versionId": "158552575",
          "lastUpdated": "2025-03-15T19:02:07.165Z",
          "profile": [
            "https://www.medizininformatik-initiative.de/fhir/core/modul-person/StructureDefinition/PatientPseudonymisiert|2025.0.1"
          ]
        },
        "identifier": [
          {
            "use": "usual",
            "type": {
              "coding": [
                {
                  "system": "http://terminology.hl7.org/CodeSystem/v3-ObservationValue",
                  "code": "PSEUDED"
                }
              ]
            },
            "system": "https://www.medizininformatik-initiative.de/fhir/sid/pseudonym",
            "value": "e6ed00f40f62bbe6f44cb03318efffcd9c2e7fcb5b93085e172142e9"
          }
        ],
        "gender": "male",
        "birthDate": "2006-02",
        "deceasedBoolean": true
      },
      "search": {
        "mode": "match"
      }
    },
    {
      "fullUrl": "http://num-fhirserver.distan.medicsh.de:8080/fhir/Encounter/PV-ecf865ac9a3d5dd17381c04c587e1670fb2ba10ba1c97f706ea33c99",
      "resource": {
        "resourceType": "Encounter",
        "id": "PV-ecf865ac9a3d5dd17381c04c587e1670fb2ba10ba1c97f706ea33c99",
        "meta": {
          "versionId": "158552507",
          "lastUpdated": "2025-03-15T19:02:07.057Z",
          "source": "http://medic.uksh.de/source/orbis/legacy",
          "profile": [
            "https://www.medizininformatik-initiative.de/fhir/core/modul-fall/StructureDefinition/KontaktGesundheitseinrichtung|2025.0.0"
          ]
        },
        "identifier": [
          {
            "use": "official",
            "type": {
              "coding": [
                {
                  "system": "http://terminology.hl7.org/CodeSystem/v2-0203",
                  "code": "VN"
                }
              ]
            },
            "system": "http://medic.uksh.de/fhir/Encounter",
            "value": "ecf865ac9a3d5dd17381c04c587e1670fb2ba10ba1c97f706ea33c99"
          }
        ],
        "status": "finished",
        "class": {
          "system": "http://terminology.hl7.org/CodeSystem/v3-ActCode",
          "code": "AMB"
        },
        "type": [
          {
            "coding": [
              {
                "system": "http://fhir.de/CodeSystem/Kontaktebene",
                "code": "einrichtungskontakt"
              }
            ]
          }
        ],
        "subject": {
          "reference": "Patient/PID-e6ed00f40f62bbe6f44cb03318efffcd9c2e7fcb5b93085e172142e9"
        },
        "period": {
          "start": "2006-02-01T13:37:00+01:00",
          "end": "2006-03-31T23:59:59+02:00"
        }
      },
      "search": {
        "mode": "match"
      }
    },
    {
      "fullUrl": "http://num-fhirserver.distan.medicsh.de:8080/fhir/Observation/VIT-a4c34bbd0561e13553d39337665b52c603b8198223f02518003c0baf",
      "resource": {
        "resourceType": "Observation",
        "id": "VIT-a4c34bbd0561e13553d39337665b52c603b8198223f02518003c0baf",
        "meta": {
          "versionId": "158552525",
          "lastUpdated": "2025-03-15T19:02:07.084Z",
          "profile": [
            "https://www.medizininformatik-initiative.de/fhir/core/modul-person/StructureDefinition/Vitalstatus|2025.0.1"
          ]
        },
        "status": "final",
        "category": [
          {
            "coding": [
              {
                "system": "http://terminology.hl7.org/CodeSystem/observation-category",
                "code": "survey"
              }
            ]
          }
        ],
        "code": {
          "coding": [
            {
              "system": "http://loinc.org",
              "code": "67162-8"
            }
          ]
        },
        "subject": {
          "reference": "Patient/PID-e6ed00f40f62bbe6f44cb03318efffcd9c2e7fcb5b93085e172142e9"
        },
        "effectiveDateTime": "2006-02-01T13:37:00+01:00",
        "valueCodeableConcept": {
          "coding": [
            {
              "system": "https://www.medizininformatik-initiative.de/fhir/core/modul-person/CodeSystem/Vitalstatus",
              "code": "L"
            }
          ]
        }
      },
      "search": {
        "mode": "match"
      }
    }
  ]
}
