{
  "resourceType": "Bundle",
  "id": "DGTUX5I6WCDZEXBL",
  "type": "searchset",
  "total": 3,
  "entry": [
    {
      "fullUrl": "http://num-fhirserver.distan.medicsh.de:8080/fhir/Patient/PID-e8263ea01f72e5a53bc1e406c697776682f518d833a57f4c4ca25a04",
      "resource": {
        "resourceType": "Patient",
        "id": "PID-e8263ea01f72e5a53bc1e406c697776682f518d833a57f4c4ca25a04",
        "meta": {
          "versionId": "107161696",
          "lastUpdated": "2025-03-14T05:59:33.182Z",
          "profile": [
            "https://www.medizininformatik-initiative.de/fhir/core/modul-person/StructureDefinition/PatientPseudonymisiert|2025.0.1"
          ]
        },
        "identifier": [
          {
            "use": "usual",
            "type": {
              "coding": [
                {
                  "system": "http://terminology.hl7.org/CodeSystem/v3-ObservationValue",
                  "code": "PSEUDED"
                }
              ]
            },
            "system": "https://www.medizininformatik-initiative.de/fhir/sid/pseudonym",
            "value": "e8263ea01f72e5a53bc1e406c697776682f518d833a57f4c4ca25a04"
          }
        ],
        "gender": "male",
        "birthDate": "2006-03",
        "deceasedBoolean": true
      },
      "search": {
        "mode": "match"
      }
    },
    {
      "fullUrl": "http://num-fhirserver.distan.medicsh.de:8080/fhir/Encounter/PV-177ca0ac8e65191aac1c9b4070bf0c518aeed5c5bc28913315f8e079",
      "resource": {
        "resourceType": "Encounter",
        "id": "PV-177ca0ac8e65191aac1c9b4070bf0c518aeed5c5bc28913315f8e079",
        "meta": {
          "versionId": "107161621",
          "lastUpdated": "2025-03-14T05:59:32.997Z",
          "source": "http://medic.uksh.de/source/orbis/legacy",
          "profile": [
            "https://www.medizininformatik-initiative.de/fhir/core/modul-fall/StructureDefinition/KontaktGesundheitseinrichtung|2025.0.0"
          ]
        },
        "identifier": [
          {
            "use": "official",
            "type": {
              "coding": [
                {
                  "system": "http://terminology.hl7.org/CodeSystem/v2-0203",
                  "code": "VN"
                }
              ]
            },
            "system": "http://medic.uksh.de/fhir/Encounter",
            "value": "177ca0ac8e65191aac1c9b4070bf0c518aeed5c5bc28913315f8e079"
          }
        ],
        "status": "finished",
        "class": {
          "system": "http://terminology.hl7.org/CodeSystem/v3-ActCode",
          "code": "AMB"
        },
        "type": [
          {
            "coding": [
              {
                "system": "http://fhir.de/CodeSystem/Kontaktebene",
                "code": "einrichtungskontakt"
              }
            ]
          }
        ],
        "subject": {
          "reference": "Patient/PID-e8263ea01f72e5a53bc1e406c697776682f518d833a57f4c4ca25a04"
        },
        "period": {
          "start": "2006-03-01T13:31:00+01:00",
          "end": "2006-03-31T23:59:59+02:00"
        }
      },
      "search": {
        "mode": "match"
      }
    },
    {
      "fullUrl": "http://num-fhirserver.distan.medicsh.de:8080/fhir/Observation/VIT-73c78c0a082e9a400b82af80cbb207b47ebe23eb82ae4b8c3d7595fc",
      "resource": {
        "resourceType": "Observation",
        "id": "VIT-73c78c0a082e9a400b82af80cbb207b47ebe23eb82ae4b8c3d7595fc",
        "meta": {
          "versionId": "107161629",
          "lastUpdated": "2025-03-14T05:59:33.013Z",
          "profile": [
            "https://www.medizininformatik-initiative.de/fhir/core/modul-person/StructureDefinition/Vitalstatus|2025.0.1"
          ]
        },
        "status": "final",
        "category": [
          {
            "coding": [
              {
                "system": "http://terminology.hl7.org/CodeSystem/observation-category",
                "code": "survey"
              }
            ]
          }
        ],
        "code": {
          "coding": [
            {
              "system": "http://loinc.org",
              "code": "67162-8"
            }
          ]
        },
        "subject": {
          "reference": "Patient/PID-e8263ea01f72e5a53bc1e406c697776682f518d833a57f4c4ca25a04"
        },
        "effectiveDateTime": "2006-03-01T13:31:00+01:00",
        "valueCodeableConcept": {
          "coding": [
            {
              "system": "https://www.medizininformatik-initiative.de/fhir/core/modul-person/CodeSystem/Vitalstatus",
              "code": "L"
            }
          ]
        }
      },
      "search": {
        "mode": "match"
      }
    }
  ]
}
