{
  "resourceType": "Bundle",
  "id": "DGTUX4QS5EIIAUY5",
  "type": "searchset",
  "total": 4,
  "entry": [
    {
      "fullUrl": "http://num-fhirserver.distan.medicsh.de:8080/fhir/Patient/PID-e861e75030c6862e942871ae5c813382029ffc27dcf95d6af1dc98d0",
      "resource": {
        "resourceType": "Patient",
        "id": "PID-e861e75030c6862e942871ae5c813382029ffc27dcf95d6af1dc98d0",
        "meta": {
          "versionId": "240867440",
          "lastUpdated": "2025-03-20T21:40:16.246Z",
          "profile": [
            "https://www.medizininformatik-initiative.de/fhir/core/modul-person/StructureDefinition/PatientPseudonymisiert|2025.0.1"
          ]
        },
        "identifier": [
          {
            "use": "usual",
            "type": {
              "coding": [
                {
                  "system": "http://terminology.hl7.org/CodeSystem/v3-ObservationValue",
                  "code": "PSEUDED"
                }
              ]
            },
            "system": "https://www.medizininformatik-initiative.de/fhir/sid/pseudonym",
            "value": "e861e75030c6862e942871ae5c813382029ffc27dcf95d6af1dc98d0"
          }
        ],
        "birthDate": "2001-09",
        "deceasedBoolean": true,
        "address": [
          {
            "type": "both",
            "postalCode": "192",
            "country": "DE"
          }
        ]
      },
      "search": {
        "mode": "match"
      }
    },
    {
      "fullUrl": "http://num-fhirserver.distan.medicsh.de:8080/fhir/Encounter/PV-4ee3c40f4e141928d34f2011ec6cb188747ba4f12623a9258bbde862",
      "resource": {
        "resourceType": "Encounter",
        "id": "PV-4ee3c40f4e141928d34f2011ec6cb188747ba4f12623a9258bbde862",
        "meta": {
          "versionId": "240867441",
          "lastUpdated": "2025-03-20T21:40:16.250Z",
          "source": "http://medic.uksh.de/source/orbis/adt",
          "profile": [
            "https://www.medizininformatik-initiative.de/fhir/core/modul-fall/StructureDefinition/KontaktGesundheitseinrichtung|2025.0.0"
          ]
        },
        "identifier": [
          {
            "use": "official",
            "type": {
              "coding": [
                {
                  "system": "http://terminology.hl7.org/CodeSystem/v2-0203",
                  "code": "VN"
                }
              ]
            },
            "system": "http://medic.uksh.de/fhir/Encounter",
            "value": "4ee3c40f4e141928d34f2011ec6cb188747ba4f12623a9258bbde862"
          }
        ],
        "status": "finished",
        "class": {
          "system": "http://terminology.hl7.org/CodeSystem/v3-ActCode",
          "code": "AMB"
        },
        "type": [
          {
            "coding": [
              {
                "system": "http://fhir.de/CodeSystem/Kontaktebene",
                "code": "einrichtungskontakt"
              }
            ]
          }
        ],
        "subject": {
          "reference": "Patient/PID-e861e75030c6862e942871ae5c813382029ffc27dcf95d6af1dc98d0"
        },
        "period": {
          "start": "2023-09-05T15:10:00+02:00",
          "end": "2023-09-30T23:59:59+02:00"
        }
      },
      "search": {
        "mode": "match"
      }
    },
    {
      "fullUrl": "http://num-fhirserver.distan.medicsh.de:8080/fhir/Observation/VIT-5d23c20adcb934dbfca1680d07c9b59da145879330fc4ccee32d7e3a",
      "resource": {
        "resourceType": "Observation",
        "id": "VIT-5d23c20adcb934dbfca1680d07c9b59da145879330fc4ccee32d7e3a",
        "meta": {
          "versionId": "240867442",
          "lastUpdated": "2025-03-20T21:40:16.270Z",
          "profile": [
            "https://www.medizininformatik-initiative.de/fhir/core/modul-person/StructureDefinition/Vitalstatus|2025.0.1"
          ]
        },
        "status": "final",
        "category": [
          {
            "coding": [
              {
                "system": "http://terminology.hl7.org/CodeSystem/observation-category",
                "code": "survey"
              }
            ]
          }
        ],
        "code": {
          "coding": [
            {
              "system": "http://loinc.org",
              "code": "67162-8"
            }
          ]
        },
        "subject": {
          "reference": "Patient/PID-e861e75030c6862e942871ae5c813382029ffc27dcf95d6af1dc98d0"
        },
        "effectiveDateTime": "2023-09-05T15:10:00+02:00",
        "valueCodeableConcept": {
          "coding": [
            {
              "system": "https://www.medizininformatik-initiative.de/fhir/core/modul-person/CodeSystem/Vitalstatus",
              "code": "L"
            }
          ]
        }
      },
      "search": {
        "mode": "match"
      }
    },
    {
      "fullUrl": "http://num-fhirserver.distan.medicsh.de:8080/fhir/Observation/VIT-7d46e6c65f8231d244525c94f9a7f50cb5d3068412b55d0bbb764372",
      "resource": {
        "resourceType": "Observation",
        "id": "VIT-7d46e6c65f8231d244525c94f9a7f50cb5d3068412b55d0bbb764372",
        "meta": {
          "versionId": "240867443",
          "lastUpdated": "2025-03-20T21:40:16.289Z",
          "profile": [
            "https://www.medizininformatik-initiative.de/fhir/core/modul-person/StructureDefinition/Vitalstatus|2025.0.1"
          ]
        },
        "status": "final",
        "category": [
          {
            "coding": [
              {
                "system": "http://terminology.hl7.org/CodeSystem/observation-category",
                "code": "survey"
              }
            ]
          }
        ],
        "code": {
          "coding": [
            {
              "system": "http://loinc.org",
              "code": "67162-8"
            }
          ]
        },
        "subject": {
          "reference": "Patient/PID-e861e75030c6862e942871ae5c813382029ffc27dcf95d6af1dc98d0"
        },
        "effectiveDateTime": "2023-09-30T23:59:59+02:00",
        "valueCodeableConcept": {
          "coding": [
            {
              "system": "https://www.medizininformatik-initiative.de/fhir/core/modul-person/CodeSystem/Vitalstatus",
              "code": "L"
            }
          ]
        }
      },
      "search": {
        "mode": "match"
      }
    }
  ]
}
