{
  "resourceType": "Bundle",
  "id": "DGTUYA3PPRX42GJS",
  "type": "searchset",
  "total": 3,
  "entry": [
    {
      "fullUrl": "http://num-fhirserver.distan.medicsh.de:8080/fhir/Patient/PID-ea83e6a55123b2b222ab8b69d62e9fb071182278ca1906231f950c81",
      "resource": {
        "resourceType": "Patient",
        "id": "PID-ea83e6a55123b2b222ab8b69d62e9fb071182278ca1906231f950c81",
        "meta": {
          "versionId": "157452451",
          "lastUpdated": "2025-03-15T18:17:20.624Z",
          "profile": [
            "https://www.medizininformatik-initiative.de/fhir/core/modul-person/StructureDefinition/PatientPseudonymisiert|2025.0.1"
          ]
        },
        "identifier": [
          {
            "use": "usual",
            "type": {
              "coding": [
                {
                  "system": "http://terminology.hl7.org/CodeSystem/v3-ObservationValue",
                  "code": "PSEUDED"
                }
              ]
            },
            "system": "https://www.medizininformatik-initiative.de/fhir/sid/pseudonym",
            "value": "ea83e6a55123b2b222ab8b69d62e9fb071182278ca1906231f950c81"
          }
        ],
        "gender": "female",
        "birthDate": "1971-06",
        "deceasedBoolean": true,
        "address": [
          {
            "type": "both",
            "postalCode": "241",
            "country": "DE"
          }
        ]
      },
      "search": {
        "mode": "match"
      }
    },
    {
      "fullUrl": "http://num-fhirserver.distan.medicsh.de:8080/fhir/Encounter/PV-abcb69fc039eeb03788250457183cc671d49bebc8a727ab8cf31dd14",
      "resource": {
        "resourceType": "Encounter",
        "id": "PV-abcb69fc039eeb03788250457183cc671d49bebc8a727ab8cf31dd14",
        "meta": {
          "versionId": "157452311",
          "lastUpdated": "2025-03-15T18:17:20.255Z",
          "source": "http://medic.uksh.de/source/orbis/legacy",
          "profile": [
            "https://www.medizininformatik-initiative.de/fhir/core/modul-fall/StructureDefinition/KontaktGesundheitseinrichtung|2025.0.0"
          ]
        },
        "identifier": [
          {
            "use": "official",
            "type": {
              "coding": [
                {
                  "system": "http://terminology.hl7.org/CodeSystem/v2-0203",
                  "code": "VN"
                }
              ]
            },
            "system": "http://medic.uksh.de/fhir/Encounter",
            "value": "abcb69fc039eeb03788250457183cc671d49bebc8a727ab8cf31dd14"
          }
        ],
        "status": "finished",
        "class": {
          "system": "http://terminology.hl7.org/CodeSystem/v3-ActCode",
          "code": "AMB"
        },
        "type": [
          {
            "coding": [
              {
                "system": "http://fhir.de/CodeSystem/Kontaktebene",
                "code": "einrichtungskontakt"
              }
            ]
          }
        ],
        "subject": {
          "reference": "Patient/PID-ea83e6a55123b2b222ab8b69d62e9fb071182278ca1906231f950c81"
        },
        "period": {
          "start": "2015-06-23T09:51:00+02:00",
          "end": "2015-06-30T23:59:59+02:00"
        },
        "hospitalization": {
          "admitSource": {
            "coding": [
              {
                "system": "http://fhir.de/CodeSystem/dgkev/Aufnahmeanlass",
                "code": "E"
              }
            ]
          }
        }
      },
      "search": {
        "mode": "match"
      }
    },
    {
      "fullUrl": "http://num-fhirserver.distan.medicsh.de:8080/fhir/Observation/VIT-8436a9578014ed5cf4ccc2993469f10d121a54dae6cce69be17c8492",
      "resource": {
        "resourceType": "Observation",
        "id": "VIT-8436a9578014ed5cf4ccc2993469f10d121a54dae6cce69be17c8492",
        "meta": {
          "versionId": "157452319",
          "lastUpdated": "2025-03-15T18:17:20.276Z",
          "profile": [
            "https://www.medizininformatik-initiative.de/fhir/core/modul-person/StructureDefinition/Vitalstatus|2025.0.1"
          ]
        },
        "status": "final",
        "category": [
          {
            "coding": [
              {
                "system": "http://terminology.hl7.org/CodeSystem/observation-category",
                "code": "survey"
              }
            ]
          }
        ],
        "code": {
          "coding": [
            {
              "system": "http://loinc.org",
              "code": "67162-8"
            }
          ]
        },
        "subject": {
          "reference": "Patient/PID-ea83e6a55123b2b222ab8b69d62e9fb071182278ca1906231f950c81"
        },
        "effectiveDateTime": "2015-06-23T09:51:00+02:00",
        "valueCodeableConcept": {
          "coding": [
            {
              "system": "https://www.medizininformatik-initiative.de/fhir/core/modul-person/CodeSystem/Vitalstatus",
              "code": "L"
            }
          ]
        }
      },
      "search": {
        "mode": "match"
      }
    }
  ]
}
