{
  "resourceType": "Bundle",
  "id": "DGTUX5VHCCZDIYJK",
  "type": "searchset",
  "total": 3,
  "entry": [
    {
      "fullUrl": "http://num-fhirserver.distan.medicsh.de:8080/fhir/Patient/PID-eaedfc0e0d64ff5543d24bc88e45ed3ba36e1544782c88bfe0f9928d",
      "resource": {
        "resourceType": "Patient",
        "id": "PID-eaedfc0e0d64ff5543d24bc88e45ed3ba36e1544782c88bfe0f9928d",
        "meta": {
          "versionId": "164018924",
          "lastUpdated": "2025-03-16T06:18:20.645Z",
          "profile": [
            "https://www.medizininformatik-initiative.de/fhir/core/modul-person/StructureDefinition/PatientPseudonymisiert|2025.0.1"
          ]
        },
        "identifier": [
          {
            "use": "usual",
            "type": {
              "coding": [
                {
                  "system": "http://terminology.hl7.org/CodeSystem/v3-ObservationValue",
                  "code": "PSEUDED"
                }
              ]
            },
            "system": "https://www.medizininformatik-initiative.de/fhir/sid/pseudonym",
            "value": "eaedfc0e0d64ff5543d24bc88e45ed3ba36e1544782c88bfe0f9928d"
          }
        ],
        "gender": "female",
        "birthDate": "1990-01",
        "deceasedBoolean": true
      },
      "search": {
        "mode": "match"
      }
    },
    {
      "fullUrl": "http://num-fhirserver.distan.medicsh.de:8080/fhir/Encounter/PV-50e34434ef5e4edd8e46ec1f750d0cbe5849a2b5f529194b9aaf52bf",
      "resource": {
        "resourceType": "Encounter",
        "id": "PV-50e34434ef5e4edd8e46ec1f750d0cbe5849a2b5f529194b9aaf52bf",
        "meta": {
          "versionId": "164018919",
          "lastUpdated": "2025-03-16T06:18:20.538Z",
          "source": "http://medic.uksh.de/source/orbis/legacy",
          "profile": [
            "https://www.medizininformatik-initiative.de/fhir/core/modul-fall/StructureDefinition/KontaktGesundheitseinrichtung|2025.0.0"
          ]
        },
        "identifier": [
          {
            "use": "official",
            "type": {
              "coding": [
                {
                  "system": "http://terminology.hl7.org/CodeSystem/v2-0203",
                  "code": "VN"
                }
              ]
            },
            "system": "http://medic.uksh.de/fhir/Encounter",
            "value": "50e34434ef5e4edd8e46ec1f750d0cbe5849a2b5f529194b9aaf52bf"
          }
        ],
        "status": "finished",
        "class": {
          "system": "http://terminology.hl7.org/CodeSystem/v3-ActCode",
          "code": "AMB"
        },
        "type": [
          {
            "coding": [
              {
                "system": "http://fhir.de/CodeSystem/Kontaktebene",
                "code": "einrichtungskontakt"
              }
            ]
          }
        ],
        "subject": {
          "reference": "Patient/PID-eaedfc0e0d64ff5543d24bc88e45ed3ba36e1544782c88bfe0f9928d"
        },
        "period": {
          "start": "2021-09-08T14:16:00+02:00",
          "end": "2021-09-30T23:59:59+02:00"
        }
      },
      "search": {
        "mode": "match"
      }
    },
    {
      "fullUrl": "http://num-fhirserver.distan.medicsh.de:8080/fhir/Observation/VIT-f866fb68a162ed39a62d10fc908d43aef77e15e15fd233d6334c53c6",
      "resource": {
        "resourceType": "Observation",
        "id": "VIT-f866fb68a162ed39a62d10fc908d43aef77e15e15fd233d6334c53c6",
        "meta": {
          "versionId": "164018920",
          "lastUpdated": "2025-03-16T06:18:20.556Z",
          "profile": [
            "https://www.medizininformatik-initiative.de/fhir/core/modul-person/StructureDefinition/Vitalstatus|2025.0.1"
          ]
        },
        "status": "final",
        "category": [
          {
            "coding": [
              {
                "system": "http://terminology.hl7.org/CodeSystem/observation-category",
                "code": "survey"
              }
            ]
          }
        ],
        "code": {
          "coding": [
            {
              "system": "http://loinc.org",
              "code": "67162-8"
            }
          ]
        },
        "subject": {
          "reference": "Patient/PID-eaedfc0e0d64ff5543d24bc88e45ed3ba36e1544782c88bfe0f9928d"
        },
        "effectiveDateTime": "2021-09-08T14:16:00+02:00",
        "valueCodeableConcept": {
          "coding": [
            {
              "system": "https://www.medizininformatik-initiative.de/fhir/core/modul-person/CodeSystem/Vitalstatus",
              "code": "L"
            }
          ]
        }
      },
      "search": {
        "mode": "match"
      }
    }
  ]
}
