{
  "resourceType": "Bundle",
  "id": "DGTUYA6GLC5HHTQR",
  "type": "searchset",
  "total": 5,
  "entry": [
    {
      "fullUrl": "http://num-fhirserver.distan.medicsh.de:8080/fhir/Patient/PID-ecf01ab530e3b00f69706f55845ed514d98af01557e5a507d32bcdf2",
      "resource": {
        "resourceType": "Patient",
        "id": "PID-ecf01ab530e3b00f69706f55845ed514d98af01557e5a507d32bcdf2",
        "meta": {
          "versionId": "164415420",
          "lastUpdated": "2025-03-16T08:59:02.034Z",
          "profile": [
            "https://www.medizininformatik-initiative.de/fhir/core/modul-person/StructureDefinition/PatientPseudonymisiert|2025.0.1"
          ]
        },
        "identifier": [
          {
            "use": "usual",
            "type": {
              "coding": [
                {
                  "system": "http://terminology.hl7.org/CodeSystem/v3-ObservationValue",
                  "code": "PSEUDED"
                }
              ]
            },
            "system": "https://www.medizininformatik-initiative.de/fhir/sid/pseudonym",
            "value": "ecf01ab530e3b00f69706f55845ed514d98af01557e5a507d32bcdf2"
          }
        ],
        "gender": "male",
        "birthDate": "1978-06",
        "deceasedBoolean": true
      },
      "search": {
        "mode": "match"
      }
    },
    {
      "fullUrl": "http://num-fhirserver.distan.medicsh.de:8080/fhir/Encounter/PV-012d51ce79925f85d18b7df92d1112bba1c903e53cc50eef62eb914f",
      "resource": {
        "resourceType": "Encounter",
        "id": "PV-012d51ce79925f85d18b7df92d1112bba1c903e53cc50eef62eb914f",
        "meta": {
          "versionId": "164415415",
          "lastUpdated": "2025-03-16T08:59:01.842Z",
          "source": "http://medic.uksh.de/source/orbis/legacy",
          "profile": [
            "https://www.medizininformatik-initiative.de/fhir/core/modul-fall/StructureDefinition/KontaktGesundheitseinrichtung|2025.0.0"
          ]
        },
        "identifier": [
          {
            "use": "official",
            "type": {
              "coding": [
                {
                  "system": "http://terminology.hl7.org/CodeSystem/v2-0203",
                  "code": "VN"
                }
              ]
            },
            "system": "http://medic.uksh.de/fhir/Encounter",
            "value": "012d51ce79925f85d18b7df92d1112bba1c903e53cc50eef62eb914f"
          }
        ],
        "status": "finished",
        "class": {
          "system": "http://terminology.hl7.org/CodeSystem/v3-ActCode",
          "code": "AMB"
        },
        "type": [
          {
            "coding": [
              {
                "system": "http://fhir.de/CodeSystem/Kontaktebene",
                "code": "einrichtungskontakt"
              }
            ]
          }
        ],
        "subject": {
          "reference": "Patient/PID-ecf01ab530e3b00f69706f55845ed514d98af01557e5a507d32bcdf2"
        },
        "period": {
          "start": "2015-10-02T12:29:00+02:00",
          "end": "2015-12-31T23:59:59+01:00"
        },
        "hospitalization": {
          "admitSource": {
            "coding": [
              {
                "system": "http://fhir.de/CodeSystem/dgkev/Aufnahmeanlass",
                "code": "E"
              }
            ]
          }
        }
      },
      "search": {
        "mode": "match"
      }
    },
    {
      "fullUrl": "http://num-fhirserver.distan.medicsh.de:8080/fhir/Encounter/PV-d589b1cc014846be5561960d16a0593b781bd2f27f67a01aabbe88f1",
      "resource": {
        "resourceType": "Encounter",
        "id": "PV-d589b1cc014846be5561960d16a0593b781bd2f27f67a01aabbe88f1",
        "meta": {
          "versionId": "164415418",
          "lastUpdated": "2025-03-16T08:59:01.970Z",
          "source": "http://medic.uksh.de/source/orbis/legacy",
          "profile": [
            "https://www.medizininformatik-initiative.de/fhir/core/modul-fall/StructureDefinition/KontaktGesundheitseinrichtung|2025.0.0"
          ]
        },
        "identifier": [
          {
            "use": "official",
            "type": {
              "coding": [
                {
                  "system": "http://terminology.hl7.org/CodeSystem/v2-0203",
                  "code": "VN"
                }
              ]
            },
            "system": "http://medic.uksh.de/fhir/Encounter",
            "value": "d589b1cc014846be5561960d16a0593b781bd2f27f67a01aabbe88f1"
          }
        ],
        "status": "finished",
        "class": {
          "system": "http://terminology.hl7.org/CodeSystem/v3-ActCode",
          "code": "AMB"
        },
        "type": [
          {
            "coding": [
              {
                "system": "http://fhir.de/CodeSystem/Kontaktebene",
                "code": "einrichtungskontakt"
              }
            ]
          }
        ],
        "subject": {
          "reference": "Patient/PID-ecf01ab530e3b00f69706f55845ed514d98af01557e5a507d32bcdf2"
        },
        "period": {
          "start": "2015-03-02T13:32:00+01:00",
          "end": "2015-03-31T23:59:59+02:00"
        },
        "hospitalization": {
          "admitSource": {
            "coding": [
              {
                "system": "http://fhir.de/CodeSystem/dgkev/Aufnahmeanlass",
                "code": "E"
              }
            ]
          }
        }
      },
      "search": {
        "mode": "match"
      }
    },
    {
      "fullUrl": "http://num-fhirserver.distan.medicsh.de:8080/fhir/Observation/VIT-246ab4b6e921ecc2d0516773ac0565551a64a16cc00bc70692925341",
      "resource": {
        "resourceType": "Observation",
        "id": "VIT-246ab4b6e921ecc2d0516773ac0565551a64a16cc00bc70692925341",
        "meta": {
          "versionId": "164415416",
          "lastUpdated": "2025-03-16T08:59:01.861Z",
          "profile": [
            "https://www.medizininformatik-initiative.de/fhir/core/modul-person/StructureDefinition/Vitalstatus|2025.0.1"
          ]
        },
        "status": "final",
        "category": [
          {
            "coding": [
              {
                "system": "http://terminology.hl7.org/CodeSystem/observation-category",
                "code": "survey"
              }
            ]
          }
        ],
        "code": {
          "coding": [
            {
              "system": "http://loinc.org",
              "code": "67162-8"
            }
          ]
        },
        "subject": {
          "reference": "Patient/PID-ecf01ab530e3b00f69706f55845ed514d98af01557e5a507d32bcdf2"
        },
        "effectiveDateTime": "2015-10-02T12:29:00+02:00",
        "valueCodeableConcept": {
          "coding": [
            {
              "system": "https://www.medizininformatik-initiative.de/fhir/core/modul-person/CodeSystem/Vitalstatus",
              "code": "L"
            }
          ]
        }
      },
      "search": {
        "mode": "match"
      }
    },
    {
      "fullUrl": "http://num-fhirserver.distan.medicsh.de:8080/fhir/Observation/VIT-bd288b480bc7b4401cd3789d7e2de471688413adbefe59151d810cbe",
      "resource": {
        "resourceType": "Observation",
        "id": "VIT-bd288b480bc7b4401cd3789d7e2de471688413adbefe59151d810cbe",
        "meta": {
          "versionId": "164415419",
          "lastUpdated": "2025-03-16T08:59:01.989Z",
          "profile": [
            "https://www.medizininformatik-initiative.de/fhir/core/modul-person/StructureDefinition/Vitalstatus|2025.0.1"
          ]
        },
        "status": "final",
        "category": [
          {
            "coding": [
              {
                "system": "http://terminology.hl7.org/CodeSystem/observation-category",
                "code": "survey"
              }
            ]
          }
        ],
        "code": {
          "coding": [
            {
              "system": "http://loinc.org",
              "code": "67162-8"
            }
          ]
        },
        "subject": {
          "reference": "Patient/PID-ecf01ab530e3b00f69706f55845ed514d98af01557e5a507d32bcdf2"
        },
        "effectiveDateTime": "2015-03-02T13:32:00+01:00",
        "valueCodeableConcept": {
          "coding": [
            {
              "system": "https://www.medizininformatik-initiative.de/fhir/core/modul-person/CodeSystem/Vitalstatus",
              "code": "L"
            }
          ]
        }
      },
      "search": {
        "mode": "match"
      }
    }
  ]
}
