{
  "resourceType": "Bundle",
  "id": "DGTUX5ZNB676QRYW",
  "type": "searchset",
  "total": 3,
  "entry": [
    {
      "fullUrl": "http://num-fhirserver.distan.medicsh.de:8080/fhir/Patient/PID-ee7880d33d3604c5494d615c0ea0b0a8f7431cf2129e2b87d9308a77",
      "resource": {
        "resourceType": "Patient",
        "id": "PID-ee7880d33d3604c5494d615c0ea0b0a8f7431cf2129e2b87d9308a77",
        "meta": {
          "versionId": "127168375",
          "lastUpdated": "2025-03-14T20:27:44.486Z",
          "profile": [
            "https://www.medizininformatik-initiative.de/fhir/core/modul-person/StructureDefinition/PatientPseudonymisiert|2025.0.1"
          ]
        },
        "identifier": [
          {
            "use": "usual",
            "type": {
              "coding": [
                {
                  "system": "http://terminology.hl7.org/CodeSystem/v3-ObservationValue",
                  "code": "PSEUDED"
                }
              ]
            },
            "system": "https://www.medizininformatik-initiative.de/fhir/sid/pseudonym",
            "value": "ee7880d33d3604c5494d615c0ea0b0a8f7431cf2129e2b87d9308a77"
          }
        ],
        "gender": "female",
        "birthDate": "2011-01",
        "deceasedBoolean": true
      },
      "search": {
        "mode": "match"
      }
    },
    {
      "fullUrl": "http://num-fhirserver.distan.medicsh.de:8080/fhir/Encounter/PV-125652e41222d08579502f8f00a180fac15ddb30c90d5d13cc33ff72",
      "resource": {
        "resourceType": "Encounter",
        "id": "PV-125652e41222d08579502f8f00a180fac15ddb30c90d5d13cc33ff72",
        "meta": {
          "versionId": "127168361",
          "lastUpdated": "2025-03-14T20:27:44.458Z",
          "source": "http://medic.uksh.de/source/orbis/legacy",
          "profile": [
            "https://www.medizininformatik-initiative.de/fhir/core/modul-fall/StructureDefinition/KontaktGesundheitseinrichtung|2025.0.0"
          ]
        },
        "identifier": [
          {
            "use": "official",
            "type": {
              "coding": [
                {
                  "system": "http://terminology.hl7.org/CodeSystem/v2-0203",
                  "code": "VN"
                }
              ]
            },
            "system": "http://medic.uksh.de/fhir/Encounter",
            "value": "125652e41222d08579502f8f00a180fac15ddb30c90d5d13cc33ff72"
          }
        ],
        "status": "finished",
        "class": {
          "system": "http://terminology.hl7.org/CodeSystem/v3-ActCode",
          "code": "AMB"
        },
        "type": [
          {
            "coding": [
              {
                "system": "http://fhir.de/CodeSystem/Kontaktebene",
                "code": "einrichtungskontakt"
              }
            ]
          }
        ],
        "subject": {
          "reference": "Patient/PID-ee7880d33d3604c5494d615c0ea0b0a8f7431cf2129e2b87d9308a77"
        },
        "period": {
          "start": "2011-11-21T13:22:00+01:00",
          "end": "2011-12-31T23:59:59+01:00"
        },
        "hospitalization": {
          "admitSource": {
            "coding": [
              {
                "system": "http://fhir.de/CodeSystem/dgkev/Aufnahmeanlass",
                "code": "E"
              }
            ]
          }
        }
      },
      "search": {
        "mode": "match"
      }
    },
    {
      "fullUrl": "http://num-fhirserver.distan.medicsh.de:8080/fhir/Observation/VIT-2096ded9e087b7e73a5537ad109787c4b8b808aa15fbdb1863feb7ff",
      "resource": {
        "resourceType": "Observation",
        "id": "VIT-2096ded9e087b7e73a5537ad109787c4b8b808aa15fbdb1863feb7ff",
        "meta": {
          "versionId": "127168373",
          "lastUpdated": "2025-03-14T20:27:44.485Z",
          "profile": [
            "https://www.medizininformatik-initiative.de/fhir/core/modul-person/StructureDefinition/Vitalstatus|2025.0.1"
          ]
        },
        "status": "final",
        "category": [
          {
            "coding": [
              {
                "system": "http://terminology.hl7.org/CodeSystem/observation-category",
                "code": "survey"
              }
            ]
          }
        ],
        "code": {
          "coding": [
            {
              "system": "http://loinc.org",
              "code": "67162-8"
            }
          ]
        },
        "subject": {
          "reference": "Patient/PID-ee7880d33d3604c5494d615c0ea0b0a8f7431cf2129e2b87d9308a77"
        },
        "effectiveDateTime": "2011-11-21T13:22:00+01:00",
        "valueCodeableConcept": {
          "coding": [
            {
              "system": "https://www.medizininformatik-initiative.de/fhir/core/modul-person/CodeSystem/Vitalstatus",
              "code": "L"
            }
          ]
        }
      },
      "search": {
        "mode": "match"
      }
    }
  ]
}
