{
  "resourceType": "Bundle",
  "id": "DGTUYAXOLV3AA677",
  "type": "searchset",
  "total": 3,
  "entry": [
    {
      "fullUrl": "http://num-fhirserver.distan.medicsh.de:8080/fhir/Patient/PID-eedb980016613907058b564e5f46e5781ccd39bd8b10b1365937ae7d",
      "resource": {
        "resourceType": "Patient",
        "id": "PID-eedb980016613907058b564e5f46e5781ccd39bd8b10b1365937ae7d",
        "meta": {
          "versionId": "188600695",
          "lastUpdated": "2025-03-17T23:26:07.618Z",
          "profile": [
            "https://www.medizininformatik-initiative.de/fhir/core/modul-person/StructureDefinition/PatientPseudonymisiert|2025.0.1"
          ]
        },
        "identifier": [
          {
            "use": "usual",
            "type": {
              "coding": [
                {
                  "system": "http://terminology.hl7.org/CodeSystem/v3-ObservationValue",
                  "code": "PSEUDED"
                }
              ]
            },
            "system": "https://www.medizininformatik-initiative.de/fhir/sid/pseudonym",
            "value": "eedb980016613907058b564e5f46e5781ccd39bd8b10b1365937ae7d"
          }
        ],
        "birthDate": "1965-01",
        "deceasedBoolean": true
      },
      "search": {
        "mode": "match"
      }
    },
    {
      "fullUrl": "http://num-fhirserver.distan.medicsh.de:8080/fhir/Encounter/PV-d34057309681cf6ec07d33d6f86c70c00e3ae588a43a87f0052d4a22",
      "resource": {
        "resourceType": "Encounter",
        "id": "PV-d34057309681cf6ec07d33d6f86c70c00e3ae588a43a87f0052d4a22",
        "meta": {
          "versionId": "188600623",
          "lastUpdated": "2025-03-17T23:26:07.435Z",
          "source": "http://medic.uksh.de/source/orbis/legacy",
          "profile": [
            "https://www.medizininformatik-initiative.de/fhir/core/modul-fall/StructureDefinition/KontaktGesundheitseinrichtung|2025.0.0"
          ]
        },
        "identifier": [
          {
            "use": "official",
            "type": {
              "coding": [
                {
                  "system": "http://terminology.hl7.org/CodeSystem/v2-0203",
                  "code": "VN"
                }
              ]
            },
            "system": "http://medic.uksh.de/fhir/Encounter",
            "value": "d34057309681cf6ec07d33d6f86c70c00e3ae588a43a87f0052d4a22"
          }
        ],
        "status": "finished",
        "class": {
          "system": "http://terminology.hl7.org/CodeSystem/v3-ActCode",
          "code": "AMB"
        },
        "type": [
          {
            "coding": [
              {
                "system": "http://fhir.de/CodeSystem/Kontaktebene",
                "code": "einrichtungskontakt"
              }
            ]
          }
        ],
        "subject": {
          "reference": "Patient/PID-eedb980016613907058b564e5f46e5781ccd39bd8b10b1365937ae7d"
        },
        "period": {
          "start": "2016-02-02T08:47:00+01:00",
          "end": "2016-03-31T23:59:59+02:00"
        },
        "hospitalization": {
          "admitSource": {
            "coding": [
              {
                "system": "http://fhir.de/CodeSystem/dgkev/Aufnahmeanlass",
                "code": "E"
              }
            ]
          }
        }
      },
      "search": {
        "mode": "match"
      }
    },
    {
      "fullUrl": "http://num-fhirserver.distan.medicsh.de:8080/fhir/Observation/VIT-d3cfff4b2af73889cc77d03d4609e8331e1b880e57af3f8d6c777fe1",
      "resource": {
        "resourceType": "Observation",
        "id": "VIT-d3cfff4b2af73889cc77d03d4609e8331e1b880e57af3f8d6c777fe1",
        "meta": {
          "versionId": "188600633",
          "lastUpdated": "2025-03-17T23:26:07.464Z",
          "profile": [
            "https://www.medizininformatik-initiative.de/fhir/core/modul-person/StructureDefinition/Vitalstatus|2025.0.1"
          ]
        },
        "status": "final",
        "category": [
          {
            "coding": [
              {
                "system": "http://terminology.hl7.org/CodeSystem/observation-category",
                "code": "survey"
              }
            ]
          }
        ],
        "code": {
          "coding": [
            {
              "system": "http://loinc.org",
              "code": "67162-8"
            }
          ]
        },
        "subject": {
          "reference": "Patient/PID-eedb980016613907058b564e5f46e5781ccd39bd8b10b1365937ae7d"
        },
        "effectiveDateTime": "2016-02-02T08:47:00+01:00",
        "valueCodeableConcept": {
          "coding": [
            {
              "system": "https://www.medizininformatik-initiative.de/fhir/core/modul-person/CodeSystem/Vitalstatus",
              "code": "L"
            }
          ]
        }
      },
      "search": {
        "mode": "match"
      }
    }
  ]
}
