{
  "resourceType": "Bundle",
  "id": "DGTUYBNIDKQ6KOP4",
  "type": "searchset",
  "total": 7,
  "entry": [
    {
      "fullUrl": "http://num-fhirserver.distan.medicsh.de:8080/fhir/Patient/PID-ef1a92c6f983c0c82e228328efe3993eaa73505d430b4c674b50163f",
      "resource": {
        "resourceType": "Patient",
        "id": "PID-ef1a92c6f983c0c82e228328efe3993eaa73505d430b4c674b50163f",
        "meta": {
          "versionId": "243211457",
          "lastUpdated": "2025-03-21T15:31:10.756Z",
          "profile": [
            "https://www.medizininformatik-initiative.de/fhir/core/modul-person/StructureDefinition/PatientPseudonymisiert|2025.0.1"
          ]
        },
        "identifier": [
          {
            "use": "usual",
            "type": {
              "coding": [
                {
                  "system": "http://terminology.hl7.org/CodeSystem/v3-ObservationValue",
                  "code": "PSEUDED"
                }
              ]
            },
            "system": "https://www.medizininformatik-initiative.de/fhir/sid/pseudonym",
            "value": "ef1a92c6f983c0c82e228328efe3993eaa73505d430b4c674b50163f"
          }
        ],
        "gender": "female",
        "birthDate": "2000-11",
        "deceasedBoolean": true,
        "address": [
          {
            "type": "both",
            "postalCode": "235",
            "country": "DE"
          }
        ]
      },
      "search": {
        "mode": "match"
      }
    },
    {
      "fullUrl": "http://num-fhirserver.distan.medicsh.de:8080/fhir/Encounter/PV-7c3468d7e28f9dd8999c243a9369b610cbb3adf174f38413df4d518d",
      "resource": {
        "resourceType": "Encounter",
        "id": "PV-7c3468d7e28f9dd8999c243a9369b610cbb3adf174f38413df4d518d",
        "meta": {
          "versionId": "243211454",
          "lastUpdated": "2025-03-21T15:31:10.733Z",
          "source": "http://medic.uksh.de/source/orbis/adt",
          "profile": [
            "https://www.medizininformatik-initiative.de/fhir/core/modul-fall/StructureDefinition/KontaktGesundheitseinrichtung|2025.0.0"
          ]
        },
        "identifier": [
          {
            "use": "official",
            "type": {
              "coding": [
                {
                  "system": "http://terminology.hl7.org/CodeSystem/v2-0203",
                  "code": "VN"
                }
              ]
            },
            "system": "http://medic.uksh.de/fhir/Encounter",
            "value": "7c3468d7e28f9dd8999c243a9369b610cbb3adf174f38413df4d518d"
          }
        ],
        "status": "finished",
        "class": {
          "system": "http://terminology.hl7.org/CodeSystem/v3-ActCode",
          "code": "AMB"
        },
        "type": [
          {
            "coding": [
              {
                "system": "http://fhir.de/CodeSystem/Kontaktebene",
                "code": "einrichtungskontakt"
              }
            ]
          }
        ],
        "subject": {
          "reference": "Patient/PID-ef1a92c6f983c0c82e228328efe3993eaa73505d430b4c674b50163f"
        },
        "period": {
          "start": "2024-04-15T10:55:00+02:00",
          "end": "2024-06-30T23:59:59+02:00"
        }
      },
      "search": {
        "mode": "match"
      }
    },
    {
      "fullUrl": "http://num-fhirserver.distan.medicsh.de:8080/fhir/Encounter/PV-929e500514d4eebcc53a59af488f4f85c8c3f28faea3841cb407fade",
      "resource": {
        "resourceType": "Encounter",
        "id": "PV-929e500514d4eebcc53a59af488f4f85c8c3f28faea3841cb407fade",
        "meta": {
          "versionId": "244708651",
          "lastUpdated": "2025-03-22T01:14:56Z",
          "source": "http://medic.uksh.de/source/orbis/adt",
          "profile": [
            "https://www.medizininformatik-initiative.de/fhir/core/modul-fall/StructureDefinition/KontaktGesundheitseinrichtung|2025.0.0"
          ]
        },
        "identifier": [
          {
            "use": "official",
            "type": {
              "coding": [
                {
                  "system": "http://terminology.hl7.org/CodeSystem/v2-0203",
                  "code": "VN"
                }
              ]
            },
            "system": "http://medic.uksh.de/fhir/Encounter",
            "value": "929e500514d4eebcc53a59af488f4f85c8c3f28faea3841cb407fade"
          }
        ],
        "status": "finished",
        "class": {
          "system": "http://terminology.hl7.org/CodeSystem/v3-ActCode",
          "code": "AMB"
        },
        "type": [
          {
            "coding": [
              {
                "system": "http://fhir.de/CodeSystem/Kontaktebene",
                "code": "einrichtungskontakt"
              }
            ]
          }
        ],
        "subject": {
          "reference": "Patient/PID-ef1a92c6f983c0c82e228328efe3993eaa73505d430b4c674b50163f"
        },
        "period": {
          "start": "2024-09-30T13:04:00+02:00",
          "end": "2024-09-30T23:59:59+02:00"
        }
      },
      "search": {
        "mode": "match"
      }
    },
    {
      "fullUrl": "http://num-fhirserver.distan.medicsh.de:8080/fhir/Observation/VIT-04f09301f412bfdebcbdbd03c386b0b2e7b6ea7e828f4177554a64aa",
      "resource": {
        "resourceType": "Observation",
        "id": "VIT-04f09301f412bfdebcbdbd03c386b0b2e7b6ea7e828f4177554a64aa",
        "meta": {
          "versionId": "243211456",
          "lastUpdated": "2025-03-21T15:31:10.752Z",
          "profile": [
            "https://www.medizininformatik-initiative.de/fhir/core/modul-person/StructureDefinition/Vitalstatus|2025.0.1"
          ]
        },
        "status": "final",
        "category": [
          {
            "coding": [
              {
                "system": "http://terminology.hl7.org/CodeSystem/observation-category",
                "code": "survey"
              }
            ]
          }
        ],
        "code": {
          "coding": [
            {
              "system": "http://loinc.org",
              "code": "67162-8"
            }
          ]
        },
        "subject": {
          "reference": "Patient/PID-ef1a92c6f983c0c82e228328efe3993eaa73505d430b4c674b50163f"
        },
        "effectiveDateTime": "2024-04-15T10:55:00+02:00",
        "valueCodeableConcept": {
          "coding": [
            {
              "system": "https://www.medizininformatik-initiative.de/fhir/core/modul-person/CodeSystem/Vitalstatus",
              "code": "L"
            }
          ]
        }
      },
      "search": {
        "mode": "match"
      }
    },
    {
      "fullUrl": "http://num-fhirserver.distan.medicsh.de:8080/fhir/Observation/VIT-370e89f9c9d935889d100e14df6a3386b0cc58a94f21c87e3747b5d1",
      "resource": {
        "resourceType": "Observation",
        "id": "VIT-370e89f9c9d935889d100e14df6a3386b0cc58a94f21c87e3747b5d1",
        "meta": {
          "versionId": "244708653",
          "lastUpdated": "2025-03-22T01:14:56.021Z",
          "profile": [
            "https://www.medizininformatik-initiative.de/fhir/core/modul-person/StructureDefinition/Vitalstatus|2025.0.1"
          ]
        },
        "status": "final",
        "category": [
          {
            "coding": [
              {
                "system": "http://terminology.hl7.org/CodeSystem/observation-category",
                "code": "survey"
              }
            ]
          }
        ],
        "code": {
          "coding": [
            {
              "system": "http://loinc.org",
              "code": "67162-8"
            }
          ]
        },
        "subject": {
          "reference": "Patient/PID-ef1a92c6f983c0c82e228328efe3993eaa73505d430b4c674b50163f"
        },
        "effectiveDateTime": "2024-09-30T13:04:00+02:00",
        "valueCodeableConcept": {
          "coding": [
            {
              "system": "https://www.medizininformatik-initiative.de/fhir/core/modul-person/CodeSystem/Vitalstatus",
              "code": "L"
            }
          ]
        }
      },
      "search": {
        "mode": "match"
      }
    },
    {
      "fullUrl": "http://num-fhirserver.distan.medicsh.de:8080/fhir/Observation/VIT-50d77ac467cc527fc331c148f7282348e76c89872cefb8171f4ce2c1",
      "resource": {
        "resourceType": "Observation",
        "id": "VIT-50d77ac467cc527fc331c148f7282348e76c89872cefb8171f4ce2c1",
        "meta": {
          "versionId": "243211459",
          "lastUpdated": "2025-03-21T15:31:10.772Z",
          "profile": [
            "https://www.medizininformatik-initiative.de/fhir/core/modul-person/StructureDefinition/Vitalstatus|2025.0.1"
          ]
        },
        "status": "final",
        "category": [
          {
            "coding": [
              {
                "system": "http://terminology.hl7.org/CodeSystem/observation-category",
                "code": "survey"
              }
            ]
          }
        ],
        "code": {
          "coding": [
            {
              "system": "http://loinc.org",
              "code": "67162-8"
            }
          ]
        },
        "subject": {
          "reference": "Patient/PID-ef1a92c6f983c0c82e228328efe3993eaa73505d430b4c674b50163f"
        },
        "effectiveDateTime": "2024-06-30T23:59:59+02:00",
        "valueCodeableConcept": {
          "coding": [
            {
              "system": "https://www.medizininformatik-initiative.de/fhir/core/modul-person/CodeSystem/Vitalstatus",
              "code": "L"
            }
          ]
        }
      },
      "search": {
        "mode": "match"
      }
    },
    {
      "fullUrl": "http://num-fhirserver.distan.medicsh.de:8080/fhir/Observation/VIT-6176d8b98ecfbeefe6fa620e4d324393a332109995c4796a09717adf",
      "resource": {
        "resourceType": "Observation",
        "id": "VIT-6176d8b98ecfbeefe6fa620e4d324393a332109995c4796a09717adf",
        "meta": {
          "versionId": "244708654",
          "lastUpdated": "2025-03-22T01:14:56.041Z",
          "profile": [
            "https://www.medizininformatik-initiative.de/fhir/core/modul-person/StructureDefinition/Vitalstatus|2025.0.1"
          ]
        },
        "status": "final",
        "category": [
          {
            "coding": [
              {
                "system": "http://terminology.hl7.org/CodeSystem/observation-category",
                "code": "survey"
              }
            ]
          }
        ],
        "code": {
          "coding": [
            {
              "system": "http://loinc.org",
              "code": "67162-8"
            }
          ]
        },
        "subject": {
          "reference": "Patient/PID-ef1a92c6f983c0c82e228328efe3993eaa73505d430b4c674b50163f"
        },
        "effectiveDateTime": "2024-09-30T23:59:59+02:00",
        "valueCodeableConcept": {
          "coding": [
            {
              "system": "https://www.medizininformatik-initiative.de/fhir/core/modul-person/CodeSystem/Vitalstatus",
              "code": "L"
            }
          ]
        }
      },
      "search": {
        "mode": "match"
      }
    }
  ]
}
