{
  "resourceType": "Bundle",
  "id": "DGTUX63BPHAACOJG",
  "type": "searchset",
  "total": 4,
  "entry": [
    {
      "fullUrl": "http://num-fhirserver.distan.medicsh.de:8080/fhir/Patient/PID-efae11c69064ec87e5017f5ee767c4d52cba33d9c42d35ffd83cbdab",
      "resource": {
        "resourceType": "Patient",
        "id": "PID-efae11c69064ec87e5017f5ee767c4d52cba33d9c42d35ffd83cbdab",
        "meta": {
          "versionId": "157690662",
          "lastUpdated": "2025-03-15T18:28:26.534Z",
          "profile": [
            "https://www.medizininformatik-initiative.de/fhir/core/modul-person/StructureDefinition/PatientPseudonymisiert|2025.0.1"
          ]
        },
        "identifier": [
          {
            "use": "usual",
            "type": {
              "coding": [
                {
                  "system": "http://terminology.hl7.org/CodeSystem/v3-ObservationValue",
                  "code": "PSEUDED"
                }
              ]
            },
            "system": "https://www.medizininformatik-initiative.de/fhir/sid/pseudonym",
            "value": "efae11c69064ec87e5017f5ee767c4d52cba33d9c42d35ffd83cbdab"
          }
        ],
        "birthDate": "2011-03",
        "deceasedBoolean": true
      },
      "search": {
        "mode": "match"
      }
    },
    {
      "fullUrl": "http://num-fhirserver.distan.medicsh.de:8080/fhir/Encounter/PV-15e9715fae6ee4c30a7fff4c686783bffae049a1d71d24a0caa78a6c",
      "resource": {
        "resourceType": "Encounter",
        "id": "PV-15e9715fae6ee4c30a7fff4c686783bffae049a1d71d24a0caa78a6c",
        "meta": {
          "versionId": "157689893",
          "lastUpdated": "2025-03-15T18:28:24.636Z",
          "source": "http://medic.uksh.de/source/orbis/legacy",
          "profile": [
            "https://www.medizininformatik-initiative.de/fhir/core/modul-fall/StructureDefinition/KontaktGesundheitseinrichtung|2025.0.0"
          ]
        },
        "identifier": [
          {
            "use": "official",
            "type": {
              "coding": [
                {
                  "system": "http://terminology.hl7.org/CodeSystem/v2-0203",
                  "code": "VN"
                }
              ]
            },
            "system": "http://medic.uksh.de/fhir/Encounter",
            "value": "15e9715fae6ee4c30a7fff4c686783bffae049a1d71d24a0caa78a6c"
          }
        ],
        "status": "finished",
        "class": {
          "system": "http://terminology.hl7.org/CodeSystem/v3-ActCode",
          "code": "AMB"
        },
        "type": [
          {
            "coding": [
              {
                "system": "http://fhir.de/CodeSystem/Kontaktebene",
                "code": "einrichtungskontakt"
              }
            ]
          }
        ],
        "subject": {
          "reference": "Patient/PID-efae11c69064ec87e5017f5ee767c4d52cba33d9c42d35ffd83cbdab"
        },
        "period": {
          "start": "2011-03-22T11:03:00+01:00",
          "end": "2011-03-31T23:59:59+02:00"
        },
        "hospitalization": {
          "admitSource": {
            "coding": [
              {
                "system": "http://fhir.de/CodeSystem/dgkev/Aufnahmeanlass",
                "code": "E"
              }
            ]
          }
        }
      },
      "search": {
        "mode": "match"
      }
    },
    {
      "fullUrl": "http://num-fhirserver.distan.medicsh.de:8080/fhir/Observation/VIT-b3e3636e3e0fe020badf5fc179bde901d2d04df52703891fad5ddeed",
      "resource": {
        "resourceType": "Observation",
        "id": "VIT-b3e3636e3e0fe020badf5fc179bde901d2d04df52703891fad5ddeed",
        "meta": {
          "versionId": "157689907",
          "lastUpdated": "2025-03-15T18:28:24.667Z",
          "profile": [
            "https://www.medizininformatik-initiative.de/fhir/core/modul-person/StructureDefinition/Vitalstatus|2025.0.1"
          ]
        },
        "status": "final",
        "category": [
          {
            "coding": [
              {
                "system": "http://terminology.hl7.org/CodeSystem/observation-category",
                "code": "survey"
              }
            ]
          }
        ],
        "code": {
          "coding": [
            {
              "system": "http://loinc.org",
              "code": "67162-8"
            }
          ]
        },
        "subject": {
          "reference": "Patient/PID-efae11c69064ec87e5017f5ee767c4d52cba33d9c42d35ffd83cbdab"
        },
        "effectiveDateTime": "2011-03-22T11:03:00+01:00",
        "valueCodeableConcept": {
          "coding": [
            {
              "system": "https://www.medizininformatik-initiative.de/fhir/core/modul-person/CodeSystem/Vitalstatus",
              "code": "L"
            }
          ]
        }
      },
      "search": {
        "mode": "match"
      }
    },
    {
      "fullUrl": "http://num-fhirserver.distan.medicsh.de:8080/fhir/Procedure/PR-a1f165d8e88bef4589fee166ee6b8a833311522cc79bb95bb5baf3f5",
      "resource": {
        "resourceType": "Procedure",
        "id": "PR-a1f165d8e88bef4589fee166ee6b8a833311522cc79bb95bb5baf3f5",
        "meta": {
          "versionId": "373833099",
          "lastUpdated": "2025-10-08T16:06:16.080Z",
          "profile": [
            "https://www.medizininformatik-initiative.de/fhir/core/modul-prozedur/StructureDefinition/Procedure|2025.0.0"
          ]
        },
        "status": "completed",
        "category": {
          "coding": [
            {
              "system": "http://snomed.info/sct",
              "code": "363679005",
              "display": "Imaging"
            }
          ]
        },
        "code": {
          "coding": [
            {
              "system": "http://fhir.de/CodeSystem/bfarm/ops",
              "version": "2011",
              "code": "3-800",
              "display": "Native Magnetresonanztomographie des Schädels"
            }
          ]
        },
        "subject": {
          "reference": "Patient/PID-efae11c69064ec87e5017f5ee767c4d52cba33d9c42d35ffd83cbdab"
        },
        "encounter": {
          "reference": "Encounter/PV-15e9715fae6ee4c30a7fff4c686783bffae049a1d71d24a0caa78a6c"
        },
        "performedDateTime": "2011-03-22T11:30:00+01:00"
      },
      "search": {
        "mode": "match"
      }
    }
  ]
}
