{
  "resourceType": "Bundle",
  "id": "DGTUYASF5DRR6WWR",
  "type": "searchset",
  "total": 3,
  "entry": [
    {
      "fullUrl": "http://num-fhirserver.distan.medicsh.de:8080/fhir/Patient/PID-f1562854be77d181704b4695a0ef62f2cbb963369c9f8d0b65147196",
      "resource": {
        "resourceType": "Patient",
        "id": "PID-f1562854be77d181704b4695a0ef62f2cbb963369c9f8d0b65147196",
        "meta": {
          "versionId": "163787751",
          "lastUpdated": "2025-03-16T04:54:54.805Z",
          "profile": [
            "https://www.medizininformatik-initiative.de/fhir/core/modul-person/StructureDefinition/PatientPseudonymisiert|2025.0.1"
          ]
        },
        "identifier": [
          {
            "use": "usual",
            "type": {
              "coding": [
                {
                  "system": "http://terminology.hl7.org/CodeSystem/v3-ObservationValue",
                  "code": "PSEUDED"
                }
              ]
            },
            "system": "https://www.medizininformatik-initiative.de/fhir/sid/pseudonym",
            "value": "f1562854be77d181704b4695a0ef62f2cbb963369c9f8d0b65147196"
          }
        ],
        "gender": "male",
        "birthDate": "1945-10",
        "deceasedBoolean": true
      },
      "search": {
        "mode": "match"
      }
    },
    {
      "fullUrl": "http://num-fhirserver.distan.medicsh.de:8080/fhir/Encounter/PV-86d59a5bc0096ae960ec55bd971b88b00aecdb2a9a7473bab272105d",
      "resource": {
        "resourceType": "Encounter",
        "id": "PV-86d59a5bc0096ae960ec55bd971b88b00aecdb2a9a7473bab272105d",
        "meta": {
          "versionId": "163787746",
          "lastUpdated": "2025-03-16T04:54:54.446Z",
          "source": "http://medic.uksh.de/source/orbis/legacy",
          "profile": [
            "https://www.medizininformatik-initiative.de/fhir/core/modul-fall/StructureDefinition/KontaktGesundheitseinrichtung|2025.0.0"
          ]
        },
        "identifier": [
          {
            "use": "official",
            "type": {
              "coding": [
                {
                  "system": "http://terminology.hl7.org/CodeSystem/v2-0203",
                  "code": "VN"
                }
              ]
            },
            "system": "http://medic.uksh.de/fhir/Encounter",
            "value": "86d59a5bc0096ae960ec55bd971b88b00aecdb2a9a7473bab272105d"
          }
        ],
        "status": "finished",
        "class": {
          "system": "http://terminology.hl7.org/CodeSystem/v3-ActCode",
          "code": "AMB"
        },
        "type": [
          {
            "coding": [
              {
                "system": "http://fhir.de/CodeSystem/Kontaktebene",
                "code": "einrichtungskontakt"
              }
            ]
          }
        ],
        "subject": {
          "reference": "Patient/PID-f1562854be77d181704b4695a0ef62f2cbb963369c9f8d0b65147196"
        },
        "period": {
          "start": "2018-10-09T15:04:00+02:00",
          "end": "2018-12-31T23:59:59+01:00"
        },
        "hospitalization": {
          "admitSource": {
            "coding": [
              {
                "system": "http://fhir.de/CodeSystem/dgkev/Aufnahmeanlass",
                "code": "E"
              }
            ]
          }
        }
      },
      "search": {
        "mode": "match"
      }
    },
    {
      "fullUrl": "http://num-fhirserver.distan.medicsh.de:8080/fhir/Observation/VIT-90528cc32e957ab434d220bb5b77cdf84e58d6474b0ffa9b02f5708f",
      "resource": {
        "resourceType": "Observation",
        "id": "VIT-90528cc32e957ab434d220bb5b77cdf84e58d6474b0ffa9b02f5708f",
        "meta": {
          "versionId": "163787747",
          "lastUpdated": "2025-03-16T04:54:54.465Z",
          "profile": [
            "https://www.medizininformatik-initiative.de/fhir/core/modul-person/StructureDefinition/Vitalstatus|2025.0.1"
          ]
        },
        "status": "final",
        "category": [
          {
            "coding": [
              {
                "system": "http://terminology.hl7.org/CodeSystem/observation-category",
                "code": "survey"
              }
            ]
          }
        ],
        "code": {
          "coding": [
            {
              "system": "http://loinc.org",
              "code": "67162-8"
            }
          ]
        },
        "subject": {
          "reference": "Patient/PID-f1562854be77d181704b4695a0ef62f2cbb963369c9f8d0b65147196"
        },
        "effectiveDateTime": "2018-10-09T15:04:00+02:00",
        "valueCodeableConcept": {
          "coding": [
            {
              "system": "https://www.medizininformatik-initiative.de/fhir/core/modul-person/CodeSystem/Vitalstatus",
              "code": "L"
            }
          ]
        }
      },
      "search": {
        "mode": "match"
      }
    }
  ]
}
