{
  "resourceType": "Bundle",
  "id": "DGTUX5YXSDEFVTWK",
  "type": "searchset",
  "total": 5,
  "entry": [
    {
      "fullUrl": "http://num-fhirserver.distan.medicsh.de:8080/fhir/Patient/PID-f2d9f0379c5f8819a1f212f53d097426f8a0a4eb7c8f1fb3ee422f47",
      "resource": {
        "resourceType": "Patient",
        "id": "PID-f2d9f0379c5f8819a1f212f53d097426f8a0a4eb7c8f1fb3ee422f47",
        "meta": {
          "versionId": "178819037",
          "lastUpdated": "2025-03-17T16:35:44.054Z",
          "profile": [
            "https://www.medizininformatik-initiative.de/fhir/core/modul-person/StructureDefinition/PatientPseudonymisiert|2025.0.1"
          ]
        },
        "identifier": [
          {
            "use": "usual",
            "type": {
              "coding": [
                {
                  "system": "http://terminology.hl7.org/CodeSystem/v3-ObservationValue",
                  "code": "PSEUDED"
                }
              ]
            },
            "system": "https://www.medizininformatik-initiative.de/fhir/sid/pseudonym",
            "value": "f2d9f0379c5f8819a1f212f53d097426f8a0a4eb7c8f1fb3ee422f47"
          }
        ],
        "gender": "male",
        "birthDate": "2012-08",
        "deceasedBoolean": true,
        "address": [
          {
            "type": "both",
            "postalCode": "241",
            "country": "DE"
          }
        ]
      },
      "search": {
        "mode": "match"
      }
    },
    {
      "fullUrl": "http://num-fhirserver.distan.medicsh.de:8080/fhir/Encounter/PV-2a951fb6cabe1a26bd044a949817b5ce776f2d50c8af722f87021ff5",
      "resource": {
        "resourceType": "Encounter",
        "id": "PV-2a951fb6cabe1a26bd044a949817b5ce776f2d50c8af722f87021ff5",
        "meta": {
          "versionId": "178819044",
          "lastUpdated": "2025-03-17T16:35:44.070Z",
          "source": "http://medic.uksh.de/source/orbis/legacy",
          "profile": [
            "https://www.medizininformatik-initiative.de/fhir/core/modul-fall/StructureDefinition/KontaktGesundheitseinrichtung|2025.0.0"
          ]
        },
        "identifier": [
          {
            "use": "official",
            "type": {
              "coding": [
                {
                  "system": "http://terminology.hl7.org/CodeSystem/v2-0203",
                  "code": "VN"
                }
              ]
            },
            "system": "http://medic.uksh.de/fhir/Encounter",
            "value": "2a951fb6cabe1a26bd044a949817b5ce776f2d50c8af722f87021ff5"
          }
        ],
        "status": "finished",
        "class": {
          "system": "http://terminology.hl7.org/CodeSystem/v3-ActCode",
          "code": "AMB"
        },
        "type": [
          {
            "coding": [
              {
                "system": "http://fhir.de/CodeSystem/Kontaktebene",
                "code": "einrichtungskontakt"
              }
            ]
          }
        ],
        "subject": {
          "reference": "Patient/PID-f2d9f0379c5f8819a1f212f53d097426f8a0a4eb7c8f1fb3ee422f47"
        },
        "period": {
          "start": "2012-08-14T10:37:00+02:00",
          "end": "2012-09-30T23:59:59+02:00"
        },
        "hospitalization": {
          "admitSource": {
            "coding": [
              {
                "system": "http://fhir.de/CodeSystem/dgkev/Aufnahmeanlass",
                "code": "E"
              }
            ]
          }
        }
      },
      "search": {
        "mode": "match"
      }
    },
    {
      "fullUrl": "http://num-fhirserver.distan.medicsh.de:8080/fhir/Encounter/PV-9b247bdf60a4fb375619fe6cc512cf760c23d7a77c879d69a5e76b24",
      "resource": {
        "resourceType": "Encounter",
        "id": "PV-9b247bdf60a4fb375619fe6cc512cf760c23d7a77c879d69a5e76b24",
        "meta": {
          "versionId": "178819021",
          "lastUpdated": "2025-03-17T16:35:43.999Z",
          "source": "http://medic.uksh.de/source/orbis/legacy",
          "profile": [
            "https://www.medizininformatik-initiative.de/fhir/core/modul-fall/StructureDefinition/KontaktGesundheitseinrichtung|2025.0.0"
          ]
        },
        "identifier": [
          {
            "use": "official",
            "type": {
              "coding": [
                {
                  "system": "http://terminology.hl7.org/CodeSystem/v2-0203",
                  "code": "VN"
                }
              ]
            },
            "system": "http://medic.uksh.de/fhir/Encounter",
            "value": "9b247bdf60a4fb375619fe6cc512cf760c23d7a77c879d69a5e76b24"
          }
        ],
        "status": "finished",
        "class": {
          "system": "http://terminology.hl7.org/CodeSystem/v3-ActCode",
          "code": "AMB"
        },
        "type": [
          {
            "coding": [
              {
                "system": "http://fhir.de/CodeSystem/Kontaktebene",
                "code": "einrichtungskontakt"
              }
            ]
          }
        ],
        "subject": {
          "reference": "Patient/PID-f2d9f0379c5f8819a1f212f53d097426f8a0a4eb7c8f1fb3ee422f47"
        },
        "period": {
          "start": "2013-03-05T09:53:00+01:00",
          "end": "2013-03-31T23:59:59+02:00"
        },
        "hospitalization": {
          "admitSource": {
            "coding": [
              {
                "system": "http://fhir.de/CodeSystem/dgkev/Aufnahmeanlass",
                "code": "E"
              }
            ]
          }
        }
      },
      "search": {
        "mode": "match"
      }
    },
    {
      "fullUrl": "http://num-fhirserver.distan.medicsh.de:8080/fhir/Observation/VIT-ccdaf93da9bd6fbb2e270fa77fffedc0eb7bded6bb07b33f60f74178",
      "resource": {
        "resourceType": "Observation",
        "id": "VIT-ccdaf93da9bd6fbb2e270fa77fffedc0eb7bded6bb07b33f60f74178",
        "meta": {
          "versionId": "178819055",
          "lastUpdated": "2025-03-17T16:35:44.099Z",
          "profile": [
            "https://www.medizininformatik-initiative.de/fhir/core/modul-person/StructureDefinition/Vitalstatus|2025.0.1"
          ]
        },
        "status": "final",
        "category": [
          {
            "coding": [
              {
                "system": "http://terminology.hl7.org/CodeSystem/observation-category",
                "code": "survey"
              }
            ]
          }
        ],
        "code": {
          "coding": [
            {
              "system": "http://loinc.org",
              "code": "67162-8"
            }
          ]
        },
        "subject": {
          "reference": "Patient/PID-f2d9f0379c5f8819a1f212f53d097426f8a0a4eb7c8f1fb3ee422f47"
        },
        "effectiveDateTime": "2012-08-14T10:37:00+02:00",
        "valueCodeableConcept": {
          "coding": [
            {
              "system": "https://www.medizininformatik-initiative.de/fhir/core/modul-person/CodeSystem/Vitalstatus",
              "code": "L"
            }
          ]
        }
      },
      "search": {
        "mode": "match"
      }
    },
    {
      "fullUrl": "http://num-fhirserver.distan.medicsh.de:8080/fhir/Observation/VIT-e504226c917fcf881030d4e1bc74b4ee467d90087d20dcf8d34fb9ae",
      "resource": {
        "resourceType": "Observation",
        "id": "VIT-e504226c917fcf881030d4e1bc74b4ee467d90087d20dcf8d34fb9ae",
        "meta": {
          "versionId": "178819030",
          "lastUpdated": "2025-03-17T16:35:44.032Z",
          "profile": [
            "https://www.medizininformatik-initiative.de/fhir/core/modul-person/StructureDefinition/Vitalstatus|2025.0.1"
          ]
        },
        "status": "final",
        "category": [
          {
            "coding": [
              {
                "system": "http://terminology.hl7.org/CodeSystem/observation-category",
                "code": "survey"
              }
            ]
          }
        ],
        "code": {
          "coding": [
            {
              "system": "http://loinc.org",
              "code": "67162-8"
            }
          ]
        },
        "subject": {
          "reference": "Patient/PID-f2d9f0379c5f8819a1f212f53d097426f8a0a4eb7c8f1fb3ee422f47"
        },
        "effectiveDateTime": "2013-03-05T09:53:00+01:00",
        "valueCodeableConcept": {
          "coding": [
            {
              "system": "https://www.medizininformatik-initiative.de/fhir/core/modul-person/CodeSystem/Vitalstatus",
              "code": "L"
            }
          ]
        }
      },
      "search": {
        "mode": "match"
      }
    }
  ]
}
