{
  "resourceType": "Bundle",
  "id": "DGTUX5H4Z6A4RVAC",
  "type": "searchset",
  "total": 3,
  "entry": [
    {
      "fullUrl": "http://num-fhirserver.distan.medicsh.de:8080/fhir/Patient/PID-f4bed13d3b3ed35936785c56d8250c0bf4e6f989eda0cca4146c67ef",
      "resource": {
        "resourceType": "Patient",
        "id": "PID-f4bed13d3b3ed35936785c56d8250c0bf4e6f989eda0cca4146c67ef",
        "meta": {
          "versionId": "197582898",
          "lastUpdated": "2025-03-18T05:56:08.491Z",
          "profile": [
            "https://www.medizininformatik-initiative.de/fhir/core/modul-person/StructureDefinition/PatientPseudonymisiert|2025.0.1"
          ]
        },
        "identifier": [
          {
            "use": "usual",
            "type": {
              "coding": [
                {
                  "system": "http://terminology.hl7.org/CodeSystem/v3-ObservationValue",
                  "code": "PSEUDED"
                }
              ]
            },
            "system": "https://www.medizininformatik-initiative.de/fhir/sid/pseudonym",
            "value": "f4bed13d3b3ed35936785c56d8250c0bf4e6f989eda0cca4146c67ef"
          }
        ],
        "gender": "male",
        "birthDate": "2007-10",
        "deceasedBoolean": true
      },
      "search": {
        "mode": "match"
      }
    },
    {
      "fullUrl": "http://num-fhirserver.distan.medicsh.de:8080/fhir/Encounter/PV-b96084ce9d8e51f34618959de4929998ee028f94b331406f782a2c2d",
      "resource": {
        "resourceType": "Encounter",
        "id": "PV-b96084ce9d8e51f34618959de4929998ee028f94b331406f782a2c2d",
        "meta": {
          "versionId": "197582858",
          "lastUpdated": "2025-03-18T05:56:08.426Z",
          "source": "http://medic.uksh.de/source/orbis/legacy",
          "profile": [
            "https://www.medizininformatik-initiative.de/fhir/core/modul-fall/StructureDefinition/KontaktGesundheitseinrichtung|2025.0.0"
          ]
        },
        "identifier": [
          {
            "use": "official",
            "type": {
              "coding": [
                {
                  "system": "http://terminology.hl7.org/CodeSystem/v2-0203",
                  "code": "VN"
                }
              ]
            },
            "system": "http://medic.uksh.de/fhir/Encounter",
            "value": "b96084ce9d8e51f34618959de4929998ee028f94b331406f782a2c2d"
          }
        ],
        "status": "finished",
        "class": {
          "system": "http://terminology.hl7.org/CodeSystem/v3-ActCode",
          "code": "AMB"
        },
        "type": [
          {
            "coding": [
              {
                "system": "http://fhir.de/CodeSystem/Kontaktebene",
                "code": "einrichtungskontakt"
              }
            ]
          }
        ],
        "subject": {
          "reference": "Patient/PID-f4bed13d3b3ed35936785c56d8250c0bf4e6f989eda0cca4146c67ef"
        },
        "period": {
          "start": "2007-10-01T11:15:00+02:00",
          "end": "2007-12-31T23:59:59+01:00"
        }
      },
      "search": {
        "mode": "match"
      }
    },
    {
      "fullUrl": "http://num-fhirserver.distan.medicsh.de:8080/fhir/Observation/VIT-ba04f088e85609b74efdb7eb7054c3f00d6add5426c8f3ceef8eee26",
      "resource": {
        "resourceType": "Observation",
        "id": "VIT-ba04f088e85609b74efdb7eb7054c3f00d6add5426c8f3ceef8eee26",
        "meta": {
          "versionId": "197582868",
          "lastUpdated": "2025-03-18T05:56:08.449Z",
          "profile": [
            "https://www.medizininformatik-initiative.de/fhir/core/modul-person/StructureDefinition/Vitalstatus|2025.0.1"
          ]
        },
        "status": "final",
        "category": [
          {
            "coding": [
              {
                "system": "http://terminology.hl7.org/CodeSystem/observation-category",
                "code": "survey"
              }
            ]
          }
        ],
        "code": {
          "coding": [
            {
              "system": "http://loinc.org",
              "code": "67162-8"
            }
          ]
        },
        "subject": {
          "reference": "Patient/PID-f4bed13d3b3ed35936785c56d8250c0bf4e6f989eda0cca4146c67ef"
        },
        "effectiveDateTime": "2007-10-01T11:15:00+02:00",
        "valueCodeableConcept": {
          "coding": [
            {
              "system": "https://www.medizininformatik-initiative.de/fhir/core/modul-person/CodeSystem/Vitalstatus",
              "code": "L"
            }
          ]
        }
      },
      "search": {
        "mode": "match"
      }
    }
  ]
}
