{
  "resourceType": "Bundle",
  "id": "DGTUX57A7I7EN4NT",
  "type": "searchset",
  "total": 4,
  "entry": [
    {
      "fullUrl": "http://num-fhirserver.distan.medicsh.de:8080/fhir/Patient/PID-f64331ecf4956adc7842e2d69575ea7fd4db0bcb83a2742013040fb3",
      "resource": {
        "resourceType": "Patient",
        "id": "PID-f64331ecf4956adc7842e2d69575ea7fd4db0bcb83a2742013040fb3",
        "meta": {
          "versionId": "235684754",
          "lastUpdated": "2025-03-19T14:38:44.472Z",
          "profile": [
            "https://www.medizininformatik-initiative.de/fhir/core/modul-person/StructureDefinition/PatientPseudonymisiert|2025.0.1"
          ]
        },
        "identifier": [
          {
            "use": "usual",
            "type": {
              "coding": [
                {
                  "system": "http://terminology.hl7.org/CodeSystem/v3-ObservationValue",
                  "code": "PSEUDED"
                }
              ]
            },
            "system": "https://www.medizininformatik-initiative.de/fhir/sid/pseudonym",
            "value": "f64331ecf4956adc7842e2d69575ea7fd4db0bcb83a2742013040fb3"
          }
        ],
        "gender": "male",
        "birthDate": "1940-11",
        "deceasedBoolean": true,
        "address": [
          {
            "type": "both",
            "postalCode": "391",
            "country": "DE"
          }
        ]
      },
      "search": {
        "mode": "match"
      }
    },
    {
      "fullUrl": "http://num-fhirserver.distan.medicsh.de:8080/fhir/Encounter/PV-400d68e6c7139503fc7dcb5de74e2a2bb3bd08c24bc4a729c42ed0eb",
      "resource": {
        "resourceType": "Encounter",
        "id": "PV-400d68e6c7139503fc7dcb5de74e2a2bb3bd08c24bc4a729c42ed0eb",
        "meta": {
          "versionId": "234975563",
          "lastUpdated": "2025-03-19T14:10:10.302Z",
          "source": "http://medic.uksh.de/source/orbis/adt",
          "profile": [
            "https://www.medizininformatik-initiative.de/fhir/core/modul-fall/StructureDefinition/KontaktGesundheitseinrichtung|2025.0.0"
          ]
        },
        "identifier": [
          {
            "use": "official",
            "type": {
              "coding": [
                {
                  "system": "http://terminology.hl7.org/CodeSystem/v2-0203",
                  "code": "VN"
                }
              ]
            },
            "system": "http://medic.uksh.de/fhir/Encounter",
            "value": "400d68e6c7139503fc7dcb5de74e2a2bb3bd08c24bc4a729c42ed0eb"
          }
        ],
        "status": "finished",
        "class": {
          "system": "http://terminology.hl7.org/CodeSystem/v3-ActCode",
          "code": "AMB"
        },
        "type": [
          {
            "coding": [
              {
                "system": "http://fhir.de/CodeSystem/Kontaktebene",
                "code": "einrichtungskontakt"
              }
            ]
          }
        ],
        "subject": {
          "reference": "Patient/PID-f64331ecf4956adc7842e2d69575ea7fd4db0bcb83a2742013040fb3"
        },
        "period": {
          "start": "2022-07-20T11:28:00+02:00",
          "end": "2022-09-30T23:59:59+02:00"
        }
      },
      "search": {
        "mode": "match"
      }
    },
    {
      "fullUrl": "http://num-fhirserver.distan.medicsh.de:8080/fhir/Observation/VIT-830939f411cebbe16c92d597ffb768a960351ba38ded901f9de38842",
      "resource": {
        "resourceType": "Observation",
        "id": "VIT-830939f411cebbe16c92d597ffb768a960351ba38ded901f9de38842",
        "meta": {
          "versionId": "234975571",
          "lastUpdated": "2025-03-19T14:10:10.315Z",
          "profile": [
            "https://www.medizininformatik-initiative.de/fhir/core/modul-person/StructureDefinition/Vitalstatus|2025.0.1"
          ]
        },
        "status": "final",
        "category": [
          {
            "coding": [
              {
                "system": "http://terminology.hl7.org/CodeSystem/observation-category",
                "code": "survey"
              }
            ]
          }
        ],
        "code": {
          "coding": [
            {
              "system": "http://loinc.org",
              "code": "67162-8"
            }
          ]
        },
        "subject": {
          "reference": "Patient/PID-f64331ecf4956adc7842e2d69575ea7fd4db0bcb83a2742013040fb3"
        },
        "effectiveDateTime": "2022-07-20T11:28:00+02:00",
        "valueCodeableConcept": {
          "coding": [
            {
              "system": "https://www.medizininformatik-initiative.de/fhir/core/modul-person/CodeSystem/Vitalstatus",
              "code": "L"
            }
          ]
        }
      },
      "search": {
        "mode": "match"
      }
    },
    {
      "fullUrl": "http://num-fhirserver.distan.medicsh.de:8080/fhir/Observation/VIT-b95b4a94accdb65c6277a91a808dbaded76328e78ef3846bf10aa099",
      "resource": {
        "resourceType": "Observation",
        "id": "VIT-b95b4a94accdb65c6277a91a808dbaded76328e78ef3846bf10aa099",
        "meta": {
          "versionId": "234975580",
          "lastUpdated": "2025-03-19T14:10:10.327Z",
          "profile": [
            "https://www.medizininformatik-initiative.de/fhir/core/modul-person/StructureDefinition/Vitalstatus|2025.0.1"
          ]
        },
        "status": "final",
        "category": [
          {
            "coding": [
              {
                "system": "http://terminology.hl7.org/CodeSystem/observation-category",
                "code": "survey"
              }
            ]
          }
        ],
        "code": {
          "coding": [
            {
              "system": "http://loinc.org",
              "code": "67162-8"
            }
          ]
        },
        "subject": {
          "reference": "Patient/PID-f64331ecf4956adc7842e2d69575ea7fd4db0bcb83a2742013040fb3"
        },
        "effectiveDateTime": "2022-09-30T23:59:59+02:00",
        "valueCodeableConcept": {
          "coding": [
            {
              "system": "https://www.medizininformatik-initiative.de/fhir/core/modul-person/CodeSystem/Vitalstatus",
              "code": "L"
            }
          ]
        }
      },
      "search": {
        "mode": "match"
      }
    }
  ]
}
