{
  "resourceType": "Bundle",
  "id": "DGTUX4O3VZT3USA3",
  "type": "searchset",
  "total": 3,
  "entry": [
    {
      "fullUrl": "http://num-fhirserver.distan.medicsh.de:8080/fhir/Patient/PID-f71737fae2195124cb60aa5ca18ec266abe2bba7ca4e37a9a447bd92",
      "resource": {
        "resourceType": "Patient",
        "id": "PID-f71737fae2195124cb60aa5ca18ec266abe2bba7ca4e37a9a447bd92",
        "meta": {
          "versionId": "86846338",
          "lastUpdated": "2025-03-13T15:30:18.616Z",
          "profile": [
            "https://www.medizininformatik-initiative.de/fhir/core/modul-person/StructureDefinition/PatientPseudonymisiert|2025.0.1"
          ]
        },
        "identifier": [
          {
            "use": "usual",
            "type": {
              "coding": [
                {
                  "system": "http://terminology.hl7.org/CodeSystem/v3-ObservationValue",
                  "code": "PSEUDED"
                }
              ]
            },
            "system": "https://www.medizininformatik-initiative.de/fhir/sid/pseudonym",
            "value": "f71737fae2195124cb60aa5ca18ec266abe2bba7ca4e37a9a447bd92"
          }
        ],
        "gender": "female",
        "birthDate": "2006-11",
        "deceasedBoolean": true
      },
      "search": {
        "mode": "match"
      }
    },
    {
      "fullUrl": "http://num-fhirserver.distan.medicsh.de:8080/fhir/Encounter/PV-3ebb69d477329f60776aa531fd94aec9d1e2d42d9c7af58de1e2252a",
      "resource": {
        "resourceType": "Encounter",
        "id": "PV-3ebb69d477329f60776aa531fd94aec9d1e2d42d9c7af58de1e2252a",
        "meta": {
          "versionId": "86846383",
          "lastUpdated": "2025-03-13T15:30:18.709Z",
          "source": "http://medic.uksh.de/source/orbis/legacy",
          "profile": [
            "https://www.medizininformatik-initiative.de/fhir/core/modul-fall/StructureDefinition/KontaktGesundheitseinrichtung|2025.0.0"
          ]
        },
        "identifier": [
          {
            "use": "official",
            "type": {
              "coding": [
                {
                  "system": "http://terminology.hl7.org/CodeSystem/v2-0203",
                  "code": "VN"
                }
              ]
            },
            "system": "http://medic.uksh.de/fhir/Encounter",
            "value": "3ebb69d477329f60776aa531fd94aec9d1e2d42d9c7af58de1e2252a"
          }
        ],
        "status": "finished",
        "class": {
          "system": "http://terminology.hl7.org/CodeSystem/v3-ActCode",
          "code": "AMB"
        },
        "type": [
          {
            "coding": [
              {
                "system": "http://fhir.de/CodeSystem/Kontaktebene",
                "code": "einrichtungskontakt"
              }
            ]
          }
        ],
        "subject": {
          "reference": "Patient/PID-f71737fae2195124cb60aa5ca18ec266abe2bba7ca4e37a9a447bd92"
        },
        "period": {
          "start": "2006-11-01T00:00:00+01:00",
          "end": "2006-12-31T23:59:59+01:00"
        }
      },
      "search": {
        "mode": "match"
      }
    },
    {
      "fullUrl": "http://num-fhirserver.distan.medicsh.de:8080/fhir/Observation/VIT-81c44baadb01713cb7b7224ff7ee4c7fe2479329aeda09fcf03555f9",
      "resource": {
        "resourceType": "Observation",
        "id": "VIT-81c44baadb01713cb7b7224ff7ee4c7fe2479329aeda09fcf03555f9",
        "meta": {
          "versionId": "86846395",
          "lastUpdated": "2025-03-13T15:30:18.738Z",
          "profile": [
            "https://www.medizininformatik-initiative.de/fhir/core/modul-person/StructureDefinition/Vitalstatus|2025.0.1"
          ]
        },
        "status": "final",
        "category": [
          {
            "coding": [
              {
                "system": "http://terminology.hl7.org/CodeSystem/observation-category",
                "code": "survey"
              }
            ]
          }
        ],
        "code": {
          "coding": [
            {
              "system": "http://loinc.org",
              "code": "67162-8"
            }
          ]
        },
        "subject": {
          "reference": "Patient/PID-f71737fae2195124cb60aa5ca18ec266abe2bba7ca4e37a9a447bd92"
        },
        "effectiveDateTime": "2006-11-01T00:00:00+01:00",
        "valueCodeableConcept": {
          "coding": [
            {
              "system": "https://www.medizininformatik-initiative.de/fhir/core/modul-person/CodeSystem/Vitalstatus",
              "code": "L"
            }
          ]
        }
      },
      "search": {
        "mode": "match"
      }
    }
  ]
}
