{
  "resourceType": "Bundle",
  "id": "DGTUX52YGB3XJGI5",
  "type": "searchset",
  "total": 6,
  "entry": [
    {
      "fullUrl": "http://num-fhirserver.distan.medicsh.de:8080/fhir/Patient/PID-f9d2697ba0c4c899a539d9f34d55112a4b37d42a9fd495d2a7b993e8",
      "resource": {
        "resourceType": "Patient",
        "id": "PID-f9d2697ba0c4c899a539d9f34d55112a4b37d42a9fd495d2a7b993e8",
        "meta": {
          "versionId": "109851307",
          "lastUpdated": "2025-03-14T07:56:07.378Z",
          "profile": [
            "https://www.medizininformatik-initiative.de/fhir/core/modul-person/StructureDefinition/PatientPseudonymisiert|2025.0.1"
          ]
        },
        "identifier": [
          {
            "use": "usual",
            "type": {
              "coding": [
                {
                  "system": "http://terminology.hl7.org/CodeSystem/v3-ObservationValue",
                  "code": "PSEUDED"
                }
              ]
            },
            "system": "https://www.medizininformatik-initiative.de/fhir/sid/pseudonym",
            "value": "f9d2697ba0c4c899a539d9f34d55112a4b37d42a9fd495d2a7b993e8"
          }
        ],
        "gender": "male",
        "birthDate": "2011-01",
        "deceasedBoolean": true
      },
      "search": {
        "mode": "match"
      }
    },
    {
      "fullUrl": "http://num-fhirserver.distan.medicsh.de:8080/fhir/Encounter/PV-81db572161c0b518e274ea660d36532f463e3f738f199599e0c99ff0",
      "resource": {
        "resourceType": "Encounter",
        "id": "PV-81db572161c0b518e274ea660d36532f463e3f738f199599e0c99ff0",
        "meta": {
          "versionId": "109849060",
          "lastUpdated": "2025-03-14T07:56:03.262Z",
          "source": "http://medic.uksh.de/source/orbis/legacy",
          "profile": [
            "https://www.medizininformatik-initiative.de/fhir/core/modul-fall/StructureDefinition/KontaktGesundheitseinrichtung|2025.0.0"
          ]
        },
        "identifier": [
          {
            "use": "official",
            "type": {
              "coding": [
                {
                  "system": "http://terminology.hl7.org/CodeSystem/v2-0203",
                  "code": "VN"
                }
              ]
            },
            "system": "http://medic.uksh.de/fhir/Encounter",
            "value": "81db572161c0b518e274ea660d36532f463e3f738f199599e0c99ff0"
          }
        ],
        "status": "finished",
        "class": {
          "system": "http://terminology.hl7.org/CodeSystem/v3-ActCode",
          "code": "AMB"
        },
        "type": [
          {
            "coding": [
              {
                "system": "http://fhir.de/CodeSystem/Kontaktebene",
                "code": "einrichtungskontakt"
              }
            ]
          }
        ],
        "subject": {
          "reference": "Patient/PID-f9d2697ba0c4c899a539d9f34d55112a4b37d42a9fd495d2a7b993e8"
        },
        "period": {
          "start": "2011-05-12T08:24:00+02:00",
          "end": "2011-06-30T23:59:59+02:00"
        },
        "hospitalization": {
          "admitSource": {
            "coding": [
              {
                "system": "http://fhir.de/CodeSystem/dgkev/Aufnahmeanlass",
                "code": "E"
              }
            ]
          }
        }
      },
      "search": {
        "mode": "match"
      }
    },
    {
      "fullUrl": "http://num-fhirserver.distan.medicsh.de:8080/fhir/Observation/VIT-47eb5ab3284dc369f00db6452e0409e1e229d1c83b83e1a519079a1e",
      "resource": {
        "resourceType": "Observation",
        "id": "VIT-47eb5ab3284dc369f00db6452e0409e1e229d1c83b83e1a519079a1e",
        "meta": {
          "versionId": "109849075",
          "lastUpdated": "2025-03-14T07:56:03.292Z",
          "profile": [
            "https://www.medizininformatik-initiative.de/fhir/core/modul-person/StructureDefinition/Vitalstatus|2025.0.1"
          ]
        },
        "status": "final",
        "category": [
          {
            "coding": [
              {
                "system": "http://terminology.hl7.org/CodeSystem/observation-category",
                "code": "survey"
              }
            ]
          }
        ],
        "code": {
          "coding": [
            {
              "system": "http://loinc.org",
              "code": "67162-8"
            }
          ]
        },
        "subject": {
          "reference": "Patient/PID-f9d2697ba0c4c899a539d9f34d55112a4b37d42a9fd495d2a7b993e8"
        },
        "effectiveDateTime": "2011-05-12T08:24:00+02:00",
        "valueCodeableConcept": {
          "coding": [
            {
              "system": "https://www.medizininformatik-initiative.de/fhir/core/modul-person/CodeSystem/Vitalstatus",
              "code": "L"
            }
          ]
        }
      },
      "search": {
        "mode": "match"
      }
    },
    {
      "fullUrl": "http://num-fhirserver.distan.medicsh.de:8080/fhir/Procedure/PR-6664b89c56f50a48ceac611db308dd7a570ec955a09d3ccb44011340",
      "resource": {
        "resourceType": "Procedure",
        "id": "PR-6664b89c56f50a48ceac611db308dd7a570ec955a09d3ccb44011340",
        "meta": {
          "versionId": "373984432",
          "lastUpdated": "2025-10-08T16:12:00.096Z",
          "profile": [
            "https://www.medizininformatik-initiative.de/fhir/core/modul-prozedur/StructureDefinition/Procedure|2025.0.0"
          ]
        },
        "status": "completed",
        "category": {
          "coding": [
            {
              "system": "http://snomed.info/sct",
              "code": "363679005",
              "display": "Imaging"
            }
          ]
        },
        "code": {
          "coding": [
            {
              "system": "http://fhir.de/CodeSystem/bfarm/ops",
              "version": "2011",
              "code": "3-606",
              "display": "Arteriographie der Gefäße der oberen Extremitäten"
            }
          ]
        },
        "subject": {
          "reference": "Patient/PID-f9d2697ba0c4c899a539d9f34d55112a4b37d42a9fd495d2a7b993e8"
        },
        "encounter": {
          "reference": "Encounter/PV-81db572161c0b518e274ea660d36532f463e3f738f199599e0c99ff0"
        },
        "performedDateTime": "2011-07-14T15:49:00+02:00"
      },
      "search": {
        "mode": "match"
      }
    },
    {
      "fullUrl": "http://num-fhirserver.distan.medicsh.de:8080/fhir/Procedure/PR-830557a9c93756fa28a05e72fcc2069862328ade9d5c55f81cfe3def",
      "resource": {
        "resourceType": "Procedure",
        "id": "PR-830557a9c93756fa28a05e72fcc2069862328ade9d5c55f81cfe3def",
        "meta": {
          "versionId": "373984061",
          "lastUpdated": "2025-10-08T16:11:59.252Z",
          "profile": [
            "https://www.medizininformatik-initiative.de/fhir/core/modul-prozedur/StructureDefinition/Procedure|2025.0.0"
          ]
        },
        "status": "completed",
        "category": {
          "coding": [
            {
              "system": "http://snomed.info/sct",
              "code": "363679005",
              "display": "Imaging"
            }
          ]
        },
        "code": {
          "coding": [
            {
              "system": "http://fhir.de/CodeSystem/bfarm/ops",
              "version": "2011",
              "code": "3-600",
              "display": "Arteriographie der intrakraniellen Gefäße"
            }
          ]
        },
        "subject": {
          "reference": "Patient/PID-f9d2697ba0c4c899a539d9f34d55112a4b37d42a9fd495d2a7b993e8"
        },
        "encounter": {
          "reference": "Encounter/PV-81db572161c0b518e274ea660d36532f463e3f738f199599e0c99ff0"
        },
        "performedDateTime": "2011-07-14T16:40:00+02:00"
      },
      "search": {
        "mode": "match"
      }
    },
    {
      "fullUrl": "http://num-fhirserver.distan.medicsh.de:8080/fhir/Procedure/PR-c9d09878c545754f0a44d2a816c17c1c61799dc5d0afb140567233b7",
      "resource": {
        "resourceType": "Procedure",
        "id": "PR-c9d09878c545754f0a44d2a816c17c1c61799dc5d0afb140567233b7",
        "meta": {
          "versionId": "373981121",
          "lastUpdated": "2025-10-08T16:11:52.615Z",
          "profile": [
            "https://www.medizininformatik-initiative.de/fhir/core/modul-prozedur/StructureDefinition/Procedure|2025.0.0"
          ]
        },
        "status": "completed",
        "category": {
          "coding": [
            {
              "system": "http://snomed.info/sct",
              "code": "363679005",
              "display": "Imaging"
            }
          ]
        },
        "code": {
          "coding": [
            {
              "system": "http://fhir.de/CodeSystem/bfarm/ops",
              "version": "2011",
              "code": "3-601",
              "display": "Arteriographie der Gefäße des Halses"
            }
          ]
        },
        "subject": {
          "reference": "Patient/PID-f9d2697ba0c4c899a539d9f34d55112a4b37d42a9fd495d2a7b993e8"
        },
        "encounter": {
          "reference": "Encounter/PV-81db572161c0b518e274ea660d36532f463e3f738f199599e0c99ff0"
        },
        "performedDateTime": "2011-07-14T16:40:00+02:00"
      },
      "search": {
        "mode": "match"
      }
    }
  ]
}
