{
  "resourceType": "Bundle",
  "id": "DGTUX5LZJIRXNQSU",
  "type": "searchset",
  "total": 3,
  "entry": [
    {
      "fullUrl": "http://num-fhirserver.distan.medicsh.de:8080/fhir/Patient/PID-fb3670892e57a6f57d37a379071b0cc39753546928eef03639943cae",
      "resource": {
        "resourceType": "Patient",
        "id": "PID-fb3670892e57a6f57d37a379071b0cc39753546928eef03639943cae",
        "meta": {
          "versionId": "117608236",
          "lastUpdated": "2025-03-14T13:41:26.184Z",
          "profile": [
            "https://www.medizininformatik-initiative.de/fhir/core/modul-person/StructureDefinition/PatientPseudonymisiert|2025.0.1"
          ]
        },
        "identifier": [
          {
            "use": "usual",
            "type": {
              "coding": [
                {
                  "system": "http://terminology.hl7.org/CodeSystem/v3-ObservationValue",
                  "code": "PSEUDED"
                }
              ]
            },
            "system": "https://www.medizininformatik-initiative.de/fhir/sid/pseudonym",
            "value": "fb3670892e57a6f57d37a379071b0cc39753546928eef03639943cae"
          }
        ],
        "gender": "male",
        "birthDate": "2006-12",
        "deceasedBoolean": true
      },
      "search": {
        "mode": "match"
      }
    },
    {
      "fullUrl": "http://num-fhirserver.distan.medicsh.de:8080/fhir/Encounter/PV-84ec22236088717fed9fb10632003d756de8272f6b22c2fba195d80e",
      "resource": {
        "resourceType": "Encounter",
        "id": "PV-84ec22236088717fed9fb10632003d756de8272f6b22c2fba195d80e",
        "meta": {
          "versionId": "117608183",
          "lastUpdated": "2025-03-14T13:41:26.057Z",
          "source": "http://medic.uksh.de/source/orbis/legacy",
          "profile": [
            "https://www.medizininformatik-initiative.de/fhir/core/modul-fall/StructureDefinition/KontaktGesundheitseinrichtung|2025.0.0"
          ]
        },
        "identifier": [
          {
            "use": "official",
            "type": {
              "coding": [
                {
                  "system": "http://terminology.hl7.org/CodeSystem/v2-0203",
                  "code": "VN"
                }
              ]
            },
            "system": "http://medic.uksh.de/fhir/Encounter",
            "value": "84ec22236088717fed9fb10632003d756de8272f6b22c2fba195d80e"
          }
        ],
        "status": "finished",
        "class": {
          "system": "http://terminology.hl7.org/CodeSystem/v3-ActCode",
          "code": "AMB"
        },
        "type": [
          {
            "coding": [
              {
                "system": "http://fhir.de/CodeSystem/Kontaktebene",
                "code": "einrichtungskontakt"
              }
            ]
          }
        ],
        "subject": {
          "reference": "Patient/PID-fb3670892e57a6f57d37a379071b0cc39753546928eef03639943cae"
        },
        "period": {
          "start": "2006-12-01T07:51:00+01:00",
          "end": "2006-12-31T23:59:59+01:00"
        }
      },
      "search": {
        "mode": "match"
      }
    },
    {
      "fullUrl": "http://num-fhirserver.distan.medicsh.de:8080/fhir/Observation/VIT-56f99f34f0585c62b21c6d6bb05587fdf7dcde9baa179892a7a57f5c",
      "resource": {
        "resourceType": "Observation",
        "id": "VIT-56f99f34f0585c62b21c6d6bb05587fdf7dcde9baa179892a7a57f5c",
        "meta": {
          "versionId": "117608201",
          "lastUpdated": "2025-03-14T13:41:26.097Z",
          "profile": [
            "https://www.medizininformatik-initiative.de/fhir/core/modul-person/StructureDefinition/Vitalstatus|2025.0.1"
          ]
        },
        "status": "final",
        "category": [
          {
            "coding": [
              {
                "system": "http://terminology.hl7.org/CodeSystem/observation-category",
                "code": "survey"
              }
            ]
          }
        ],
        "code": {
          "coding": [
            {
              "system": "http://loinc.org",
              "code": "67162-8"
            }
          ]
        },
        "subject": {
          "reference": "Patient/PID-fb3670892e57a6f57d37a379071b0cc39753546928eef03639943cae"
        },
        "effectiveDateTime": "2006-12-01T07:51:00+01:00",
        "valueCodeableConcept": {
          "coding": [
            {
              "system": "https://www.medizininformatik-initiative.de/fhir/core/modul-person/CodeSystem/Vitalstatus",
              "code": "L"
            }
          ]
        }
      },
      "search": {
        "mode": "match"
      }
    }
  ]
}
