{
  "resourceType": "Bundle",
  "id": "DGTUX4JC3252NCBI",
  "type": "searchset",
  "total": 3,
  "entry": [
    {
      "fullUrl": "http://num-fhirserver.distan.medicsh.de:8080/fhir/Patient/PID-fbeb585daf2c911d04c86fa532d6cb2436eb7b3cc83b888d7acc2d9b",
      "resource": {
        "resourceType": "Patient",
        "id": "PID-fbeb585daf2c911d04c86fa532d6cb2436eb7b3cc83b888d7acc2d9b",
        "meta": {
          "versionId": "152751359",
          "lastUpdated": "2025-03-15T14:45:27.313Z",
          "profile": [
            "https://www.medizininformatik-initiative.de/fhir/core/modul-person/StructureDefinition/PatientPseudonymisiert|2025.0.1"
          ]
        },
        "identifier": [
          {
            "use": "usual",
            "type": {
              "coding": [
                {
                  "system": "http://terminology.hl7.org/CodeSystem/v3-ObservationValue",
                  "code": "PSEUDED"
                }
              ]
            },
            "system": "https://www.medizininformatik-initiative.de/fhir/sid/pseudonym",
            "value": "fbeb585daf2c911d04c86fa532d6cb2436eb7b3cc83b888d7acc2d9b"
          }
        ],
        "gender": "male",
        "birthDate": "1988-03",
        "deceasedBoolean": true
      },
      "search": {
        "mode": "match"
      }
    },
    {
      "fullUrl": "http://num-fhirserver.distan.medicsh.de:8080/fhir/Encounter/PV-da079499d1628cb37fc326accdfe2f8005b8a06ae7b52948e5c62418",
      "resource": {
        "resourceType": "Encounter",
        "id": "PV-da079499d1628cb37fc326accdfe2f8005b8a06ae7b52948e5c62418",
        "meta": {
          "versionId": "152751250",
          "lastUpdated": "2025-03-15T14:45:26.975Z",
          "source": "http://medic.uksh.de/source/orbis/legacy",
          "profile": [
            "https://www.medizininformatik-initiative.de/fhir/core/modul-fall/StructureDefinition/KontaktGesundheitseinrichtung|2025.0.0"
          ]
        },
        "identifier": [
          {
            "use": "official",
            "type": {
              "coding": [
                {
                  "system": "http://terminology.hl7.org/CodeSystem/v2-0203",
                  "code": "VN"
                }
              ]
            },
            "system": "http://medic.uksh.de/fhir/Encounter",
            "value": "da079499d1628cb37fc326accdfe2f8005b8a06ae7b52948e5c62418"
          }
        ],
        "status": "finished",
        "class": {
          "system": "http://terminology.hl7.org/CodeSystem/v3-ActCode",
          "code": "AMB"
        },
        "type": [
          {
            "coding": [
              {
                "system": "http://fhir.de/CodeSystem/Kontaktebene",
                "code": "einrichtungskontakt"
              }
            ]
          }
        ],
        "subject": {
          "reference": "Patient/PID-fbeb585daf2c911d04c86fa532d6cb2436eb7b3cc83b888d7acc2d9b"
        },
        "period": {
          "start": "2008-01-24T00:00:00+01:00",
          "end": "2008-03-31T23:59:59+02:00"
        }
      },
      "search": {
        "mode": "match"
      }
    },
    {
      "fullUrl": "http://num-fhirserver.distan.medicsh.de:8080/fhir/Observation/VIT-ffe44853f717e74faf8dd14f2484130fd4e8468e36a27f62959a7a09",
      "resource": {
        "resourceType": "Observation",
        "id": "VIT-ffe44853f717e74faf8dd14f2484130fd4e8468e36a27f62959a7a09",
        "meta": {
          "versionId": "152751259",
          "lastUpdated": "2025-03-15T14:45:26.999Z",
          "profile": [
            "https://www.medizininformatik-initiative.de/fhir/core/modul-person/StructureDefinition/Vitalstatus|2025.0.1"
          ]
        },
        "status": "final",
        "category": [
          {
            "coding": [
              {
                "system": "http://terminology.hl7.org/CodeSystem/observation-category",
                "code": "survey"
              }
            ]
          }
        ],
        "code": {
          "coding": [
            {
              "system": "http://loinc.org",
              "code": "67162-8"
            }
          ]
        },
        "subject": {
          "reference": "Patient/PID-fbeb585daf2c911d04c86fa532d6cb2436eb7b3cc83b888d7acc2d9b"
        },
        "effectiveDateTime": "2008-01-24T00:00:00+01:00",
        "valueCodeableConcept": {
          "coding": [
            {
              "system": "https://www.medizininformatik-initiative.de/fhir/core/modul-person/CodeSystem/Vitalstatus",
              "code": "L"
            }
          ]
        }
      },
      "search": {
        "mode": "match"
      }
    }
  ]
}
