{
  "resourceType": "Bundle",
  "id": "DGTUX6XH2C3M2XMK",
  "type": "searchset",
  "total": 3,
  "entry": [
    {
      "fullUrl": "http://num-fhirserver.distan.medicsh.de:8080/fhir/Patient/PID-fc342949b603523dfe3b33e88ff3e48d857ffef7f1c04f53876d782c",
      "resource": {
        "resourceType": "Patient",
        "id": "PID-fc342949b603523dfe3b33e88ff3e48d857ffef7f1c04f53876d782c",
        "meta": {
          "versionId": "154061494",
          "lastUpdated": "2025-03-15T15:43:52.593Z",
          "profile": [
            "https://www.medizininformatik-initiative.de/fhir/core/modul-person/StructureDefinition/PatientPseudonymisiert|2025.0.1"
          ]
        },
        "identifier": [
          {
            "use": "usual",
            "type": {
              "coding": [
                {
                  "system": "http://terminology.hl7.org/CodeSystem/v3-ObservationValue",
                  "code": "PSEUDED"
                }
              ]
            },
            "system": "https://www.medizininformatik-initiative.de/fhir/sid/pseudonym",
            "value": "fc342949b603523dfe3b33e88ff3e48d857ffef7f1c04f53876d782c"
          }
        ],
        "gender": "female",
        "birthDate": "1990-01",
        "deceasedBoolean": true
      },
      "search": {
        "mode": "match"
      }
    },
    {
      "fullUrl": "http://num-fhirserver.distan.medicsh.de:8080/fhir/Encounter/PV-4041422e9e54d68fc6d745bae8009d18ee73853680ac84680d8715a7",
      "resource": {
        "resourceType": "Encounter",
        "id": "PV-4041422e9e54d68fc6d745bae8009d18ee73853680ac84680d8715a7",
        "meta": {
          "versionId": "154062373",
          "lastUpdated": "2025-03-15T15:43:54.669Z",
          "source": "http://medic.uksh.de/source/orbis/legacy",
          "profile": [
            "https://www.medizininformatik-initiative.de/fhir/core/modul-fall/StructureDefinition/KontaktGesundheitseinrichtung|2025.0.0"
          ]
        },
        "identifier": [
          {
            "use": "official",
            "type": {
              "coding": [
                {
                  "system": "http://terminology.hl7.org/CodeSystem/v2-0203",
                  "code": "VN"
                }
              ]
            },
            "system": "http://medic.uksh.de/fhir/Encounter",
            "value": "4041422e9e54d68fc6d745bae8009d18ee73853680ac84680d8715a7"
          }
        ],
        "status": "finished",
        "class": {
          "system": "http://terminology.hl7.org/CodeSystem/v3-ActCode",
          "code": "AMB"
        },
        "type": [
          {
            "coding": [
              {
                "system": "http://fhir.de/CodeSystem/Kontaktebene",
                "code": "einrichtungskontakt"
              }
            ]
          }
        ],
        "subject": {
          "reference": "Patient/PID-fc342949b603523dfe3b33e88ff3e48d857ffef7f1c04f53876d782c"
        },
        "period": {
          "start": "2011-05-30T13:30:00+02:00",
          "end": "2011-06-30T23:59:59+02:00"
        },
        "hospitalization": {
          "admitSource": {
            "coding": [
              {
                "system": "http://fhir.de/CodeSystem/dgkev/Aufnahmeanlass",
                "code": "E"
              }
            ]
          }
        }
      },
      "search": {
        "mode": "match"
      }
    },
    {
      "fullUrl": "http://num-fhirserver.distan.medicsh.de:8080/fhir/Observation/VIT-a18aa842a0e001efc305bb73d57186c7ee906278482deabb0a623535",
      "resource": {
        "resourceType": "Observation",
        "id": "VIT-a18aa842a0e001efc305bb73d57186c7ee906278482deabb0a623535",
        "meta": {
          "versionId": "154062391",
          "lastUpdated": "2025-03-15T15:43:54.703Z",
          "profile": [
            "https://www.medizininformatik-initiative.de/fhir/core/modul-person/StructureDefinition/Vitalstatus|2025.0.1"
          ]
        },
        "status": "final",
        "category": [
          {
            "coding": [
              {
                "system": "http://terminology.hl7.org/CodeSystem/observation-category",
                "code": "survey"
              }
            ]
          }
        ],
        "code": {
          "coding": [
            {
              "system": "http://loinc.org",
              "code": "67162-8"
            }
          ]
        },
        "subject": {
          "reference": "Patient/PID-fc342949b603523dfe3b33e88ff3e48d857ffef7f1c04f53876d782c"
        },
        "effectiveDateTime": "2011-05-30T13:30:00+02:00",
        "valueCodeableConcept": {
          "coding": [
            {
              "system": "https://www.medizininformatik-initiative.de/fhir/core/modul-person/CodeSystem/Vitalstatus",
              "code": "L"
            }
          ]
        }
      },
      "search": {
        "mode": "match"
      }
    }
  ]
}
