{
  "resourceType": "Bundle",
  "id": "DGTUYAQOTETCOIBQ",
  "type": "searchset",
  "total": 9,
  "entry": [
    {
      "fullUrl": "http://num-fhirserver.distan.medicsh.de:8080/fhir/Patient/PID-fdd392f184fa5114679e7ad32376b81d38c1b71724a14a2f3bc2b614",
      "resource": {
        "resourceType": "Patient",
        "id": "PID-fdd392f184fa5114679e7ad32376b81d38c1b71724a14a2f3bc2b614",
        "meta": {
          "versionId": "240309112",
          "lastUpdated": "2025-03-20T18:03:15.373Z",
          "profile": [
            "https://www.medizininformatik-initiative.de/fhir/core/modul-person/StructureDefinition/PatientPseudonymisiert|2025.0.1"
          ]
        },
        "identifier": [
          {
            "use": "usual",
            "type": {
              "coding": [
                {
                  "system": "http://terminology.hl7.org/CodeSystem/v3-ObservationValue",
                  "code": "PSEUDED"
                }
              ]
            },
            "system": "https://www.medizininformatik-initiative.de/fhir/sid/pseudonym",
            "value": "fdd392f184fa5114679e7ad32376b81d38c1b71724a14a2f3bc2b614"
          }
        ],
        "gender": "female",
        "birthDate": "1967-10",
        "deceasedBoolean": true,
        "address": [
          {
            "type": "both",
            "postalCode": "830",
            "country": "DE"
          }
        ]
      },
      "search": {
        "mode": "match"
      }
    },
    {
      "fullUrl": "http://num-fhirserver.distan.medicsh.de:8080/fhir/Condition/CON-b13fa9cc0491f6b71d245a798b09d4e1f247e1bf0e71f7dc6f1d6485",
      "resource": {
        "resourceType": "Condition",
        "id": "CON-b13fa9cc0491f6b71d245a798b09d4e1f247e1bf0e71f7dc6f1d6485",
        "meta": {
          "versionId": "10016551",
          "lastUpdated": "2025-03-10T21:19:02.836Z",
          "profile": [
            "https://www.medizininformatik-initiative.de/fhir/core/modul-diagnose/StructureDefinition/Diagnose|2025.0.0"
          ]
        },
        "code": {
          "coding": [
            {
              "system": "http://fhir.de/CodeSystem/bfarm/icd-10-gm",
              "version": "2023",
              "code": "M49.25"
            }
          ]
        },
        "subject": {
          "reference": "Patient/PID-fdd392f184fa5114679e7ad32376b81d38c1b71724a14a2f3bc2b614"
        },
        "encounter": {
          "reference": "Encounter/PV-84f316282e58e60861d58595dffe36a2b8a9e3b3c1fd3241bf4c08f2"
        },
        "recordedDate": "2023-07-07T12:52:00+02:00"
      },
      "search": {
        "mode": "match"
      }
    },
    {
      "fullUrl": "http://num-fhirserver.distan.medicsh.de:8080/fhir/Condition/CON-c0540ce71f215f55c2d754d926920bf7a3e7ca4fd3391077912006c1",
      "resource": {
        "resourceType": "Condition",
        "id": "CON-c0540ce71f215f55c2d754d926920bf7a3e7ca4fd3391077912006c1",
        "meta": {
          "versionId": "9990326",
          "lastUpdated": "2025-03-10T21:18:07.697Z",
          "profile": [
            "https://www.medizininformatik-initiative.de/fhir/core/modul-diagnose/StructureDefinition/Diagnose|2025.0.0"
          ]
        },
        "code": {
          "coding": [
            {
              "system": "http://fhir.de/CodeSystem/bfarm/icd-10-gm",
              "version": "2023",
              "code": "A03.1"
            }
          ]
        },
        "subject": {
          "reference": "Patient/PID-fdd392f184fa5114679e7ad32376b81d38c1b71724a14a2f3bc2b614"
        },
        "encounter": {
          "reference": "Encounter/PV-84f316282e58e60861d58595dffe36a2b8a9e3b3c1fd3241bf4c08f2"
        },
        "recordedDate": "2023-07-07T12:52:00+02:00"
      },
      "search": {
        "mode": "match"
      }
    },
    {
      "fullUrl": "http://num-fhirserver.distan.medicsh.de:8080/fhir/Encounter/PV-84f316282e58e60861d58595dffe36a2b8a9e3b3c1fd3241bf4c08f2",
      "resource": {
        "resourceType": "Encounter",
        "id": "PV-84f316282e58e60861d58595dffe36a2b8a9e3b3c1fd3241bf4c08f2",
        "meta": {
          "versionId": "240345555",
          "lastUpdated": "2025-03-20T18:17:54.821Z",
          "source": "http://medic.uksh.de/source/orbis/adt",
          "profile": [
            "https://www.medizininformatik-initiative.de/fhir/core/modul-fall/StructureDefinition/KontaktGesundheitseinrichtung|2025.0.0"
          ]
        },
        "identifier": [
          {
            "use": "official",
            "type": {
              "coding": [
                {
                  "system": "http://terminology.hl7.org/CodeSystem/v2-0203",
                  "code": "VN"
                }
              ]
            },
            "system": "http://medic.uksh.de/fhir/Encounter",
            "value": "84f316282e58e60861d58595dffe36a2b8a9e3b3c1fd3241bf4c08f2"
          }
        ],
        "status": "finished",
        "class": {
          "system": "http://terminology.hl7.org/CodeSystem/v3-ActCode",
          "code": "AMB"
        },
        "type": [
          {
            "coding": [
              {
                "system": "http://fhir.de/CodeSystem/Kontaktebene",
                "code": "einrichtungskontakt"
              }
            ]
          }
        ],
        "subject": {
          "reference": "Patient/PID-fdd392f184fa5114679e7ad32376b81d38c1b71724a14a2f3bc2b614"
        },
        "period": {
          "start": "2023-07-07T12:52:00+02:00",
          "end": "2023-09-30T23:59:59+02:00"
        }
      },
      "search": {
        "mode": "match"
      }
    },
    {
      "fullUrl": "http://num-fhirserver.distan.medicsh.de:8080/fhir/Encounter/PV-f482ebc9a6c35321a8666b6d0dd9d9877817f0e45b784fd245a67206",
      "resource": {
        "resourceType": "Encounter",
        "id": "PV-f482ebc9a6c35321a8666b6d0dd9d9877817f0e45b784fd245a67206",
        "meta": {
          "versionId": "240309110",
          "lastUpdated": "2025-03-20T18:03:15.338Z",
          "source": "http://medic.uksh.de/source/orbis/adt",
          "profile": [
            "https://www.medizininformatik-initiative.de/fhir/core/modul-fall/StructureDefinition/KontaktGesundheitseinrichtung|2025.0.0"
          ]
        },
        "identifier": [
          {
            "use": "official",
            "type": {
              "coding": [
                {
                  "system": "http://terminology.hl7.org/CodeSystem/v2-0203",
                  "code": "VN"
                }
              ]
            },
            "system": "http://medic.uksh.de/fhir/Encounter",
            "value": "f482ebc9a6c35321a8666b6d0dd9d9877817f0e45b784fd245a67206"
          }
        ],
        "status": "finished",
        "class": {
          "system": "http://terminology.hl7.org/CodeSystem/v3-ActCode",
          "code": "AMB"
        },
        "type": [
          {
            "coding": [
              {
                "system": "http://fhir.de/CodeSystem/Kontaktebene",
                "code": "einrichtungskontakt"
              }
            ]
          }
        ],
        "subject": {
          "reference": "Patient/PID-fdd392f184fa5114679e7ad32376b81d38c1b71724a14a2f3bc2b614"
        },
        "period": {
          "start": "2023-07-05T09:11:00+02:00",
          "end": "2023-09-30T23:59:59+02:00"
        }
      },
      "search": {
        "mode": "match"
      }
    },
    {
      "fullUrl": "http://num-fhirserver.distan.medicsh.de:8080/fhir/Observation/VIT-69c94f45278f9f64672095dabd9f5d4cb70192b96e939ec45ebfd54b",
      "resource": {
        "resourceType": "Observation",
        "id": "VIT-69c94f45278f9f64672095dabd9f5d4cb70192b96e939ec45ebfd54b",
        "meta": {
          "versionId": "240309111",
          "lastUpdated": "2025-03-20T18:03:15.357Z",
          "profile": [
            "https://www.medizininformatik-initiative.de/fhir/core/modul-person/StructureDefinition/Vitalstatus|2025.0.1"
          ]
        },
        "status": "final",
        "category": [
          {
            "coding": [
              {
                "system": "http://terminology.hl7.org/CodeSystem/observation-category",
                "code": "survey"
              }
            ]
          }
        ],
        "code": {
          "coding": [
            {
              "system": "http://loinc.org",
              "code": "67162-8"
            }
          ]
        },
        "subject": {
          "reference": "Patient/PID-fdd392f184fa5114679e7ad32376b81d38c1b71724a14a2f3bc2b614"
        },
        "effectiveDateTime": "2023-07-05T09:11:00+02:00",
        "valueCodeableConcept": {
          "coding": [
            {
              "system": "https://www.medizininformatik-initiative.de/fhir/core/modul-person/CodeSystem/Vitalstatus",
              "code": "L"
            }
          ]
        }
      },
      "search": {
        "mode": "match"
      }
    },
    {
      "fullUrl": "http://num-fhirserver.distan.medicsh.de:8080/fhir/Observation/VIT-831e5c3c567a90ae0c15f01c9bc680b6b314a684899af9cdccbf53f5",
      "resource": {
        "resourceType": "Observation",
        "id": "VIT-831e5c3c567a90ae0c15f01c9bc680b6b314a684899af9cdccbf53f5",
        "meta": {
          "versionId": "240345556",
          "lastUpdated": "2025-03-20T18:17:54.844Z",
          "profile": [
            "https://www.medizininformatik-initiative.de/fhir/core/modul-person/StructureDefinition/Vitalstatus|2025.0.1"
          ]
        },
        "status": "final",
        "category": [
          {
            "coding": [
              {
                "system": "http://terminology.hl7.org/CodeSystem/observation-category",
                "code": "survey"
              }
            ]
          }
        ],
        "code": {
          "coding": [
            {
              "system": "http://loinc.org",
              "code": "67162-8"
            }
          ]
        },
        "subject": {
          "reference": "Patient/PID-fdd392f184fa5114679e7ad32376b81d38c1b71724a14a2f3bc2b614"
        },
        "effectiveDateTime": "2023-07-07T12:52:00+02:00",
        "valueCodeableConcept": {
          "coding": [
            {
              "system": "https://www.medizininformatik-initiative.de/fhir/core/modul-person/CodeSystem/Vitalstatus",
              "code": "L"
            }
          ]
        }
      },
      "search": {
        "mode": "match"
      }
    },
    {
      "fullUrl": "http://num-fhirserver.distan.medicsh.de:8080/fhir/Observation/VIT-9e00040cb7ebac780e64fcfdfc742496b418c102c407cb7216f2474c",
      "resource": {
        "resourceType": "Observation",
        "id": "VIT-9e00040cb7ebac780e64fcfdfc742496b418c102c407cb7216f2474c",
        "meta": {
          "versionId": "240309113",
          "lastUpdated": "2025-03-20T18:03:15.377Z",
          "profile": [
            "https://www.medizininformatik-initiative.de/fhir/core/modul-person/StructureDefinition/Vitalstatus|2025.0.1"
          ]
        },
        "status": "final",
        "category": [
          {
            "coding": [
              {
                "system": "http://terminology.hl7.org/CodeSystem/observation-category",
                "code": "survey"
              }
            ]
          }
        ],
        "code": {
          "coding": [
            {
              "system": "http://loinc.org",
              "code": "67162-8"
            }
          ]
        },
        "subject": {
          "reference": "Patient/PID-fdd392f184fa5114679e7ad32376b81d38c1b71724a14a2f3bc2b614"
        },
        "effectiveDateTime": "2023-09-30T23:59:59+02:00",
        "valueCodeableConcept": {
          "coding": [
            {
              "system": "https://www.medizininformatik-initiative.de/fhir/core/modul-person/CodeSystem/Vitalstatus",
              "code": "L"
            }
          ]
        }
      },
      "search": {
        "mode": "match"
      }
    },
    {
      "fullUrl": "http://num-fhirserver.distan.medicsh.de:8080/fhir/Observation/VIT-f0e5b3502a5990b3e29e3c021b612a212c1a9b7ebd4d505362298c0b",
      "resource": {
        "resourceType": "Observation",
        "id": "VIT-f0e5b3502a5990b3e29e3c021b612a212c1a9b7ebd4d505362298c0b",
        "meta": {
          "versionId": "240345558",
          "lastUpdated": "2025-03-20T18:17:54.863Z",
          "profile": [
            "https://www.medizininformatik-initiative.de/fhir/core/modul-person/StructureDefinition/Vitalstatus|2025.0.1"
          ]
        },
        "status": "final",
        "category": [
          {
            "coding": [
              {
                "system": "http://terminology.hl7.org/CodeSystem/observation-category",
                "code": "survey"
              }
            ]
          }
        ],
        "code": {
          "coding": [
            {
              "system": "http://loinc.org",
              "code": "67162-8"
            }
          ]
        },
        "subject": {
          "reference": "Patient/PID-fdd392f184fa5114679e7ad32376b81d38c1b71724a14a2f3bc2b614"
        },
        "effectiveDateTime": "2023-09-30T23:59:59+02:00",
        "valueCodeableConcept": {
          "coding": [
            {
              "system": "https://www.medizininformatik-initiative.de/fhir/core/modul-person/CodeSystem/Vitalstatus",
              "code": "L"
            }
          ]
        }
      },
      "search": {
        "mode": "match"
      }
    }
  ]
}
