{
  "resourceType": "Bundle",
  "id": "DGTUX47ZQZZOCQVY",
  "type": "searchset",
  "total": 3,
  "entry": [
    {
      "fullUrl": "http://num-fhirserver.distan.medicsh.de:8080/fhir/Patient/PID-fde710c1dfb7e1e40caf4beb1ffdf683f27597e12cecddfc4db9863b",
      "resource": {
        "resourceType": "Patient",
        "id": "PID-fde710c1dfb7e1e40caf4beb1ffdf683f27597e12cecddfc4db9863b",
        "meta": {
          "versionId": "109660437",
          "lastUpdated": "2025-03-14T07:47:42.846Z",
          "profile": [
            "https://www.medizininformatik-initiative.de/fhir/core/modul-person/StructureDefinition/PatientPseudonymisiert|2025.0.1"
          ]
        },
        "identifier": [
          {
            "use": "usual",
            "type": {
              "coding": [
                {
                  "system": "http://terminology.hl7.org/CodeSystem/v3-ObservationValue",
                  "code": "PSEUDED"
                }
              ]
            },
            "system": "https://www.medizininformatik-initiative.de/fhir/sid/pseudonym",
            "value": "fde710c1dfb7e1e40caf4beb1ffdf683f27597e12cecddfc4db9863b"
          }
        ],
        "gender": "male",
        "birthDate": "2007-06",
        "deceasedBoolean": true
      },
      "search": {
        "mode": "match"
      }
    },
    {
      "fullUrl": "http://num-fhirserver.distan.medicsh.de:8080/fhir/Encounter/PV-5f39dcc3ea111ffe23a4c0f0930fcbc8bc9491c09ca071f4f25de591",
      "resource": {
        "resourceType": "Encounter",
        "id": "PV-5f39dcc3ea111ffe23a4c0f0930fcbc8bc9491c09ca071f4f25de591",
        "meta": {
          "versionId": "109660440",
          "lastUpdated": "2025-03-14T07:47:42.853Z",
          "source": "http://medic.uksh.de/source/orbis/legacy",
          "profile": [
            "https://www.medizininformatik-initiative.de/fhir/core/modul-fall/StructureDefinition/KontaktGesundheitseinrichtung|2025.0.0"
          ]
        },
        "identifier": [
          {
            "use": "official",
            "type": {
              "coding": [
                {
                  "system": "http://terminology.hl7.org/CodeSystem/v2-0203",
                  "code": "VN"
                }
              ]
            },
            "system": "http://medic.uksh.de/fhir/Encounter",
            "value": "5f39dcc3ea111ffe23a4c0f0930fcbc8bc9491c09ca071f4f25de591"
          }
        ],
        "status": "finished",
        "class": {
          "system": "http://terminology.hl7.org/CodeSystem/v3-ActCode",
          "code": "AMB"
        },
        "type": [
          {
            "coding": [
              {
                "system": "http://fhir.de/CodeSystem/Kontaktebene",
                "code": "einrichtungskontakt"
              }
            ]
          }
        ],
        "subject": {
          "reference": "Patient/PID-fde710c1dfb7e1e40caf4beb1ffdf683f27597e12cecddfc4db9863b"
        },
        "period": {
          "start": "2007-06-01T12:24:00+02:00",
          "end": "2007-06-30T23:59:59+02:00"
        }
      },
      "search": {
        "mode": "match"
      }
    },
    {
      "fullUrl": "http://num-fhirserver.distan.medicsh.de:8080/fhir/Observation/VIT-05ebd2b55357b0a1f3dd9a9db04884d06851bd432b21ceca5c235081",
      "resource": {
        "resourceType": "Observation",
        "id": "VIT-05ebd2b55357b0a1f3dd9a9db04884d06851bd432b21ceca5c235081",
        "meta": {
          "versionId": "109660449",
          "lastUpdated": "2025-03-14T07:47:42.879Z",
          "profile": [
            "https://www.medizininformatik-initiative.de/fhir/core/modul-person/StructureDefinition/Vitalstatus|2025.0.1"
          ]
        },
        "status": "final",
        "category": [
          {
            "coding": [
              {
                "system": "http://terminology.hl7.org/CodeSystem/observation-category",
                "code": "survey"
              }
            ]
          }
        ],
        "code": {
          "coding": [
            {
              "system": "http://loinc.org",
              "code": "67162-8"
            }
          ]
        },
        "subject": {
          "reference": "Patient/PID-fde710c1dfb7e1e40caf4beb1ffdf683f27597e12cecddfc4db9863b"
        },
        "effectiveDateTime": "2007-06-01T12:24:00+02:00",
        "valueCodeableConcept": {
          "coding": [
            {
              "system": "https://www.medizininformatik-initiative.de/fhir/core/modul-person/CodeSystem/Vitalstatus",
              "code": "L"
            }
          ]
        }
      },
      "search": {
        "mode": "match"
      }
    }
  ]
}
