{
  "resourceType": "Bundle",
  "id": "DGTUYBPVKZITBQEO",
  "type": "searchset",
  "total": 6,
  "entry": [
    {
      "fullUrl": "http://num-fhirserver.distan.medicsh.de:8080/fhir/Patient/PID-fe7a86c89ce46d1bf1b1bf9eef37f17bb676f4a0b7dfa0d8f45ec0b7",
      "resource": {
        "resourceType": "Patient",
        "id": "PID-fe7a86c89ce46d1bf1b1bf9eef37f17bb676f4a0b7dfa0d8f45ec0b7",
        "meta": {
          "versionId": "240708004",
          "lastUpdated": "2025-03-20T20:39:15.943Z",
          "profile": [
            "https://www.medizininformatik-initiative.de/fhir/core/modul-person/StructureDefinition/PatientPseudonymisiert|2025.0.1"
          ]
        },
        "identifier": [
          {
            "use": "usual",
            "type": {
              "coding": [
                {
                  "system": "http://terminology.hl7.org/CodeSystem/v3-ObservationValue",
                  "code": "PSEUDED"
                }
              ]
            },
            "system": "https://www.medizininformatik-initiative.de/fhir/sid/pseudonym",
            "value": "fe7a86c89ce46d1bf1b1bf9eef37f17bb676f4a0b7dfa0d8f45ec0b7"
          }
        ],
        "gender": "female",
        "birthDate": "2000-11",
        "deceasedBoolean": true,
        "address": [
          {
            "type": "both",
            "postalCode": "235",
            "country": "DE"
          }
        ]
      },
      "search": {
        "mode": "match"
      }
    },
    {
      "fullUrl": "http://num-fhirserver.distan.medicsh.de:8080/fhir/Encounter/PV-69b21ebf406575a9851986c66bd9df9483949e4e87945de6a192c508",
      "resource": {
        "resourceType": "Encounter",
        "id": "PV-69b21ebf406575a9851986c66bd9df9483949e4e87945de6a192c508",
        "meta": {
          "versionId": "240708011",
          "lastUpdated": "2025-03-20T20:39:16.097Z",
          "source": "http://medic.uksh.de/source/orbis/adt",
          "profile": [
            "https://www.medizininformatik-initiative.de/fhir/core/modul-fall/StructureDefinition/KontaktGesundheitseinrichtung|2025.0.0"
          ]
        },
        "identifier": [
          {
            "use": "official",
            "type": {
              "coding": [
                {
                  "system": "http://terminology.hl7.org/CodeSystem/v2-0203",
                  "code": "VN"
                }
              ]
            },
            "system": "http://medic.uksh.de/fhir/Encounter",
            "value": "69b21ebf406575a9851986c66bd9df9483949e4e87945de6a192c508"
          }
        ],
        "status": "in-progress",
        "class": {
          "system": "http://terminology.hl7.org/CodeSystem/v3-ActCode",
          "code": "IMP"
        },
        "type": [
          {
            "coding": [
              {
                "system": "http://fhir.de/CodeSystem/Kontaktebene",
                "code": "einrichtungskontakt"
              }
            ]
          }
        ],
        "subject": {
          "reference": "Patient/PID-fe7a86c89ce46d1bf1b1bf9eef37f17bb676f4a0b7dfa0d8f45ec0b7"
        },
        "period": {
          "start": "2023-08-17T08:52:00+02:00"
        }
      },
      "search": {
        "mode": "match"
      }
    },
    {
      "fullUrl": "http://num-fhirserver.distan.medicsh.de:8080/fhir/Encounter/PV-AK-9f8f0d68936419113b605feb19cb61946ef9ac1bc9f9c8fd1d880d53",
      "resource": {
        "resourceType": "Encounter",
        "id": "PV-AK-9f8f0d68936419113b605feb19cb61946ef9ac1bc9f9c8fd1d880d53",
        "meta": {
          "versionId": "240708015",
          "lastUpdated": "2025-03-20T20:39:16.150Z",
          "source": "http://medic.uksh.de/source/orbis/adt",
          "profile": [
            "https://www.medizininformatik-initiative.de/fhir/core/modul-fall/StructureDefinition/KontaktGesundheitseinrichtung|2025.0.0"
          ]
        },
        "identifier": [
          {
            "use": "official",
            "type": {
              "coding": [
                {
                  "system": "http://terminology.hl7.org/CodeSystem/v2-0203",
                  "code": "VN"
                }
              ]
            },
            "system": "http://medic.uksh.de/fhir/Encounter",
            "value": "69b21ebf406575a9851986c66bd9df9483949e4e87945de6a192c508"
          },
          {
            "use": "secondary",
            "type": {
              "coding": [
                {
                  "system": "http://terminology.hl7.org/CodeSystem/v2-0203",
                  "code": "U"
                }
              ]
            },
            "system": "http://medic.uksh.de.de/fhir/Encounter/department",
            "value": "LACHI.2023-08-17T08:52:00"
          }
        ],
        "status": "in-progress",
        "class": {
          "system": "http://terminology.hl7.org/CodeSystem/v3-ActCode",
          "code": "IMP"
        },
        "type": [
          {
            "coding": [
              {
                "system": "http://fhir.de/CodeSystem/Kontaktebene",
                "code": "abteilungskontakt"
              }
            ]
          }
        ],
        "subject": {
          "reference": "Patient/PID-fe7a86c89ce46d1bf1b1bf9eef37f17bb676f4a0b7dfa0d8f45ec0b7"
        },
        "period": {
          "start": "2023-08-17T08:52:00+02:00"
        },
        "location": [
          {
            "location": {
              "reference": "Location/LACHI-LA121"
            },
            "status": "active",
            "physicalType": {
              "coding": [
                {
                  "system": "http://terminology.hl7.org/CodeSystem/location-physical-type",
                  "code": "wa"
                }
              ]
            },
            "period": {
              "start": "2023-08-17T08:52:00+02:00"
            }
          }
        ],
        "partOf": {
          "reference": "Encounter/PV-69b21ebf406575a9851986c66bd9df9483949e4e87945de6a192c508"
        }
      },
      "search": {
        "mode": "match"
      }
    },
    {
      "fullUrl": "http://num-fhirserver.distan.medicsh.de:8080/fhir/Location/LACHI-LA121",
      "resource": {
        "resourceType": "Location",
        "id": "LACHI-LA121",
        "meta": {
          "versionId": "37450640",
          "lastUpdated": "2025-03-11T15:49:54.282Z"
        },
        "name": "HL - Station A.121",
        "type": [
          {
            "coding": [
              {
                "system": "http://terminology.hl7.org/CodeSystem/v3-RoleCode",
                "code": "HOSP"
              }
            ]
          }
        ],
        "physicalType": {
          "coding": [
            {
              "system": "http://terminology.hl7.org/CodeSystem/location-physical-type",
              "code": "wa",
              "display": "Ward"
            }
          ]
        },
        "partOf": {
          "reference": "Location/LACHI"
        }
      },
      "search": {
        "mode": "match"
      }
    },
    {
      "fullUrl": "http://num-fhirserver.distan.medicsh.de:8080/fhir/Encounter/PV-VK-246b9995e76d7fe8e401994d58e5e6f240c8b000176c637b6938068c",
      "resource": {
        "resourceType": "Encounter",
        "id": "PV-VK-246b9995e76d7fe8e401994d58e5e6f240c8b000176c637b6938068c",
        "meta": {
          "versionId": "240708014",
          "lastUpdated": "2025-03-20T20:39:16.131Z",
          "source": "http://medic.uksh.de/source/orbis/adt",
          "profile": [
            "https://www.medizininformatik-initiative.de/fhir/core/modul-fall/StructureDefinition/KontaktGesundheitseinrichtung|2025.0.0"
          ]
        },
        "identifier": [
          {
            "use": "official",
            "type": {
              "coding": [
                {
                  "system": "http://terminology.hl7.org/CodeSystem/v2-0203",
                  "code": "VN"
                }
              ]
            },
            "system": "http://medic.uksh.de/fhir/Encounter",
            "value": "69b21ebf406575a9851986c66bd9df9483949e4e87945de6a192c508"
          },
          {
            "use": "secondary",
            "type": {
              "coding": [
                {
                  "system": "http://terminology.hl7.org/CodeSystem/v2-0203",
                  "code": "U"
                }
              ]
            },
            "system": "http://medic.uksh.de.de/fhir/Encounter/department",
            "value": "LACHI.LA121.2023-08-17T08:52:00"
          }
        ],
        "status": "in-progress",
        "class": {
          "system": "http://terminology.hl7.org/CodeSystem/v3-ActCode",
          "code": "IMP"
        },
        "type": [
          {
            "coding": [
              {
                "system": "http://fhir.de/CodeSystem/Kontaktebene",
                "code": "versorgungsstellenkontakt"
              }
            ]
          }
        ],
        "subject": {
          "reference": "Patient/PID-fe7a86c89ce46d1bf1b1bf9eef37f17bb676f4a0b7dfa0d8f45ec0b7"
        },
        "period": {
          "start": "2023-08-17T08:52:00+02:00"
        },
        "location": [
          {
            "location": {
              "reference": "Location/LACHI-LA121"
            },
            "status": "active",
            "physicalType": {
              "coding": [
                {
                  "system": "http://terminology.hl7.org/CodeSystem/location-physical-type",
                  "code": "wa"
                }
              ]
            },
            "period": {
              "start": "2023-08-17T08:52:00+02:00"
            }
          }
        ],
        "partOf": {
          "reference": "Encounter/PV-AK-9f8f0d68936419113b605feb19cb61946ef9ac1bc9f9c8fd1d880d53"
        }
      },
      "search": {
        "mode": "match"
      }
    },
    {
      "fullUrl": "http://num-fhirserver.distan.medicsh.de:8080/fhir/Observation/VIT-bc13f7be4f1fe3b8d16cc988e0e6ed8b3773bc135729321637098cb7",
      "resource": {
        "resourceType": "Observation",
        "id": "VIT-bc13f7be4f1fe3b8d16cc988e0e6ed8b3773bc135729321637098cb7",
        "meta": {
          "versionId": "240708012",
          "lastUpdated": "2025-03-20T20:39:16.113Z",
          "profile": [
            "https://www.medizininformatik-initiative.de/fhir/core/modul-person/StructureDefinition/Vitalstatus|2025.0.1"
          ]
        },
        "status": "final",
        "category": [
          {
            "coding": [
              {
                "system": "http://terminology.hl7.org/CodeSystem/observation-category",
                "code": "survey"
              }
            ]
          }
        ],
        "code": {
          "coding": [
            {
              "system": "http://loinc.org",
              "code": "67162-8"
            }
          ]
        },
        "subject": {
          "reference": "Patient/PID-fe7a86c89ce46d1bf1b1bf9eef37f17bb676f4a0b7dfa0d8f45ec0b7"
        },
        "effectiveDateTime": "2023-08-17T08:52:00+02:00",
        "valueCodeableConcept": {
          "coding": [
            {
              "system": "https://www.medizininformatik-initiative.de/fhir/core/modul-person/CodeSystem/Vitalstatus",
              "code": "L"
            }
          ]
        }
      },
      "search": {
        "mode": "match"
      }
    }
  ]
}
